2026-07-03 07:57:51 [INFO] System Tray initialized. Application is running in the background.
2026-07-03 07:57:51 [INFO] All sub-systems initialised.
2026-07-03 07:57:51 [INFO] [state_change] from_state=IDLE | to_state=SCANNING
2026-07-03 07:57:51 [INFO] WorkflowEngine started — user='phan'  table={'left': 52, 'top': 601, 'width': 1491, 'height': 298}
2026-07-03 07:58:02 [INFO] [loop_tick] state=SCANNING | rows=4 | claims=0
2026-07-03 07:58:02 [INFO] [loop_tick] state=SCANNING | rows=4 | claims=0
2026-07-03 07:58:03 [INFO] [loop_tick] state=SCANNING | rows=4 | claims=0
2026-07-03 07:58:06 [INFO] [row_detected] total_rows=5 | claim_rows=[0]
2026-07-03 07:58:06 [INFO] [claim_found] row_id=0 | text=CLAIM | confidence=0.999 | claim_cell=(1169, 619)
2026-07-03 07:58:06 [INFO] [state_change] from_state=SCANNING | to_state=CLAIM_FOUND
2026-07-03 07:58:06 [INFO] [state_change] from_state=CLAIM_FOUND | to_state=CLICK_CLAIM
2026-07-03 07:58:06 [INFO] [claim_cell_clicked] row_id=0 | x=1169 | y=619
2026-07-03 07:58:06 [INFO] [state_change] from_state=CLICK_CLAIM | to_state=WAIT_USERNAME
2026-07-03 07:58:08 [WARNING] Cell shows 'farko' — claimed by someone else.
2026-07-03 07:58:08 [INFO] [claim_stolen] y_key=616 | cell_text=farko
2026-07-03 07:58:08 [INFO] [state_change] from_state=WAIT_USERNAME | to_state=SCANNING
2026-07-03 07:58:08 [INFO] [loop_tick] state=SCANNING | rows=5 | claims=0
2026-07-03 07:58:10 [INFO] [loop_tick] state=SCANNING | rows=5 | claims=0
2026-07-03 07:58:11 [INFO] [row_detected] total_rows=6 | claim_rows=[1]
2026-07-03 07:58:11 [INFO] [claim_found] row_id=1 | text=CLAIM | confidence=0.999 | claim_cell=(1169, 649)
2026-07-03 07:58:11 [INFO] [state_change] from_state=SCANNING | to_state=CLAIM_FOUND
2026-07-03 07:58:11 [INFO] [state_change] from_state=CLAIM_FOUND | to_state=CLICK_CLAIM
2026-07-03 07:58:11 [INFO] [claim_cell_clicked] row_id=1 | x=1169 | y=649
2026-07-03 07:58:11 [INFO] [state_change] from_state=CLICK_CLAIM | to_state=WAIT_USERNAME
2026-07-03 07:58:13 [WARNING] Cell shows 'aiming' — claimed by someone else.
2026-07-03 07:58:13 [INFO] [claim_stolen] y_key=648 | cell_text=aiming
2026-07-03 07:58:13 [INFO] [state_change] from_state=WAIT_USERNAME | to_state=SCANNING
2026-07-03 07:58:13 [INFO] [loop_tick] state=SCANNING | rows=6 | claims=0
2026-07-03 07:58:13 [INFO] [row_detected] total_rows=7 | claim_rows=[2]
2026-07-03 07:58:13 [INFO] [claim_found] row_id=2 | text=CLAIM | confidence=0.999 | claim_cell=(1169, 679)
2026-07-03 07:58:13 [INFO] [state_change] from_state=SCANNING | to_state=CLAIM_FOUND
2026-07-03 07:58:13 [INFO] [state_change] from_state=CLAIM_FOUND | to_state=CLICK_CLAIM
2026-07-03 07:58:14 [INFO] [claim_cell_clicked] row_id=2 | x=1169 | y=679
2026-07-03 07:58:14 [INFO] [state_change] from_state=CLICK_CLAIM | to_state=WAIT_USERNAME
2026-07-03 07:58:16 [WARNING] Cell shows 'eross' — claimed by someone else.
2026-07-03 07:58:16 [INFO] [claim_stolen] y_key=680 | cell_text=eross
2026-07-03 07:58:16 [INFO] [state_change] from_state=WAIT_USERNAME | to_state=SCANNING
2026-07-03 07:58:16 [INFO] [loop_tick] state=SCANNING | rows=7 | claims=0
2026-07-03 07:58:18 [INFO] Automation DISABLED (F8)
2026-07-03 07:58:18 [INFO] [state_change] from_state=SCANNING | to_state=STOPPED
2026-07-03 08:09:03 [INFO] Clean exit requested (ESC).
2026-07-03 08:09:03 [INFO] WorkflowEngine shut down cleanly.
2026-07-03 08:31:04 [INFO] System Tray initialized. Application is running in the background.
2026-07-03 08:31:04 [INFO] All sub-systems initialised.
2026-07-03 08:31:04 [INFO] [state_change] from_state=IDLE | to_state=SCANNING
2026-07-03 08:31:04 [INFO] WorkflowEngine started — user='phan'  table={'left': 52, 'top': 601, 'width': 1491, 'height': 298}
2026-07-03 08:31:08 [INFO] [loop_tick] state=SCANNING | rows=5 | claims=0
2026-07-03 08:31:09 [INFO] [row_detected] total_rows=10 | claim_rows=[0]
2026-07-03 08:31:10 [INFO] [row_detected] total_rows=10 | claim_rows=[0]
2026-07-03 08:31:12 [INFO] [row_detected] total_rows=10 | claim_rows=[0]
2026-07-03 08:31:15 [INFO] [row_detected] total_rows=10 | claim_rows=[0]
2026-07-03 08:31:18 [INFO] [row_detected] total_rows=10 | claim_rows=[0]
2026-07-03 08:31:20 [INFO] [row_detected] total_rows=10 | claim_rows=[0]
2026-07-03 08:31:23 [INFO] [row_detected] total_rows=10 | claim_rows=[0]
2026-07-03 08:31:25 [INFO] [row_detected] total_rows=10 | claim_rows=[0]
2026-07-03 08:31:28 [INFO] [row_detected] total_rows=10 | claim_rows=[0]
2026-07-03 08:31:30 [INFO] [row_detected] total_rows=10 | claim_rows=[0]
2026-07-03 08:31:32 [INFO] [row_detected] total_rows=10 | claim_rows=[0]
2026-07-03 08:31:35 [INFO] [row_detected] total_rows=10 | claim_rows=[0]
2026-07-03 08:31:37 [INFO] [row_detected] total_rows=10 | claim_rows=[0]
2026-07-03 08:31:40 [INFO] [row_detected] total_rows=10 | claim_rows=[0, 1]
2026-07-03 08:31:40 [INFO] [claim_found] row_id=1 | text=CLAIM | confidence=0.999 | claim_cell=(1160, 649)
2026-07-03 08:31:40 [INFO] [state_change] from_state=SCANNING | to_state=CLAIM_FOUND
2026-07-03 08:31:40 [INFO] [state_change] from_state=CLAIM_FOUND | to_state=CLICK_CLAIM
2026-07-03 08:31:41 [INFO] [claim_cell_clicked] row_id=1 | x=1160 | y=649
2026-07-03 08:31:41 [INFO] [state_change] from_state=CLICK_CLAIM | to_state=WAIT_USERNAME
2026-07-03 08:31:42 [WARNING] Cell shows 'aiming_' — claimed by someone else.
2026-07-03 08:31:42 [INFO] [claim_stolen] y_key=648 | cell_text=aiming_
2026-07-03 08:31:42 [INFO] [state_change] from_state=WAIT_USERNAME | to_state=SCANNING
2026-07-03 08:31:42 [INFO] [row_detected] total_rows=10 | claim_rows=[0]
2026-07-03 08:31:43 [INFO] [row_detected] total_rows=10 | claim_rows=[0]
2026-07-03 08:31:43 [INFO] [row_detected] total_rows=10 | claim_rows=[0]
2026-07-03 08:31:45 [INFO] [row_detected] total_rows=10 | claim_rows=[0]
2026-07-03 08:31:47 [INFO] [row_detected] total_rows=10 | claim_rows=[0]
2026-07-03 08:31:48 [INFO] [row_detected] total_rows=10 | claim_rows=[0]
2026-07-03 08:31:48 [INFO] [row_detected] total_rows=10 | claim_rows=[0]
2026-07-03 08:31:48 [INFO] Automation DISABLED (F8)
2026-07-03 08:31:48 [INFO] [state_change] from_state=SCANNING | to_state=STOPPED
2026-07-03 08:31:54 [INFO] Automation ENABLED (F8)
2026-07-03 08:31:54 [INFO] [state_change] from_state=STOPPED | to_state=SCANNING
2026-07-03 08:31:55 [INFO] [row_detected] total_rows=10 | claim_rows=[0]
2026-07-03 08:31:55 [INFO] [row_detected] total_rows=10 | claim_rows=[0]
2026-07-03 08:31:58 [INFO] [row_detected] total_rows=10 | claim_rows=[0]
2026-07-03 08:32:00 [INFO] [row_detected] total_rows=10 | claim_rows=[0]
2026-07-03 08:32:02 [INFO] [row_detected] total_rows=10 | claim_rows=[0]
2026-07-03 08:32:04 [INFO] [row_detected] total_rows=10 | claim_rows=[0]
2026-07-03 08:32:06 [INFO] [row_detected] total_rows=10 | claim_rows=[0]
2026-07-03 08:32:09 [INFO] [row_detected] total_rows=10 | claim_rows=[0]
2026-07-03 08:32:11 [INFO] [row_detected] total_rows=10 | claim_rows=[0]
2026-07-03 08:32:14 [INFO] [row_detected] total_rows=10 | claim_rows=[0]
2026-07-03 08:32:16 [INFO] [row_detected] total_rows=10 | claim_rows=[0]
2026-07-03 08:32:17 [INFO] [row_detected] total_rows=10 | claim_rows=[0]
2026-07-03 08:32:18 [INFO] [row_detected] total_rows=10 | claim_rows=[0]
2026-07-03 08:32:21 [INFO] [row_detected] total_rows=10 | claim_rows=[0]
2026-07-03 08:32:22 [INFO] Clean exit requested (ESC).
2026-07-03 08:32:22 [INFO] WorkflowEngine shut down cleanly.
2026-07-03 08:33:11 [INFO] System Tray initialized. Application is running in the background.
2026-07-03 08:33:11 [INFO] All sub-systems initialised.
2026-07-03 08:33:11 [INFO] [state_change] from_state=IDLE | to_state=SCANNING
2026-07-03 08:33:11 [INFO] WorkflowEngine started — user='phan'  table={'left': 52, 'top': 601, 'width': 1491, 'height': 298}
2026-07-03 08:33:16 [INFO] [loop_tick] state=SCANNING | rows=5 | claims=0
2026-07-03 08:33:17 [INFO] [row_detected] total_rows=10 | claim_rows=[0, 4]
2026-07-03 08:33:17 [INFO] [claim_found] row_id=4 | text=CLAIM | confidence=0.999 | claim_cell=(1160, 739)
2026-07-03 08:33:17 [INFO] [state_change] from_state=SCANNING | to_state=CLAIM_FOUND
2026-07-03 08:33:17 [INFO] [state_change] from_state=CLAIM_FOUND | to_state=CLICK_CLAIM
2026-07-03 08:33:18 [INFO] [claim_cell_clicked] row_id=4 | x=1160 | y=739
2026-07-03 08:33:18 [INFO] [state_change] from_state=CLICK_CLAIM | to_state=WAIT_USERNAME
2026-07-03 08:33:20 [WARNING] Cell shows 'Idaout' — claimed by someone else.
2026-07-03 08:33:20 [INFO] [claim_stolen] y_key=736 | cell_text=Idaout
2026-07-03 08:33:20 [INFO] [state_change] from_state=WAIT_USERNAME | to_state=SCANNING
2026-07-03 08:33:20 [INFO] [row_detected] total_rows=10 | claim_rows=[0]
2026-07-03 08:33:22 [INFO] [row_detected] total_rows=10 | claim_rows=[0]
2026-07-03 08:33:24 [INFO] [row_detected] total_rows=10 | claim_rows=[0]
2026-07-03 08:33:27 [INFO] [row_detected] total_rows=10 | claim_rows=[0]
2026-07-03 08:33:29 [INFO] [row_detected] total_rows=10 | claim_rows=[0]
2026-07-03 08:33:32 [INFO] [row_detected] total_rows=10 | claim_rows=[0]
2026-07-03 08:33:32 [INFO] [loop_tick] state=SCANNING | rows=2 | claims=0
2026-07-03 08:33:34 [INFO] [loop_tick] state=SCANNING | rows=2 | claims=0
2026-07-03 08:33:34 [INFO] [loop_tick] state=SCANNING | rows=2 | claims=0
2026-07-03 08:33:34 [INFO] [loop_tick] state=SCANNING | rows=2 | claims=0
2026-07-03 08:33:34 [INFO] [loop_tick] state=SCANNING | rows=2 | claims=0
2026-07-03 08:33:35 [INFO] [loop_tick] state=SCANNING | rows=2 | claims=0
2026-07-03 08:33:35 [INFO] [loop_tick] state=SCANNING | rows=2 | claims=0
2026-07-03 08:33:35 [INFO] [loop_tick] state=SCANNING | rows=2 | claims=0
2026-07-03 08:33:36 [INFO] [loop_tick] state=SCANNING | rows=2 | claims=0
2026-07-03 08:33:36 [INFO] [loop_tick] state=SCANNING | rows=2 | claims=0
2026-07-03 08:33:36 [INFO] [loop_tick] state=SCANNING | rows=2 | claims=0
2026-07-03 08:33:36 [INFO] [loop_tick] state=SCANNING | rows=2 | claims=0
2026-07-03 08:33:36 [INFO] [loop_tick] state=SCANNING | rows=2 | claims=0
2026-07-03 08:33:36 [INFO] [loop_tick] state=SCANNING | rows=2 | claims=0
2026-07-03 08:33:37 [INFO] [loop_tick] state=SCANNING | rows=2 | claims=0
2026-07-03 08:33:37 [INFO] Automation DISABLED (F8)
2026-07-03 08:33:37 [INFO] [loop_tick] state=SCANNING | rows=2 | claims=0
2026-07-03 08:33:37 [INFO] [state_change] from_state=SCANNING | to_state=STOPPED
2026-07-03 08:39:21 [INFO] Automation ENABLED (F8)
2026-07-03 08:39:21 [INFO] [state_change] from_state=STOPPED | to_state=SCANNING
2026-07-03 08:39:21 [INFO] [row_detected] total_rows=10 | claim_rows=[1]
2026-07-03 08:39:21 [INFO] [claim_found] row_id=1 | text=CLAIM | confidence=0.999 | claim_cell=(1160, 649)
2026-07-03 08:39:21 [INFO] [state_change] from_state=SCANNING | to_state=CLAIM_FOUND
2026-07-03 08:39:21 [INFO] [state_change] from_state=CLAIM_FOUND | to_state=CLICK_CLAIM
2026-07-03 08:39:22 [INFO] [claim_cell_clicked] row_id=1 | x=1160 | y=649
2026-07-03 08:39:22 [INFO] [state_change] from_state=CLICK_CLAIM | to_state=WAIT_USERNAME
2026-07-03 08:39:23 [INFO] [claim_verified] y_key=648 | cell_text=phan | elapsed_s=1.606
2026-07-03 08:39:23 [INFO] [state_change] from_state=WAIT_USERNAME | to_state=CLAIM_SUCCESS
2026-07-03 08:39:24 [INFO] [select_clicked] y_key=648 | x=1316 | y=649
2026-07-03 08:39:24 [INFO] [state_change] from_state=CLAIM_SUCCESS | to_state=CLICK_SELECT
2026-07-03 08:39:24 [INFO] [state_change] from_state=CLICK_SELECT | to_state=CLICK_CONNECT
2026-07-03 08:39:25 [INFO] Automation DISABLED (F8)
2026-07-03 08:39:25 [INFO] [connect_clicked] y_key=648 | x=768 | y=88
2026-07-03 08:39:25 [INFO] [state_change] from_state=CLICK_CONNECT | to_state=CONNECTED
2026-07-03 08:39:25 [INFO] [state_change] from_state=CONNECTED | to_state=STOPPED
2026-07-03 08:44:21 [INFO] Automation ENABLED (F8)
2026-07-03 08:44:21 [INFO] [state_change] from_state=STOPPED | to_state=SCANNING
2026-07-03 08:44:21 [INFO] [loop_tick] state=SCANNING | rows=6 | claims=0
2026-07-03 08:44:23 [INFO] [row_detected] total_rows=7 | claim_rows=[0]
2026-07-03 08:44:23 [INFO] [claim_found] row_id=0 | text=CLAIM | confidence=0.999 | claim_cell=(1169, 619)
2026-07-03 08:44:23 [INFO] [state_change] from_state=SCANNING | to_state=CLAIM_FOUND
2026-07-03 08:44:23 [INFO] [state_change] from_state=CLAIM_FOUND | to_state=CLICK_CLAIM
2026-07-03 08:44:23 [INFO] [claim_cell_clicked] row_id=0 | x=1169 | y=619
2026-07-03 08:44:23 [INFO] [state_change] from_state=CLICK_CLAIM | to_state=WAIT_USERNAME
2026-07-03 08:44:24 [WARNING] Cell shows 'aiming' — claimed by someone else.
2026-07-03 08:44:24 [INFO] [claim_stolen] y_key=616 | cell_text=aiming
2026-07-03 08:44:24 [INFO] [state_change] from_state=WAIT_USERNAME | to_state=SCANNING
2026-07-03 08:44:25 [INFO] [loop_tick] state=SCANNING | rows=7 | claims=0
2026-07-03 08:44:25 [INFO] [loop_tick] state=SCANNING | rows=7 | claims=0
2026-07-03 08:44:26 [INFO] [loop_tick] state=SCANNING | rows=7 | claims=0
2026-07-03 08:44:26 [INFO] [loop_tick] state=SCANNING | rows=7 | claims=0
2026-07-03 08:44:26 [INFO] [loop_tick] state=SCANNING | rows=7 | claims=0
2026-07-03 08:44:27 [INFO] [loop_tick] state=SCANNING | rows=7 | claims=0
2026-07-03 08:44:27 [INFO] Automation DISABLED (F8)
2026-07-03 08:44:27 [INFO] [state_change] from_state=SCANNING | to_state=STOPPED
2026-07-03 08:50:10 [INFO] Automation ENABLED (F8)
2026-07-03 08:50:10 [INFO] [state_change] from_state=STOPPED | to_state=SCANNING
2026-07-03 08:50:11 [INFO] [row_detected] total_rows=5 | claim_rows=[0]
2026-07-03 08:50:13 [INFO] [row_detected] total_rows=5 | claim_rows=[0]
2026-07-03 08:50:15 [INFO] [row_detected] total_rows=5 | claim_rows=[0]
2026-07-03 08:50:17 [INFO] [row_detected] total_rows=5 | claim_rows=[0]
2026-07-03 08:50:19 [INFO] [row_detected] total_rows=5 | claim_rows=[0]
2026-07-03 08:50:21 [INFO] [row_detected] total_rows=5 | claim_rows=[0]
2026-07-03 08:50:24 [INFO] [row_detected] total_rows=5 | claim_rows=[0]
2026-07-03 08:50:26 [INFO] [loop_tick] state=SCANNING | rows=3 | claims=0
2026-07-03 08:50:29 [INFO] [loop_tick] state=SCANNING | rows=3 | claims=0
2026-07-03 08:50:31 [INFO] [loop_tick] state=SCANNING | rows=3 | claims=0
2026-07-03 08:50:33 [INFO] [loop_tick] state=SCANNING | rows=3 | claims=0
2026-07-03 08:50:36 [INFO] [loop_tick] state=SCANNING | rows=3 | claims=0
2026-07-03 08:50:38 [INFO] [loop_tick] state=SCANNING | rows=3 | claims=0
2026-07-03 08:50:41 [INFO] [loop_tick] state=SCANNING | rows=3 | claims=0
2026-07-03 08:50:43 [INFO] [loop_tick] state=SCANNING | rows=3 | claims=0
2026-07-03 08:50:45 [INFO] [loop_tick] state=SCANNING | rows=3 | claims=0
2026-07-03 08:50:48 [INFO] [loop_tick] state=SCANNING | rows=3 | claims=0
2026-07-03 08:50:50 [INFO] [loop_tick] state=SCANNING | rows=3 | claims=0
2026-07-03 08:50:52 [INFO] [loop_tick] state=SCANNING | rows=3 | claims=0
2026-07-03 08:50:54 [INFO] [loop_tick] state=SCANNING | rows=3 | claims=0
2026-07-03 08:50:57 [INFO] [loop_tick] state=SCANNING | rows=3 | claims=0
2026-07-03 08:50:59 [INFO] [loop_tick] state=SCANNING | rows=3 | claims=0
2026-07-03 08:51:02 [INFO] [loop_tick] state=SCANNING | rows=3 | claims=0
2026-07-03 08:51:04 [INFO] [loop_tick] state=SCANNING | rows=3 | claims=0
2026-07-03 08:51:07 [INFO] [row_detected] total_rows=4 | claim_rows=[1]
2026-07-03 08:51:07 [INFO] [claim_found] row_id=1 | text=CLAIM | confidence=0.999 | claim_cell=(1169, 649)
2026-07-03 08:51:07 [INFO] [state_change] from_state=SCANNING | to_state=CLAIM_FOUND
2026-07-03 08:51:07 [INFO] [state_change] from_state=CLAIM_FOUND | to_state=CLICK_CLAIM
2026-07-03 08:51:08 [INFO] [claim_cell_clicked] row_id=1 | x=1169 | y=649
2026-07-03 08:51:08 [INFO] [state_change] from_state=CLICK_CLAIM | to_state=WAIT_USERNAME
2026-07-03 08:51:09 [WARNING] Cell shows 'aiming' — claimed by someone else.
2026-07-03 08:51:09 [INFO] [claim_stolen] y_key=648 | cell_text=aiming
2026-07-03 08:51:09 [INFO] [state_change] from_state=WAIT_USERNAME | to_state=SCANNING
2026-07-03 08:51:09 [INFO] [loop_tick] state=SCANNING | rows=4 | claims=0
2026-07-03 08:51:12 [INFO] [loop_tick] state=SCANNING | rows=4 | claims=0
2026-07-03 08:51:12 [INFO] [loop_tick] state=SCANNING | rows=4 | claims=0
2026-07-03 08:51:12 [INFO] [loop_tick] state=SCANNING | rows=4 | claims=0
2026-07-03 08:51:13 [INFO] [loop_tick] state=SCANNING | rows=4 | claims=0
2026-07-03 08:51:14 [INFO] [loop_tick] state=SCANNING | rows=4 | claims=0
2026-07-03 08:51:14 [INFO] [loop_tick] state=SCANNING | rows=3 | claims=0
2026-07-03 08:51:17 [INFO] [row_detected] total_rows=4 | claim_rows=[1]
2026-07-03 08:51:19 [INFO] [row_detected] total_rows=4 | claim_rows=[1]
2026-07-03 08:51:21 [INFO] [row_detected] total_rows=4 | claim_rows=[1]
2026-07-03 08:51:22 [INFO] [row_detected] total_rows=4 | claim_rows=[1]
2026-07-03 08:51:22 [INFO] [loop_tick] state=SCANNING | rows=4 | claims=0
2026-07-03 08:51:24 [INFO] [loop_tick] state=SCANNING | rows=4 | claims=0
2026-07-03 08:51:27 [INFO] [loop_tick] state=SCANNING | rows=4 | claims=0
2026-07-03 08:51:27 [INFO] [loop_tick] state=SCANNING | rows=4 | claims=0
2026-07-03 08:51:28 [INFO] [loop_tick] state=SCANNING | rows=4 | claims=0
2026-07-03 08:51:29 [INFO] [loop_tick] state=SCANNING | rows=4 | claims=0
2026-07-03 08:51:29 [INFO] [row_detected] total_rows=5 | claim_rows=[0]
2026-07-03 08:51:29 [INFO] [claim_found] row_id=0 | text=CLAIM | confidence=0.999 | claim_cell=(1169, 619)
2026-07-03 08:51:29 [INFO] [state_change] from_state=SCANNING | to_state=CLAIM_FOUND
2026-07-03 08:51:29 [INFO] [state_change] from_state=CLAIM_FOUND | to_state=CLICK_CLAIM
2026-07-03 08:51:30 [INFO] [claim_cell_clicked] row_id=0 | x=1169 | y=619
2026-07-03 08:51:30 [INFO] [state_change] from_state=CLICK_CLAIM | to_state=WAIT_USERNAME
2026-07-03 08:51:31 [WARNING] Cell shows 'aiming' — claimed by someone else.
2026-07-03 08:51:31 [INFO] [claim_stolen] y_key=616 | cell_text=aiming
2026-07-03 08:51:31 [INFO] [state_change] from_state=WAIT_USERNAME | to_state=SCANNING
2026-07-03 08:51:32 [INFO] Automation DISABLED (F8)
2026-07-03 08:51:32 [INFO] [loop_tick] state=SCANNING | rows=5 | claims=0
2026-07-03 08:51:32 [INFO] [state_change] from_state=SCANNING | to_state=STOPPED
2026-07-03 08:55:48 [INFO] Automation ENABLED (F8)
2026-07-03 08:55:48 [INFO] [state_change] from_state=STOPPED | to_state=SCANNING
2026-07-03 08:55:49 [INFO] [loop_tick] state=SCANNING | rows=7 | claims=0
2026-07-03 08:55:49 [INFO] [loop_tick] state=SCANNING | rows=6 | claims=0
2026-07-03 08:55:50 [INFO] [loop_tick] state=SCANNING | rows=6 | claims=0
2026-07-03 08:55:53 [INFO] [loop_tick] state=SCANNING | rows=6 | claims=0
2026-07-03 08:55:55 [INFO] [loop_tick] state=SCANNING | rows=6 | claims=0
2026-07-03 08:55:58 [INFO] [loop_tick] state=SCANNING | rows=6 | claims=0
2026-07-03 08:56:00 [INFO] [loop_tick] state=SCANNING | rows=6 | claims=0
2026-07-03 08:56:02 [INFO] [loop_tick] state=SCANNING | rows=6 | claims=0
2026-07-03 08:56:05 [INFO] [loop_tick] state=SCANNING | rows=6 | claims=0
2026-07-03 08:56:07 [INFO] [loop_tick] state=SCANNING | rows=6 | claims=0
2026-07-03 08:56:10 [INFO] [loop_tick] state=SCANNING | rows=6 | claims=0
2026-07-03 08:56:12 [INFO] [loop_tick] state=SCANNING | rows=6 | claims=0
2026-07-03 08:56:15 [INFO] [loop_tick] state=SCANNING | rows=6 | claims=0
2026-07-03 08:56:17 [INFO] [loop_tick] state=SCANNING | rows=6 | claims=0
2026-07-03 08:56:20 [INFO] [loop_tick] state=SCANNING | rows=5 | claims=0
2026-07-03 08:56:22 [INFO] [loop_tick] state=SCANNING | rows=5 | claims=0
2026-07-03 08:56:24 [INFO] [loop_tick] state=SCANNING | rows=5 | claims=0
2026-07-03 08:56:26 [INFO] [loop_tick] state=SCANNING | rows=4 | claims=0
2026-07-03 08:56:28 [INFO] [loop_tick] state=SCANNING | rows=4 | claims=0
2026-07-03 08:56:31 [INFO] [loop_tick] state=SCANNING | rows=4 | claims=0
2026-07-03 08:56:33 [INFO] [loop_tick] state=SCANNING | rows=4 | claims=0
2026-07-03 08:56:36 [INFO] [loop_tick] state=SCANNING | rows=4 | claims=0
2026-07-03 08:56:38 [INFO] [loop_tick] state=SCANNING | rows=4 | claims=0
2026-07-03 08:56:40 [INFO] [loop_tick] state=SCANNING | rows=4 | claims=0
2026-07-03 08:56:43 [INFO] [loop_tick] state=SCANNING | rows=4 | claims=0
2026-07-03 08:56:46 [INFO] [loop_tick] state=SCANNING | rows=4 | claims=0
2026-07-03 08:56:48 [INFO] [loop_tick] state=SCANNING | rows=4 | claims=0
2026-07-03 08:56:51 [INFO] [loop_tick] state=SCANNING | rows=4 | claims=0
2026-07-03 08:56:53 [INFO] [loop_tick] state=SCANNING | rows=4 | claims=0
2026-07-03 08:56:55 [INFO] [loop_tick] state=SCANNING | rows=4 | claims=0
2026-07-03 08:56:57 [INFO] [loop_tick] state=SCANNING | rows=4 | claims=0
2026-07-03 08:56:59 [INFO] [loop_tick] state=SCANNING | rows=4 | claims=0
2026-07-03 08:57:02 [INFO] [loop_tick] state=SCANNING | rows=3 | claims=0
2026-07-03 08:57:04 [INFO] [loop_tick] state=SCANNING | rows=3 | claims=0
2026-07-03 08:57:07 [INFO] [loop_tick] state=SCANNING | rows=3 | claims=0
2026-07-03 08:57:09 [INFO] [loop_tick] state=SCANNING | rows=3 | claims=0
2026-07-03 08:57:12 [INFO] [loop_tick] state=SCANNING | rows=3 | claims=0
2026-07-03 08:57:14 [INFO] [loop_tick] state=SCANNING | rows=3 | claims=0
2026-07-03 08:57:17 [INFO] [loop_tick] state=SCANNING | rows=3 | claims=0
2026-07-03 08:57:19 [INFO] [loop_tick] state=SCANNING | rows=3 | claims=0
2026-07-03 08:57:22 [INFO] [loop_tick] state=SCANNING | rows=3 | claims=0
2026-07-03 08:57:24 [INFO] [loop_tick] state=SCANNING | rows=3 | claims=0
2026-07-03 08:57:27 [INFO] [loop_tick] state=SCANNING | rows=3 | claims=0
2026-07-03 08:57:29 [INFO] [loop_tick] state=SCANNING | rows=3 | claims=0
2026-07-03 08:57:30 [INFO] [loop_tick] state=SCANNING | rows=3 | claims=0
2026-07-03 08:57:33 [INFO] [loop_tick] state=SCANNING | rows=3 | claims=0
2026-07-03 08:57:35 [INFO] [row_detected] total_rows=4 | claim_rows=[0]
2026-07-03 08:57:35 [INFO] [claim_found] row_id=0 | text=CLAIM | confidence=0.999 | claim_cell=(1169, 619)
2026-07-03 08:57:35 [INFO] [state_change] from_state=SCANNING | to_state=CLAIM_FOUND
2026-07-03 08:57:35 [INFO] [state_change] from_state=CLAIM_FOUND | to_state=CLICK_CLAIM
2026-07-03 08:57:36 [INFO] [claim_cell_clicked] row_id=0 | x=1169 | y=619
2026-07-03 08:57:36 [INFO] [state_change] from_state=CLICK_CLAIM | to_state=WAIT_USERNAME
2026-07-03 08:57:37 [WARNING] Cell shows 'aiming' — claimed by someone else.
2026-07-03 08:57:37 [INFO] [claim_stolen] y_key=616 | cell_text=aiming
2026-07-03 08:57:37 [INFO] [state_change] from_state=WAIT_USERNAME | to_state=SCANNING
2026-07-03 08:57:37 [INFO] [loop_tick] state=SCANNING | rows=4 | claims=0
2026-07-03 08:57:38 [INFO] [loop_tick] state=SCANNING | rows=4 | claims=0
2026-07-03 08:57:38 [INFO] [loop_tick] state=SCANNING | rows=4 | claims=0
2026-07-03 08:57:40 [INFO] [loop_tick] state=SCANNING | rows=4 | claims=0
2026-07-03 08:57:41 [INFO] Automation DISABLED (F8)
2026-07-03 08:57:41 [INFO] [state_change] from_state=SCANNING | to_state=STOPPED
2026-07-03 08:58:01 [INFO] Automation ENABLED (F8)
2026-07-03 08:58:01 [INFO] [state_change] from_state=STOPPED | to_state=SCANNING
2026-07-03 08:58:01 [INFO] [loop_tick] state=SCANNING | rows=4 | claims=0
2026-07-03 08:58:02 [INFO] [loop_tick] state=SCANNING | rows=4 | claims=0
2026-07-03 08:58:04 [INFO] [loop_tick] state=SCANNING | rows=4 | claims=0
2026-07-03 08:58:04 [INFO] [loop_tick] state=SCANNING | rows=4 | claims=0
2026-07-03 08:58:06 [INFO] [loop_tick] state=SCANNING | rows=4 | claims=0
2026-07-03 08:58:08 [INFO] [loop_tick] state=SCANNING | rows=4 | claims=0
2026-07-03 08:58:11 [INFO] [loop_tick] state=SCANNING | rows=4 | claims=0
2026-07-03 08:58:13 [INFO] [loop_tick] state=SCANNING | rows=4 | claims=0
2026-07-03 08:58:16 [INFO] [loop_tick] state=SCANNING | rows=4 | claims=0
2026-07-03 08:58:18 [INFO] [loop_tick] state=SCANNING | rows=4 | claims=0
2026-07-03 08:58:21 [INFO] [loop_tick] state=SCANNING | rows=4 | claims=0
2026-07-03 08:58:23 [INFO] [loop_tick] state=SCANNING | rows=4 | claims=0
2026-07-03 08:58:25 [INFO] [loop_tick] state=SCANNING | rows=4 | claims=0
2026-07-03 08:58:28 [INFO] [loop_tick] state=SCANNING | rows=4 | claims=0
2026-07-03 08:58:30 [INFO] [loop_tick] state=SCANNING | rows=4 | claims=0
2026-07-03 08:58:33 [INFO] [loop_tick] state=SCANNING | rows=4 | claims=0
2026-07-03 08:58:35 [INFO] [loop_tick] state=SCANNING | rows=4 | claims=0
2026-07-03 08:58:37 [INFO] [loop_tick] state=SCANNING | rows=4 | claims=0
2026-07-03 08:58:39 [INFO] [loop_tick] state=SCANNING | rows=4 | claims=0
2026-07-03 08:58:41 [INFO] [loop_tick] state=SCANNING | rows=4 | claims=0
2026-07-03 08:58:44 [INFO] [loop_tick] state=SCANNING | rows=4 | claims=0
2026-07-03 08:58:46 [INFO] [loop_tick] state=SCANNING | rows=4 | claims=0
2026-07-03 08:58:49 [INFO] [loop_tick] state=SCANNING | rows=4 | claims=0
2026-07-03 08:58:51 [INFO] [loop_tick] state=SCANNING | rows=4 | claims=0
2026-07-03 08:58:54 [INFO] [loop_tick] state=SCANNING | rows=4 | claims=0
2026-07-03 08:58:54 [INFO] [loop_tick] state=SCANNING | rows=4 | claims=0
2026-07-03 08:58:54 [INFO] [loop_tick] state=SCANNING | rows=4 | claims=0
2026-07-03 08:58:54 [INFO] [loop_tick] state=SCANNING | rows=4 | claims=0
2026-07-03 08:58:55 [INFO] [loop_tick] state=SCANNING | rows=5 | claims=0
2026-07-03 08:58:55 [INFO] [loop_tick] state=SCANNING | rows=2 | claims=0
2026-07-03 08:58:55 [INFO] [loop_tick] state=SCANNING | rows=3 | claims=0
2026-07-03 08:58:55 [INFO] [loop_tick] state=SCANNING | rows=4 | claims=0
2026-07-03 08:58:56 [INFO] [loop_tick] state=SCANNING | rows=4 | claims=0
2026-07-03 08:58:59 [INFO] [loop_tick] state=SCANNING | rows=4 | claims=0
2026-07-03 08:59:00 [INFO] [loop_tick] state=SCANNING | rows=4 | claims=0
2026-07-03 08:59:02 [INFO] [loop_tick] state=SCANNING | rows=2 | claims=0
2026-07-03 08:59:02 [INFO] [loop_tick] state=SCANNING | rows=3 | claims=0
2026-07-03 08:59:04 [INFO] [loop_tick] state=SCANNING | rows=3 | claims=0
2026-07-03 08:59:06 [INFO] [loop_tick] state=SCANNING | rows=3 | claims=0
2026-07-03 08:59:09 [INFO] [loop_tick] state=SCANNING | rows=3 | claims=0
2026-07-03 08:59:10 [INFO] [loop_tick] state=SCANNING | rows=3 | claims=0
2026-07-03 08:59:12 [INFO] [loop_tick] state=SCANNING | rows=3 | claims=0
2026-07-03 08:59:15 [INFO] [loop_tick] state=SCANNING | rows=3 | claims=0
2026-07-03 08:59:17 [INFO] [loop_tick] state=SCANNING | rows=3 | claims=0
2026-07-03 08:59:20 [INFO] [loop_tick] state=SCANNING | rows=2 | claims=0
2026-07-03 08:59:22 [INFO] [loop_tick] state=SCANNING | rows=2 | claims=0
2026-07-03 08:59:24 [INFO] [loop_tick] state=SCANNING | rows=2 | claims=0
2026-07-03 08:59:27 [INFO] [loop_tick] state=SCANNING | rows=2 | claims=0
2026-07-03 08:59:30 [INFO] [row_detected] total_rows=3 | claim_rows=[0]
2026-07-03 08:59:30 [INFO] [claim_found] row_id=0 | text=CLAIM | confidence=0.999 | claim_cell=(1169, 619)
2026-07-03 08:59:30 [INFO] [state_change] from_state=SCANNING | to_state=CLAIM_FOUND
2026-07-03 08:59:30 [INFO] [state_change] from_state=CLAIM_FOUND | to_state=CLICK_CLAIM
2026-07-03 08:59:30 [INFO] [claim_cell_clicked] row_id=0 | x=1169 | y=619
2026-07-03 08:59:30 [INFO] [state_change] from_state=CLICK_CLAIM | to_state=WAIT_USERNAME
2026-07-03 08:59:32 [WARNING] Cell shows 'aiming' — claimed by someone else.
2026-07-03 08:59:32 [INFO] [claim_stolen] y_key=616 | cell_text=aiming
2026-07-03 08:59:32 [INFO] [state_change] from_state=WAIT_USERNAME | to_state=SCANNING
2026-07-03 08:59:32 [INFO] [loop_tick] state=SCANNING | rows=3 | claims=0
2026-07-03 08:59:32 [INFO] [loop_tick] state=SCANNING | rows=3 | claims=0
2026-07-03 08:59:32 [INFO] [loop_tick] state=SCANNING | rows=3 | claims=0
2026-07-03 08:59:35 [INFO] [loop_tick] state=SCANNING | rows=3 | claims=0
2026-07-03 08:59:35 [INFO] Automation DISABLED (F8)
2026-07-03 08:59:35 [INFO] [state_change] from_state=SCANNING | to_state=STOPPED
2026-07-03 09:02:16 [INFO] Automation ENABLED (F8)
2026-07-03 09:02:16 [INFO] [state_change] from_state=STOPPED | to_state=SCANNING
2026-07-03 09:02:17 [INFO] [loop_tick] state=SCANNING | rows=2 | claims=0
2026-07-03 09:02:19 [INFO] [loop_tick] state=SCANNING | rows=2 | claims=0
2026-07-03 09:02:21 [INFO] [loop_tick] state=SCANNING | rows=2 | claims=0
2026-07-03 09:02:24 [INFO] [loop_tick] state=SCANNING | rows=2 | claims=0
2026-07-03 09:02:26 [INFO] [loop_tick] state=SCANNING | rows=2 | claims=0
2026-07-03 09:02:29 [INFO] [row_detected] total_rows=3 | claim_rows=[0]
2026-07-03 09:02:29 [INFO] [claim_found] row_id=0 | text=CLAIM | confidence=0.999 | claim_cell=(1169, 619)
2026-07-03 09:02:29 [INFO] [state_change] from_state=SCANNING | to_state=CLAIM_FOUND
2026-07-03 09:02:29 [INFO] [state_change] from_state=CLAIM_FOUND | to_state=CLICK_CLAIM
2026-07-03 09:02:29 [INFO] [claim_cell_clicked] row_id=0 | x=1169 | y=619
2026-07-03 09:02:29 [INFO] [state_change] from_state=CLICK_CLAIM | to_state=WAIT_USERNAME
2026-07-03 09:02:31 [INFO] [claim_verified] y_key=616 | cell_text=phan | elapsed_s=1.908
2026-07-03 09:02:31 [INFO] [state_change] from_state=WAIT_USERNAME | to_state=CLAIM_SUCCESS
2026-07-03 09:02:32 [INFO] [select_clicked] y_key=616 | x=1316 | y=619
2026-07-03 09:02:32 [INFO] [state_change] from_state=CLAIM_SUCCESS | to_state=CLICK_SELECT
2026-07-03 09:02:32 [INFO] [state_change] from_state=CLICK_SELECT | to_state=CLICK_CONNECT
2026-07-03 09:02:33 [INFO] [connect_clicked] y_key=616 | x=768 | y=88
2026-07-03 09:02:33 [INFO] [state_change] from_state=CLICK_CONNECT | to_state=CONNECTED
2026-07-03 09:02:33 [INFO] ✓ Connected! Waiting 1000ms then entering STOPPED state.
2026-07-03 09:02:33 [INFO] Automation DISABLED (F8)
2026-07-03 09:02:34 [INFO] [state_change] from_state=CONNECTED | to_state=STOPPED
2026-07-03 09:15:23 [INFO] Automation ENABLED (F8)
2026-07-03 09:15:23 [INFO] [state_change] from_state=STOPPED | to_state=SCANNING
2026-07-03 09:15:24 [INFO] [row_detected] total_rows=9 | claim_rows=[2, 3]
2026-07-03 09:15:24 [INFO] [claim_found] row_id=2 | text=CLAIM | confidence=0.999 | claim_cell=(1169, 679)
2026-07-03 09:15:24 [INFO] [state_change] from_state=SCANNING | to_state=CLAIM_FOUND
2026-07-03 09:15:24 [INFO] [state_change] from_state=CLAIM_FOUND | to_state=CLICK_CLAIM
2026-07-03 09:15:25 [INFO] [claim_cell_clicked] row_id=2 | x=1169 | y=679
2026-07-03 09:15:25 [INFO] [state_change] from_state=CLICK_CLAIM | to_state=WAIT_USERNAME
2026-07-03 09:15:26 [WARNING] Cell shows 'aiming' — claimed by someone else.
2026-07-03 09:15:26 [INFO] [claim_stolen] y_key=680 | cell_text=aiming
2026-07-03 09:15:26 [INFO] [state_change] from_state=WAIT_USERNAME | to_state=SCANNING
2026-07-03 09:15:26 [INFO] [row_detected] total_rows=9 | claim_rows=[3]
2026-07-03 09:15:26 [INFO] [claim_found] row_id=3 | text=CLAIM | confidence=0.999 | claim_cell=(1169, 709)
2026-07-03 09:15:26 [INFO] [state_change] from_state=SCANNING | to_state=CLAIM_FOUND
2026-07-03 09:15:26 [INFO] [state_change] from_state=CLAIM_FOUND | to_state=CLICK_CLAIM
2026-07-03 09:15:27 [INFO] [claim_cell_clicked] row_id=3 | x=1169 | y=709
2026-07-03 09:15:27 [INFO] [state_change] from_state=CLICK_CLAIM | to_state=WAIT_USERNAME
2026-07-03 09:15:28 [WARNING] Cell shows 'aiming' — claimed by someone else.
2026-07-03 09:15:28 [INFO] [claim_stolen] y_key=712 | cell_text=aiming
2026-07-03 09:15:28 [INFO] [state_change] from_state=WAIT_USERNAME | to_state=SCANNING
2026-07-03 09:15:28 [INFO] [loop_tick] state=SCANNING | rows=9 | claims=0
2026-07-03 09:15:29 [INFO] [loop_tick] state=SCANNING | rows=9 | claims=0
2026-07-03 09:15:30 [INFO] Automation DISABLED (F8)
2026-07-03 09:15:30 [INFO] [state_change] from_state=SCANNING | to_state=STOPPED
2026-07-03 09:15:42 [INFO] Clean exit requested (ESC).
2026-07-03 09:15:42 [INFO] WorkflowEngine shut down cleanly.
2026-07-03 09:21:03 [INFO] System Tray initialized. Application is running in the background.
2026-07-03 09:21:04 [INFO] All sub-systems initialised.
2026-07-03 09:21:04 [INFO] [state_change] from_state=IDLE | to_state=SCANNING
2026-07-03 09:21:04 [INFO] WorkflowEngine started — user='phan'  table={'left': 52, 'top': 601, 'width': 1491, 'height': 298}
2026-07-03 09:21:08 [INFO] [loop_tick] state=SCANNING | rows=5 | claims=0
2026-07-03 09:21:08 [INFO] [loop_tick] state=SCANNING | rows=4 | claims=0
2026-07-03 09:21:08 [INFO] [loop_tick] state=SCANNING | rows=4 | claims=0
2026-07-03 09:21:11 [INFO] [loop_tick] state=SCANNING | rows=4 | claims=0
2026-07-03 09:21:13 [INFO] [loop_tick] state=SCANNING | rows=4 | claims=0
2026-07-03 09:21:15 [INFO] [loop_tick] state=SCANNING | rows=4 | claims=0
2026-07-03 09:21:18 [INFO] [loop_tick] state=SCANNING | rows=4 | claims=0
2026-07-03 09:21:20 [INFO] [loop_tick] state=SCANNING | rows=4 | claims=0
2026-07-03 09:21:23 [INFO] [loop_tick] state=SCANNING | rows=4 | claims=0
2026-07-03 09:21:25 [INFO] [loop_tick] state=SCANNING | rows=3 | claims=0
2026-07-03 09:21:27 [INFO] [loop_tick] state=SCANNING | rows=2 | claims=0
2026-07-03 09:21:30 [INFO] [loop_tick] state=SCANNING | rows=3 | claims=0
2026-07-03 09:21:30 [INFO] [loop_tick] state=SCANNING | rows=5 | claims=0
2026-07-03 09:21:30 [INFO] [loop_tick] state=SCANNING | rows=5 | claims=0
2026-07-03 09:21:30 [INFO] [loop_tick] state=SCANNING | rows=5 | claims=0
2026-07-03 09:21:30 [INFO] [loop_tick] state=SCANNING | rows=5 | claims=0
2026-07-03 09:21:30 [INFO] [loop_tick] state=SCANNING | rows=5 | claims=0
2026-07-03 09:21:30 [INFO] [loop_tick] state=SCANNING | rows=5 | claims=0
2026-07-03 09:21:30 [INFO] [loop_tick] state=SCANNING | rows=5 | claims=0
2026-07-03 09:21:31 [INFO] [loop_tick] state=SCANNING | rows=5 | claims=0
2026-07-03 09:21:31 [INFO] [loop_tick] state=SCANNING | rows=5 | claims=0
2026-07-03 09:21:31 [INFO] [loop_tick] state=SCANNING | rows=5 | claims=0
2026-07-03 09:21:31 [INFO] [loop_tick] state=SCANNING | rows=5 | claims=0
2026-07-03 09:21:36 [INFO] [loop_tick] state=SCANNING | rows=4 | claims=0
2026-07-03 09:21:36 [INFO] [row_detected] total_rows=3 | claim_rows=[0]
2026-07-03 09:21:37 [INFO] [claim_found] row_id=0 | text=CLAIM | confidence=0.999 | claim_cell=(1169, 619)
2026-07-03 09:21:37 [INFO] [state_change] from_state=SCANNING | to_state=CLAIM_FOUND
2026-07-03 09:21:37 [INFO] [state_change] from_state=CLAIM_FOUND | to_state=CLICK_CLAIM
2026-07-03 09:21:37 [INFO] [claim_cell_clicked] row_id=0 | x=1169 | y=619
2026-07-03 09:21:37 [INFO] [state_change] from_state=CLICK_CLAIM | to_state=WAIT_USERNAME
2026-07-03 09:21:37 [WARNING] Cell shows 'pnguyen' — claimed by someone else.
2026-07-03 09:21:37 [INFO] [claim_stolen] y_key=616 | cell_text=pnguyen
2026-07-03 09:21:37 [INFO] [state_change] from_state=WAIT_USERNAME | to_state=SCANNING
2026-07-03 09:21:37 [INFO] [loop_tick] state=SCANNING | rows=3 | claims=0
2026-07-03 09:21:39 [INFO] [loop_tick] state=SCANNING | rows=3 | claims=0
2026-07-03 09:21:39 [INFO] [loop_tick] state=SCANNING | rows=3 | claims=0
2026-07-03 09:21:39 [INFO] [loop_tick] state=SCANNING | rows=3 | claims=0
2026-07-03 09:21:41 [INFO] [loop_tick] state=SCANNING | rows=3 | claims=0
2026-07-03 09:21:44 [INFO] [loop_tick] state=SCANNING | rows=3 | claims=0
2026-07-03 09:21:46 [INFO] [loop_tick] state=SCANNING | rows=3 | claims=0
2026-07-03 09:21:49 [INFO] [loop_tick] state=SCANNING | rows=3 | claims=0
2026-07-03 09:21:51 [INFO] [loop_tick] state=SCANNING | rows=3 | claims=0
2026-07-03 09:21:54 [INFO] [loop_tick] state=SCANNING | rows=3 | claims=0
2026-07-03 09:21:56 [INFO] [loop_tick] state=SCANNING | rows=3 | claims=0
2026-07-03 09:21:58 [INFO] [loop_tick] state=SCANNING | rows=3 | claims=0
2026-07-03 09:22:01 [INFO] [loop_tick] state=SCANNING | rows=2 | claims=0
2026-07-03 09:22:03 [INFO] [loop_tick] state=SCANNING | rows=2 | claims=0
2026-07-03 09:22:06 [INFO] [loop_tick] state=SCANNING | rows=1 | claims=0
2026-07-03 09:22:08 [INFO] [loop_tick] state=SCANNING | rows=1 | claims=0
2026-07-03 09:22:11 [INFO] [loop_tick] state=SCANNING | rows=1 | claims=0
2026-07-03 09:22:13 [INFO] [loop_tick] state=SCANNING | rows=1 | claims=0
2026-07-03 09:22:16 [INFO] [loop_tick] state=SCANNING | rows=1 | claims=0
2026-07-03 09:22:18 [INFO] [loop_tick] state=SCANNING | rows=1 | claims=0
2026-07-03 09:22:21 [INFO] [loop_tick] state=SCANNING | rows=1 | claims=0
2026-07-03 09:22:23 [INFO] [row_detected] total_rows=2 | claim_rows=[0]
2026-07-03 09:22:25 [INFO] [row_detected] total_rows=2 | claim_rows=[0]
2026-07-03 09:22:27 [INFO] [row_detected] total_rows=2 | claim_rows=[0]
2026-07-03 09:22:27 [INFO] [loop_tick] state=SCANNING | rows=2 | claims=0
2026-07-03 09:22:27 [INFO] [loop_tick] state=SCANNING | rows=2 | claims=0
2026-07-03 09:22:28 [INFO] [loop_tick] state=SCANNING | rows=2 | claims=0
2026-07-03 09:22:30 [INFO] [loop_tick] state=SCANNING | rows=2 | claims=0
2026-07-03 09:22:31 [INFO] Clean exit requested (ESC).
2026-07-03 09:22:31 [INFO] WorkflowEngine shut down cleanly.
2026-07-03 09:23:04 [INFO] System Tray initialized. Application is running in the background.
2026-07-03 09:23:04 [INFO] All sub-systems initialised.
2026-07-03 09:23:04 [INFO] [state_change] from_state=IDLE | to_state=SCANNING
2026-07-03 09:23:04 [INFO] WorkflowEngine started — user='phan'  table={'left': 52, 'top': 601, 'width': 1491, 'height': 298}
2026-07-03 09:23:08 [INFO] [loop_tick] state=SCANNING | rows=2 | claims=0
2026-07-03 09:23:08 [INFO] [loop_tick] state=SCANNING | rows=1 | claims=0
2026-07-03 09:23:09 [INFO] [loop_tick] state=SCANNING | rows=1 | claims=0
2026-07-03 09:23:09 [INFO] [loop_tick] state=SCANNING | rows=1 | claims=0
2026-07-03 09:23:10 [INFO] [loop_tick] state=SCANNING | rows=1 | claims=0
2026-07-03 09:23:10 [INFO] [loop_tick] state=SCANNING | rows=1 | claims=0
2026-07-03 09:23:10 [INFO] [loop_tick] state=SCANNING | rows=1 | claims=0
2026-07-03 09:23:11 [INFO] [loop_tick] state=SCANNING | rows=2 | claims=0
2026-07-03 09:23:13 [INFO] [loop_tick] state=SCANNING | rows=2 | claims=0
2026-07-03 09:23:13 [INFO] [loop_tick] state=SCANNING | rows=2 | claims=0
2026-07-03 09:23:13 [INFO] [loop_tick] state=SCANNING | rows=2 | claims=0
2026-07-03 09:23:13 [INFO] [loop_tick] state=SCANNING | rows=2 | claims=0
2026-07-03 09:23:14 [INFO] [loop_tick] state=SCANNING | rows=2 | claims=0
2026-07-03 09:23:14 [INFO] [loop_tick] state=SCANNING | rows=2 | claims=0
2026-07-03 09:23:14 [INFO] [loop_tick] state=SCANNING | rows=2 | claims=0
2026-07-03 09:23:14 [INFO] [loop_tick] state=SCANNING | rows=2 | claims=0
2026-07-03 09:23:14 [INFO] [loop_tick] state=SCANNING | rows=2 | claims=0
2026-07-03 09:23:15 [INFO] [loop_tick] state=SCANNING | rows=1 | claims=0
2026-07-03 09:23:15 [INFO] [loop_tick] state=SCANNING | rows=1 | claims=0
2026-07-03 09:23:15 [INFO] [loop_tick] state=SCANNING | rows=2 | claims=0
2026-07-03 09:23:15 [INFO] [loop_tick] state=SCANNING | rows=1 | claims=0
2026-07-03 09:23:16 [INFO] [loop_tick] state=SCANNING | rows=1 | claims=0
2026-07-03 09:23:16 [INFO] [loop_tick] state=SCANNING | rows=1 | claims=0
2026-07-03 09:23:16 [INFO] [loop_tick] state=SCANNING | rows=1 | claims=0
2026-07-03 09:23:17 [INFO] [loop_tick] state=SCANNING | rows=1 | claims=0
2026-07-03 09:23:17 [INFO] [loop_tick] state=SCANNING | rows=1 | claims=0
2026-07-03 09:23:18 [INFO] [loop_tick] state=SCANNING | rows=1 | claims=0
2026-07-03 09:23:18 [INFO] [loop_tick] state=SCANNING | rows=1 | claims=0
2026-07-03 09:23:18 [INFO] [loop_tick] state=SCANNING | rows=1 | claims=0
2026-07-03 09:23:19 [INFO] [loop_tick] state=SCANNING | rows=1 | claims=0
2026-07-03 09:23:19 [INFO] [loop_tick] state=SCANNING | rows=1 | claims=0
2026-07-03 09:23:19 [INFO] [loop_tick] state=SCANNING | rows=1 | claims=0
2026-07-03 09:23:20 [INFO] [loop_tick] state=SCANNING | rows=1 | claims=0
2026-07-03 09:23:20 [INFO] [loop_tick] state=SCANNING | rows=1 | claims=0
2026-07-03 09:23:20 [INFO] [loop_tick] state=SCANNING | rows=1 | claims=0
2026-07-03 09:23:20 [INFO] [loop_tick] state=SCANNING | rows=1 | claims=0
2026-07-03 09:23:21 [INFO] [loop_tick] state=SCANNING | rows=1 | claims=0
2026-07-03 09:23:21 [INFO] [loop_tick] state=SCANNING | rows=1 | claims=0
2026-07-03 09:23:21 [INFO] [loop_tick] state=SCANNING | rows=1 | claims=0
2026-07-03 09:23:22 [INFO] [loop_tick] state=SCANNING | rows=4 | claims=0
2026-07-03 09:23:22 [INFO] [loop_tick] state=SCANNING | rows=2 | claims=0
2026-07-03 09:23:22 [INFO] [loop_tick] state=SCANNING | rows=3 | claims=0
2026-07-03 09:23:22 [INFO] [loop_tick] state=SCANNING | rows=2 | claims=0
2026-07-03 09:23:23 [INFO] [loop_tick] state=SCANNING | rows=7 | claims=0
2026-07-03 09:23:23 [INFO] [loop_tick] state=SCANNING | rows=7 | claims=0
2026-07-03 09:23:23 [INFO] [loop_tick] state=SCANNING | rows=7 | claims=0
2026-07-03 09:23:23 [INFO] [loop_tick] state=SCANNING | rows=7 | claims=0
2026-07-03 09:23:23 [INFO] [loop_tick] state=SCANNING | rows=5 | claims=0
2026-07-03 09:23:24 [INFO] [loop_tick] state=SCANNING | rows=5 | claims=0
2026-07-03 09:23:24 [INFO] [loop_tick] state=SCANNING | rows=4 | claims=0
2026-07-03 09:23:26 [INFO] [loop_tick] state=SCANNING | rows=7 | claims=0
2026-07-03 09:23:26 [INFO] [loop_tick] state=SCANNING | rows=8 | claims=0
2026-07-03 09:23:26 [INFO] [loop_tick] state=SCANNING | rows=7 | claims=0
2026-07-03 09:23:26 [INFO] [loop_tick] state=SCANNING | rows=6 | claims=0
2026-07-03 09:23:26 [INFO] [loop_tick] state=SCANNING | rows=6 | claims=0
2026-07-03 09:23:27 [INFO] [loop_tick] state=SCANNING | rows=6 | claims=0
2026-07-03 09:23:27 [INFO] [loop_tick] state=SCANNING | rows=7 | claims=0
2026-07-03 09:23:27 [INFO] [loop_tick] state=SCANNING | rows=7 | claims=0
2026-07-03 09:23:27 [INFO] [loop_tick] state=SCANNING | rows=7 | claims=0
2026-07-03 09:23:27 [INFO] [loop_tick] state=SCANNING | rows=7 | claims=0
2026-07-03 09:23:28 [INFO] [loop_tick] state=SCANNING | rows=7 | claims=0
2026-07-03 09:23:28 [INFO] [loop_tick] state=SCANNING | rows=7 | claims=0
2026-07-03 09:23:28 [INFO] [loop_tick] state=SCANNING | rows=6 | claims=0
2026-07-03 09:23:28 [INFO] [loop_tick] state=SCANNING | rows=8 | claims=0
2026-07-03 09:23:28 [INFO] [loop_tick] state=SCANNING | rows=7 | claims=0
2026-07-03 09:23:29 [INFO] [loop_tick] state=SCANNING | rows=7 | claims=0
2026-07-03 09:23:29 [INFO] [loop_tick] state=SCANNING | rows=7 | claims=0
2026-07-03 09:23:29 [INFO] [loop_tick] state=SCANNING | rows=8 | claims=0
2026-07-03 09:23:29 [INFO] [loop_tick] state=SCANNING | rows=9 | claims=0
2026-07-03 09:23:29 [INFO] [loop_tick] state=SCANNING | rows=7 | claims=0
2026-07-03 09:23:30 [INFO] [loop_tick] state=SCANNING | rows=7 | claims=0
2026-07-03 09:23:30 [INFO] [loop_tick] state=SCANNING | rows=7 | claims=0
2026-07-03 09:23:30 [INFO] [loop_tick] state=SCANNING | rows=7 | claims=0
2026-07-03 09:23:30 [INFO] [loop_tick] state=SCANNING | rows=7 | claims=0
2026-07-03 09:23:30 [INFO] [loop_tick] state=SCANNING | rows=7 | claims=0
2026-07-03 09:23:31 [INFO] [loop_tick] state=SCANNING | rows=6 | claims=0
2026-07-03 09:23:31 [INFO] [loop_tick] state=SCANNING | rows=6 | claims=0
2026-07-03 09:23:31 [INFO] [loop_tick] state=SCANNING | rows=6 | claims=0
2026-07-03 09:23:31 [INFO] [loop_tick] state=SCANNING | rows=7 | claims=0
2026-07-03 09:23:31 [INFO] [loop_tick] state=SCANNING | rows=7 | claims=0
2026-07-03 09:23:32 [INFO] [loop_tick] state=SCANNING | rows=7 | claims=0
2026-07-03 09:23:32 [INFO] [loop_tick] state=SCANNING | rows=7 | claims=0
2026-07-03 09:23:32 [INFO] [loop_tick] state=SCANNING | rows=7 | claims=0
2026-07-03 09:23:32 [INFO] [loop_tick] state=SCANNING | rows=7 | claims=0
2026-07-03 09:23:32 [INFO] [loop_tick] state=SCANNING | rows=9 | claims=0
2026-07-03 09:23:33 [INFO] [loop_tick] state=SCANNING | rows=8 | claims=0
2026-07-03 09:23:33 [INFO] [loop_tick] state=SCANNING | rows=8 | claims=0
2026-07-03 09:23:33 [INFO] [loop_tick] state=SCANNING | rows=8 | claims=0
2026-07-03 09:23:33 [INFO] [loop_tick] state=SCANNING | rows=7 | claims=0
2026-07-03 09:23:33 [INFO] [loop_tick] state=SCANNING | rows=8 | claims=0
2026-07-03 09:23:34 [INFO] [loop_tick] state=SCANNING | rows=6 | claims=0
2026-07-03 09:23:34 [INFO] [loop_tick] state=SCANNING | rows=7 | claims=0
2026-07-03 09:23:34 [INFO] [loop_tick] state=SCANNING | rows=7 | claims=0
2026-07-03 09:23:34 [INFO] [loop_tick] state=SCANNING | rows=7 | claims=0
2026-07-03 09:23:34 [INFO] [loop_tick] state=SCANNING | rows=8 | claims=0
2026-07-03 09:23:35 [INFO] [loop_tick] state=SCANNING | rows=7 | claims=0
2026-07-03 09:23:35 [INFO] [loop_tick] state=SCANNING | rows=8 | claims=0
2026-07-03 09:23:35 [INFO] [loop_tick] state=SCANNING | rows=6 | claims=0
2026-07-03 09:23:35 [INFO] [loop_tick] state=SCANNING | rows=6 | claims=0
2026-07-03 09:23:35 [INFO] [loop_tick] state=SCANNING | rows=6 | claims=0
2026-07-03 09:23:36 [INFO] [loop_tick] state=SCANNING | rows=7 | claims=0
2026-07-03 09:23:36 [INFO] [loop_tick] state=SCANNING | rows=7 | claims=0
2026-07-03 09:23:36 [INFO] [loop_tick] state=SCANNING | rows=7 | claims=0
2026-07-03 09:23:36 [INFO] [loop_tick] state=SCANNING | rows=7 | claims=0
2026-07-03 09:23:36 [INFO] [loop_tick] state=SCANNING | rows=6 | claims=0
2026-07-03 09:23:37 [INFO] [loop_tick] state=SCANNING | rows=7 | claims=0
2026-07-03 09:23:37 [INFO] [loop_tick] state=SCANNING | rows=6 | claims=0
2026-07-03 09:23:37 [INFO] [loop_tick] state=SCANNING | rows=7 | claims=0
2026-07-03 09:23:37 [INFO] [loop_tick] state=SCANNING | rows=6 | claims=0
2026-07-03 09:23:37 [INFO] [loop_tick] state=SCANNING | rows=9 | claims=0
2026-07-03 09:23:38 [INFO] [loop_tick] state=SCANNING | rows=8 | claims=0
2026-07-03 09:23:38 [INFO] [loop_tick] state=SCANNING | rows=8 | claims=0
2026-07-03 09:23:38 [INFO] [loop_tick] state=SCANNING | rows=8 | claims=0
2026-07-03 09:23:38 [INFO] [loop_tick] state=SCANNING | rows=8 | claims=0
2026-07-03 09:23:38 [INFO] [loop_tick] state=SCANNING | rows=8 | claims=0
2026-07-03 09:23:39 [INFO] [loop_tick] state=SCANNING | rows=8 | claims=0
2026-07-03 09:23:39 [INFO] [loop_tick] state=SCANNING | rows=7 | claims=0
2026-07-03 09:23:39 [INFO] [loop_tick] state=SCANNING | rows=8 | claims=0
2026-07-03 09:23:39 [INFO] [loop_tick] state=SCANNING | rows=4 | claims=0
2026-07-03 09:23:39 [INFO] [loop_tick] state=SCANNING | rows=6 | claims=0
2026-07-03 09:23:40 [INFO] [loop_tick] state=SCANNING | rows=4 | claims=0
2026-07-03 09:23:40 [INFO] [loop_tick] state=SCANNING | rows=6 | claims=0
2026-07-03 09:23:40 [INFO] [loop_tick] state=SCANNING | rows=3 | claims=0
2026-07-03 09:23:40 [INFO] [loop_tick] state=SCANNING | rows=7 | claims=0
2026-07-03 09:23:40 [INFO] [loop_tick] state=SCANNING | rows=7 | claims=0
2026-07-03 09:23:41 [INFO] [loop_tick] state=SCANNING | rows=7 | claims=0
2026-07-03 09:23:41 [INFO] [loop_tick] state=SCANNING | rows=8 | claims=0
2026-07-03 09:23:41 [INFO] [loop_tick] state=SCANNING | rows=7 | claims=0
2026-07-03 09:23:41 [INFO] [loop_tick] state=SCANNING | rows=7 | claims=0
2026-07-03 09:23:41 [INFO] [loop_tick] state=SCANNING | rows=7 | claims=0
2026-07-03 09:23:42 [INFO] [loop_tick] state=SCANNING | rows=8 | claims=0
2026-07-03 09:23:42 [INFO] [loop_tick] state=SCANNING | rows=7 | claims=0
2026-07-03 09:23:42 [INFO] [loop_tick] state=SCANNING | rows=8 | claims=0
2026-07-03 09:23:42 [INFO] [loop_tick] state=SCANNING | rows=7 | claims=0
2026-07-03 09:23:42 [INFO] [loop_tick] state=SCANNING | rows=8 | claims=0
2026-07-03 09:23:43 [INFO] [loop_tick] state=SCANNING | rows=8 | claims=0
2026-07-03 09:23:43 [INFO] [loop_tick] state=SCANNING | rows=7 | claims=0
2026-07-03 09:23:43 [INFO] [loop_tick] state=SCANNING | rows=8 | claims=0
2026-07-03 09:23:43 [INFO] [loop_tick] state=SCANNING | rows=7 | claims=0
2026-07-03 09:23:43 [INFO] [loop_tick] state=SCANNING | rows=7 | claims=0
2026-07-03 09:23:44 [INFO] [loop_tick] state=SCANNING | rows=6 | claims=0
2026-07-03 09:23:44 [INFO] [loop_tick] state=SCANNING | rows=7 | claims=0
2026-07-03 09:23:44 [INFO] [loop_tick] state=SCANNING | rows=6 | claims=0
2026-07-03 09:23:44 [INFO] [loop_tick] state=SCANNING | rows=6 | claims=0
2026-07-03 09:23:44 [INFO] [loop_tick] state=SCANNING | rows=6 | claims=0
2026-07-03 09:23:45 [INFO] [loop_tick] state=SCANNING | rows=7 | claims=0
2026-07-03 09:23:45 [INFO] [loop_tick] state=SCANNING | rows=7 | claims=0
2026-07-03 09:23:45 [INFO] [loop_tick] state=SCANNING | rows=6 | claims=0
2026-07-03 09:23:45 [INFO] [loop_tick] state=SCANNING | rows=7 | claims=0
2026-07-03 09:23:45 [INFO] [loop_tick] state=SCANNING | rows=7 | claims=0
2026-07-03 09:23:46 [INFO] [loop_tick] state=SCANNING | rows=6 | claims=0
2026-07-03 09:23:46 [INFO] [loop_tick] state=SCANNING | rows=5 | claims=0
2026-07-03 09:23:46 [INFO] [loop_tick] state=SCANNING | rows=8 | claims=0
2026-07-03 09:23:46 [INFO] [loop_tick] state=SCANNING | rows=7 | claims=0
2026-07-03 09:23:46 [INFO] [loop_tick] state=SCANNING | rows=8 | claims=0
2026-07-03 09:23:47 [INFO] [loop_tick] state=SCANNING | rows=8 | claims=0
2026-07-03 09:23:47 [INFO] [loop_tick] state=SCANNING | rows=7 | claims=0
2026-07-03 09:23:47 [INFO] [loop_tick] state=SCANNING | rows=2 | claims=0
2026-07-03 09:23:47 [INFO] [loop_tick] state=SCANNING | rows=2 | claims=0
2026-07-03 09:23:47 [INFO] [loop_tick] state=SCANNING | rows=2 | claims=0
2026-07-03 09:23:48 [INFO] [loop_tick] state=SCANNING | rows=2 | claims=0
2026-07-03 09:23:48 [INFO] [loop_tick] state=SCANNING | rows=2 | claims=0
2026-07-03 09:23:48 [INFO] [loop_tick] state=SCANNING | rows=2 | claims=0
2026-07-03 09:23:48 [INFO] [loop_tick] state=SCANNING | rows=2 | claims=0
2026-07-03 09:23:48 [INFO] [loop_tick] state=SCANNING | rows=2 | claims=0
2026-07-03 09:23:49 [INFO] [loop_tick] state=SCANNING | rows=2 | claims=0
2026-07-03 09:23:49 [INFO] [loop_tick] state=SCANNING | rows=2 | claims=0
2026-07-03 09:23:49 [INFO] [loop_tick] state=SCANNING | rows=2 | claims=0
2026-07-03 09:23:49 [INFO] [loop_tick] state=SCANNING | rows=2 | claims=0
2026-07-03 09:23:49 [INFO] [loop_tick] state=SCANNING | rows=2 | claims=0
2026-07-03 09:23:50 [INFO] [loop_tick] state=SCANNING | rows=2 | claims=0
2026-07-03 09:23:50 [INFO] [loop_tick] state=SCANNING | rows=2 | claims=0
2026-07-03 09:23:50 [INFO] [loop_tick] state=SCANNING | rows=2 | claims=0
2026-07-03 09:23:50 [INFO] [loop_tick] state=SCANNING | rows=2 | claims=0
2026-07-03 09:23:50 [INFO] [loop_tick] state=SCANNING | rows=2 | claims=0
2026-07-03 09:23:51 [INFO] [loop_tick] state=SCANNING | rows=2 | claims=0
2026-07-03 09:23:51 [INFO] [loop_tick] state=SCANNING | rows=2 | claims=0
2026-07-03 09:23:51 [INFO] [loop_tick] state=SCANNING | rows=2 | claims=0
2026-07-03 09:23:51 [INFO] [loop_tick] state=SCANNING | rows=2 | claims=0
2026-07-03 09:23:51 [INFO] [loop_tick] state=SCANNING | rows=2 | claims=0
2026-07-03 09:23:52 [INFO] [loop_tick] state=SCANNING | rows=2 | claims=0
2026-07-03 09:23:52 [INFO] [loop_tick] state=SCANNING | rows=2 | claims=0
2026-07-03 09:23:52 [INFO] [loop_tick] state=SCANNING | rows=2 | claims=0
2026-07-03 09:23:52 [INFO] [loop_tick] state=SCANNING | rows=2 | claims=0
2026-07-03 09:23:52 [INFO] [loop_tick] state=SCANNING | rows=2 | claims=0
2026-07-03 09:23:53 [INFO] [loop_tick] state=SCANNING | rows=2 | claims=0
2026-07-03 09:23:53 [INFO] [loop_tick] state=SCANNING | rows=2 | claims=0
2026-07-03 09:23:53 [INFO] [loop_tick] state=SCANNING | rows=2 | claims=0
2026-07-03 09:23:53 [INFO] [loop_tick] state=SCANNING | rows=2 | claims=0
2026-07-03 09:23:54 [INFO] [loop_tick] state=SCANNING | rows=2 | claims=0
2026-07-03 09:23:54 [INFO] [loop_tick] state=SCANNING | rows=2 | claims=0
2026-07-03 09:23:54 [INFO] [loop_tick] state=SCANNING | rows=2 | claims=0
2026-07-03 09:23:54 [INFO] [loop_tick] state=SCANNING | rows=2 | claims=0
2026-07-03 09:23:54 [INFO] [loop_tick] state=SCANNING | rows=2 | claims=0
2026-07-03 09:23:55 [INFO] [loop_tick] state=SCANNING | rows=2 | claims=0
2026-07-03 09:23:55 [INFO] [loop_tick] state=SCANNING | rows=3 | claims=0
2026-07-03 09:23:55 [INFO] [loop_tick] state=SCANNING | rows=2 | claims=0
2026-07-03 09:23:55 [INFO] [loop_tick] state=SCANNING | rows=2 | claims=0
2026-07-03 09:23:55 [INFO] [loop_tick] state=SCANNING | rows=2 | claims=0
2026-07-03 09:23:56 [INFO] [loop_tick] state=SCANNING | rows=2 | claims=0
2026-07-03 09:23:56 [INFO] [loop_tick] state=SCANNING | rows=2 | claims=0
2026-07-03 09:23:56 [INFO] [loop_tick] state=SCANNING | rows=2 | claims=0
2026-07-03 09:23:56 [INFO] [loop_tick] state=SCANNING | rows=2 | claims=0
2026-07-03 09:23:56 [INFO] [loop_tick] state=SCANNING | rows=2 | claims=0
2026-07-03 09:23:57 [INFO] [loop_tick] state=SCANNING | rows=2 | claims=0
2026-07-03 09:23:57 [INFO] [loop_tick] state=SCANNING | rows=2 | claims=0
2026-07-03 09:23:57 [INFO] [loop_tick] state=SCANNING | rows=2 | claims=0
2026-07-03 09:23:57 [INFO] [loop_tick] state=SCANNING | rows=3 | claims=0
2026-07-03 09:23:57 [INFO] [loop_tick] state=SCANNING | rows=2 | claims=0
2026-07-03 09:23:58 [INFO] [loop_tick] state=SCANNING | rows=2 | claims=0
2026-07-03 09:23:58 [INFO] [loop_tick] state=SCANNING | rows=2 | claims=0
2026-07-03 09:23:58 [INFO] [loop_tick] state=SCANNING | rows=2 | claims=0
2026-07-03 09:23:58 [INFO] [loop_tick] state=SCANNING | rows=2 | claims=0
2026-07-03 09:23:58 [INFO] [loop_tick] state=SCANNING | rows=2 | claims=0
2026-07-03 09:23:59 [INFO] [loop_tick] state=SCANNING | rows=2 | claims=0
2026-07-03 09:23:59 [INFO] [loop_tick] state=SCANNING | rows=2 | claims=0
2026-07-03 09:23:59 [INFO] [loop_tick] state=SCANNING | rows=2 | claims=0
2026-07-03 09:23:59 [INFO] [loop_tick] state=SCANNING | rows=2 | claims=0
2026-07-03 09:23:59 [INFO] [loop_tick] state=SCANNING | rows=2 | claims=0
2026-07-03 09:24:00 [INFO] [loop_tick] state=SCANNING | rows=3 | claims=0
2026-07-03 09:24:00 [INFO] [loop_tick] state=SCANNING | rows=2 | claims=0
2026-07-03 09:24:00 [INFO] [loop_tick] state=SCANNING | rows=2 | claims=0
2026-07-03 09:24:00 [INFO] [loop_tick] state=SCANNING | rows=2 | claims=0
2026-07-03 09:24:01 [INFO] [loop_tick] state=SCANNING | rows=2 | claims=0
2026-07-03 09:24:01 [INFO] [loop_tick] state=SCANNING | rows=2 | claims=0
2026-07-03 09:24:01 [INFO] [loop_tick] state=SCANNING | rows=2 | claims=0
2026-07-03 09:24:01 [INFO] [loop_tick] state=SCANNING | rows=2 | claims=0
2026-07-03 09:24:01 [INFO] [loop_tick] state=SCANNING | rows=2 | claims=0
2026-07-03 09:24:02 [INFO] [loop_tick] state=SCANNING | rows=2 | claims=0
2026-07-03 09:24:02 [INFO] [loop_tick] state=SCANNING | rows=2 | claims=0
2026-07-03 09:24:02 [INFO] [loop_tick] state=SCANNING | rows=2 | claims=0
2026-07-03 09:24:02 [INFO] [loop_tick] state=SCANNING | rows=2 | claims=0
2026-07-03 09:24:02 [INFO] [loop_tick] state=SCANNING | rows=2 | claims=0
2026-07-03 09:24:03 [INFO] [loop_tick] state=SCANNING | rows=2 | claims=0
2026-07-03 09:24:03 [INFO] [loop_tick] state=SCANNING | rows=2 | claims=0
2026-07-03 09:24:03 [INFO] [loop_tick] state=SCANNING | rows=7 | claims=0
2026-07-03 09:24:03 [INFO] [loop_tick] state=SCANNING | rows=8 | claims=0
2026-07-03 09:24:03 [INFO] [loop_tick] state=SCANNING | rows=7 | claims=0
2026-07-03 09:24:04 [INFO] [loop_tick] state=SCANNING | rows=7 | claims=0
2026-07-03 09:24:04 [INFO] [loop_tick] state=SCANNING | rows=2 | claims=0
2026-07-03 09:24:04 [INFO] [loop_tick] state=SCANNING | rows=3 | claims=0
2026-07-03 09:24:04 [INFO] [loop_tick] state=SCANNING | rows=7 | claims=0
2026-07-03 09:24:04 [INFO] [loop_tick] state=SCANNING | rows=7 | claims=0
2026-07-03 09:24:05 [INFO] [loop_tick] state=SCANNING | rows=7 | claims=0
2026-07-03 09:24:05 [INFO] [loop_tick] state=SCANNING | rows=7 | claims=0
2026-07-03 09:24:05 [INFO] [loop_tick] state=SCANNING | rows=4 | claims=0
2026-07-03 09:24:05 [INFO] [loop_tick] state=SCANNING | rows=4 | claims=0
2026-07-03 09:24:05 [INFO] [loop_tick] state=SCANNING | rows=7 | claims=0
2026-07-03 09:24:06 [INFO] [loop_tick] state=SCANNING | rows=7 | claims=0
2026-07-03 09:24:06 [INFO] [loop_tick] state=SCANNING | rows=4 | claims=0
2026-07-03 09:24:06 [INFO] [loop_tick] state=SCANNING | rows=5 | claims=0
2026-07-03 09:24:06 [INFO] [loop_tick] state=SCANNING | rows=6 | claims=0
2026-07-03 09:24:06 [INFO] [loop_tick] state=SCANNING | rows=7 | claims=0
2026-07-03 09:24:07 [INFO] [loop_tick] state=SCANNING | rows=7 | claims=0
2026-07-03 09:24:07 [INFO] [loop_tick] state=SCANNING | rows=2 | claims=0
2026-07-03 09:24:07 [INFO] [loop_tick] state=SCANNING | rows=2 | claims=0
2026-07-03 09:24:08 [INFO] [loop_tick] state=SCANNING | rows=3 | claims=0
2026-07-03 09:24:08 [INFO] [loop_tick] state=SCANNING | rows=7 | claims=0
2026-07-03 09:24:08 [INFO] [loop_tick] state=SCANNING | rows=7 | claims=0
2026-07-03 09:24:09 [INFO] [loop_tick] state=SCANNING | rows=7 | claims=0
2026-07-03 09:24:09 [INFO] [loop_tick] state=SCANNING | rows=7 | claims=0
2026-07-03 09:24:09 [INFO] [loop_tick] state=SCANNING | rows=7 | claims=0
2026-07-03 09:24:09 [INFO] [loop_tick] state=SCANNING | rows=7 | claims=0
2026-07-03 09:24:09 [INFO] [loop_tick] state=SCANNING | rows=5 | claims=0
2026-07-03 09:24:10 [INFO] [loop_tick] state=SCANNING | rows=6 | claims=0
2026-07-03 09:24:10 [INFO] [loop_tick] state=SCANNING | rows=6 | claims=0
2026-07-03 09:24:10 [INFO] [loop_tick] state=SCANNING | rows=3 | claims=0
2026-07-03 09:24:10 [INFO] [loop_tick] state=SCANNING | rows=4 | claims=0
2026-07-03 09:24:11 [INFO] [loop_tick] state=SCANNING | rows=5 | claims=0
2026-07-03 09:24:11 [INFO] [loop_tick] state=SCANNING | rows=3 | claims=0
2026-07-03 09:24:11 [INFO] [loop_tick] state=SCANNING | rows=6 | claims=0
2026-07-03 09:24:11 [INFO] [loop_tick] state=SCANNING | rows=6 | claims=0
2026-07-03 09:24:12 [INFO] [loop_tick] state=SCANNING | rows=4 | claims=0
2026-07-03 09:24:12 [INFO] [loop_tick] state=SCANNING | rows=4 | claims=0
2026-07-03 09:24:12 [INFO] [loop_tick] state=SCANNING | rows=4 | claims=0
2026-07-03 09:24:13 [INFO] [loop_tick] state=SCANNING | rows=4 | claims=0
2026-07-03 09:24:13 [INFO] [loop_tick] state=SCANNING | rows=4 | claims=0
2026-07-03 09:24:13 [INFO] [loop_tick] state=SCANNING | rows=4 | claims=0
2026-07-03 09:24:13 [INFO] [loop_tick] state=SCANNING | rows=6 | claims=0
2026-07-03 09:24:13 [INFO] [loop_tick] state=SCANNING | rows=7 | claims=0
2026-07-03 09:24:14 [INFO] [loop_tick] state=SCANNING | rows=5 | claims=0
2026-07-03 09:24:14 [INFO] [loop_tick] state=SCANNING | rows=3 | claims=0
2026-07-03 09:24:14 [INFO] [loop_tick] state=SCANNING | rows=6 | claims=0
2026-07-03 09:24:15 [INFO] [loop_tick] state=SCANNING | rows=6 | claims=0
2026-07-03 09:24:15 [INFO] [loop_tick] state=SCANNING | rows=6 | claims=0
2026-07-03 09:24:16 [INFO] Automation DISABLED (F8)
2026-07-03 09:24:16 [INFO] [loop_tick] state=SCANNING | rows=1 | claims=0
2026-07-03 09:24:17 [INFO] [state_change] from_state=SCANNING | to_state=STOPPED
2026-07-03 09:24:18 [INFO] Automation ENABLED (F8)
2026-07-03 09:24:18 [INFO] [state_change] from_state=STOPPED | to_state=SCANNING
2026-07-03 09:24:18 [INFO] [loop_tick] state=SCANNING | rows=1 | claims=0
2026-07-03 09:24:19 [INFO] [loop_tick] state=SCANNING | rows=1 | claims=0
2026-07-03 09:24:22 [INFO] [loop_tick] state=SCANNING | rows=1 | claims=0
2026-07-03 09:24:24 [INFO] [loop_tick] state=SCANNING | rows=1 | claims=0
2026-07-03 09:24:26 [INFO] [loop_tick] state=SCANNING | rows=1 | claims=0
2026-07-03 09:24:29 [INFO] [loop_tick] state=SCANNING | rows=1 | claims=0
2026-07-03 09:24:31 [INFO] [row_detected] total_rows=2 | claim_rows=[0]
2026-07-03 09:24:31 [INFO] [claim_found] row_id=0 | text=CLAIM | confidence=0.999 | claim_cell=(1169, 619)
2026-07-03 09:24:31 [INFO] [state_change] from_state=SCANNING | to_state=CLAIM_FOUND
2026-07-03 09:24:31 [INFO] [state_change] from_state=CLAIM_FOUND | to_state=CLICK_CLAIM
2026-07-03 09:24:32 [INFO] [claim_cell_clicked] row_id=0 | x=1169 | y=619
2026-07-03 09:24:32 [INFO] [state_change] from_state=CLICK_CLAIM | to_state=WAIT_USERNAME
2026-07-03 09:24:33 [WARNING] Cell shows 'aiming' — claimed by someone else.
2026-07-03 09:24:33 [INFO] [claim_stolen] y_key=616 | cell_text=aiming
2026-07-03 09:24:33 [INFO] [state_change] from_state=WAIT_USERNAME | to_state=SCANNING
2026-07-03 09:24:34 [INFO] [loop_tick] state=SCANNING | rows=2 | claims=0
2026-07-03 09:24:36 [INFO] [loop_tick] state=SCANNING | rows=2 | claims=0
2026-07-03 09:24:38 [INFO] [loop_tick] state=SCANNING | rows=2 | claims=0
2026-07-03 09:24:40 [INFO] [loop_tick] state=SCANNING | rows=2 | claims=0
2026-07-03 09:24:41 [INFO] Automation DISABLED (F8)
2026-07-03 09:24:41 [INFO] [state_change] from_state=SCANNING | to_state=STOPPED
2026-07-03 09:43:08 [INFO] Automation ENABLED (F8)
2026-07-03 09:43:08 [INFO] [state_change] from_state=STOPPED | to_state=SCANNING
2026-07-03 09:43:08 [INFO] [row_detected] total_rows=4 | claim_rows=[1]
2026-07-03 09:43:08 [INFO] [claim_found] row_id=1 | text=CLAIM | confidence=0.999 | claim_cell=(1169, 649)
2026-07-03 09:43:08 [INFO] [state_change] from_state=SCANNING | to_state=CLAIM_FOUND
2026-07-03 09:43:08 [INFO] [state_change] from_state=CLAIM_FOUND | to_state=CLICK_CLAIM
2026-07-03 09:43:09 [INFO] [claim_cell_clicked] row_id=1 | x=1169 | y=649
2026-07-03 09:43:09 [INFO] [state_change] from_state=CLICK_CLAIM | to_state=WAIT_USERNAME
2026-07-03 09:43:11 [WARNING] Cell shows 'aiming' — claimed by someone else.
2026-07-03 09:43:11 [INFO] [claim_stolen] y_key=648 | cell_text=aiming
2026-07-03 09:43:11 [INFO] [state_change] from_state=WAIT_USERNAME | to_state=SCANNING
2026-07-03 09:43:11 [INFO] [loop_tick] state=SCANNING | rows=4 | claims=0
2026-07-03 09:43:11 [INFO] [loop_tick] state=SCANNING | rows=4 | claims=0
2026-07-03 09:43:13 [INFO] [loop_tick] state=SCANNING | rows=4 | claims=0
2026-07-03 09:43:15 [INFO] [loop_tick] state=SCANNING | rows=4 | claims=0
2026-07-03 09:43:17 [INFO] Automation DISABLED (F8)
2026-07-03 09:43:17 [INFO] [state_change] from_state=SCANNING | to_state=STOPPED
2026-07-03 09:45:01 [INFO] Clean exit requested (ESC).
2026-07-03 09:45:01 [INFO] WorkflowEngine shut down cleanly.
2026-07-03 09:53:45 [INFO] System Tray initialized. Application is running in the background.
2026-07-03 09:53:45 [INFO] All sub-systems initialised.
2026-07-03 09:53:45 [INFO] [state_change] from_state=IDLE | to_state=SCANNING
2026-07-03 09:53:45 [INFO] WorkflowEngine started — user='phan'  table={'left': 52, 'top': 601, 'width': 1491, 'height': 298}
2026-07-03 09:53:49 [INFO] [row_detected] total_rows=5 | claim_rows=[2]
2026-07-03 09:53:49 [INFO] [claim_found] row_id=2 | text=CLAIM | confidence=0.999 | claim_cell=(1169, 679)
2026-07-03 09:53:49 [INFO] [state_change] from_state=SCANNING | to_state=CLAIM_FOUND
2026-07-03 09:53:49 [INFO] [state_change] from_state=CLAIM_FOUND | to_state=CLICK_CLAIM
2026-07-03 09:53:50 [INFO] [claim_cell_clicked] row_id=2 | x=1169 | y=679
2026-07-03 09:53:50 [INFO] [state_change] from_state=CLICK_CLAIM | to_state=WAIT_USERNAME
2026-07-03 09:53:50 [INFO] [claim_verified] y_key=680 | cell_text=phan | elapsed_s=0.0
2026-07-03 09:53:50 [INFO] [state_change] from_state=WAIT_USERNAME | to_state=CLAIM_SUCCESS
2026-07-03 09:53:51 [INFO] [select_clicked] y_key=680 | x=1316 | y=679
2026-07-03 09:53:52 [INFO] [state_change] from_state=CLAIM_SUCCESS | to_state=CLICK_SELECT
2026-07-03 09:53:52 [INFO] [state_change] from_state=CLICK_SELECT | to_state=CLICK_CONNECT
2026-07-03 09:53:53 [INFO] [connect_clicked] y_key=680 | x=768 | y=88
2026-07-03 09:53:53 [INFO] [state_change] from_state=CLICK_CONNECT | to_state=CONNECTED
2026-07-03 09:53:53 [INFO] ✓ Connected! Waiting 1000ms then entering STOPPED state.
2026-07-03 09:53:54 [INFO] [state_change] from_state=CONNECTED | to_state=STOPPED
2026-07-03 09:53:57 [INFO] Automation ENABLED (F8)
2026-07-03 09:53:57 [INFO] [state_change] from_state=STOPPED | to_state=SCANNING
2026-07-03 09:53:57 [INFO] [loop_tick] state=SCANNING | rows=4 | claims=0
2026-07-03 09:53:59 [INFO] [loop_tick] state=SCANNING | rows=4 | claims=0
2026-07-03 09:54:01 [INFO] [loop_tick] state=SCANNING | rows=4 | claims=0
2026-07-03 09:54:03 [INFO] [loop_tick] state=SCANNING | rows=4 | claims=0
2026-07-03 09:54:06 [INFO] [loop_tick] state=SCANNING | rows=4 | claims=0
2026-07-03 09:54:08 [INFO] [loop_tick] state=SCANNING | rows=4 | claims=0
2026-07-03 09:54:10 [INFO] [loop_tick] state=SCANNING | rows=4 | claims=0
2026-07-03 09:54:13 [INFO] [loop_tick] state=SCANNING | rows=4 | claims=0
2026-07-03 09:54:15 [INFO] [loop_tick] state=SCANNING | rows=4 | claims=0
2026-07-03 09:54:17 [INFO] [loop_tick] state=SCANNING | rows=4 | claims=0
2026-07-03 09:54:17 [INFO] [loop_tick] state=SCANNING | rows=4 | claims=0
2026-07-03 09:54:18 [INFO] [loop_tick] state=SCANNING | rows=4 | claims=0
2026-07-03 09:54:18 [INFO] [loop_tick] state=SCANNING | rows=4 | claims=0
2026-07-03 09:54:19 [INFO] [loop_tick] state=SCANNING | rows=4 | claims=0
2026-07-03 09:54:20 [INFO] [loop_tick] state=SCANNING | rows=3 | claims=0
2026-07-03 09:54:22 [INFO] [loop_tick] state=SCANNING | rows=3 | claims=0
2026-07-03 09:54:25 [INFO] [loop_tick] state=SCANNING | rows=3 | claims=0
2026-07-03 09:54:28 [INFO] [row_detected] total_rows=4 | claim_rows=[1]
2026-07-03 09:54:28 [INFO] [claim_found] row_id=1 | text=CLAIM | confidence=0.999 | claim_cell=(1169, 649)
2026-07-03 09:54:28 [INFO] [state_change] from_state=SCANNING | to_state=CLAIM_FOUND
2026-07-03 09:54:28 [INFO] [state_change] from_state=CLAIM_FOUND | to_state=CLICK_CLAIM
2026-07-03 09:54:28 [INFO] [claim_cell_clicked] row_id=1 | x=1169 | y=649
2026-07-03 09:54:28 [INFO] [state_change] from_state=CLICK_CLAIM | to_state=WAIT_USERNAME
2026-07-03 09:54:30 [WARNING] Cell shows 'aiming' — claimed by someone else.
2026-07-03 09:54:30 [INFO] [claim_stolen] y_key=648 | cell_text=aiming
2026-07-03 09:54:30 [INFO] [state_change] from_state=WAIT_USERNAME | to_state=SCANNING
2026-07-03 09:54:30 [INFO] [loop_tick] state=SCANNING | rows=4 | claims=0
2026-07-03 09:54:30 [INFO] [loop_tick] state=SCANNING | rows=4 | claims=0
2026-07-03 09:54:30 [INFO] [loop_tick] state=SCANNING | rows=4 | claims=0
2026-07-03 09:54:33 [INFO] [loop_tick] state=SCANNING | rows=4 | claims=0
2026-07-03 09:54:35 [INFO] [loop_tick] state=SCANNING | rows=4 | claims=0
2026-07-03 09:54:38 [INFO] [loop_tick] state=SCANNING | rows=4 | claims=0
2026-07-03 09:54:40 [INFO] [loop_tick] state=SCANNING | rows=4 | claims=0
2026-07-03 09:54:43 [INFO] [loop_tick] state=SCANNING | rows=4 | claims=0
2026-07-03 09:54:45 [INFO] [loop_tick] state=SCANNING | rows=4 | claims=0
2026-07-03 09:54:47 [INFO] [loop_tick] state=SCANNING | rows=4 | claims=0
2026-07-03 09:54:49 [INFO] [loop_tick] state=SCANNING | rows=4 | claims=0
2026-07-03 09:54:51 [INFO] [loop_tick] state=SCANNING | rows=4 | claims=0
2026-07-03 09:54:54 [INFO] [loop_tick] state=SCANNING | rows=4 | claims=0
2026-07-03 09:54:56 [INFO] [loop_tick] state=SCANNING | rows=4 | claims=0
2026-07-03 09:54:57 [INFO] [loop_tick] state=SCANNING | rows=4 | claims=0
2026-07-03 09:54:58 [INFO] [loop_tick] state=SCANNING | rows=4 | claims=0
2026-07-03 09:54:59 [INFO] [loop_tick] state=SCANNING | rows=4 | claims=0
2026-07-03 09:55:00 [INFO] Clean exit requested (ESC).
2026-07-03 09:55:00 [INFO] WorkflowEngine shut down cleanly.
2026-07-03 09:55:41 [INFO] System Tray initialized. Application is running in the background.
2026-07-03 09:55:41 [INFO] All sub-systems initialised.
2026-07-03 09:55:41 [INFO] [state_change] from_state=IDLE | to_state=SCANNING
2026-07-03 09:55:41 [INFO] WorkflowEngine started — user='phan'  table={'left': 52, 'top': 601, 'width': 1491, 'height': 298}
2026-07-03 09:55:45 [INFO] Automation DISABLED (F8)
2026-07-03 09:55:45 [INFO] [loop_tick] state=SCANNING | rows=3 | claims=0
2026-07-03 09:55:45 [INFO] [state_change] from_state=SCANNING | to_state=STOPPED
2026-07-03 09:56:52 [INFO] Automation ENABLED (F8)
2026-07-03 09:56:52 [INFO] [state_change] from_state=STOPPED | to_state=SCANNING
2026-07-03 09:56:52 [INFO] [row_detected] total_rows=10 | claim_rows=[1, 2, 3, 4, 5, 6]
2026-07-03 09:56:52 [INFO] [claim_found] row_id=1 | text=CLAIM | confidence=0.999 | claim_cell=(1160, 649)
2026-07-03 09:56:52 [INFO] [state_change] from_state=SCANNING | to_state=CLAIM_FOUND
2026-07-03 09:56:52 [INFO] [state_change] from_state=CLAIM_FOUND | to_state=CLICK_CLAIM
2026-07-03 09:56:53 [INFO] [claim_cell_clicked] row_id=1 | x=1160 | y=649
2026-07-03 09:56:53 [INFO] [state_change] from_state=CLICK_CLAIM | to_state=WAIT_USERNAME
2026-07-03 09:56:58 [WARNING] WAIT_USERNAME timed out (5s) — row y=648. Stopping to prevent double claims.
2026-07-03 09:56:58 [INFO] [timeout] state=WAIT_USERNAME | y_key=648
2026-07-03 09:56:58 [INFO] [state_change] from_state=WAIT_USERNAME | to_state=STOPPED
2026-07-03 09:57:02 [INFO] Automation DISABLED (F8)
2026-07-03 09:57:02 [INFO] Automation ENABLED (F8)
2026-07-03 09:57:02 [INFO] [state_change] from_state=STOPPED | to_state=SCANNING
2026-07-03 09:57:03 [INFO] [row_detected] total_rows=10 | claim_rows=[1, 2, 3, 4, 5]
2026-07-03 09:57:03 [INFO] [claim_found] row_id=1 | text=CLAIM | confidence=0.999 | claim_cell=(1160, 649)
2026-07-03 09:57:03 [INFO] [state_change] from_state=SCANNING | to_state=CLAIM_FOUND
2026-07-03 09:57:03 [INFO] [state_change] from_state=CLAIM_FOUND | to_state=CLICK_CLAIM
2026-07-03 09:57:04 [INFO] [claim_cell_clicked] row_id=1 | x=1160 | y=649
2026-07-03 09:57:04 [INFO] [state_change] from_state=CLICK_CLAIM | to_state=WAIT_USERNAME
2026-07-03 09:57:05 [WARNING] Cell shows 'aiming_' — claimed by someone else.
2026-07-03 09:57:05 [INFO] [claim_stolen] y_key=648 | cell_text=aiming_
2026-07-03 09:57:05 [INFO] [state_change] from_state=WAIT_USERNAME | to_state=SCANNING
2026-07-03 09:57:05 [INFO] [row_detected] total_rows=10 | claim_rows=[2, 3, 4, 5]
2026-07-03 09:57:05 [INFO] [claim_found] row_id=2 | text=CLAIM | confidence=0.999 | claim_cell=(1160, 679)
2026-07-03 09:57:05 [INFO] [state_change] from_state=SCANNING | to_state=CLAIM_FOUND
2026-07-03 09:57:05 [INFO] [state_change] from_state=CLAIM_FOUND | to_state=CLICK_CLAIM
2026-07-03 09:57:06 [INFO] [claim_cell_clicked] row_id=2 | x=1160 | y=679
2026-07-03 09:57:06 [INFO] [state_change] from_state=CLICK_CLAIM | to_state=WAIT_USERNAME
2026-07-03 09:57:07 [WARNING] Cell shows 'aiming_' — claimed by someone else.
2026-07-03 09:57:07 [INFO] [claim_stolen] y_key=680 | cell_text=aiming_
2026-07-03 09:57:07 [INFO] [state_change] from_state=WAIT_USERNAME | to_state=SCANNING
2026-07-03 09:57:07 [INFO] Automation DISABLED (F8)
2026-07-03 09:57:08 [INFO] [row_detected] total_rows=10 | claim_rows=[3, 4, 5]
2026-07-03 09:57:08 [INFO] [claim_found] row_id=3 | text=CLAIM | confidence=0.999 | claim_cell=(1160, 709)
2026-07-03 09:57:08 [INFO] [state_change] from_state=SCANNING | to_state=CLAIM_FOUND
2026-07-03 09:57:08 [WARNING] Illegal FSM transition CLAIM_FOUND → STOPPED — ignored
2026-07-03 09:57:08 [WARNING] Illegal FSM transition CLAIM_FOUND → STOPPED — ignored
2026-07-03 09:57:08 [WARNING] Illegal FSM transition CLAIM_FOUND → STOPPED — ignored
2026-07-03 09:57:08 [WARNING] Illegal FSM transition CLAIM_FOUND → STOPPED — ignored
2026-07-03 09:57:09 [WARNING] Illegal FSM transition CLAIM_FOUND → STOPPED — ignored
2026-07-03 09:57:09 [WARNING] Illegal FSM transition CLAIM_FOUND → STOPPED — ignored
2026-07-03 09:57:09 [WARNING] Illegal FSM transition CLAIM_FOUND → STOPPED — ignored
2026-07-03 09:57:09 [WARNING] Illegal FSM transition CLAIM_FOUND → STOPPED — ignored
2026-07-03 09:57:09 [WARNING] Illegal FSM transition CLAIM_FOUND → STOPPED — ignored
2026-07-03 09:57:10 [WARNING] Illegal FSM transition CLAIM_FOUND → STOPPED — ignored
2026-07-03 09:57:10 [WARNING] Illegal FSM transition CLAIM_FOUND → STOPPED — ignored
2026-07-03 09:57:10 [WARNING] Illegal FSM transition CLAIM_FOUND → STOPPED — ignored
2026-07-03 09:57:10 [WARNING] Illegal FSM transition CLAIM_FOUND → STOPPED — ignored
2026-07-03 09:57:10 [WARNING] Illegal FSM transition CLAIM_FOUND → STOPPED — ignored
2026-07-03 09:57:11 [WARNING] Illegal FSM transition CLAIM_FOUND → STOPPED — ignored
2026-07-03 09:57:11 [WARNING] Illegal FSM transition CLAIM_FOUND → STOPPED — ignored
2026-07-03 09:57:11 [WARNING] Illegal FSM transition CLAIM_FOUND → STOPPED — ignored
2026-07-03 09:57:11 [WARNING] Illegal FSM transition CLAIM_FOUND → STOPPED — ignored
2026-07-03 09:57:11 [WARNING] Illegal FSM transition CLAIM_FOUND → STOPPED — ignored
2026-07-03 09:57:12 [WARNING] Illegal FSM transition CLAIM_FOUND → STOPPED — ignored
2026-07-03 09:57:12 [WARNING] Illegal FSM transition CLAIM_FOUND → STOPPED — ignored
2026-07-03 09:57:12 [WARNING] Illegal FSM transition CLAIM_FOUND → STOPPED — ignored
2026-07-03 09:57:12 [WARNING] Illegal FSM transition CLAIM_FOUND → STOPPED — ignored
2026-07-03 09:57:12 [WARNING] Illegal FSM transition CLAIM_FOUND → STOPPED — ignored
2026-07-03 09:57:13 [WARNING] Illegal FSM transition CLAIM_FOUND → STOPPED — ignored
2026-07-03 09:57:13 [WARNING] Illegal FSM transition CLAIM_FOUND → STOPPED — ignored
2026-07-03 09:57:13 [WARNING] Illegal FSM transition CLAIM_FOUND → STOPPED — ignored
2026-07-03 09:57:13 [WARNING] Illegal FSM transition CLAIM_FOUND → STOPPED — ignored
2026-07-03 09:57:13 [WARNING] Illegal FSM transition CLAIM_FOUND → STOPPED — ignored
2026-07-03 09:57:14 [WARNING] Illegal FSM transition CLAIM_FOUND → STOPPED — ignored
2026-07-03 09:57:14 [WARNING] Illegal FSM transition CLAIM_FOUND → STOPPED — ignored
2026-07-03 09:57:14 [WARNING] Illegal FSM transition CLAIM_FOUND → STOPPED — ignored
2026-07-03 09:57:14 [WARNING] Illegal FSM transition CLAIM_FOUND → STOPPED — ignored
2026-07-03 09:57:14 [WARNING] Illegal FSM transition CLAIM_FOUND → STOPPED — ignored
2026-07-03 09:57:15 [WARNING] Illegal FSM transition CLAIM_FOUND → STOPPED — ignored
2026-07-03 09:57:15 [WARNING] Illegal FSM transition CLAIM_FOUND → STOPPED — ignored
2026-07-03 09:57:15 [WARNING] Illegal FSM transition CLAIM_FOUND → STOPPED — ignored
2026-07-03 09:57:15 [WARNING] Illegal FSM transition CLAIM_FOUND → STOPPED — ignored
2026-07-03 09:57:15 [WARNING] Illegal FSM transition CLAIM_FOUND → STOPPED — ignored
2026-07-03 09:57:16 [WARNING] Illegal FSM transition CLAIM_FOUND → STOPPED — ignored
2026-07-03 09:57:16 [WARNING] Illegal FSM transition CLAIM_FOUND → STOPPED — ignored
2026-07-03 09:57:16 [WARNING] Illegal FSM transition CLAIM_FOUND → STOPPED — ignored
2026-07-03 09:57:16 [WARNING] Illegal FSM transition CLAIM_FOUND → STOPPED — ignored
2026-07-03 09:57:16 [WARNING] Illegal FSM transition CLAIM_FOUND → STOPPED — ignored
2026-07-03 09:57:17 [WARNING] Illegal FSM transition CLAIM_FOUND → STOPPED — ignored
2026-07-03 09:57:17 [WARNING] Illegal FSM transition CLAIM_FOUND → STOPPED — ignored
2026-07-03 09:57:17 [WARNING] Illegal FSM transition CLAIM_FOUND → STOPPED — ignored
2026-07-03 09:57:17 [WARNING] Illegal FSM transition CLAIM_FOUND → STOPPED — ignored
2026-07-03 09:57:17 [WARNING] Illegal FSM transition CLAIM_FOUND → STOPPED — ignored
2026-07-03 09:57:18 [WARNING] Illegal FSM transition CLAIM_FOUND → STOPPED — ignored
2026-07-03 09:57:18 [WARNING] Illegal FSM transition CLAIM_FOUND → STOPPED — ignored
2026-07-03 09:57:18 [WARNING] Illegal FSM transition CLAIM_FOUND → STOPPED — ignored
2026-07-03 09:57:18 [WARNING] Illegal FSM transition CLAIM_FOUND → STOPPED — ignored
2026-07-03 09:57:18 [WARNING] Illegal FSM transition CLAIM_FOUND → STOPPED — ignored
2026-07-03 09:57:19 [WARNING] Illegal FSM transition CLAIM_FOUND → STOPPED — ignored
2026-07-03 09:57:19 [WARNING] Illegal FSM transition CLAIM_FOUND → STOPPED — ignored
2026-07-03 09:57:19 [WARNING] Illegal FSM transition CLAIM_FOUND → STOPPED — ignored
2026-07-03 09:57:19 [WARNING] Illegal FSM transition CLAIM_FOUND → STOPPED — ignored
2026-07-03 09:57:19 [WARNING] Illegal FSM transition CLAIM_FOUND → STOPPED — ignored
2026-07-03 09:57:20 [WARNING] Illegal FSM transition CLAIM_FOUND → STOPPED — ignored
2026-07-03 09:57:20 [WARNING] Illegal FSM transition CLAIM_FOUND → STOPPED — ignored
2026-07-03 09:57:20 [WARNING] Illegal FSM transition CLAIM_FOUND → STOPPED — ignored
2026-07-03 09:57:20 [WARNING] Illegal FSM transition CLAIM_FOUND → STOPPED — ignored
2026-07-03 09:57:20 [WARNING] Illegal FSM transition CLAIM_FOUND → STOPPED — ignored
2026-07-03 09:57:20 [INFO] Automation ENABLED (F8)
2026-07-03 09:57:21 [WARNING] Global timeout in CLAIM_FOUND
2026-07-03 09:57:21 [INFO] [timeout] state=CLAIM_FOUND
2026-07-03 09:57:21 [INFO] [state_change] from_state=CLAIM_FOUND | to_state=SCANNING
2026-07-03 09:57:21 [INFO] [row_detected] total_rows=10 | claim_rows=[2, 3, 4, 5, 6]
2026-07-03 09:57:21 [INFO] [claim_found] row_id=2 | text=CLAIM | confidence=0.999 | claim_cell=(1160, 679)
2026-07-03 09:57:21 [INFO] [state_change] from_state=SCANNING | to_state=CLAIM_FOUND
2026-07-03 09:57:21 [INFO] [state_change] from_state=CLAIM_FOUND | to_state=CLICK_CLAIM
2026-07-03 09:57:22 [INFO] [claim_cell_clicked] row_id=2 | x=1160 | y=679
2026-07-03 09:57:22 [INFO] [state_change] from_state=CLICK_CLAIM | to_state=WAIT_USERNAME
2026-07-03 09:57:25 [INFO] [claim_verified] y_key=680 | cell_text=phan | elapsed_s=3.406
2026-07-03 09:57:25 [INFO] [state_change] from_state=WAIT_USERNAME | to_state=CLAIM_SUCCESS
2026-07-03 09:57:26 [INFO] [select_clicked] y_key=680 | x=1316 | y=679
2026-07-03 09:57:26 [INFO] Automation DISABLED (F8)
2026-07-03 09:57:28 [INFO] [state_change] from_state=CLAIM_SUCCESS | to_state=CLICK_SELECT
2026-07-03 09:57:28 [WARNING] Illegal FSM transition CLICK_SELECT → STOPPED — ignored
2026-07-03 09:57:28 [WARNING] Illegal FSM transition CLICK_SELECT → STOPPED — ignored
2026-07-03 09:57:28 [WARNING] Illegal FSM transition CLICK_SELECT → STOPPED — ignored
2026-07-03 09:57:29 [WARNING] Illegal FSM transition CLICK_SELECT → STOPPED — ignored
2026-07-03 09:57:29 [WARNING] Illegal FSM transition CLICK_SELECT → STOPPED — ignored
2026-07-03 09:57:29 [WARNING] Illegal FSM transition CLICK_SELECT → STOPPED — ignored
2026-07-03 09:57:29 [WARNING] Illegal FSM transition CLICK_SELECT → STOPPED — ignored
2026-07-03 09:57:29 [WARNING] Illegal FSM transition CLICK_SELECT → STOPPED — ignored
2026-07-03 09:57:30 [WARNING] Illegal FSM transition CLICK_SELECT → STOPPED — ignored
2026-07-03 09:57:30 [WARNING] Illegal FSM transition CLICK_SELECT → STOPPED — ignored
2026-07-03 09:57:30 [WARNING] Illegal FSM transition CLICK_SELECT → STOPPED — ignored
2026-07-03 09:57:30 [WARNING] Illegal FSM transition CLICK_SELECT → STOPPED — ignored
2026-07-03 09:57:30 [WARNING] Illegal FSM transition CLICK_SELECT → STOPPED — ignored
2026-07-03 09:57:31 [WARNING] Illegal FSM transition CLICK_SELECT → STOPPED — ignored
2026-07-03 09:57:31 [WARNING] Illegal FSM transition CLICK_SELECT → STOPPED — ignored
2026-07-03 09:57:31 [WARNING] Illegal FSM transition CLICK_SELECT → STOPPED — ignored
2026-07-03 09:57:31 [WARNING] Illegal FSM transition CLICK_SELECT → STOPPED — ignored
2026-07-03 09:57:31 [WARNING] Illegal FSM transition CLICK_SELECT → STOPPED — ignored
2026-07-03 09:57:32 [WARNING] Illegal FSM transition CLICK_SELECT → STOPPED — ignored
2026-07-03 09:57:32 [WARNING] Illegal FSM transition CLICK_SELECT → STOPPED — ignored
2026-07-03 09:57:32 [WARNING] Illegal FSM transition CLICK_SELECT → STOPPED — ignored
2026-07-03 09:57:32 [WARNING] Illegal FSM transition CLICK_SELECT → STOPPED — ignored
2026-07-03 09:57:32 [WARNING] Illegal FSM transition CLICK_SELECT → STOPPED — ignored
2026-07-03 09:57:33 [WARNING] Illegal FSM transition CLICK_SELECT → STOPPED — ignored
2026-07-03 09:57:33 [WARNING] Illegal FSM transition CLICK_SELECT → STOPPED — ignored
2026-07-03 09:57:33 [WARNING] Illegal FSM transition CLICK_SELECT → STOPPED — ignored
2026-07-03 09:57:33 [WARNING] Illegal FSM transition CLICK_SELECT → STOPPED — ignored
2026-07-03 09:57:33 [WARNING] Illegal FSM transition CLICK_SELECT → STOPPED — ignored
2026-07-03 09:57:34 [WARNING] Illegal FSM transition CLICK_SELECT → STOPPED — ignored
2026-07-03 09:57:34 [WARNING] Illegal FSM transition CLICK_SELECT → STOPPED — ignored
2026-07-03 09:57:34 [WARNING] Illegal FSM transition CLICK_SELECT → STOPPED — ignored
2026-07-03 09:57:34 [WARNING] Illegal FSM transition CLICK_SELECT → STOPPED — ignored
2026-07-03 09:57:34 [WARNING] Illegal FSM transition CLICK_SELECT → STOPPED — ignored
2026-07-03 09:57:35 [WARNING] Illegal FSM transition CLICK_SELECT → STOPPED — ignored
2026-07-03 09:57:35 [WARNING] Illegal FSM transition CLICK_SELECT → STOPPED — ignored
2026-07-03 09:57:35 [WARNING] Illegal FSM transition CLICK_SELECT → STOPPED — ignored
2026-07-03 09:57:35 [WARNING] Illegal FSM transition CLICK_SELECT → STOPPED — ignored
2026-07-03 09:57:35 [WARNING] Illegal FSM transition CLICK_SELECT → STOPPED — ignored
2026-07-03 09:57:36 [WARNING] Illegal FSM transition CLICK_SELECT → STOPPED — ignored
2026-07-03 09:57:36 [WARNING] Illegal FSM transition CLICK_SELECT → STOPPED — ignored
2026-07-03 09:57:36 [WARNING] Illegal FSM transition CLICK_SELECT → STOPPED — ignored
2026-07-03 09:57:36 [WARNING] Illegal FSM transition CLICK_SELECT → STOPPED — ignored
2026-07-03 09:57:36 [WARNING] Illegal FSM transition CLICK_SELECT → STOPPED — ignored
2026-07-03 09:57:37 [WARNING] Illegal FSM transition CLICK_SELECT → STOPPED — ignored
2026-07-03 09:57:37 [WARNING] Illegal FSM transition CLICK_SELECT → STOPPED — ignored
2026-07-03 09:57:37 [WARNING] Illegal FSM transition CLICK_SELECT → STOPPED — ignored
2026-07-03 09:57:37 [WARNING] Illegal FSM transition CLICK_SELECT → STOPPED — ignored
2026-07-03 09:57:37 [WARNING] Illegal FSM transition CLICK_SELECT → STOPPED — ignored
2026-07-03 09:57:38 [WARNING] Illegal FSM transition CLICK_SELECT → STOPPED — ignored
2026-07-03 09:57:38 [WARNING] Illegal FSM transition CLICK_SELECT → STOPPED — ignored
2026-07-03 09:57:38 [WARNING] Illegal FSM transition CLICK_SELECT → STOPPED — ignored
2026-07-03 09:57:38 [WARNING] Illegal FSM transition CLICK_SELECT → STOPPED — ignored
2026-07-03 09:57:38 [WARNING] Illegal FSM transition CLICK_SELECT → STOPPED — ignored
2026-07-03 09:57:39 [WARNING] Illegal FSM transition CLICK_SELECT → STOPPED — ignored
2026-07-03 09:57:39 [WARNING] Illegal FSM transition CLICK_SELECT → STOPPED — ignored
2026-07-03 09:57:39 [WARNING] Illegal FSM transition CLICK_SELECT → STOPPED — ignored
2026-07-03 09:57:39 [WARNING] Illegal FSM transition CLICK_SELECT → STOPPED — ignored
2026-07-03 09:57:39 [WARNING] Illegal FSM transition CLICK_SELECT → STOPPED — ignored
2026-07-03 09:57:40 [WARNING] Illegal FSM transition CLICK_SELECT → STOPPED — ignored
2026-07-03 09:57:40 [WARNING] Illegal FSM transition CLICK_SELECT → STOPPED — ignored
2026-07-03 09:57:40 [WARNING] Illegal FSM transition CLICK_SELECT → STOPPED — ignored
2026-07-03 09:57:40 [WARNING] Illegal FSM transition CLICK_SELECT → STOPPED — ignored
2026-07-03 09:57:40 [WARNING] Illegal FSM transition CLICK_SELECT → STOPPED — ignored
2026-07-03 09:57:41 [WARNING] Illegal FSM transition CLICK_SELECT → STOPPED — ignored
2026-07-03 09:57:41 [WARNING] Illegal FSM transition CLICK_SELECT → STOPPED — ignored
2026-07-03 09:57:41 [WARNING] Illegal FSM transition CLICK_SELECT → STOPPED — ignored
2026-07-03 09:57:41 [WARNING] Illegal FSM transition CLICK_SELECT → STOPPED — ignored
2026-07-03 09:57:41 [WARNING] Illegal FSM transition CLICK_SELECT → STOPPED — ignored
2026-07-03 09:57:42 [WARNING] Illegal FSM transition CLICK_SELECT → STOPPED — ignored
2026-07-03 09:57:42 [WARNING] Illegal FSM transition CLICK_SELECT → STOPPED — ignored
2026-07-03 09:57:42 [WARNING] Illegal FSM transition CLICK_SELECT → STOPPED — ignored
2026-07-03 09:57:42 [WARNING] Illegal FSM transition CLICK_SELECT → STOPPED — ignored
2026-07-03 09:57:42 [WARNING] Illegal FSM transition CLICK_SELECT → STOPPED — ignored
2026-07-03 09:57:43 [WARNING] Illegal FSM transition CLICK_SELECT → STOPPED — ignored
2026-07-03 09:57:43 [WARNING] Illegal FSM transition CLICK_SELECT → STOPPED — ignored
2026-07-03 09:57:43 [WARNING] Illegal FSM transition CLICK_SELECT → STOPPED — ignored
2026-07-03 09:57:43 [WARNING] Illegal FSM transition CLICK_SELECT → STOPPED — ignored
2026-07-03 09:57:43 [WARNING] Illegal FSM transition CLICK_SELECT → STOPPED — ignored
2026-07-03 09:57:44 [WARNING] Illegal FSM transition CLICK_SELECT → STOPPED — ignored
2026-07-03 09:57:44 [WARNING] Illegal FSM transition CLICK_SELECT → STOPPED — ignored
2026-07-03 09:57:44 [WARNING] Illegal FSM transition CLICK_SELECT → STOPPED — ignored
2026-07-03 09:57:44 [WARNING] Illegal FSM transition CLICK_SELECT → STOPPED — ignored
2026-07-03 09:57:44 [WARNING] Illegal FSM transition CLICK_SELECT → STOPPED — ignored
2026-07-03 09:57:45 [WARNING] Illegal FSM transition CLICK_SELECT → STOPPED — ignored
2026-07-03 09:57:45 [WARNING] Illegal FSM transition CLICK_SELECT → STOPPED — ignored
2026-07-03 09:57:45 [WARNING] Illegal FSM transition CLICK_SELECT → STOPPED — ignored
2026-07-03 09:57:45 [WARNING] Illegal FSM transition CLICK_SELECT → STOPPED — ignored
2026-07-03 09:57:45 [WARNING] Illegal FSM transition CLICK_SELECT → STOPPED — ignored
2026-07-03 09:57:46 [WARNING] Illegal FSM transition CLICK_SELECT → STOPPED — ignored
2026-07-03 09:57:46 [WARNING] Illegal FSM transition CLICK_SELECT → STOPPED — ignored
2026-07-03 09:57:46 [WARNING] Illegal FSM transition CLICK_SELECT → STOPPED — ignored
2026-07-03 09:57:46 [WARNING] Illegal FSM transition CLICK_SELECT → STOPPED — ignored
2026-07-03 09:57:46 [WARNING] Illegal FSM transition CLICK_SELECT → STOPPED — ignored
2026-07-03 09:57:47 [WARNING] Illegal FSM transition CLICK_SELECT → STOPPED — ignored
2026-07-03 09:57:47 [WARNING] Illegal FSM transition CLICK_SELECT → STOPPED — ignored
2026-07-03 09:57:47 [WARNING] Illegal FSM transition CLICK_SELECT → STOPPED — ignored
2026-07-03 09:57:47 [WARNING] Illegal FSM transition CLICK_SELECT → STOPPED — ignored
2026-07-03 09:57:47 [WARNING] Illegal FSM transition CLICK_SELECT → STOPPED — ignored
2026-07-03 09:57:48 [WARNING] Illegal FSM transition CLICK_SELECT → STOPPED — ignored
2026-07-03 09:57:48 [WARNING] Illegal FSM transition CLICK_SELECT → STOPPED — ignored
2026-07-03 09:57:48 [WARNING] Illegal FSM transition CLICK_SELECT → STOPPED — ignored
2026-07-03 09:57:48 [WARNING] Illegal FSM transition CLICK_SELECT → STOPPED — ignored
2026-07-03 09:57:48 [WARNING] Illegal FSM transition CLICK_SELECT → STOPPED — ignored
2026-07-03 09:57:49 [WARNING] Illegal FSM transition CLICK_SELECT → STOPPED — ignored
2026-07-03 09:57:49 [WARNING] Illegal FSM transition CLICK_SELECT → STOPPED — ignored
2026-07-03 09:57:49 [WARNING] Illegal FSM transition CLICK_SELECT → STOPPED — ignored
2026-07-03 09:57:49 [WARNING] Illegal FSM transition CLICK_SELECT → STOPPED — ignored
2026-07-03 09:57:49 [WARNING] Illegal FSM transition CLICK_SELECT → STOPPED — ignored
2026-07-03 09:57:50 [WARNING] Illegal FSM transition CLICK_SELECT → STOPPED — ignored
2026-07-03 09:57:50 [WARNING] Illegal FSM transition CLICK_SELECT → STOPPED — ignored
2026-07-03 09:57:50 [WARNING] Illegal FSM transition CLICK_SELECT → STOPPED — ignored
2026-07-03 09:57:50 [WARNING] Illegal FSM transition CLICK_SELECT → STOPPED — ignored
2026-07-03 09:57:50 [WARNING] Illegal FSM transition CLICK_SELECT → STOPPED — ignored
2026-07-03 09:57:51 [WARNING] Illegal FSM transition CLICK_SELECT → STOPPED — ignored
2026-07-03 09:57:51 [WARNING] Illegal FSM transition CLICK_SELECT → STOPPED — ignored
2026-07-03 09:57:51 [WARNING] Illegal FSM transition CLICK_SELECT → STOPPED — ignored
2026-07-03 09:57:51 [WARNING] Illegal FSM transition CLICK_SELECT → STOPPED — ignored
2026-07-03 09:57:51 [WARNING] Illegal FSM transition CLICK_SELECT → STOPPED — ignored
2026-07-03 09:57:52 [WARNING] Illegal FSM transition CLICK_SELECT → STOPPED — ignored
2026-07-03 09:57:52 [WARNING] Illegal FSM transition CLICK_SELECT → STOPPED — ignored
2026-07-03 09:57:52 [WARNING] Illegal FSM transition CLICK_SELECT → STOPPED — ignored
2026-07-03 09:57:52 [WARNING] Illegal FSM transition CLICK_SELECT → STOPPED — ignored
2026-07-03 09:57:52 [WARNING] Illegal FSM transition CLICK_SELECT → STOPPED — ignored
2026-07-03 09:57:53 [WARNING] Illegal FSM transition CLICK_SELECT → STOPPED — ignored
2026-07-03 09:57:53 [WARNING] Illegal FSM transition CLICK_SELECT → STOPPED — ignored
2026-07-03 09:57:53 [WARNING] Illegal FSM transition CLICK_SELECT → STOPPED — ignored
2026-07-03 09:57:53 [WARNING] Illegal FSM transition CLICK_SELECT → STOPPED — ignored
2026-07-03 09:57:53 [WARNING] Illegal FSM transition CLICK_SELECT → STOPPED — ignored
2026-07-03 09:57:54 [WARNING] Illegal FSM transition CLICK_SELECT → STOPPED — ignored
2026-07-03 09:57:54 [WARNING] Illegal FSM transition CLICK_SELECT → STOPPED — ignored
2026-07-03 09:57:54 [WARNING] Illegal FSM transition CLICK_SELECT → STOPPED — ignored
2026-07-03 09:57:54 [WARNING] Illegal FSM transition CLICK_SELECT → STOPPED — ignored
2026-07-03 09:57:54 [WARNING] Illegal FSM transition CLICK_SELECT → STOPPED — ignored
2026-07-03 09:57:55 [WARNING] Illegal FSM transition CLICK_SELECT → STOPPED — ignored
2026-07-03 09:57:55 [WARNING] Illegal FSM transition CLICK_SELECT → STOPPED — ignored
2026-07-03 09:57:55 [WARNING] Illegal FSM transition CLICK_SELECT → STOPPED — ignored
2026-07-03 09:57:55 [WARNING] Illegal FSM transition CLICK_SELECT → STOPPED — ignored
2026-07-03 09:57:55 [WARNING] Illegal FSM transition CLICK_SELECT → STOPPED — ignored
2026-07-03 09:57:56 [WARNING] Illegal FSM transition CLICK_SELECT → STOPPED — ignored
2026-07-03 09:57:56 [WARNING] Illegal FSM transition CLICK_SELECT → STOPPED — ignored
2026-07-03 09:57:56 [WARNING] Illegal FSM transition CLICK_SELECT → STOPPED — ignored
2026-07-03 09:57:56 [WARNING] Illegal FSM transition CLICK_SELECT → STOPPED — ignored
2026-07-03 09:57:56 [WARNING] Illegal FSM transition CLICK_SELECT → STOPPED — ignored
2026-07-03 09:57:57 [WARNING] Illegal FSM transition CLICK_SELECT → STOPPED — ignored
2026-07-03 09:57:57 [WARNING] Illegal FSM transition CLICK_SELECT → STOPPED — ignored
2026-07-03 09:57:57 [WARNING] Illegal FSM transition CLICK_SELECT → STOPPED — ignored
2026-07-03 09:57:57 [WARNING] Illegal FSM transition CLICK_SELECT → STOPPED — ignored
2026-07-03 09:57:57 [WARNING] Illegal FSM transition CLICK_SELECT → STOPPED — ignored
2026-07-03 09:57:58 [WARNING] Illegal FSM transition CLICK_SELECT → STOPPED — ignored
2026-07-03 09:57:58 [WARNING] Illegal FSM transition CLICK_SELECT → STOPPED — ignored
2026-07-03 09:57:58 [WARNING] Illegal FSM transition CLICK_SELECT → STOPPED — ignored
2026-07-03 09:57:58 [WARNING] Illegal FSM transition CLICK_SELECT → STOPPED — ignored
2026-07-03 09:57:58 [WARNING] Illegal FSM transition CLICK_SELECT → STOPPED — ignored
2026-07-03 09:57:59 [WARNING] Illegal FSM transition CLICK_SELECT → STOPPED — ignored
2026-07-03 09:57:59 [WARNING] Illegal FSM transition CLICK_SELECT → STOPPED — ignored
2026-07-03 09:57:59 [WARNING] Illegal FSM transition CLICK_SELECT → STOPPED — ignored
2026-07-03 09:57:59 [WARNING] Illegal FSM transition CLICK_SELECT → STOPPED — ignored
2026-07-03 09:57:59 [WARNING] Illegal FSM transition CLICK_SELECT → STOPPED — ignored
2026-07-03 09:58:00 [WARNING] Illegal FSM transition CLICK_SELECT → STOPPED — ignored
2026-07-03 09:58:00 [WARNING] Illegal FSM transition CLICK_SELECT → STOPPED — ignored
2026-07-03 09:58:00 [WARNING] Illegal FSM transition CLICK_SELECT → STOPPED — ignored
2026-07-03 09:58:00 [WARNING] Illegal FSM transition CLICK_SELECT → STOPPED — ignored
2026-07-03 09:58:00 [WARNING] Illegal FSM transition CLICK_SELECT → STOPPED — ignored
2026-07-03 09:58:01 [WARNING] Illegal FSM transition CLICK_SELECT → STOPPED — ignored
2026-07-03 09:58:01 [WARNING] Illegal FSM transition CLICK_SELECT → STOPPED — ignored
2026-07-03 09:58:01 [WARNING] Illegal FSM transition CLICK_SELECT → STOPPED — ignored
2026-07-03 09:58:01 [WARNING] Illegal FSM transition CLICK_SELECT → STOPPED — ignored
2026-07-03 09:58:01 [WARNING] Illegal FSM transition CLICK_SELECT → STOPPED — ignored
2026-07-03 09:58:02 [WARNING] Illegal FSM transition CLICK_SELECT → STOPPED — ignored
2026-07-03 09:58:02 [WARNING] Illegal FSM transition CLICK_SELECT → STOPPED — ignored
2026-07-03 09:58:02 [WARNING] Illegal FSM transition CLICK_SELECT → STOPPED — ignored
2026-07-03 09:58:02 [WARNING] Illegal FSM transition CLICK_SELECT → STOPPED — ignored
2026-07-03 09:58:02 [WARNING] Illegal FSM transition CLICK_SELECT → STOPPED — ignored
2026-07-03 09:58:03 [WARNING] Illegal FSM transition CLICK_SELECT → STOPPED — ignored
2026-07-03 09:58:03 [WARNING] Illegal FSM transition CLICK_SELECT → STOPPED — ignored
2026-07-03 09:58:03 [WARNING] Illegal FSM transition CLICK_SELECT → STOPPED — ignored
2026-07-03 09:58:03 [WARNING] Illegal FSM transition CLICK_SELECT → STOPPED — ignored
2026-07-03 09:58:03 [WARNING] Illegal FSM transition CLICK_SELECT → STOPPED — ignored
2026-07-03 09:58:04 [WARNING] Illegal FSM transition CLICK_SELECT → STOPPED — ignored
2026-07-03 09:58:04 [WARNING] Illegal FSM transition CLICK_SELECT → STOPPED — ignored
2026-07-03 09:58:04 [WARNING] Illegal FSM transition CLICK_SELECT → STOPPED — ignored
2026-07-03 09:58:04 [WARNING] Illegal FSM transition CLICK_SELECT → STOPPED — ignored
2026-07-03 09:58:04 [WARNING] Illegal FSM transition CLICK_SELECT → STOPPED — ignored
2026-07-03 09:58:05 [WARNING] Illegal FSM transition CLICK_SELECT → STOPPED — ignored
2026-07-03 09:58:05 [WARNING] Illegal FSM transition CLICK_SELECT → STOPPED — ignored
2026-07-03 09:58:05 [WARNING] Illegal FSM transition CLICK_SELECT → STOPPED — ignored
2026-07-03 09:58:05 [WARNING] Illegal FSM transition CLICK_SELECT → STOPPED — ignored
2026-07-03 09:58:05 [WARNING] Illegal FSM transition CLICK_SELECT → STOPPED — ignored
2026-07-03 09:58:06 [WARNING] Illegal FSM transition CLICK_SELECT → STOPPED — ignored
2026-07-03 09:58:06 [WARNING] Illegal FSM transition CLICK_SELECT → STOPPED — ignored
2026-07-03 09:58:06 [WARNING] Illegal FSM transition CLICK_SELECT → STOPPED — ignored
2026-07-03 09:58:06 [WARNING] Illegal FSM transition CLICK_SELECT → STOPPED — ignored
2026-07-03 09:58:06 [WARNING] Illegal FSM transition CLICK_SELECT → STOPPED — ignored
2026-07-03 09:58:07 [WARNING] Illegal FSM transition CLICK_SELECT → STOPPED — ignored
2026-07-03 09:58:07 [WARNING] Illegal FSM transition CLICK_SELECT → STOPPED — ignored
2026-07-03 09:58:07 [WARNING] Illegal FSM transition CLICK_SELECT → STOPPED — ignored
2026-07-03 09:58:07 [WARNING] Illegal FSM transition CLICK_SELECT → STOPPED — ignored
2026-07-03 09:58:07 [WARNING] Illegal FSM transition CLICK_SELECT → STOPPED — ignored
2026-07-03 09:58:08 [WARNING] Illegal FSM transition CLICK_SELECT → STOPPED — ignored
2026-07-03 09:58:08 [WARNING] Illegal FSM transition CLICK_SELECT → STOPPED — ignored
2026-07-03 09:58:08 [WARNING] Illegal FSM transition CLICK_SELECT → STOPPED — ignored
2026-07-03 09:58:08 [WARNING] Illegal FSM transition CLICK_SELECT → STOPPED — ignored
2026-07-03 09:58:08 [WARNING] Illegal FSM transition CLICK_SELECT → STOPPED — ignored
2026-07-03 09:58:09 [WARNING] Illegal FSM transition CLICK_SELECT → STOPPED — ignored
2026-07-03 09:58:09 [WARNING] Illegal FSM transition CLICK_SELECT → STOPPED — ignored
2026-07-03 09:58:09 [WARNING] Illegal FSM transition CLICK_SELECT → STOPPED — ignored
2026-07-03 09:58:09 [WARNING] Illegal FSM transition CLICK_SELECT → STOPPED — ignored
2026-07-03 09:58:09 [WARNING] Illegal FSM transition CLICK_SELECT → STOPPED — ignored
2026-07-03 09:58:10 [WARNING] Illegal FSM transition CLICK_SELECT → STOPPED — ignored
2026-07-03 09:58:10 [WARNING] Illegal FSM transition CLICK_SELECT → STOPPED — ignored
2026-07-03 09:58:10 [WARNING] Illegal FSM transition CLICK_SELECT → STOPPED — ignored
2026-07-03 09:58:10 [WARNING] Illegal FSM transition CLICK_SELECT → STOPPED — ignored
2026-07-03 09:58:10 [WARNING] Illegal FSM transition CLICK_SELECT → STOPPED — ignored
2026-07-03 09:58:11 [WARNING] Illegal FSM transition CLICK_SELECT → STOPPED — ignored
2026-07-03 09:58:11 [WARNING] Illegal FSM transition CLICK_SELECT → STOPPED — ignored
2026-07-03 09:58:11 [WARNING] Illegal FSM transition CLICK_SELECT → STOPPED — ignored
2026-07-03 09:58:11 [WARNING] Illegal FSM transition CLICK_SELECT → STOPPED — ignored
2026-07-03 09:58:11 [WARNING] Illegal FSM transition CLICK_SELECT → STOPPED — ignored
2026-07-03 09:58:12 [WARNING] Illegal FSM transition CLICK_SELECT → STOPPED — ignored
2026-07-03 09:58:12 [WARNING] Illegal FSM transition CLICK_SELECT → STOPPED — ignored
2026-07-03 09:58:12 [WARNING] Illegal FSM transition CLICK_SELECT → STOPPED — ignored
2026-07-03 09:58:12 [WARNING] Illegal FSM transition CLICK_SELECT → STOPPED — ignored
2026-07-03 09:58:12 [WARNING] Illegal FSM transition CLICK_SELECT → STOPPED — ignored
2026-07-03 09:58:13 [WARNING] Illegal FSM transition CLICK_SELECT → STOPPED — ignored
2026-07-03 09:58:13 [WARNING] Illegal FSM transition CLICK_SELECT → STOPPED — ignored
2026-07-03 09:58:13 [WARNING] Illegal FSM transition CLICK_SELECT → STOPPED — ignored
2026-07-03 09:58:13 [WARNING] Illegal FSM transition CLICK_SELECT → STOPPED — ignored
2026-07-03 09:58:13 [WARNING] Illegal FSM transition CLICK_SELECT → STOPPED — ignored
2026-07-03 09:58:14 [WARNING] Illegal FSM transition CLICK_SELECT → STOPPED — ignored
2026-07-03 09:58:14 [WARNING] Illegal FSM transition CLICK_SELECT → STOPPED — ignored
2026-07-03 09:58:14 [WARNING] Illegal FSM transition CLICK_SELECT → STOPPED — ignored
2026-07-03 09:58:14 [WARNING] Illegal FSM transition CLICK_SELECT → STOPPED — ignored
2026-07-03 09:58:14 [WARNING] Illegal FSM transition CLICK_SELECT → STOPPED — ignored
2026-07-03 09:58:15 [WARNING] Illegal FSM transition CLICK_SELECT → STOPPED — ignored
2026-07-03 09:58:15 [WARNING] Illegal FSM transition CLICK_SELECT → STOPPED — ignored
2026-07-03 09:58:15 [WARNING] Illegal FSM transition CLICK_SELECT → STOPPED — ignored
2026-07-03 09:58:15 [WARNING] Illegal FSM transition CLICK_SELECT → STOPPED — ignored
2026-07-03 09:58:15 [WARNING] Illegal FSM transition CLICK_SELECT → STOPPED — ignored
2026-07-03 09:58:16 [WARNING] Illegal FSM transition CLICK_SELECT → STOPPED — ignored
2026-07-03 09:58:16 [WARNING] Illegal FSM transition CLICK_SELECT → STOPPED — ignored
2026-07-03 09:58:16 [WARNING] Illegal FSM transition CLICK_SELECT → STOPPED — ignored
2026-07-03 09:58:16 [WARNING] Illegal FSM transition CLICK_SELECT → STOPPED — ignored
2026-07-03 09:58:16 [WARNING] Illegal FSM transition CLICK_SELECT → STOPPED — ignored
2026-07-03 09:58:17 [WARNING] Illegal FSM transition CLICK_SELECT → STOPPED — ignored
2026-07-03 09:58:17 [WARNING] Illegal FSM transition CLICK_SELECT → STOPPED — ignored
2026-07-03 09:58:17 [WARNING] Illegal FSM transition CLICK_SELECT → STOPPED — ignored
2026-07-03 09:58:17 [WARNING] Illegal FSM transition CLICK_SELECT → STOPPED — ignored
2026-07-03 09:58:17 [WARNING] Illegal FSM transition CLICK_SELECT → STOPPED — ignored
2026-07-03 09:58:18 [WARNING] Illegal FSM transition CLICK_SELECT → STOPPED — ignored
2026-07-03 09:58:18 [WARNING] Illegal FSM transition CLICK_SELECT → STOPPED — ignored
2026-07-03 09:58:18 [WARNING] Illegal FSM transition CLICK_SELECT → STOPPED — ignored
2026-07-03 09:58:18 [WARNING] Illegal FSM transition CLICK_SELECT → STOPPED — ignored
2026-07-03 09:58:18 [WARNING] Illegal FSM transition CLICK_SELECT → STOPPED — ignored
2026-07-03 09:58:19 [WARNING] Illegal FSM transition CLICK_SELECT → STOPPED — ignored
2026-07-03 09:58:19 [WARNING] Illegal FSM transition CLICK_SELECT → STOPPED — ignored
2026-07-03 09:58:19 [WARNING] Illegal FSM transition CLICK_SELECT → STOPPED — ignored
2026-07-03 09:58:19 [WARNING] Illegal FSM transition CLICK_SELECT → STOPPED — ignored
2026-07-03 09:58:19 [WARNING] Illegal FSM transition CLICK_SELECT → STOPPED — ignored
2026-07-03 09:58:20 [WARNING] Illegal FSM transition CLICK_SELECT → STOPPED — ignored
2026-07-03 09:58:20 [WARNING] Illegal FSM transition CLICK_SELECT → STOPPED — ignored
2026-07-03 09:58:20 [WARNING] Illegal FSM transition CLICK_SELECT → STOPPED — ignored
2026-07-03 09:58:20 [WARNING] Illegal FSM transition CLICK_SELECT → STOPPED — ignored
2026-07-03 09:58:20 [WARNING] Illegal FSM transition CLICK_SELECT → STOPPED — ignored
2026-07-03 09:58:21 [WARNING] Illegal FSM transition CLICK_SELECT → STOPPED — ignored
2026-07-03 09:58:21 [WARNING] Illegal FSM transition CLICK_SELECT → STOPPED — ignored
2026-07-03 09:58:21 [WARNING] Illegal FSM transition CLICK_SELECT → STOPPED — ignored
2026-07-03 09:58:21 [WARNING] Illegal FSM transition CLICK_SELECT → STOPPED — ignored
2026-07-03 09:58:21 [WARNING] Illegal FSM transition CLICK_SELECT → STOPPED — ignored
2026-07-03 09:58:22 [WARNING] Illegal FSM transition CLICK_SELECT → STOPPED — ignored
2026-07-03 09:58:22 [WARNING] Illegal FSM transition CLICK_SELECT → STOPPED — ignored
2026-07-03 09:58:22 [WARNING] Illegal FSM transition CLICK_SELECT → STOPPED — ignored
2026-07-03 09:58:22 [WARNING] Illegal FSM transition CLICK_SELECT → STOPPED — ignored
2026-07-03 09:58:22 [WARNING] Illegal FSM transition CLICK_SELECT → STOPPED — ignored
2026-07-03 09:58:23 [WARNING] Illegal FSM transition CLICK_SELECT → STOPPED — ignored
2026-07-03 09:58:23 [WARNING] Illegal FSM transition CLICK_SELECT → STOPPED — ignored
2026-07-03 09:58:23 [WARNING] Illegal FSM transition CLICK_SELECT → STOPPED — ignored
2026-07-03 09:58:23 [WARNING] Illegal FSM transition CLICK_SELECT → STOPPED — ignored
2026-07-03 09:58:23 [WARNING] Illegal FSM transition CLICK_SELECT → STOPPED — ignored
2026-07-03 09:58:24 [WARNING] Illegal FSM transition CLICK_SELECT → STOPPED — ignored
2026-07-03 09:58:24 [WARNING] Illegal FSM transition CLICK_SELECT → STOPPED — ignored
2026-07-03 09:58:24 [WARNING] Illegal FSM transition CLICK_SELECT → STOPPED — ignored
2026-07-03 09:58:24 [WARNING] Illegal FSM transition CLICK_SELECT → STOPPED — ignored
2026-07-03 09:58:24 [WARNING] Illegal FSM transition CLICK_SELECT → STOPPED — ignored
2026-07-03 09:58:25 [WARNING] Illegal FSM transition CLICK_SELECT → STOPPED — ignored
2026-07-03 09:58:25 [WARNING] Illegal FSM transition CLICK_SELECT → STOPPED — ignored
2026-07-03 09:58:25 [WARNING] Illegal FSM transition CLICK_SELECT → STOPPED — ignored
2026-07-03 09:58:25 [WARNING] Illegal FSM transition CLICK_SELECT → STOPPED — ignored
2026-07-03 09:58:25 [WARNING] Illegal FSM transition CLICK_SELECT → STOPPED — ignored
2026-07-03 09:58:26 [WARNING] Illegal FSM transition CLICK_SELECT → STOPPED — ignored
2026-07-03 09:58:26 [WARNING] Illegal FSM transition CLICK_SELECT → STOPPED — ignored
2026-07-03 09:58:26 [WARNING] Illegal FSM transition CLICK_SELECT → STOPPED — ignored
2026-07-03 09:58:26 [WARNING] Illegal FSM transition CLICK_SELECT → STOPPED — ignored
2026-07-03 09:58:26 [WARNING] Illegal FSM transition CLICK_SELECT → STOPPED — ignored
2026-07-03 09:58:27 [WARNING] Illegal FSM transition CLICK_SELECT → STOPPED — ignored
2026-07-03 09:58:27 [WARNING] Illegal FSM transition CLICK_SELECT → STOPPED — ignored
2026-07-03 09:58:27 [WARNING] Illegal FSM transition CLICK_SELECT → STOPPED — ignored
2026-07-03 09:58:27 [WARNING] Illegal FSM transition CLICK_SELECT → STOPPED — ignored
2026-07-03 09:58:27 [WARNING] Illegal FSM transition CLICK_SELECT → STOPPED — ignored
2026-07-03 09:58:28 [WARNING] Illegal FSM transition CLICK_SELECT → STOPPED — ignored
2026-07-03 09:58:28 [WARNING] Illegal FSM transition CLICK_SELECT → STOPPED — ignored
2026-07-03 09:58:28 [WARNING] Illegal FSM transition CLICK_SELECT → STOPPED — ignored
2026-07-03 09:58:28 [WARNING] Illegal FSM transition CLICK_SELECT → STOPPED — ignored
2026-07-03 09:58:28 [WARNING] Illegal FSM transition CLICK_SELECT → STOPPED — ignored
2026-07-03 09:58:29 [WARNING] Illegal FSM transition CLICK_SELECT → STOPPED — ignored
2026-07-03 09:58:29 [WARNING] Illegal FSM transition CLICK_SELECT → STOPPED — ignored
2026-07-03 09:58:29 [WARNING] Illegal FSM transition CLICK_SELECT → STOPPED — ignored
2026-07-03 09:58:29 [WARNING] Illegal FSM transition CLICK_SELECT → STOPPED — ignored
2026-07-03 09:58:29 [WARNING] Illegal FSM transition CLICK_SELECT → STOPPED — ignored
2026-07-03 09:58:30 [WARNING] Illegal FSM transition CLICK_SELECT → STOPPED — ignored
2026-07-03 09:58:30 [WARNING] Illegal FSM transition CLICK_SELECT → STOPPED — ignored
2026-07-03 09:58:30 [WARNING] Illegal FSM transition CLICK_SELECT → STOPPED — ignored
2026-07-03 09:58:30 [WARNING] Illegal FSM transition CLICK_SELECT → STOPPED — ignored
2026-07-03 09:58:30 [WARNING] Illegal FSM transition CLICK_SELECT → STOPPED — ignored
2026-07-03 09:58:31 [WARNING] Illegal FSM transition CLICK_SELECT → STOPPED — ignored
2026-07-03 09:58:31 [WARNING] Illegal FSM transition CLICK_SELECT → STOPPED — ignored
2026-07-03 09:58:31 [WARNING] Illegal FSM transition CLICK_SELECT → STOPPED — ignored
2026-07-03 09:58:31 [WARNING] Illegal FSM transition CLICK_SELECT → STOPPED — ignored
2026-07-03 09:58:31 [WARNING] Illegal FSM transition CLICK_SELECT → STOPPED — ignored
2026-07-03 09:58:32 [WARNING] Illegal FSM transition CLICK_SELECT → STOPPED — ignored
2026-07-03 09:58:32 [WARNING] Illegal FSM transition CLICK_SELECT → STOPPED — ignored
2026-07-03 09:58:32 [WARNING] Illegal FSM transition CLICK_SELECT → STOPPED — ignored
2026-07-03 09:58:32 [WARNING] Illegal FSM transition CLICK_SELECT → STOPPED — ignored
2026-07-03 09:58:32 [WARNING] Illegal FSM transition CLICK_SELECT → STOPPED — ignored
2026-07-03 09:58:33 [WARNING] Illegal FSM transition CLICK_SELECT → STOPPED — ignored
2026-07-03 09:58:33 [WARNING] Illegal FSM transition CLICK_SELECT → STOPPED — ignored
2026-07-03 09:58:33 [WARNING] Illegal FSM transition CLICK_SELECT → STOPPED — ignored
2026-07-03 09:58:33 [WARNING] Illegal FSM transition CLICK_SELECT → STOPPED — ignored
2026-07-03 09:58:33 [WARNING] Illegal FSM transition CLICK_SELECT → STOPPED — ignored
2026-07-03 09:58:34 [WARNING] Illegal FSM transition CLICK_SELECT → STOPPED — ignored
2026-07-03 09:58:34 [WARNING] Illegal FSM transition CLICK_SELECT → STOPPED — ignored
2026-07-03 09:58:34 [WARNING] Illegal FSM transition CLICK_SELECT → STOPPED — ignored
2026-07-03 09:58:34 [WARNING] Illegal FSM transition CLICK_SELECT → STOPPED — ignored
2026-07-03 09:58:34 [WARNING] Illegal FSM transition CLICK_SELECT → STOPPED — ignored
2026-07-03 09:58:35 [WARNING] Illegal FSM transition CLICK_SELECT → STOPPED — ignored
2026-07-03 09:58:35 [WARNING] Illegal FSM transition CLICK_SELECT → STOPPED — ignored
2026-07-03 09:58:35 [WARNING] Illegal FSM transition CLICK_SELECT → STOPPED — ignored
2026-07-03 09:58:35 [WARNING] Illegal FSM transition CLICK_SELECT → STOPPED — ignored
2026-07-03 09:58:35 [WARNING] Illegal FSM transition CLICK_SELECT → STOPPED — ignored
2026-07-03 09:58:36 [WARNING] Illegal FSM transition CLICK_SELECT → STOPPED — ignored
2026-07-03 09:58:36 [WARNING] Illegal FSM transition CLICK_SELECT → STOPPED — ignored
2026-07-03 09:58:36 [WARNING] Illegal FSM transition CLICK_SELECT → STOPPED — ignored
2026-07-03 09:58:36 [WARNING] Illegal FSM transition CLICK_SELECT → STOPPED — ignored
2026-07-03 09:58:36 [WARNING] Illegal FSM transition CLICK_SELECT → STOPPED — ignored
2026-07-03 09:58:37 [WARNING] Illegal FSM transition CLICK_SELECT → STOPPED — ignored
2026-07-03 09:58:37 [WARNING] Illegal FSM transition CLICK_SELECT → STOPPED — ignored
2026-07-03 09:58:37 [WARNING] Illegal FSM transition CLICK_SELECT → STOPPED — ignored
2026-07-03 09:58:37 [WARNING] Illegal FSM transition CLICK_SELECT → STOPPED — ignored
2026-07-03 09:58:37 [WARNING] Illegal FSM transition CLICK_SELECT → STOPPED — ignored
2026-07-03 09:58:38 [WARNING] Illegal FSM transition CLICK_SELECT → STOPPED — ignored
2026-07-03 09:58:38 [WARNING] Illegal FSM transition CLICK_SELECT → STOPPED — ignored
2026-07-03 09:58:38 [WARNING] Illegal FSM transition CLICK_SELECT → STOPPED — ignored
2026-07-03 09:58:38 [WARNING] Illegal FSM transition CLICK_SELECT → STOPPED — ignored
2026-07-03 09:58:38 [WARNING] Illegal FSM transition CLICK_SELECT → STOPPED — ignored
2026-07-03 09:58:39 [WARNING] Illegal FSM transition CLICK_SELECT → STOPPED — ignored
2026-07-03 09:58:39 [WARNING] Illegal FSM transition CLICK_SELECT → STOPPED — ignored
2026-07-03 09:58:39 [WARNING] Illegal FSM transition CLICK_SELECT → STOPPED — ignored
2026-07-03 09:58:39 [WARNING] Illegal FSM transition CLICK_SELECT → STOPPED — ignored
2026-07-03 09:58:39 [WARNING] Illegal FSM transition CLICK_SELECT → STOPPED — ignored
2026-07-03 09:58:40 [WARNING] Illegal FSM transition CLICK_SELECT → STOPPED — ignored
2026-07-03 09:58:40 [WARNING] Illegal FSM transition CLICK_SELECT → STOPPED — ignored
2026-07-03 09:58:40 [WARNING] Illegal FSM transition CLICK_SELECT → STOPPED — ignored
2026-07-03 09:58:40 [WARNING] Illegal FSM transition CLICK_SELECT → STOPPED — ignored
2026-07-03 09:58:40 [WARNING] Illegal FSM transition CLICK_SELECT → STOPPED — ignored
2026-07-03 09:58:41 [WARNING] Illegal FSM transition CLICK_SELECT → STOPPED — ignored
2026-07-03 09:58:41 [WARNING] Illegal FSM transition CLICK_SELECT → STOPPED — ignored
2026-07-03 09:58:41 [WARNING] Illegal FSM transition CLICK_SELECT → STOPPED — ignored
2026-07-03 09:58:41 [WARNING] Illegal FSM transition CLICK_SELECT → STOPPED — ignored
2026-07-03 09:58:41 [WARNING] Illegal FSM transition CLICK_SELECT → STOPPED — ignored
2026-07-03 09:58:42 [WARNING] Illegal FSM transition CLICK_SELECT → STOPPED — ignored
2026-07-03 09:58:42 [WARNING] Illegal FSM transition CLICK_SELECT → STOPPED — ignored
2026-07-03 09:58:42 [WARNING] Illegal FSM transition CLICK_SELECT → STOPPED — ignored
2026-07-03 09:58:42 [WARNING] Illegal FSM transition CLICK_SELECT → STOPPED — ignored
2026-07-03 09:58:42 [WARNING] Illegal FSM transition CLICK_SELECT → STOPPED — ignored
2026-07-03 09:58:43 [WARNING] Illegal FSM transition CLICK_SELECT → STOPPED — ignored
2026-07-03 09:58:43 [WARNING] Illegal FSM transition CLICK_SELECT → STOPPED — ignored
2026-07-03 09:58:43 [WARNING] Illegal FSM transition CLICK_SELECT → STOPPED — ignored
2026-07-03 09:58:43 [WARNING] Illegal FSM transition CLICK_SELECT → STOPPED — ignored
2026-07-03 09:58:43 [WARNING] Illegal FSM transition CLICK_SELECT → STOPPED — ignored
2026-07-03 09:58:44 [WARNING] Illegal FSM transition CLICK_SELECT → STOPPED — ignored
2026-07-03 09:58:44 [WARNING] Illegal FSM transition CLICK_SELECT → STOPPED — ignored
2026-07-03 09:58:44 [WARNING] Illegal FSM transition CLICK_SELECT → STOPPED — ignored
2026-07-03 09:58:44 [WARNING] Illegal FSM transition CLICK_SELECT → STOPPED — ignored
2026-07-03 09:58:44 [WARNING] Illegal FSM transition CLICK_SELECT → STOPPED — ignored
2026-07-03 09:58:45 [WARNING] Illegal FSM transition CLICK_SELECT → STOPPED — ignored
2026-07-03 09:58:45 [WARNING] Illegal FSM transition CLICK_SELECT → STOPPED — ignored
2026-07-03 09:58:45 [WARNING] Illegal FSM transition CLICK_SELECT → STOPPED — ignored
2026-07-03 09:58:45 [WARNING] Illegal FSM transition CLICK_SELECT → STOPPED — ignored
2026-07-03 09:58:45 [WARNING] Illegal FSM transition CLICK_SELECT → STOPPED — ignored
2026-07-03 09:58:46 [WARNING] Illegal FSM transition CLICK_SELECT → STOPPED — ignored
2026-07-03 09:58:46 [WARNING] Illegal FSM transition CLICK_SELECT → STOPPED — ignored
2026-07-03 09:58:46 [WARNING] Illegal FSM transition CLICK_SELECT → STOPPED — ignored
2026-07-03 09:58:46 [WARNING] Illegal FSM transition CLICK_SELECT → STOPPED — ignored
2026-07-03 09:58:46 [WARNING] Illegal FSM transition CLICK_SELECT → STOPPED — ignored
2026-07-03 09:58:47 [WARNING] Illegal FSM transition CLICK_SELECT → STOPPED — ignored
2026-07-03 09:58:47 [WARNING] Illegal FSM transition CLICK_SELECT → STOPPED — ignored
2026-07-03 09:58:47 [WARNING] Illegal FSM transition CLICK_SELECT → STOPPED — ignored
2026-07-03 09:58:47 [WARNING] Illegal FSM transition CLICK_SELECT → STOPPED — ignored
2026-07-03 09:58:47 [WARNING] Illegal FSM transition CLICK_SELECT → STOPPED — ignored
2026-07-03 09:58:48 [WARNING] Illegal FSM transition CLICK_SELECT → STOPPED — ignored
2026-07-03 09:58:48 [WARNING] Illegal FSM transition CLICK_SELECT → STOPPED — ignored
2026-07-03 09:58:48 [WARNING] Illegal FSM transition CLICK_SELECT → STOPPED — ignored
2026-07-03 09:58:48 [WARNING] Illegal FSM transition CLICK_SELECT → STOPPED — ignored
2026-07-03 09:58:48 [WARNING] Illegal FSM transition CLICK_SELECT → STOPPED — ignored
2026-07-03 09:58:49 [WARNING] Illegal FSM transition CLICK_SELECT → STOPPED — ignored
2026-07-03 09:58:49 [WARNING] Illegal FSM transition CLICK_SELECT → STOPPED — ignored
2026-07-03 09:58:49 [WARNING] Illegal FSM transition CLICK_SELECT → STOPPED — ignored
2026-07-03 09:58:49 [WARNING] Illegal FSM transition CLICK_SELECT → STOPPED — ignored
2026-07-03 09:58:49 [WARNING] Illegal FSM transition CLICK_SELECT → STOPPED — ignored
2026-07-03 09:58:50 [WARNING] Illegal FSM transition CLICK_SELECT → STOPPED — ignored
2026-07-03 09:58:50 [WARNING] Illegal FSM transition CLICK_SELECT → STOPPED — ignored
2026-07-03 09:58:50 [WARNING] Illegal FSM transition CLICK_SELECT → STOPPED — ignored
2026-07-03 09:58:50 [WARNING] Illegal FSM transition CLICK_SELECT → STOPPED — ignored
2026-07-03 09:58:50 [WARNING] Illegal FSM transition CLICK_SELECT → STOPPED — ignored
2026-07-03 09:58:51 [WARNING] Illegal FSM transition CLICK_SELECT → STOPPED — ignored
2026-07-03 09:58:51 [WARNING] Illegal FSM transition CLICK_SELECT → STOPPED — ignored
2026-07-03 09:58:51 [WARNING] Illegal FSM transition CLICK_SELECT → STOPPED — ignored
2026-07-03 09:58:51 [WARNING] Illegal FSM transition CLICK_SELECT → STOPPED — ignored
2026-07-03 09:58:51 [WARNING] Illegal FSM transition CLICK_SELECT → STOPPED — ignored
2026-07-03 09:58:52 [WARNING] Illegal FSM transition CLICK_SELECT → STOPPED — ignored
2026-07-03 09:58:52 [WARNING] Illegal FSM transition CLICK_SELECT → STOPPED — ignored
2026-07-03 09:58:52 [WARNING] Illegal FSM transition CLICK_SELECT → STOPPED — ignored
2026-07-03 09:58:52 [WARNING] Illegal FSM transition CLICK_SELECT → STOPPED — ignored
2026-07-03 09:58:52 [WARNING] Illegal FSM transition CLICK_SELECT → STOPPED — ignored
2026-07-03 09:58:53 [WARNING] Illegal FSM transition CLICK_SELECT → STOPPED — ignored
2026-07-03 09:58:53 [WARNING] Illegal FSM transition CLICK_SELECT → STOPPED — ignored
2026-07-03 09:58:53 [WARNING] Illegal FSM transition CLICK_SELECT → STOPPED — ignored
2026-07-03 09:58:53 [WARNING] Illegal FSM transition CLICK_SELECT → STOPPED — ignored
2026-07-03 09:58:53 [WARNING] Illegal FSM transition CLICK_SELECT → STOPPED — ignored
2026-07-03 09:58:54 [WARNING] Illegal FSM transition CLICK_SELECT → STOPPED — ignored
2026-07-03 09:58:54 [WARNING] Illegal FSM transition CLICK_SELECT → STOPPED — ignored
2026-07-03 09:58:54 [WARNING] Illegal FSM transition CLICK_SELECT → STOPPED — ignored
2026-07-03 09:58:54 [WARNING] Illegal FSM transition CLICK_SELECT → STOPPED — ignored
2026-07-03 09:58:54 [WARNING] Illegal FSM transition CLICK_SELECT → STOPPED — ignored
2026-07-03 09:58:55 [WARNING] Illegal FSM transition CLICK_SELECT → STOPPED — ignored
2026-07-03 09:58:55 [WARNING] Illegal FSM transition CLICK_SELECT → STOPPED — ignored
2026-07-03 09:58:55 [WARNING] Illegal FSM transition CLICK_SELECT → STOPPED — ignored
2026-07-03 09:58:55 [WARNING] Illegal FSM transition CLICK_SELECT → STOPPED — ignored
2026-07-03 09:58:55 [WARNING] Illegal FSM transition CLICK_SELECT → STOPPED — ignored
2026-07-03 09:58:56 [WARNING] Illegal FSM transition CLICK_SELECT → STOPPED — ignored
2026-07-03 09:58:56 [WARNING] Illegal FSM transition CLICK_SELECT → STOPPED — ignored
2026-07-03 09:58:56 [WARNING] Illegal FSM transition CLICK_SELECT → STOPPED — ignored
2026-07-03 09:58:56 [WARNING] Illegal FSM transition CLICK_SELECT → STOPPED — ignored
2026-07-03 09:58:56 [WARNING] Illegal FSM transition CLICK_SELECT → STOPPED — ignored
2026-07-03 09:58:57 [WARNING] Illegal FSM transition CLICK_SELECT → STOPPED — ignored
2026-07-03 09:58:57 [WARNING] Illegal FSM transition CLICK_SELECT → STOPPED — ignored
2026-07-03 09:58:57 [WARNING] Illegal FSM transition CLICK_SELECT → STOPPED — ignored
2026-07-03 09:58:57 [WARNING] Illegal FSM transition CLICK_SELECT → STOPPED — ignored
2026-07-03 09:58:57 [WARNING] Illegal FSM transition CLICK_SELECT → STOPPED — ignored
2026-07-03 09:58:58 [WARNING] Illegal FSM transition CLICK_SELECT → STOPPED — ignored
2026-07-03 09:58:58 [WARNING] Illegal FSM transition CLICK_SELECT → STOPPED — ignored
2026-07-03 09:58:58 [WARNING] Illegal FSM transition CLICK_SELECT → STOPPED — ignored
2026-07-03 09:58:58 [WARNING] Illegal FSM transition CLICK_SELECT → STOPPED — ignored
2026-07-03 09:58:58 [WARNING] Illegal FSM transition CLICK_SELECT → STOPPED — ignored
2026-07-03 09:58:59 [WARNING] Illegal FSM transition CLICK_SELECT → STOPPED — ignored
2026-07-03 09:58:59 [WARNING] Illegal FSM transition CLICK_SELECT → STOPPED — ignored
2026-07-03 09:58:59 [WARNING] Illegal FSM transition CLICK_SELECT → STOPPED — ignored
2026-07-03 09:58:59 [WARNING] Illegal FSM transition CLICK_SELECT → STOPPED — ignored
2026-07-03 09:58:59 [WARNING] Illegal FSM transition CLICK_SELECT → STOPPED — ignored
2026-07-03 09:59:00 [WARNING] Illegal FSM transition CLICK_SELECT → STOPPED — ignored
2026-07-03 09:59:00 [WARNING] Illegal FSM transition CLICK_SELECT → STOPPED — ignored
2026-07-03 09:59:00 [WARNING] Illegal FSM transition CLICK_SELECT → STOPPED — ignored
2026-07-03 09:59:00 [WARNING] Illegal FSM transition CLICK_SELECT → STOPPED — ignored
2026-07-03 09:59:00 [WARNING] Illegal FSM transition CLICK_SELECT → STOPPED — ignored
2026-07-03 09:59:01 [WARNING] Illegal FSM transition CLICK_SELECT → STOPPED — ignored
2026-07-03 09:59:01 [WARNING] Illegal FSM transition CLICK_SELECT → STOPPED — ignored
2026-07-03 09:59:01 [WARNING] Illegal FSM transition CLICK_SELECT → STOPPED — ignored
2026-07-03 09:59:01 [WARNING] Illegal FSM transition CLICK_SELECT → STOPPED — ignored
2026-07-03 09:59:02 [WARNING] Illegal FSM transition CLICK_SELECT → STOPPED — ignored
2026-07-03 09:59:02 [WARNING] Illegal FSM transition CLICK_SELECT → STOPPED — ignored
2026-07-03 09:59:02 [WARNING] Illegal FSM transition CLICK_SELECT → STOPPED — ignored
2026-07-03 09:59:02 [WARNING] Illegal FSM transition CLICK_SELECT → STOPPED — ignored
2026-07-03 09:59:02 [WARNING] Illegal FSM transition CLICK_SELECT → STOPPED — ignored
2026-07-03 09:59:03 [WARNING] Illegal FSM transition CLICK_SELECT → STOPPED — ignored
2026-07-03 09:59:03 [WARNING] Illegal FSM transition CLICK_SELECT → STOPPED — ignored
2026-07-03 09:59:03 [WARNING] Illegal FSM transition CLICK_SELECT → STOPPED — ignored
2026-07-03 09:59:03 [WARNING] Illegal FSM transition CLICK_SELECT → STOPPED — ignored
2026-07-03 09:59:03 [WARNING] Illegal FSM transition CLICK_SELECT → STOPPED — ignored
2026-07-03 09:59:04 [WARNING] Illegal FSM transition CLICK_SELECT → STOPPED — ignored
2026-07-03 09:59:04 [WARNING] Illegal FSM transition CLICK_SELECT → STOPPED — ignored
2026-07-03 09:59:04 [WARNING] Illegal FSM transition CLICK_SELECT → STOPPED — ignored
2026-07-03 09:59:04 [WARNING] Illegal FSM transition CLICK_SELECT → STOPPED — ignored
2026-07-03 09:59:04 [WARNING] Illegal FSM transition CLICK_SELECT → STOPPED — ignored
2026-07-03 09:59:05 [WARNING] Illegal FSM transition CLICK_SELECT → STOPPED — ignored
2026-07-03 09:59:05 [WARNING] Illegal FSM transition CLICK_SELECT → STOPPED — ignored
2026-07-03 09:59:05 [WARNING] Illegal FSM transition CLICK_SELECT → STOPPED — ignored
2026-07-03 09:59:05 [WARNING] Illegal FSM transition CLICK_SELECT → STOPPED — ignored
2026-07-03 09:59:05 [WARNING] Illegal FSM transition CLICK_SELECT → STOPPED — ignored
2026-07-03 09:59:06 [WARNING] Illegal FSM transition CLICK_SELECT → STOPPED — ignored
2026-07-03 09:59:06 [WARNING] Illegal FSM transition CLICK_SELECT → STOPPED — ignored
2026-07-03 09:59:06 [WARNING] Illegal FSM transition CLICK_SELECT → STOPPED — ignored
2026-07-03 09:59:06 [WARNING] Illegal FSM transition CLICK_SELECT → STOPPED — ignored
2026-07-03 09:59:06 [WARNING] Illegal FSM transition CLICK_SELECT → STOPPED — ignored
2026-07-03 09:59:07 [WARNING] Illegal FSM transition CLICK_SELECT → STOPPED — ignored
2026-07-03 09:59:07 [WARNING] Illegal FSM transition CLICK_SELECT → STOPPED — ignored
2026-07-03 09:59:07 [WARNING] Illegal FSM transition CLICK_SELECT → STOPPED — ignored
2026-07-03 09:59:07 [WARNING] Illegal FSM transition CLICK_SELECT → STOPPED — ignored
2026-07-03 09:59:07 [WARNING] Illegal FSM transition CLICK_SELECT → STOPPED — ignored
2026-07-03 09:59:08 [WARNING] Illegal FSM transition CLICK_SELECT → STOPPED — ignored
2026-07-03 09:59:08 [WARNING] Illegal FSM transition CLICK_SELECT → STOPPED — ignored
2026-07-03 09:59:08 [WARNING] Illegal FSM transition CLICK_SELECT → STOPPED — ignored
2026-07-03 09:59:08 [WARNING] Illegal FSM transition CLICK_SELECT → STOPPED — ignored
2026-07-03 09:59:08 [WARNING] Illegal FSM transition CLICK_SELECT → STOPPED — ignored
2026-07-03 09:59:09 [WARNING] Illegal FSM transition CLICK_SELECT → STOPPED — ignored
2026-07-03 09:59:09 [WARNING] Illegal FSM transition CLICK_SELECT → STOPPED — ignored
2026-07-03 09:59:09 [WARNING] Illegal FSM transition CLICK_SELECT → STOPPED — ignored
2026-07-03 09:59:09 [WARNING] Illegal FSM transition CLICK_SELECT → STOPPED — ignored
2026-07-03 09:59:09 [WARNING] Illegal FSM transition CLICK_SELECT → STOPPED — ignored
2026-07-03 09:59:10 [WARNING] Illegal FSM transition CLICK_SELECT → STOPPED — ignored
2026-07-03 09:59:10 [WARNING] Illegal FSM transition CLICK_SELECT → STOPPED — ignored
2026-07-03 09:59:10 [WARNING] Illegal FSM transition CLICK_SELECT → STOPPED — ignored
2026-07-03 09:59:10 [WARNING] Illegal FSM transition CLICK_SELECT → STOPPED — ignored
2026-07-03 09:59:10 [WARNING] Illegal FSM transition CLICK_SELECT → STOPPED — ignored
2026-07-03 09:59:11 [WARNING] Illegal FSM transition CLICK_SELECT → STOPPED — ignored
2026-07-03 09:59:11 [WARNING] Illegal FSM transition CLICK_SELECT → STOPPED — ignored
2026-07-03 09:59:11 [WARNING] Illegal FSM transition CLICK_SELECT → STOPPED — ignored
2026-07-03 09:59:11 [WARNING] Illegal FSM transition CLICK_SELECT → STOPPED — ignored
2026-07-03 09:59:11 [WARNING] Illegal FSM transition CLICK_SELECT → STOPPED — ignored
2026-07-03 09:59:12 [WARNING] Illegal FSM transition CLICK_SELECT → STOPPED — ignored
2026-07-03 09:59:12 [WARNING] Illegal FSM transition CLICK_SELECT → STOPPED — ignored
2026-07-03 09:59:12 [WARNING] Illegal FSM transition CLICK_SELECT → STOPPED — ignored
2026-07-03 09:59:12 [WARNING] Illegal FSM transition CLICK_SELECT → STOPPED — ignored
2026-07-03 09:59:12 [WARNING] Illegal FSM transition CLICK_SELECT → STOPPED — ignored
2026-07-03 09:59:13 [WARNING] Illegal FSM transition CLICK_SELECT → STOPPED — ignored
2026-07-03 09:59:13 [WARNING] Illegal FSM transition CLICK_SELECT → STOPPED — ignored
2026-07-03 09:59:13 [WARNING] Illegal FSM transition CLICK_SELECT → STOPPED — ignored
2026-07-03 09:59:13 [WARNING] Illegal FSM transition CLICK_SELECT → STOPPED — ignored
2026-07-03 09:59:13 [WARNING] Illegal FSM transition CLICK_SELECT → STOPPED — ignored
2026-07-03 09:59:14 [WARNING] Illegal FSM transition CLICK_SELECT → STOPPED — ignored
2026-07-03 09:59:14 [WARNING] Illegal FSM transition CLICK_SELECT → STOPPED — ignored
2026-07-03 09:59:14 [WARNING] Illegal FSM transition CLICK_SELECT → STOPPED — ignored
2026-07-03 09:59:14 [WARNING] Illegal FSM transition CLICK_SELECT → STOPPED — ignored
2026-07-03 09:59:14 [WARNING] Illegal FSM transition CLICK_SELECT → STOPPED — ignored
2026-07-03 09:59:15 [WARNING] Illegal FSM transition CLICK_SELECT → STOPPED — ignored
2026-07-03 09:59:15 [WARNING] Illegal FSM transition CLICK_SELECT → STOPPED — ignored
2026-07-03 09:59:15 [WARNING] Illegal FSM transition CLICK_SELECT → STOPPED — ignored
2026-07-03 09:59:15 [WARNING] Illegal FSM transition CLICK_SELECT → STOPPED — ignored
2026-07-03 09:59:15 [WARNING] Illegal FSM transition CLICK_SELECT → STOPPED — ignored
2026-07-03 09:59:16 [WARNING] Illegal FSM transition CLICK_SELECT → STOPPED — ignored
2026-07-03 09:59:16 [WARNING] Illegal FSM transition CLICK_SELECT → STOPPED — ignored
2026-07-03 09:59:16 [WARNING] Illegal FSM transition CLICK_SELECT → STOPPED — ignored
2026-07-03 09:59:16 [WARNING] Illegal FSM transition CLICK_SELECT → STOPPED — ignored
2026-07-03 09:59:16 [WARNING] Illegal FSM transition CLICK_SELECT → STOPPED — ignored
2026-07-03 09:59:17 [WARNING] Illegal FSM transition CLICK_SELECT → STOPPED — ignored
2026-07-03 09:59:17 [WARNING] Illegal FSM transition CLICK_SELECT → STOPPED — ignored
2026-07-03 09:59:17 [WARNING] Illegal FSM transition CLICK_SELECT → STOPPED — ignored
2026-07-03 09:59:17 [WARNING] Illegal FSM transition CLICK_SELECT → STOPPED — ignored
2026-07-03 09:59:17 [WARNING] Illegal FSM transition CLICK_SELECT → STOPPED — ignored
2026-07-03 09:59:18 [WARNING] Illegal FSM transition CLICK_SELECT → STOPPED — ignored
2026-07-03 09:59:18 [WARNING] Illegal FSM transition CLICK_SELECT → STOPPED — ignored
2026-07-03 09:59:18 [WARNING] Illegal FSM transition CLICK_SELECT → STOPPED — ignored
2026-07-03 09:59:18 [WARNING] Illegal FSM transition CLICK_SELECT → STOPPED — ignored
2026-07-03 09:59:18 [WARNING] Illegal FSM transition CLICK_SELECT → STOPPED — ignored
2026-07-03 09:59:19 [WARNING] Illegal FSM transition CLICK_SELECT → STOPPED — ignored
2026-07-03 09:59:19 [WARNING] Illegal FSM transition CLICK_SELECT → STOPPED — ignored
2026-07-03 09:59:19 [WARNING] Illegal FSM transition CLICK_SELECT → STOPPED — ignored
2026-07-03 09:59:19 [WARNING] Illegal FSM transition CLICK_SELECT → STOPPED — ignored
2026-07-03 09:59:19 [WARNING] Illegal FSM transition CLICK_SELECT → STOPPED — ignored
2026-07-03 09:59:20 [WARNING] Illegal FSM transition CLICK_SELECT → STOPPED — ignored
2026-07-03 09:59:20 [WARNING] Illegal FSM transition CLICK_SELECT → STOPPED — ignored
2026-07-03 09:59:20 [WARNING] Illegal FSM transition CLICK_SELECT → STOPPED — ignored
2026-07-03 09:59:20 [WARNING] Illegal FSM transition CLICK_SELECT → STOPPED — ignored
2026-07-03 09:59:20 [WARNING] Illegal FSM transition CLICK_SELECT → STOPPED — ignored
2026-07-03 09:59:21 [WARNING] Illegal FSM transition CLICK_SELECT → STOPPED — ignored
2026-07-03 09:59:21 [WARNING] Illegal FSM transition CLICK_SELECT → STOPPED — ignored
2026-07-03 09:59:21 [WARNING] Illegal FSM transition CLICK_SELECT → STOPPED — ignored
2026-07-03 09:59:21 [WARNING] Illegal FSM transition CLICK_SELECT → STOPPED — ignored
2026-07-03 09:59:21 [WARNING] Illegal FSM transition CLICK_SELECT → STOPPED — ignored
2026-07-03 09:59:22 [WARNING] Illegal FSM transition CLICK_SELECT → STOPPED — ignored
2026-07-03 09:59:22 [WARNING] Illegal FSM transition CLICK_SELECT → STOPPED — ignored
2026-07-03 09:59:22 [WARNING] Illegal FSM transition CLICK_SELECT → STOPPED — ignored
2026-07-03 09:59:22 [WARNING] Illegal FSM transition CLICK_SELECT → STOPPED — ignored
2026-07-03 09:59:22 [WARNING] Illegal FSM transition CLICK_SELECT → STOPPED — ignored
2026-07-03 09:59:23 [WARNING] Illegal FSM transition CLICK_SELECT → STOPPED — ignored
2026-07-03 09:59:23 [WARNING] Illegal FSM transition CLICK_SELECT → STOPPED — ignored
2026-07-03 09:59:23 [WARNING] Illegal FSM transition CLICK_SELECT → STOPPED — ignored
2026-07-03 09:59:23 [WARNING] Illegal FSM transition CLICK_SELECT → STOPPED — ignored
2026-07-03 09:59:23 [WARNING] Illegal FSM transition CLICK_SELECT → STOPPED — ignored
2026-07-03 09:59:24 [WARNING] Illegal FSM transition CLICK_SELECT → STOPPED — ignored
2026-07-03 09:59:24 [WARNING] Illegal FSM transition CLICK_SELECT → STOPPED — ignored
2026-07-03 09:59:24 [WARNING] Illegal FSM transition CLICK_SELECT → STOPPED — ignored
2026-07-03 09:59:24 [WARNING] Illegal FSM transition CLICK_SELECT → STOPPED — ignored
2026-07-03 09:59:24 [WARNING] Illegal FSM transition CLICK_SELECT → STOPPED — ignored
2026-07-03 09:59:25 [WARNING] Illegal FSM transition CLICK_SELECT → STOPPED — ignored
2026-07-03 09:59:25 [WARNING] Illegal FSM transition CLICK_SELECT → STOPPED — ignored
2026-07-03 09:59:25 [WARNING] Illegal FSM transition CLICK_SELECT → STOPPED — ignored
2026-07-03 09:59:25 [WARNING] Illegal FSM transition CLICK_SELECT → STOPPED — ignored
2026-07-03 09:59:25 [WARNING] Illegal FSM transition CLICK_SELECT → STOPPED — ignored
2026-07-03 09:59:26 [WARNING] Illegal FSM transition CLICK_SELECT → STOPPED — ignored
2026-07-03 09:59:26 [WARNING] Illegal FSM transition CLICK_SELECT → STOPPED — ignored
2026-07-03 09:59:26 [WARNING] Illegal FSM transition CLICK_SELECT → STOPPED — ignored
2026-07-03 09:59:26 [WARNING] Illegal FSM transition CLICK_SELECT → STOPPED — ignored
2026-07-03 09:59:26 [WARNING] Illegal FSM transition CLICK_SELECT → STOPPED — ignored
2026-07-03 09:59:27 [WARNING] Illegal FSM transition CLICK_SELECT → STOPPED — ignored
2026-07-03 09:59:27 [WARNING] Illegal FSM transition CLICK_SELECT → STOPPED — ignored
2026-07-03 09:59:27 [WARNING] Illegal FSM transition CLICK_SELECT → STOPPED — ignored
2026-07-03 09:59:27 [WARNING] Illegal FSM transition CLICK_SELECT → STOPPED — ignored
2026-07-03 09:59:27 [WARNING] Illegal FSM transition CLICK_SELECT → STOPPED — ignored
2026-07-03 09:59:28 [WARNING] Illegal FSM transition CLICK_SELECT → STOPPED — ignored
2026-07-03 09:59:28 [WARNING] Illegal FSM transition CLICK_SELECT → STOPPED — ignored
2026-07-03 09:59:28 [WARNING] Illegal FSM transition CLICK_SELECT → STOPPED — ignored
2026-07-03 09:59:28 [WARNING] Illegal FSM transition CLICK_SELECT → STOPPED — ignored
2026-07-03 09:59:28 [WARNING] Illegal FSM transition CLICK_SELECT → STOPPED — ignored
2026-07-03 09:59:29 [WARNING] Illegal FSM transition CLICK_SELECT → STOPPED — ignored
2026-07-03 09:59:29 [WARNING] Illegal FSM transition CLICK_SELECT → STOPPED — ignored
2026-07-03 09:59:29 [WARNING] Illegal FSM transition CLICK_SELECT → STOPPED — ignored
2026-07-03 09:59:29 [WARNING] Illegal FSM transition CLICK_SELECT → STOPPED — ignored
2026-07-03 09:59:29 [WARNING] Illegal FSM transition CLICK_SELECT → STOPPED — ignored
2026-07-03 09:59:30 [WARNING] Illegal FSM transition CLICK_SELECT → STOPPED — ignored
2026-07-03 09:59:30 [WARNING] Illegal FSM transition CLICK_SELECT → STOPPED — ignored
2026-07-03 09:59:30 [WARNING] Illegal FSM transition CLICK_SELECT → STOPPED — ignored
2026-07-03 09:59:30 [WARNING] Illegal FSM transition CLICK_SELECT → STOPPED — ignored
2026-07-03 09:59:30 [WARNING] Illegal FSM transition CLICK_SELECT → STOPPED — ignored
2026-07-03 09:59:31 [WARNING] Illegal FSM transition CLICK_SELECT → STOPPED — ignored
2026-07-03 09:59:31 [WARNING] Illegal FSM transition CLICK_SELECT → STOPPED — ignored
2026-07-03 09:59:31 [WARNING] Illegal FSM transition CLICK_SELECT → STOPPED — ignored
2026-07-03 09:59:31 [WARNING] Illegal FSM transition CLICK_SELECT → STOPPED — ignored
2026-07-03 09:59:31 [WARNING] Illegal FSM transition CLICK_SELECT → STOPPED — ignored
2026-07-03 09:59:32 [WARNING] Illegal FSM transition CLICK_SELECT → STOPPED — ignored
2026-07-03 09:59:32 [WARNING] Illegal FSM transition CLICK_SELECT → STOPPED — ignored
2026-07-03 09:59:32 [WARNING] Illegal FSM transition CLICK_SELECT → STOPPED — ignored
2026-07-03 09:59:32 [WARNING] Illegal FSM transition CLICK_SELECT → STOPPED — ignored
2026-07-03 09:59:32 [WARNING] Illegal FSM transition CLICK_SELECT → STOPPED — ignored
2026-07-03 09:59:33 [WARNING] Illegal FSM transition CLICK_SELECT → STOPPED — ignored
2026-07-03 09:59:33 [WARNING] Illegal FSM transition CLICK_SELECT → STOPPED — ignored
2026-07-03 09:59:33 [WARNING] Illegal FSM transition CLICK_SELECT → STOPPED — ignored
2026-07-03 09:59:33 [WARNING] Illegal FSM transition CLICK_SELECT → STOPPED — ignored
2026-07-03 09:59:33 [WARNING] Illegal FSM transition CLICK_SELECT → STOPPED — ignored
2026-07-03 09:59:34 [WARNING] Illegal FSM transition CLICK_SELECT → STOPPED — ignored
2026-07-03 09:59:34 [WARNING] Illegal FSM transition CLICK_SELECT → STOPPED — ignored
2026-07-03 09:59:34 [WARNING] Illegal FSM transition CLICK_SELECT → STOPPED — ignored
2026-07-03 09:59:34 [WARNING] Illegal FSM transition CLICK_SELECT → STOPPED — ignored
2026-07-03 09:59:34 [WARNING] Illegal FSM transition CLICK_SELECT → STOPPED — ignored
2026-07-03 09:59:35 [WARNING] Illegal FSM transition CLICK_SELECT → STOPPED — ignored
2026-07-03 09:59:35 [WARNING] Illegal FSM transition CLICK_SELECT → STOPPED — ignored
2026-07-03 09:59:35 [WARNING] Illegal FSM transition CLICK_SELECT → STOPPED — ignored
2026-07-03 09:59:35 [WARNING] Illegal FSM transition CLICK_SELECT → STOPPED — ignored
2026-07-03 09:59:35 [WARNING] Illegal FSM transition CLICK_SELECT → STOPPED — ignored
2026-07-03 09:59:36 [WARNING] Illegal FSM transition CLICK_SELECT → STOPPED — ignored
2026-07-03 09:59:36 [WARNING] Illegal FSM transition CLICK_SELECT → STOPPED — ignored
2026-07-03 09:59:36 [WARNING] Illegal FSM transition CLICK_SELECT → STOPPED — ignored
2026-07-03 09:59:36 [WARNING] Illegal FSM transition CLICK_SELECT → STOPPED — ignored
2026-07-03 09:59:36 [WARNING] Illegal FSM transition CLICK_SELECT → STOPPED — ignored
2026-07-03 09:59:37 [WARNING] Illegal FSM transition CLICK_SELECT → STOPPED — ignored
2026-07-03 09:59:37 [WARNING] Illegal FSM transition CLICK_SELECT → STOPPED — ignored
2026-07-03 09:59:37 [WARNING] Illegal FSM transition CLICK_SELECT → STOPPED — ignored
2026-07-03 09:59:37 [WARNING] Illegal FSM transition CLICK_SELECT → STOPPED — ignored
2026-07-03 09:59:37 [WARNING] Illegal FSM transition CLICK_SELECT → STOPPED — ignored
2026-07-03 09:59:38 [WARNING] Illegal FSM transition CLICK_SELECT → STOPPED — ignored
2026-07-03 09:59:38 [WARNING] Illegal FSM transition CLICK_SELECT → STOPPED — ignored
2026-07-03 09:59:38 [WARNING] Illegal FSM transition CLICK_SELECT → STOPPED — ignored
2026-07-03 09:59:38 [WARNING] Illegal FSM transition CLICK_SELECT → STOPPED — ignored
2026-07-03 09:59:38 [WARNING] Illegal FSM transition CLICK_SELECT → STOPPED — ignored
2026-07-03 09:59:39 [WARNING] Illegal FSM transition CLICK_SELECT → STOPPED — ignored
2026-07-03 09:59:39 [WARNING] Illegal FSM transition CLICK_SELECT → STOPPED — ignored
2026-07-03 09:59:39 [WARNING] Illegal FSM transition CLICK_SELECT → STOPPED — ignored
2026-07-03 09:59:39 [WARNING] Illegal FSM transition CLICK_SELECT → STOPPED — ignored
2026-07-03 09:59:39 [WARNING] Illegal FSM transition CLICK_SELECT → STOPPED — ignored
2026-07-03 09:59:40 [WARNING] Illegal FSM transition CLICK_SELECT → STOPPED — ignored
2026-07-03 09:59:40 [WARNING] Illegal FSM transition CLICK_SELECT → STOPPED — ignored
2026-07-03 09:59:40 [WARNING] Illegal FSM transition CLICK_SELECT → STOPPED — ignored
2026-07-03 09:59:40 [WARNING] Illegal FSM transition CLICK_SELECT → STOPPED — ignored
2026-07-03 09:59:40 [WARNING] Illegal FSM transition CLICK_SELECT → STOPPED — ignored
2026-07-03 09:59:41 [WARNING] Illegal FSM transition CLICK_SELECT → STOPPED — ignored
2026-07-03 09:59:41 [WARNING] Illegal FSM transition CLICK_SELECT → STOPPED — ignored
2026-07-03 09:59:41 [WARNING] Illegal FSM transition CLICK_SELECT → STOPPED — ignored
2026-07-03 09:59:41 [WARNING] Illegal FSM transition CLICK_SELECT → STOPPED — ignored
2026-07-03 09:59:41 [WARNING] Illegal FSM transition CLICK_SELECT → STOPPED — ignored
2026-07-03 09:59:42 [WARNING] Illegal FSM transition CLICK_SELECT → STOPPED — ignored
2026-07-03 09:59:42 [WARNING] Illegal FSM transition CLICK_SELECT → STOPPED — ignored
2026-07-03 09:59:42 [WARNING] Illegal FSM transition CLICK_SELECT → STOPPED — ignored
2026-07-03 09:59:42 [WARNING] Illegal FSM transition CLICK_SELECT → STOPPED — ignored
2026-07-03 09:59:42 [WARNING] Illegal FSM transition CLICK_SELECT → STOPPED — ignored
2026-07-03 09:59:43 [WARNING] Illegal FSM transition CLICK_SELECT → STOPPED — ignored
2026-07-03 09:59:43 [WARNING] Illegal FSM transition CLICK_SELECT → STOPPED — ignored
2026-07-03 09:59:43 [WARNING] Illegal FSM transition CLICK_SELECT → STOPPED — ignored
2026-07-03 09:59:43 [WARNING] Illegal FSM transition CLICK_SELECT → STOPPED — ignored
2026-07-03 09:59:43 [WARNING] Illegal FSM transition CLICK_SELECT → STOPPED — ignored
2026-07-03 09:59:44 [WARNING] Illegal FSM transition CLICK_SELECT → STOPPED — ignored
2026-07-03 09:59:44 [WARNING] Illegal FSM transition CLICK_SELECT → STOPPED — ignored
2026-07-03 09:59:44 [WARNING] Illegal FSM transition CLICK_SELECT → STOPPED — ignored
2026-07-03 09:59:44 [WARNING] Illegal FSM transition CLICK_SELECT → STOPPED — ignored
2026-07-03 09:59:44 [WARNING] Illegal FSM transition CLICK_SELECT → STOPPED — ignored
2026-07-03 09:59:45 [WARNING] Illegal FSM transition CLICK_SELECT → STOPPED — ignored
2026-07-03 09:59:45 [WARNING] Illegal FSM transition CLICK_SELECT → STOPPED — ignored
2026-07-03 09:59:45 [WARNING] Illegal FSM transition CLICK_SELECT → STOPPED — ignored
2026-07-03 09:59:45 [WARNING] Illegal FSM transition CLICK_SELECT → STOPPED — ignored
2026-07-03 09:59:45 [WARNING] Illegal FSM transition CLICK_SELECT → STOPPED — ignored
2026-07-03 09:59:46 [WARNING] Illegal FSM transition CLICK_SELECT → STOPPED — ignored
2026-07-03 09:59:46 [WARNING] Illegal FSM transition CLICK_SELECT → STOPPED — ignored
2026-07-03 09:59:46 [WARNING] Illegal FSM transition CLICK_SELECT → STOPPED — ignored
2026-07-03 09:59:46 [WARNING] Illegal FSM transition CLICK_SELECT → STOPPED — ignored
2026-07-03 09:59:46 [WARNING] Illegal FSM transition CLICK_SELECT → STOPPED — ignored
2026-07-03 09:59:47 [WARNING] Illegal FSM transition CLICK_SELECT → STOPPED — ignored
2026-07-03 09:59:47 [WARNING] Illegal FSM transition CLICK_SELECT → STOPPED — ignored
2026-07-03 09:59:47 [WARNING] Illegal FSM transition CLICK_SELECT → STOPPED — ignored
2026-07-03 09:59:47 [WARNING] Illegal FSM transition CLICK_SELECT → STOPPED — ignored
2026-07-03 09:59:47 [WARNING] Illegal FSM transition CLICK_SELECT → STOPPED — ignored
2026-07-03 09:59:48 [WARNING] Illegal FSM transition CLICK_SELECT → STOPPED — ignored
2026-07-03 09:59:48 [WARNING] Illegal FSM transition CLICK_SELECT → STOPPED — ignored
2026-07-03 09:59:48 [WARNING] Illegal FSM transition CLICK_SELECT → STOPPED — ignored
2026-07-03 09:59:48 [WARNING] Illegal FSM transition CLICK_SELECT → STOPPED — ignored
2026-07-03 09:59:48 [WARNING] Illegal FSM transition CLICK_SELECT → STOPPED — ignored
2026-07-03 09:59:49 [WARNING] Illegal FSM transition CLICK_SELECT → STOPPED — ignored
2026-07-03 09:59:49 [WARNING] Illegal FSM transition CLICK_SELECT → STOPPED — ignored
2026-07-03 09:59:49 [WARNING] Illegal FSM transition CLICK_SELECT → STOPPED — ignored
2026-07-03 09:59:49 [WARNING] Illegal FSM transition CLICK_SELECT → STOPPED — ignored
2026-07-03 09:59:49 [WARNING] Illegal FSM transition CLICK_SELECT → STOPPED — ignored
2026-07-03 09:59:50 [WARNING] Illegal FSM transition CLICK_SELECT → STOPPED — ignored
2026-07-03 09:59:50 [WARNING] Illegal FSM transition CLICK_SELECT → STOPPED — ignored
2026-07-03 09:59:50 [WARNING] Illegal FSM transition CLICK_SELECT → STOPPED — ignored
2026-07-03 09:59:50 [WARNING] Illegal FSM transition CLICK_SELECT → STOPPED — ignored
2026-07-03 09:59:50 [WARNING] Illegal FSM transition CLICK_SELECT → STOPPED — ignored
2026-07-03 09:59:51 [WARNING] Illegal FSM transition CLICK_SELECT → STOPPED — ignored
2026-07-03 09:59:51 [WARNING] Illegal FSM transition CLICK_SELECT → STOPPED — ignored
2026-07-03 09:59:51 [WARNING] Illegal FSM transition CLICK_SELECT → STOPPED — ignored
2026-07-03 09:59:51 [WARNING] Illegal FSM transition CLICK_SELECT → STOPPED — ignored
2026-07-03 09:59:51 [WARNING] Illegal FSM transition CLICK_SELECT → STOPPED — ignored
2026-07-03 09:59:52 [WARNING] Illegal FSM transition CLICK_SELECT → STOPPED — ignored
2026-07-03 09:59:52 [WARNING] Illegal FSM transition CLICK_SELECT → STOPPED — ignored
2026-07-03 09:59:52 [WARNING] Illegal FSM transition CLICK_SELECT → STOPPED — ignored
2026-07-03 09:59:52 [WARNING] Illegal FSM transition CLICK_SELECT → STOPPED — ignored
2026-07-03 09:59:52 [WARNING] Illegal FSM transition CLICK_SELECT → STOPPED — ignored
2026-07-03 09:59:53 [WARNING] Illegal FSM transition CLICK_SELECT → STOPPED — ignored
2026-07-03 09:59:53 [WARNING] Illegal FSM transition CLICK_SELECT → STOPPED — ignored
2026-07-03 09:59:53 [WARNING] Illegal FSM transition CLICK_SELECT → STOPPED — ignored
2026-07-03 09:59:53 [WARNING] Illegal FSM transition CLICK_SELECT → STOPPED — ignored
2026-07-03 09:59:53 [WARNING] Illegal FSM transition CLICK_SELECT → STOPPED — ignored
2026-07-03 09:59:54 [WARNING] Illegal FSM transition CLICK_SELECT → STOPPED — ignored
2026-07-03 09:59:54 [WARNING] Illegal FSM transition CLICK_SELECT → STOPPED — ignored
2026-07-03 09:59:54 [WARNING] Illegal FSM transition CLICK_SELECT → STOPPED — ignored
2026-07-03 09:59:54 [WARNING] Illegal FSM transition CLICK_SELECT → STOPPED — ignored
2026-07-03 09:59:54 [WARNING] Illegal FSM transition CLICK_SELECT → STOPPED — ignored
2026-07-03 09:59:55 [WARNING] Illegal FSM transition CLICK_SELECT → STOPPED — ignored
2026-07-03 09:59:55 [WARNING] Illegal FSM transition CLICK_SELECT → STOPPED — ignored
2026-07-03 09:59:55 [WARNING] Illegal FSM transition CLICK_SELECT → STOPPED — ignored
2026-07-03 09:59:55 [WARNING] Illegal FSM transition CLICK_SELECT → STOPPED — ignored
2026-07-03 09:59:55 [WARNING] Illegal FSM transition CLICK_SELECT → STOPPED — ignored
2026-07-03 09:59:56 [WARNING] Illegal FSM transition CLICK_SELECT → STOPPED — ignored
2026-07-03 09:59:56 [WARNING] Illegal FSM transition CLICK_SELECT → STOPPED — ignored
2026-07-03 09:59:56 [WARNING] Illegal FSM transition CLICK_SELECT → STOPPED — ignored
2026-07-03 09:59:56 [WARNING] Illegal FSM transition CLICK_SELECT → STOPPED — ignored
2026-07-03 09:59:56 [WARNING] Illegal FSM transition CLICK_SELECT → STOPPED — ignored
2026-07-03 09:59:57 [WARNING] Illegal FSM transition CLICK_SELECT → STOPPED — ignored
2026-07-03 09:59:57 [WARNING] Illegal FSM transition CLICK_SELECT → STOPPED — ignored
2026-07-03 09:59:57 [WARNING] Illegal FSM transition CLICK_SELECT → STOPPED — ignored
2026-07-03 09:59:57 [WARNING] Illegal FSM transition CLICK_SELECT → STOPPED — ignored
2026-07-03 09:59:57 [WARNING] Illegal FSM transition CLICK_SELECT → STOPPED — ignored
2026-07-03 09:59:58 [WARNING] Illegal FSM transition CLICK_SELECT → STOPPED — ignored
2026-07-03 09:59:58 [WARNING] Illegal FSM transition CLICK_SELECT → STOPPED — ignored
2026-07-03 09:59:58 [WARNING] Illegal FSM transition CLICK_SELECT → STOPPED — ignored
2026-07-03 09:59:58 [WARNING] Illegal FSM transition CLICK_SELECT → STOPPED — ignored
2026-07-03 09:59:58 [WARNING] Illegal FSM transition CLICK_SELECT → STOPPED — ignored
2026-07-03 09:59:59 [WARNING] Illegal FSM transition CLICK_SELECT → STOPPED — ignored
2026-07-03 09:59:59 [WARNING] Illegal FSM transition CLICK_SELECT → STOPPED — ignored
2026-07-03 09:59:59 [WARNING] Illegal FSM transition CLICK_SELECT → STOPPED — ignored
2026-07-03 09:59:59 [WARNING] Illegal FSM transition CLICK_SELECT → STOPPED — ignored
2026-07-03 09:59:59 [WARNING] Illegal FSM transition CLICK_SELECT → STOPPED — ignored
2026-07-03 10:00:00 [WARNING] Illegal FSM transition CLICK_SELECT → STOPPED — ignored
2026-07-03 10:00:00 [WARNING] Illegal FSM transition CLICK_SELECT → STOPPED — ignored
2026-07-03 10:00:00 [WARNING] Illegal FSM transition CLICK_SELECT → STOPPED — ignored
2026-07-03 10:00:00 [WARNING] Illegal FSM transition CLICK_SELECT → STOPPED — ignored
2026-07-03 10:00:00 [WARNING] Illegal FSM transition CLICK_SELECT → STOPPED — ignored
2026-07-03 10:00:01 [WARNING] Illegal FSM transition CLICK_SELECT → STOPPED — ignored
2026-07-03 10:00:01 [WARNING] Illegal FSM transition CLICK_SELECT → STOPPED — ignored
2026-07-03 10:00:01 [WARNING] Illegal FSM transition CLICK_SELECT → STOPPED — ignored
2026-07-03 10:00:01 [WARNING] Illegal FSM transition CLICK_SELECT → STOPPED — ignored
2026-07-03 10:00:01 [WARNING] Illegal FSM transition CLICK_SELECT → STOPPED — ignored
2026-07-03 10:00:02 [WARNING] Illegal FSM transition CLICK_SELECT → STOPPED — ignored
2026-07-03 10:00:02 [WARNING] Illegal FSM transition CLICK_SELECT → STOPPED — ignored
2026-07-03 10:00:02 [WARNING] Illegal FSM transition CLICK_SELECT → STOPPED — ignored
2026-07-03 10:00:02 [WARNING] Illegal FSM transition CLICK_SELECT → STOPPED — ignored
2026-07-03 10:00:02 [WARNING] Illegal FSM transition CLICK_SELECT → STOPPED — ignored
2026-07-03 10:00:03 [WARNING] Illegal FSM transition CLICK_SELECT → STOPPED — ignored
2026-07-03 10:00:03 [WARNING] Illegal FSM transition CLICK_SELECT → STOPPED — ignored
2026-07-03 10:00:03 [WARNING] Illegal FSM transition CLICK_SELECT → STOPPED — ignored
2026-07-03 10:00:03 [WARNING] Illegal FSM transition CLICK_SELECT → STOPPED — ignored
2026-07-03 10:00:03 [WARNING] Illegal FSM transition CLICK_SELECT → STOPPED — ignored
2026-07-03 10:00:04 [WARNING] Illegal FSM transition CLICK_SELECT → STOPPED — ignored
2026-07-03 10:00:04 [WARNING] Illegal FSM transition CLICK_SELECT → STOPPED — ignored
2026-07-03 10:00:04 [WARNING] Illegal FSM transition CLICK_SELECT → STOPPED — ignored
2026-07-03 10:00:04 [WARNING] Illegal FSM transition CLICK_SELECT → STOPPED — ignored
2026-07-03 10:00:04 [WARNING] Illegal FSM transition CLICK_SELECT → STOPPED — ignored
2026-07-03 10:00:05 [WARNING] Illegal FSM transition CLICK_SELECT → STOPPED — ignored
2026-07-03 10:00:05 [WARNING] Illegal FSM transition CLICK_SELECT → STOPPED — ignored
2026-07-03 10:00:05 [WARNING] Illegal FSM transition CLICK_SELECT → STOPPED — ignored
2026-07-03 10:00:05 [WARNING] Illegal FSM transition CLICK_SELECT → STOPPED — ignored
2026-07-03 10:00:05 [WARNING] Illegal FSM transition CLICK_SELECT → STOPPED — ignored
2026-07-03 10:00:06 [WARNING] Illegal FSM transition CLICK_SELECT → STOPPED — ignored
2026-07-03 10:00:06 [WARNING] Illegal FSM transition CLICK_SELECT → STOPPED — ignored
2026-07-03 10:00:06 [WARNING] Illegal FSM transition CLICK_SELECT → STOPPED — ignored
2026-07-03 10:00:06 [WARNING] Illegal FSM transition CLICK_SELECT → STOPPED — ignored
2026-07-03 10:00:06 [WARNING] Illegal FSM transition CLICK_SELECT → STOPPED — ignored
2026-07-03 10:00:07 [WARNING] Illegal FSM transition CLICK_SELECT → STOPPED — ignored
2026-07-03 10:00:07 [WARNING] Illegal FSM transition CLICK_SELECT → STOPPED — ignored
2026-07-03 10:00:07 [WARNING] Illegal FSM transition CLICK_SELECT → STOPPED — ignored
2026-07-03 10:00:07 [WARNING] Illegal FSM transition CLICK_SELECT → STOPPED — ignored
2026-07-03 10:00:07 [WARNING] Illegal FSM transition CLICK_SELECT → STOPPED — ignored
2026-07-03 10:00:08 [WARNING] Illegal FSM transition CLICK_SELECT → STOPPED — ignored
2026-07-03 10:00:08 [WARNING] Illegal FSM transition CLICK_SELECT → STOPPED — ignored
2026-07-03 10:00:08 [WARNING] Illegal FSM transition CLICK_SELECT → STOPPED — ignored
2026-07-03 10:00:08 [WARNING] Illegal FSM transition CLICK_SELECT → STOPPED — ignored
2026-07-03 10:00:08 [WARNING] Illegal FSM transition CLICK_SELECT → STOPPED — ignored
2026-07-03 10:00:09 [WARNING] Illegal FSM transition CLICK_SELECT → STOPPED — ignored
2026-07-03 10:00:09 [WARNING] Illegal FSM transition CLICK_SELECT → STOPPED — ignored
2026-07-03 10:00:09 [WARNING] Illegal FSM transition CLICK_SELECT → STOPPED — ignored
2026-07-03 10:00:09 [WARNING] Illegal FSM transition CLICK_SELECT → STOPPED — ignored
2026-07-03 10:00:09 [WARNING] Illegal FSM transition CLICK_SELECT → STOPPED — ignored
2026-07-03 10:00:10 [WARNING] Illegal FSM transition CLICK_SELECT → STOPPED — ignored
2026-07-03 10:00:10 [WARNING] Illegal FSM transition CLICK_SELECT → STOPPED — ignored
2026-07-03 10:00:10 [WARNING] Illegal FSM transition CLICK_SELECT → STOPPED — ignored
2026-07-03 10:00:10 [WARNING] Illegal FSM transition CLICK_SELECT → STOPPED — ignored
2026-07-03 10:00:10 [WARNING] Illegal FSM transition CLICK_SELECT → STOPPED — ignored
2026-07-03 10:00:11 [WARNING] Illegal FSM transition CLICK_SELECT → STOPPED — ignored
2026-07-03 10:00:11 [WARNING] Illegal FSM transition CLICK_SELECT → STOPPED — ignored
2026-07-03 10:00:11 [WARNING] Illegal FSM transition CLICK_SELECT → STOPPED — ignored
2026-07-03 10:00:11 [WARNING] Illegal FSM transition CLICK_SELECT → STOPPED — ignored
2026-07-03 10:00:11 [WARNING] Illegal FSM transition CLICK_SELECT → STOPPED — ignored
2026-07-03 10:00:12 [WARNING] Illegal FSM transition CLICK_SELECT → STOPPED — ignored
2026-07-03 10:00:12 [WARNING] Illegal FSM transition CLICK_SELECT → STOPPED — ignored
2026-07-03 10:00:12 [WARNING] Illegal FSM transition CLICK_SELECT → STOPPED — ignored
2026-07-03 10:00:12 [WARNING] Illegal FSM transition CLICK_SELECT → STOPPED — ignored
2026-07-03 10:00:12 [WARNING] Illegal FSM transition CLICK_SELECT → STOPPED — ignored
2026-07-03 10:00:13 [WARNING] Illegal FSM transition CLICK_SELECT → STOPPED — ignored
2026-07-03 10:00:13 [WARNING] Illegal FSM transition CLICK_SELECT → STOPPED — ignored
2026-07-03 10:00:13 [WARNING] Illegal FSM transition CLICK_SELECT → STOPPED — ignored
2026-07-03 10:00:13 [WARNING] Illegal FSM transition CLICK_SELECT → STOPPED — ignored
2026-07-03 10:00:13 [WARNING] Illegal FSM transition CLICK_SELECT → STOPPED — ignored
2026-07-03 10:00:14 [WARNING] Illegal FSM transition CLICK_SELECT → STOPPED — ignored
2026-07-03 10:00:14 [WARNING] Illegal FSM transition CLICK_SELECT → STOPPED — ignored
2026-07-03 10:00:14 [WARNING] Illegal FSM transition CLICK_SELECT → STOPPED — ignored
2026-07-03 10:00:14 [WARNING] Illegal FSM transition CLICK_SELECT → STOPPED — ignored
2026-07-03 10:00:14 [WARNING] Illegal FSM transition CLICK_SELECT → STOPPED — ignored
2026-07-03 10:00:15 [WARNING] Illegal FSM transition CLICK_SELECT → STOPPED — ignored
2026-07-03 10:00:15 [WARNING] Illegal FSM transition CLICK_SELECT → STOPPED — ignored
2026-07-03 10:00:15 [WARNING] Illegal FSM transition CLICK_SELECT → STOPPED — ignored
2026-07-03 10:00:15 [WARNING] Illegal FSM transition CLICK_SELECT → STOPPED — ignored
2026-07-03 10:00:15 [WARNING] Illegal FSM transition CLICK_SELECT → STOPPED — ignored
2026-07-03 10:00:16 [WARNING] Illegal FSM transition CLICK_SELECT → STOPPED — ignored
2026-07-03 10:00:16 [WARNING] Illegal FSM transition CLICK_SELECT → STOPPED — ignored
2026-07-03 10:00:16 [WARNING] Illegal FSM transition CLICK_SELECT → STOPPED — ignored
2026-07-03 10:00:16 [WARNING] Illegal FSM transition CLICK_SELECT → STOPPED — ignored
2026-07-03 10:00:16 [WARNING] Illegal FSM transition CLICK_SELECT → STOPPED — ignored
2026-07-03 10:00:17 [WARNING] Illegal FSM transition CLICK_SELECT → STOPPED — ignored
2026-07-03 10:00:17 [WARNING] Illegal FSM transition CLICK_SELECT → STOPPED — ignored
2026-07-03 10:00:17 [WARNING] Illegal FSM transition CLICK_SELECT → STOPPED — ignored
2026-07-03 10:00:17 [WARNING] Illegal FSM transition CLICK_SELECT → STOPPED — ignored
2026-07-03 10:00:17 [WARNING] Illegal FSM transition CLICK_SELECT → STOPPED — ignored
2026-07-03 10:00:18 [WARNING] Illegal FSM transition CLICK_SELECT → STOPPED — ignored
2026-07-03 10:00:18 [WARNING] Illegal FSM transition CLICK_SELECT → STOPPED — ignored
2026-07-03 10:00:18 [WARNING] Illegal FSM transition CLICK_SELECT → STOPPED — ignored
2026-07-03 10:00:18 [WARNING] Illegal FSM transition CLICK_SELECT → STOPPED — ignored
2026-07-03 10:00:18 [WARNING] Illegal FSM transition CLICK_SELECT → STOPPED — ignored
2026-07-03 10:00:19 [WARNING] Illegal FSM transition CLICK_SELECT → STOPPED — ignored
2026-07-03 10:00:19 [WARNING] Illegal FSM transition CLICK_SELECT → STOPPED — ignored
2026-07-03 10:00:19 [WARNING] Illegal FSM transition CLICK_SELECT → STOPPED — ignored
2026-07-03 10:00:19 [WARNING] Illegal FSM transition CLICK_SELECT → STOPPED — ignored
2026-07-03 10:00:19 [WARNING] Illegal FSM transition CLICK_SELECT → STOPPED — ignored
2026-07-03 10:00:20 [WARNING] Illegal FSM transition CLICK_SELECT → STOPPED — ignored
2026-07-03 10:00:20 [WARNING] Illegal FSM transition CLICK_SELECT → STOPPED — ignored
2026-07-03 10:00:20 [WARNING] Illegal FSM transition CLICK_SELECT → STOPPED — ignored
2026-07-03 10:00:20 [WARNING] Illegal FSM transition CLICK_SELECT → STOPPED — ignored
2026-07-03 10:00:20 [WARNING] Illegal FSM transition CLICK_SELECT → STOPPED — ignored
2026-07-03 10:00:21 [WARNING] Illegal FSM transition CLICK_SELECT → STOPPED — ignored
2026-07-03 10:00:21 [WARNING] Illegal FSM transition CLICK_SELECT → STOPPED — ignored
2026-07-03 10:00:21 [WARNING] Illegal FSM transition CLICK_SELECT → STOPPED — ignored
2026-07-03 10:00:21 [WARNING] Illegal FSM transition CLICK_SELECT → STOPPED — ignored
2026-07-03 10:00:21 [WARNING] Illegal FSM transition CLICK_SELECT → STOPPED — ignored
2026-07-03 10:00:22 [WARNING] Illegal FSM transition CLICK_SELECT → STOPPED — ignored
2026-07-03 10:00:22 [WARNING] Illegal FSM transition CLICK_SELECT → STOPPED — ignored
2026-07-03 10:00:22 [WARNING] Illegal FSM transition CLICK_SELECT → STOPPED — ignored
2026-07-03 10:00:22 [WARNING] Illegal FSM transition CLICK_SELECT → STOPPED — ignored
2026-07-03 10:00:22 [WARNING] Illegal FSM transition CLICK_SELECT → STOPPED — ignored
2026-07-03 10:00:23 [WARNING] Illegal FSM transition CLICK_SELECT → STOPPED — ignored
2026-07-03 10:00:23 [WARNING] Illegal FSM transition CLICK_SELECT → STOPPED — ignored
2026-07-03 10:00:23 [WARNING] Illegal FSM transition CLICK_SELECT → STOPPED — ignored
2026-07-03 10:00:23 [WARNING] Illegal FSM transition CLICK_SELECT → STOPPED — ignored
2026-07-03 10:00:23 [WARNING] Illegal FSM transition CLICK_SELECT → STOPPED — ignored
2026-07-03 10:00:24 [WARNING] Illegal FSM transition CLICK_SELECT → STOPPED — ignored
2026-07-03 10:00:24 [WARNING] Illegal FSM transition CLICK_SELECT → STOPPED — ignored
2026-07-03 10:00:24 [WARNING] Illegal FSM transition CLICK_SELECT → STOPPED — ignored
2026-07-03 10:00:24 [WARNING] Illegal FSM transition CLICK_SELECT → STOPPED — ignored
2026-07-03 10:00:24 [WARNING] Illegal FSM transition CLICK_SELECT → STOPPED — ignored
2026-07-03 10:00:25 [WARNING] Illegal FSM transition CLICK_SELECT → STOPPED — ignored
2026-07-03 10:00:25 [WARNING] Illegal FSM transition CLICK_SELECT → STOPPED — ignored
2026-07-03 10:00:25 [WARNING] Illegal FSM transition CLICK_SELECT → STOPPED — ignored
2026-07-03 10:00:25 [WARNING] Illegal FSM transition CLICK_SELECT → STOPPED — ignored
2026-07-03 10:00:25 [WARNING] Illegal FSM transition CLICK_SELECT → STOPPED — ignored
2026-07-03 10:00:26 [WARNING] Illegal FSM transition CLICK_SELECT → STOPPED — ignored
2026-07-03 10:00:26 [WARNING] Illegal FSM transition CLICK_SELECT → STOPPED — ignored
2026-07-03 10:00:26 [WARNING] Illegal FSM transition CLICK_SELECT → STOPPED — ignored
2026-07-03 10:00:26 [WARNING] Illegal FSM transition CLICK_SELECT → STOPPED — ignored
2026-07-03 10:00:26 [WARNING] Illegal FSM transition CLICK_SELECT → STOPPED — ignored
2026-07-03 10:00:27 [WARNING] Illegal FSM transition CLICK_SELECT → STOPPED — ignored
2026-07-03 10:00:27 [WARNING] Illegal FSM transition CLICK_SELECT → STOPPED — ignored
2026-07-03 10:00:27 [WARNING] Illegal FSM transition CLICK_SELECT → STOPPED — ignored
2026-07-03 10:00:27 [WARNING] Illegal FSM transition CLICK_SELECT → STOPPED — ignored
2026-07-03 10:00:27 [WARNING] Illegal FSM transition CLICK_SELECT → STOPPED — ignored
2026-07-03 10:00:28 [WARNING] Illegal FSM transition CLICK_SELECT → STOPPED — ignored
2026-07-03 10:00:28 [WARNING] Illegal FSM transition CLICK_SELECT → STOPPED — ignored
2026-07-03 10:00:28 [WARNING] Illegal FSM transition CLICK_SELECT → STOPPED — ignored
2026-07-03 10:00:28 [WARNING] Illegal FSM transition CLICK_SELECT → STOPPED — ignored
2026-07-03 10:00:28 [WARNING] Illegal FSM transition CLICK_SELECT → STOPPED — ignored
2026-07-03 10:00:29 [WARNING] Illegal FSM transition CLICK_SELECT → STOPPED — ignored
2026-07-03 10:00:29 [WARNING] Illegal FSM transition CLICK_SELECT → STOPPED — ignored
2026-07-03 10:00:29 [WARNING] Illegal FSM transition CLICK_SELECT → STOPPED — ignored
2026-07-03 10:00:29 [WARNING] Illegal FSM transition CLICK_SELECT → STOPPED — ignored
2026-07-03 10:00:29 [WARNING] Illegal FSM transition CLICK_SELECT → STOPPED — ignored
2026-07-03 10:00:30 [WARNING] Illegal FSM transition CLICK_SELECT → STOPPED — ignored
2026-07-03 10:00:30 [WARNING] Illegal FSM transition CLICK_SELECT → STOPPED — ignored
2026-07-03 10:00:30 [WARNING] Illegal FSM transition CLICK_SELECT → STOPPED — ignored
2026-07-03 10:00:30 [WARNING] Illegal FSM transition CLICK_SELECT → STOPPED — ignored
2026-07-03 10:00:30 [WARNING] Illegal FSM transition CLICK_SELECT → STOPPED — ignored
2026-07-03 10:00:31 [WARNING] Illegal FSM transition CLICK_SELECT → STOPPED — ignored
2026-07-03 10:00:31 [WARNING] Illegal FSM transition CLICK_SELECT → STOPPED — ignored
2026-07-03 10:00:31 [WARNING] Illegal FSM transition CLICK_SELECT → STOPPED — ignored
2026-07-03 10:00:31 [WARNING] Illegal FSM transition CLICK_SELECT → STOPPED — ignored
2026-07-03 10:00:31 [WARNING] Illegal FSM transition CLICK_SELECT → STOPPED — ignored
2026-07-03 10:00:32 [WARNING] Illegal FSM transition CLICK_SELECT → STOPPED — ignored
2026-07-03 10:00:32 [WARNING] Illegal FSM transition CLICK_SELECT → STOPPED — ignored
2026-07-03 10:00:32 [WARNING] Illegal FSM transition CLICK_SELECT → STOPPED — ignored
2026-07-03 10:00:32 [WARNING] Illegal FSM transition CLICK_SELECT → STOPPED — ignored
2026-07-03 10:00:32 [WARNING] Illegal FSM transition CLICK_SELECT → STOPPED — ignored
2026-07-03 10:00:33 [WARNING] Illegal FSM transition CLICK_SELECT → STOPPED — ignored
2026-07-03 10:00:33 [WARNING] Illegal FSM transition CLICK_SELECT → STOPPED — ignored
2026-07-03 10:00:33 [WARNING] Illegal FSM transition CLICK_SELECT → STOPPED — ignored
2026-07-03 10:00:33 [WARNING] Illegal FSM transition CLICK_SELECT → STOPPED — ignored
2026-07-03 10:00:33 [WARNING] Illegal FSM transition CLICK_SELECT → STOPPED — ignored
2026-07-03 10:00:34 [WARNING] Illegal FSM transition CLICK_SELECT → STOPPED — ignored
2026-07-03 10:00:34 [WARNING] Illegal FSM transition CLICK_SELECT → STOPPED — ignored
2026-07-03 10:00:34 [WARNING] Illegal FSM transition CLICK_SELECT → STOPPED — ignored
2026-07-03 10:00:34 [WARNING] Illegal FSM transition CLICK_SELECT → STOPPED — ignored
2026-07-03 10:00:34 [WARNING] Illegal FSM transition CLICK_SELECT → STOPPED — ignored
2026-07-03 10:00:35 [WARNING] Illegal FSM transition CLICK_SELECT → STOPPED — ignored
2026-07-03 10:00:35 [WARNING] Illegal FSM transition CLICK_SELECT → STOPPED — ignored
2026-07-03 10:00:35 [WARNING] Illegal FSM transition CLICK_SELECT → STOPPED — ignored
2026-07-03 10:00:35 [WARNING] Illegal FSM transition CLICK_SELECT → STOPPED — ignored
2026-07-03 10:00:35 [WARNING] Illegal FSM transition CLICK_SELECT → STOPPED — ignored
2026-07-03 10:00:36 [WARNING] Illegal FSM transition CLICK_SELECT → STOPPED — ignored
2026-07-03 10:00:36 [WARNING] Illegal FSM transition CLICK_SELECT → STOPPED — ignored
2026-07-03 10:00:36 [WARNING] Illegal FSM transition CLICK_SELECT → STOPPED — ignored
2026-07-03 10:00:36 [WARNING] Illegal FSM transition CLICK_SELECT → STOPPED — ignored
2026-07-03 10:00:36 [WARNING] Illegal FSM transition CLICK_SELECT → STOPPED — ignored
2026-07-03 10:00:37 [WARNING] Illegal FSM transition CLICK_SELECT → STOPPED — ignored
2026-07-03 10:00:37 [WARNING] Illegal FSM transition CLICK_SELECT → STOPPED — ignored
2026-07-03 10:00:37 [WARNING] Illegal FSM transition CLICK_SELECT → STOPPED — ignored
2026-07-03 10:00:37 [WARNING] Illegal FSM transition CLICK_SELECT → STOPPED — ignored
2026-07-03 10:00:37 [WARNING] Illegal FSM transition CLICK_SELECT → STOPPED — ignored
2026-07-03 10:00:38 [WARNING] Illegal FSM transition CLICK_SELECT → STOPPED — ignored
2026-07-03 10:00:38 [WARNING] Illegal FSM transition CLICK_SELECT → STOPPED — ignored
2026-07-03 10:00:38 [WARNING] Illegal FSM transition CLICK_SELECT → STOPPED — ignored
2026-07-03 10:00:38 [WARNING] Illegal FSM transition CLICK_SELECT → STOPPED — ignored
2026-07-03 10:00:38 [WARNING] Illegal FSM transition CLICK_SELECT → STOPPED — ignored
2026-07-03 10:00:39 [WARNING] Illegal FSM transition CLICK_SELECT → STOPPED — ignored
2026-07-03 10:00:39 [WARNING] Illegal FSM transition CLICK_SELECT → STOPPED — ignored
2026-07-03 10:00:39 [WARNING] Illegal FSM transition CLICK_SELECT → STOPPED — ignored
2026-07-03 10:00:39 [WARNING] Illegal FSM transition CLICK_SELECT → STOPPED — ignored
2026-07-03 10:00:39 [WARNING] Illegal FSM transition CLICK_SELECT → STOPPED — ignored
2026-07-03 10:00:40 [WARNING] Illegal FSM transition CLICK_SELECT → STOPPED — ignored
2026-07-03 10:00:40 [WARNING] Illegal FSM transition CLICK_SELECT → STOPPED — ignored
2026-07-03 10:00:40 [WARNING] Illegal FSM transition CLICK_SELECT → STOPPED — ignored
2026-07-03 10:00:40 [WARNING] Illegal FSM transition CLICK_SELECT → STOPPED — ignored
2026-07-03 10:00:40 [WARNING] Illegal FSM transition CLICK_SELECT → STOPPED — ignored
2026-07-03 10:00:41 [WARNING] Illegal FSM transition CLICK_SELECT → STOPPED — ignored
2026-07-03 10:00:41 [WARNING] Illegal FSM transition CLICK_SELECT → STOPPED — ignored
2026-07-03 10:00:41 [WARNING] Illegal FSM transition CLICK_SELECT → STOPPED — ignored
2026-07-03 10:00:41 [WARNING] Illegal FSM transition CLICK_SELECT → STOPPED — ignored
2026-07-03 10:00:41 [WARNING] Illegal FSM transition CLICK_SELECT → STOPPED — ignored
2026-07-03 10:00:42 [WARNING] Illegal FSM transition CLICK_SELECT → STOPPED — ignored
2026-07-03 10:00:42 [WARNING] Illegal FSM transition CLICK_SELECT → STOPPED — ignored
2026-07-03 10:00:42 [WARNING] Illegal FSM transition CLICK_SELECT → STOPPED — ignored
2026-07-03 10:00:42 [WARNING] Illegal FSM transition CLICK_SELECT → STOPPED — ignored
2026-07-03 10:00:42 [WARNING] Illegal FSM transition CLICK_SELECT → STOPPED — ignored
2026-07-03 10:00:43 [WARNING] Illegal FSM transition CLICK_SELECT → STOPPED — ignored
2026-07-03 10:00:43 [WARNING] Illegal FSM transition CLICK_SELECT → STOPPED — ignored
2026-07-03 10:00:43 [WARNING] Illegal FSM transition CLICK_SELECT → STOPPED — ignored
2026-07-03 10:00:43 [WARNING] Illegal FSM transition CLICK_SELECT → STOPPED — ignored
2026-07-03 10:00:43 [WARNING] Illegal FSM transition CLICK_SELECT → STOPPED — ignored
2026-07-03 10:00:44 [WARNING] Illegal FSM transition CLICK_SELECT → STOPPED — ignored
2026-07-03 10:00:44 [WARNING] Illegal FSM transition CLICK_SELECT → STOPPED — ignored
2026-07-03 10:00:44 [WARNING] Illegal FSM transition CLICK_SELECT → STOPPED — ignored
2026-07-03 10:00:44 [WARNING] Illegal FSM transition CLICK_SELECT → STOPPED — ignored
2026-07-03 10:00:44 [WARNING] Illegal FSM transition CLICK_SELECT → STOPPED — ignored
2026-07-03 10:00:45 [WARNING] Illegal FSM transition CLICK_SELECT → STOPPED — ignored
2026-07-03 10:00:45 [WARNING] Illegal FSM transition CLICK_SELECT → STOPPED — ignored
2026-07-03 10:00:45 [WARNING] Illegal FSM transition CLICK_SELECT → STOPPED — ignored
2026-07-03 10:00:45 [WARNING] Illegal FSM transition CLICK_SELECT → STOPPED — ignored
2026-07-03 10:00:45 [WARNING] Illegal FSM transition CLICK_SELECT → STOPPED — ignored
2026-07-03 10:00:46 [WARNING] Illegal FSM transition CLICK_SELECT → STOPPED — ignored
2026-07-03 10:00:46 [WARNING] Illegal FSM transition CLICK_SELECT → STOPPED — ignored
2026-07-03 10:00:46 [WARNING] Illegal FSM transition CLICK_SELECT → STOPPED — ignored
2026-07-03 10:00:46 [WARNING] Illegal FSM transition CLICK_SELECT → STOPPED — ignored
2026-07-03 10:00:46 [WARNING] Illegal FSM transition CLICK_SELECT → STOPPED — ignored
2026-07-03 10:00:47 [WARNING] Illegal FSM transition CLICK_SELECT → STOPPED — ignored
2026-07-03 10:00:47 [WARNING] Illegal FSM transition CLICK_SELECT → STOPPED — ignored
2026-07-03 10:00:47 [WARNING] Illegal FSM transition CLICK_SELECT → STOPPED — ignored
2026-07-03 10:00:47 [WARNING] Illegal FSM transition CLICK_SELECT → STOPPED — ignored
2026-07-03 10:00:47 [WARNING] Illegal FSM transition CLICK_SELECT → STOPPED — ignored
2026-07-03 10:00:48 [WARNING] Illegal FSM transition CLICK_SELECT → STOPPED — ignored
2026-07-03 10:00:48 [WARNING] Illegal FSM transition CLICK_SELECT → STOPPED — ignored
2026-07-03 10:00:48 [WARNING] Illegal FSM transition CLICK_SELECT → STOPPED — ignored
2026-07-03 10:00:48 [WARNING] Illegal FSM transition CLICK_SELECT → STOPPED — ignored
2026-07-03 10:00:48 [WARNING] Illegal FSM transition CLICK_SELECT → STOPPED — ignored
2026-07-03 10:00:49 [WARNING] Illegal FSM transition CLICK_SELECT → STOPPED — ignored
2026-07-03 10:00:49 [WARNING] Illegal FSM transition CLICK_SELECT → STOPPED — ignored
2026-07-03 10:00:49 [WARNING] Illegal FSM transition CLICK_SELECT → STOPPED — ignored
2026-07-03 10:00:49 [WARNING] Illegal FSM transition CLICK_SELECT → STOPPED — ignored
2026-07-03 10:00:49 [WARNING] Illegal FSM transition CLICK_SELECT → STOPPED — ignored
2026-07-03 10:00:50 [WARNING] Illegal FSM transition CLICK_SELECT → STOPPED — ignored
2026-07-03 10:00:50 [WARNING] Illegal FSM transition CLICK_SELECT → STOPPED — ignored
2026-07-03 10:00:50 [WARNING] Illegal FSM transition CLICK_SELECT → STOPPED — ignored
2026-07-03 10:00:50 [WARNING] Illegal FSM transition CLICK_SELECT → STOPPED — ignored
2026-07-03 10:00:50 [WARNING] Illegal FSM transition CLICK_SELECT → STOPPED — ignored
2026-07-03 10:00:51 [WARNING] Illegal FSM transition CLICK_SELECT → STOPPED — ignored
2026-07-03 10:00:51 [WARNING] Illegal FSM transition CLICK_SELECT → STOPPED — ignored
2026-07-03 10:00:51 [WARNING] Illegal FSM transition CLICK_SELECT → STOPPED — ignored
2026-07-03 10:00:51 [WARNING] Illegal FSM transition CLICK_SELECT → STOPPED — ignored
2026-07-03 10:00:51 [WARNING] Illegal FSM transition CLICK_SELECT → STOPPED — ignored
2026-07-03 10:00:52 [WARNING] Illegal FSM transition CLICK_SELECT → STOPPED — ignored
2026-07-03 10:00:52 [WARNING] Illegal FSM transition CLICK_SELECT → STOPPED — ignored
2026-07-03 10:00:52 [WARNING] Illegal FSM transition CLICK_SELECT → STOPPED — ignored
2026-07-03 10:00:52 [WARNING] Illegal FSM transition CLICK_SELECT → STOPPED — ignored
2026-07-03 10:00:52 [WARNING] Illegal FSM transition CLICK_SELECT → STOPPED — ignored
2026-07-03 10:00:53 [WARNING] Illegal FSM transition CLICK_SELECT → STOPPED — ignored
2026-07-03 10:00:53 [WARNING] Illegal FSM transition CLICK_SELECT → STOPPED — ignored
2026-07-03 10:00:53 [WARNING] Illegal FSM transition CLICK_SELECT → STOPPED — ignored
2026-07-03 10:00:53 [WARNING] Illegal FSM transition CLICK_SELECT → STOPPED — ignored
2026-07-03 10:00:53 [WARNING] Illegal FSM transition CLICK_SELECT → STOPPED — ignored
2026-07-03 10:00:54 [WARNING] Illegal FSM transition CLICK_SELECT → STOPPED — ignored
2026-07-03 10:00:54 [WARNING] Illegal FSM transition CLICK_SELECT → STOPPED — ignored
2026-07-03 10:00:54 [WARNING] Illegal FSM transition CLICK_SELECT → STOPPED — ignored
2026-07-03 10:00:54 [WARNING] Illegal FSM transition CLICK_SELECT → STOPPED — ignored
2026-07-03 10:00:55 [WARNING] Illegal FSM transition CLICK_SELECT → STOPPED — ignored
2026-07-03 10:00:55 [WARNING] Illegal FSM transition CLICK_SELECT → STOPPED — ignored
2026-07-03 10:00:55 [WARNING] Illegal FSM transition CLICK_SELECT → STOPPED — ignored
2026-07-03 10:00:55 [WARNING] Illegal FSM transition CLICK_SELECT → STOPPED — ignored
2026-07-03 10:00:55 [WARNING] Illegal FSM transition CLICK_SELECT → STOPPED — ignored
2026-07-03 10:00:56 [WARNING] Illegal FSM transition CLICK_SELECT → STOPPED — ignored
2026-07-03 10:00:56 [WARNING] Illegal FSM transition CLICK_SELECT → STOPPED — ignored
2026-07-03 10:00:56 [WARNING] Illegal FSM transition CLICK_SELECT → STOPPED — ignored
2026-07-03 10:00:56 [WARNING] Illegal FSM transition CLICK_SELECT → STOPPED — ignored
2026-07-03 10:00:56 [WARNING] Illegal FSM transition CLICK_SELECT → STOPPED — ignored
2026-07-03 10:00:57 [WARNING] Illegal FSM transition CLICK_SELECT → STOPPED — ignored
2026-07-03 10:00:57 [WARNING] Illegal FSM transition CLICK_SELECT → STOPPED — ignored
2026-07-03 10:00:57 [WARNING] Illegal FSM transition CLICK_SELECT → STOPPED — ignored
2026-07-03 10:00:57 [WARNING] Illegal FSM transition CLICK_SELECT → STOPPED — ignored
2026-07-03 10:00:57 [WARNING] Illegal FSM transition CLICK_SELECT → STOPPED — ignored
2026-07-03 10:00:58 [WARNING] Illegal FSM transition CLICK_SELECT → STOPPED — ignored
2026-07-03 10:00:58 [WARNING] Illegal FSM transition CLICK_SELECT → STOPPED — ignored
2026-07-03 10:00:58 [WARNING] Illegal FSM transition CLICK_SELECT → STOPPED — ignored
2026-07-03 10:00:58 [WARNING] Illegal FSM transition CLICK_SELECT → STOPPED — ignored
2026-07-03 10:00:58 [WARNING] Illegal FSM transition CLICK_SELECT → STOPPED — ignored
2026-07-03 10:00:59 [WARNING] Illegal FSM transition CLICK_SELECT → STOPPED — ignored
2026-07-03 10:00:59 [WARNING] Illegal FSM transition CLICK_SELECT → STOPPED — ignored
2026-07-03 10:00:59 [WARNING] Illegal FSM transition CLICK_SELECT → STOPPED — ignored
2026-07-03 10:00:59 [WARNING] Illegal FSM transition CLICK_SELECT → STOPPED — ignored
2026-07-03 10:00:59 [WARNING] Illegal FSM transition CLICK_SELECT → STOPPED — ignored
2026-07-03 10:01:00 [WARNING] Illegal FSM transition CLICK_SELECT → STOPPED — ignored
2026-07-03 10:01:00 [WARNING] Illegal FSM transition CLICK_SELECT → STOPPED — ignored
2026-07-03 10:01:00 [WARNING] Illegal FSM transition CLICK_SELECT → STOPPED — ignored
2026-07-03 10:01:00 [WARNING] Illegal FSM transition CLICK_SELECT → STOPPED — ignored
2026-07-03 10:01:00 [WARNING] Illegal FSM transition CLICK_SELECT → STOPPED — ignored
2026-07-03 10:01:01 [WARNING] Illegal FSM transition CLICK_SELECT → STOPPED — ignored
2026-07-03 10:01:01 [WARNING] Illegal FSM transition CLICK_SELECT → STOPPED — ignored
2026-07-03 10:01:01 [WARNING] Illegal FSM transition CLICK_SELECT → STOPPED — ignored
2026-07-03 10:01:01 [WARNING] Illegal FSM transition CLICK_SELECT → STOPPED — ignored
2026-07-03 10:01:01 [WARNING] Illegal FSM transition CLICK_SELECT → STOPPED — ignored
2026-07-03 10:01:02 [WARNING] Illegal FSM transition CLICK_SELECT → STOPPED — ignored
2026-07-03 10:01:02 [WARNING] Illegal FSM transition CLICK_SELECT → STOPPED — ignored
2026-07-03 10:01:02 [WARNING] Illegal FSM transition CLICK_SELECT → STOPPED — ignored
2026-07-03 10:01:02 [WARNING] Illegal FSM transition CLICK_SELECT → STOPPED — ignored
2026-07-03 10:01:02 [WARNING] Illegal FSM transition CLICK_SELECT → STOPPED — ignored
2026-07-03 10:01:03 [WARNING] Illegal FSM transition CLICK_SELECT → STOPPED — ignored
2026-07-03 10:01:03 [WARNING] Illegal FSM transition CLICK_SELECT → STOPPED — ignored
2026-07-03 10:01:03 [WARNING] Illegal FSM transition CLICK_SELECT → STOPPED — ignored
2026-07-03 10:01:03 [WARNING] Illegal FSM transition CLICK_SELECT → STOPPED — ignored
2026-07-03 10:01:03 [WARNING] Illegal FSM transition CLICK_SELECT → STOPPED — ignored
2026-07-03 10:01:04 [WARNING] Illegal FSM transition CLICK_SELECT → STOPPED — ignored
2026-07-03 10:01:04 [WARNING] Illegal FSM transition CLICK_SELECT → STOPPED — ignored
2026-07-03 10:01:04 [WARNING] Illegal FSM transition CLICK_SELECT → STOPPED — ignored
2026-07-03 10:01:04 [WARNING] Illegal FSM transition CLICK_SELECT → STOPPED — ignored
2026-07-03 10:01:04 [WARNING] Illegal FSM transition CLICK_SELECT → STOPPED — ignored
2026-07-03 10:01:05 [WARNING] Illegal FSM transition CLICK_SELECT → STOPPED — ignored
2026-07-03 10:01:05 [WARNING] Illegal FSM transition CLICK_SELECT → STOPPED — ignored
2026-07-03 10:01:05 [WARNING] Illegal FSM transition CLICK_SELECT → STOPPED — ignored
2026-07-03 10:01:05 [WARNING] Illegal FSM transition CLICK_SELECT → STOPPED — ignored
2026-07-03 10:01:05 [WARNING] Illegal FSM transition CLICK_SELECT → STOPPED — ignored
2026-07-03 10:01:06 [WARNING] Illegal FSM transition CLICK_SELECT → STOPPED — ignored
2026-07-03 10:01:06 [WARNING] Illegal FSM transition CLICK_SELECT → STOPPED — ignored
2026-07-03 10:01:06 [WARNING] Illegal FSM transition CLICK_SELECT → STOPPED — ignored
2026-07-03 10:01:06 [WARNING] Illegal FSM transition CLICK_SELECT → STOPPED — ignored
2026-07-03 10:01:06 [WARNING] Illegal FSM transition CLICK_SELECT → STOPPED — ignored
2026-07-03 10:01:07 [WARNING] Illegal FSM transition CLICK_SELECT → STOPPED — ignored
2026-07-03 10:01:07 [WARNING] Illegal FSM transition CLICK_SELECT → STOPPED — ignored
2026-07-03 10:01:07 [WARNING] Illegal FSM transition CLICK_SELECT → STOPPED — ignored
2026-07-03 10:01:07 [WARNING] Illegal FSM transition CLICK_SELECT → STOPPED — ignored
2026-07-03 10:01:07 [WARNING] Illegal FSM transition CLICK_SELECT → STOPPED — ignored
2026-07-03 10:01:08 [WARNING] Illegal FSM transition CLICK_SELECT → STOPPED — ignored
2026-07-03 10:01:08 [WARNING] Illegal FSM transition CLICK_SELECT → STOPPED — ignored
2026-07-03 10:01:08 [WARNING] Illegal FSM transition CLICK_SELECT → STOPPED — ignored
2026-07-03 10:01:08 [WARNING] Illegal FSM transition CLICK_SELECT → STOPPED — ignored
2026-07-03 10:01:08 [WARNING] Illegal FSM transition CLICK_SELECT → STOPPED — ignored
2026-07-03 10:01:09 [WARNING] Illegal FSM transition CLICK_SELECT → STOPPED — ignored
2026-07-03 10:01:09 [WARNING] Illegal FSM transition CLICK_SELECT → STOPPED — ignored
2026-07-03 10:01:09 [WARNING] Illegal FSM transition CLICK_SELECT → STOPPED — ignored
2026-07-03 10:01:09 [WARNING] Illegal FSM transition CLICK_SELECT → STOPPED — ignored
2026-07-03 10:01:09 [WARNING] Illegal FSM transition CLICK_SELECT → STOPPED — ignored
2026-07-03 10:01:10 [WARNING] Illegal FSM transition CLICK_SELECT → STOPPED — ignored
2026-07-03 10:01:10 [WARNING] Illegal FSM transition CLICK_SELECT → STOPPED — ignored
2026-07-03 10:01:10 [WARNING] Illegal FSM transition CLICK_SELECT → STOPPED — ignored
2026-07-03 10:01:10 [WARNING] Illegal FSM transition CLICK_SELECT → STOPPED — ignored
2026-07-03 10:01:10 [WARNING] Illegal FSM transition CLICK_SELECT → STOPPED — ignored
2026-07-03 10:01:11 [WARNING] Illegal FSM transition CLICK_SELECT → STOPPED — ignored
2026-07-03 10:01:11 [WARNING] Illegal FSM transition CLICK_SELECT → STOPPED — ignored
2026-07-03 10:01:11 [WARNING] Illegal FSM transition CLICK_SELECT → STOPPED — ignored
2026-07-03 10:01:11 [WARNING] Illegal FSM transition CLICK_SELECT → STOPPED — ignored
2026-07-03 10:01:11 [WARNING] Illegal FSM transition CLICK_SELECT → STOPPED — ignored
2026-07-03 10:01:12 [WARNING] Illegal FSM transition CLICK_SELECT → STOPPED — ignored
2026-07-03 10:01:12 [WARNING] Illegal FSM transition CLICK_SELECT → STOPPED — ignored
2026-07-03 10:01:12 [WARNING] Illegal FSM transition CLICK_SELECT → STOPPED — ignored
2026-07-03 10:01:12 [WARNING] Illegal FSM transition CLICK_SELECT → STOPPED — ignored
2026-07-03 10:01:12 [WARNING] Illegal FSM transition CLICK_SELECT → STOPPED — ignored
2026-07-03 10:01:13 [WARNING] Illegal FSM transition CLICK_SELECT → STOPPED — ignored
2026-07-03 10:01:13 [WARNING] Illegal FSM transition CLICK_SELECT → STOPPED — ignored
2026-07-03 10:01:13 [WARNING] Illegal FSM transition CLICK_SELECT → STOPPED — ignored
2026-07-03 10:01:13 [WARNING] Illegal FSM transition CLICK_SELECT → STOPPED — ignored
2026-07-03 10:01:13 [WARNING] Illegal FSM transition CLICK_SELECT → STOPPED — ignored
2026-07-03 10:01:14 [WARNING] Illegal FSM transition CLICK_SELECT → STOPPED — ignored
2026-07-03 10:01:14 [WARNING] Illegal FSM transition CLICK_SELECT → STOPPED — ignored
2026-07-03 10:01:14 [WARNING] Illegal FSM transition CLICK_SELECT → STOPPED — ignored
2026-07-03 10:01:14 [WARNING] Illegal FSM transition CLICK_SELECT → STOPPED — ignored
2026-07-03 10:01:14 [WARNING] Illegal FSM transition CLICK_SELECT → STOPPED — ignored
2026-07-03 10:01:15 [WARNING] Illegal FSM transition CLICK_SELECT → STOPPED — ignored
2026-07-03 10:01:15 [WARNING] Illegal FSM transition CLICK_SELECT → STOPPED — ignored
2026-07-03 10:01:15 [WARNING] Illegal FSM transition CLICK_SELECT → STOPPED — ignored
2026-07-03 10:01:15 [WARNING] Illegal FSM transition CLICK_SELECT → STOPPED — ignored
2026-07-03 10:01:15 [WARNING] Illegal FSM transition CLICK_SELECT → STOPPED — ignored
2026-07-03 10:01:16 [WARNING] Illegal FSM transition CLICK_SELECT → STOPPED — ignored
2026-07-03 10:01:16 [WARNING] Illegal FSM transition CLICK_SELECT → STOPPED — ignored
2026-07-03 10:01:16 [WARNING] Illegal FSM transition CLICK_SELECT → STOPPED — ignored
2026-07-03 10:01:16 [WARNING] Illegal FSM transition CLICK_SELECT → STOPPED — ignored
2026-07-03 10:01:16 [WARNING] Illegal FSM transition CLICK_SELECT → STOPPED — ignored
2026-07-03 10:01:17 [WARNING] Illegal FSM transition CLICK_SELECT → STOPPED — ignored
2026-07-03 10:01:17 [WARNING] Illegal FSM transition CLICK_SELECT → STOPPED — ignored
2026-07-03 10:01:17 [WARNING] Illegal FSM transition CLICK_SELECT → STOPPED — ignored
2026-07-03 10:01:17 [WARNING] Illegal FSM transition CLICK_SELECT → STOPPED — ignored
2026-07-03 10:01:17 [WARNING] Illegal FSM transition CLICK_SELECT → STOPPED — ignored
2026-07-03 10:01:18 [WARNING] Illegal FSM transition CLICK_SELECT → STOPPED — ignored
2026-07-03 10:01:18 [WARNING] Illegal FSM transition CLICK_SELECT → STOPPED — ignored
2026-07-03 10:01:18 [WARNING] Illegal FSM transition CLICK_SELECT → STOPPED — ignored
2026-07-03 10:01:18 [WARNING] Illegal FSM transition CLICK_SELECT → STOPPED — ignored
2026-07-03 10:01:18 [WARNING] Illegal FSM transition CLICK_SELECT → STOPPED — ignored
2026-07-03 10:01:19 [WARNING] Illegal FSM transition CLICK_SELECT → STOPPED — ignored
2026-07-03 10:01:19 [WARNING] Illegal FSM transition CLICK_SELECT → STOPPED — ignored
2026-07-03 10:01:19 [WARNING] Illegal FSM transition CLICK_SELECT → STOPPED — ignored
2026-07-03 10:01:19 [WARNING] Illegal FSM transition CLICK_SELECT → STOPPED — ignored
2026-07-03 10:01:19 [WARNING] Illegal FSM transition CLICK_SELECT → STOPPED — ignored
2026-07-03 10:01:20 [WARNING] Illegal FSM transition CLICK_SELECT → STOPPED — ignored
2026-07-03 10:01:20 [WARNING] Illegal FSM transition CLICK_SELECT → STOPPED — ignored
2026-07-03 10:01:20 [WARNING] Illegal FSM transition CLICK_SELECT → STOPPED — ignored
2026-07-03 10:01:20 [WARNING] Illegal FSM transition CLICK_SELECT → STOPPED — ignored
2026-07-03 10:01:20 [WARNING] Illegal FSM transition CLICK_SELECT → STOPPED — ignored
2026-07-03 10:01:21 [WARNING] Illegal FSM transition CLICK_SELECT → STOPPED — ignored
2026-07-03 10:01:21 [WARNING] Illegal FSM transition CLICK_SELECT → STOPPED — ignored
2026-07-03 10:01:21 [WARNING] Illegal FSM transition CLICK_SELECT → STOPPED — ignored
2026-07-03 10:01:21 [WARNING] Illegal FSM transition CLICK_SELECT → STOPPED — ignored
2026-07-03 10:01:21 [WARNING] Illegal FSM transition CLICK_SELECT → STOPPED — ignored
2026-07-03 10:01:22 [WARNING] Illegal FSM transition CLICK_SELECT → STOPPED — ignored
2026-07-03 10:01:22 [WARNING] Illegal FSM transition CLICK_SELECT → STOPPED — ignored
2026-07-03 10:01:22 [WARNING] Illegal FSM transition CLICK_SELECT → STOPPED — ignored
2026-07-03 10:01:22 [WARNING] Illegal FSM transition CLICK_SELECT → STOPPED — ignored
2026-07-03 10:01:22 [WARNING] Illegal FSM transition CLICK_SELECT → STOPPED — ignored
2026-07-03 10:01:23 [WARNING] Illegal FSM transition CLICK_SELECT → STOPPED — ignored
2026-07-03 10:01:23 [WARNING] Illegal FSM transition CLICK_SELECT → STOPPED — ignored
2026-07-03 10:01:23 [WARNING] Illegal FSM transition CLICK_SELECT → STOPPED — ignored
2026-07-03 10:01:23 [WARNING] Illegal FSM transition CLICK_SELECT → STOPPED — ignored
2026-07-03 10:01:23 [WARNING] Illegal FSM transition CLICK_SELECT → STOPPED — ignored
2026-07-03 10:01:24 [WARNING] Illegal FSM transition CLICK_SELECT → STOPPED — ignored
2026-07-03 10:01:24 [WARNING] Illegal FSM transition CLICK_SELECT → STOPPED — ignored
2026-07-03 10:01:24 [WARNING] Illegal FSM transition CLICK_SELECT → STOPPED — ignored
2026-07-03 10:01:24 [WARNING] Illegal FSM transition CLICK_SELECT → STOPPED — ignored
2026-07-03 10:01:24 [WARNING] Illegal FSM transition CLICK_SELECT → STOPPED — ignored
2026-07-03 10:01:25 [WARNING] Illegal FSM transition CLICK_SELECT → STOPPED — ignored
2026-07-03 10:01:25 [WARNING] Illegal FSM transition CLICK_SELECT → STOPPED — ignored
2026-07-03 10:01:25 [WARNING] Illegal FSM transition CLICK_SELECT → STOPPED — ignored
2026-07-03 10:01:25 [WARNING] Illegal FSM transition CLICK_SELECT → STOPPED — ignored
2026-07-03 10:01:25 [WARNING] Illegal FSM transition CLICK_SELECT → STOPPED — ignored
2026-07-03 10:01:26 [WARNING] Illegal FSM transition CLICK_SELECT → STOPPED — ignored
2026-07-03 10:01:26 [WARNING] Illegal FSM transition CLICK_SELECT → STOPPED — ignored
2026-07-03 10:01:26 [WARNING] Illegal FSM transition CLICK_SELECT → STOPPED — ignored
2026-07-03 10:01:26 [WARNING] Illegal FSM transition CLICK_SELECT → STOPPED — ignored
2026-07-03 10:01:26 [WARNING] Illegal FSM transition CLICK_SELECT → STOPPED — ignored
2026-07-03 10:01:27 [WARNING] Illegal FSM transition CLICK_SELECT → STOPPED — ignored
2026-07-03 10:01:27 [WARNING] Illegal FSM transition CLICK_SELECT → STOPPED — ignored
2026-07-03 10:01:27 [WARNING] Illegal FSM transition CLICK_SELECT → STOPPED — ignored
2026-07-03 10:01:27 [WARNING] Illegal FSM transition CLICK_SELECT → STOPPED — ignored
2026-07-03 10:01:27 [WARNING] Illegal FSM transition CLICK_SELECT → STOPPED — ignored
2026-07-03 10:01:28 [WARNING] Illegal FSM transition CLICK_SELECT → STOPPED — ignored
2026-07-03 10:01:28 [WARNING] Illegal FSM transition CLICK_SELECT → STOPPED — ignored
2026-07-03 10:01:28 [WARNING] Illegal FSM transition CLICK_SELECT → STOPPED — ignored
2026-07-03 10:01:28 [WARNING] Illegal FSM transition CLICK_SELECT → STOPPED — ignored
2026-07-03 10:01:28 [WARNING] Illegal FSM transition CLICK_SELECT → STOPPED — ignored
2026-07-03 10:01:29 [WARNING] Illegal FSM transition CLICK_SELECT → STOPPED — ignored
2026-07-03 10:01:29 [WARNING] Illegal FSM transition CLICK_SELECT → STOPPED — ignored
2026-07-03 10:01:29 [WARNING] Illegal FSM transition CLICK_SELECT → STOPPED — ignored
2026-07-03 10:01:29 [WARNING] Illegal FSM transition CLICK_SELECT → STOPPED — ignored
2026-07-03 10:01:29 [WARNING] Illegal FSM transition CLICK_SELECT → STOPPED — ignored
2026-07-03 10:01:30 [WARNING] Illegal FSM transition CLICK_SELECT → STOPPED — ignored
2026-07-03 10:01:30 [WARNING] Illegal FSM transition CLICK_SELECT → STOPPED — ignored
2026-07-03 10:01:30 [WARNING] Illegal FSM transition CLICK_SELECT → STOPPED — ignored
2026-07-03 10:01:30 [WARNING] Illegal FSM transition CLICK_SELECT → STOPPED — ignored
2026-07-03 10:01:30 [WARNING] Illegal FSM transition CLICK_SELECT → STOPPED — ignored
2026-07-03 10:01:31 [WARNING] Illegal FSM transition CLICK_SELECT → STOPPED — ignored
2026-07-03 10:01:31 [WARNING] Illegal FSM transition CLICK_SELECT → STOPPED — ignored
2026-07-03 10:01:31 [WARNING] Illegal FSM transition CLICK_SELECT → STOPPED — ignored
2026-07-03 10:01:31 [WARNING] Illegal FSM transition CLICK_SELECT → STOPPED — ignored
2026-07-03 10:01:31 [WARNING] Illegal FSM transition CLICK_SELECT → STOPPED — ignored
2026-07-03 10:01:32 [WARNING] Illegal FSM transition CLICK_SELECT → STOPPED — ignored
2026-07-03 10:01:32 [WARNING] Illegal FSM transition CLICK_SELECT → STOPPED — ignored
2026-07-03 10:01:32 [WARNING] Illegal FSM transition CLICK_SELECT → STOPPED — ignored
2026-07-03 10:01:32 [WARNING] Illegal FSM transition CLICK_SELECT → STOPPED — ignored
2026-07-03 10:01:32 [WARNING] Illegal FSM transition CLICK_SELECT → STOPPED — ignored
2026-07-03 10:01:33 [WARNING] Illegal FSM transition CLICK_SELECT → STOPPED — ignored
2026-07-03 10:01:33 [WARNING] Illegal FSM transition CLICK_SELECT → STOPPED — ignored
2026-07-03 10:01:33 [WARNING] Illegal FSM transition CLICK_SELECT → STOPPED — ignored
2026-07-03 10:01:33 [WARNING] Illegal FSM transition CLICK_SELECT → STOPPED — ignored
2026-07-03 10:01:33 [WARNING] Illegal FSM transition CLICK_SELECT → STOPPED — ignored
2026-07-03 10:01:34 [WARNING] Illegal FSM transition CLICK_SELECT → STOPPED — ignored
2026-07-03 10:01:34 [WARNING] Illegal FSM transition CLICK_SELECT → STOPPED — ignored
2026-07-03 10:01:34 [WARNING] Illegal FSM transition CLICK_SELECT → STOPPED — ignored
2026-07-03 10:01:34 [WARNING] Illegal FSM transition CLICK_SELECT → STOPPED — ignored
2026-07-03 10:01:34 [WARNING] Illegal FSM transition CLICK_SELECT → STOPPED — ignored
2026-07-03 10:01:35 [WARNING] Illegal FSM transition CLICK_SELECT → STOPPED — ignored
2026-07-03 10:01:35 [WARNING] Illegal FSM transition CLICK_SELECT → STOPPED — ignored
2026-07-03 10:01:35 [WARNING] Illegal FSM transition CLICK_SELECT → STOPPED — ignored
2026-07-03 10:01:35 [WARNING] Illegal FSM transition CLICK_SELECT → STOPPED — ignored
2026-07-03 10:01:35 [WARNING] Illegal FSM transition CLICK_SELECT → STOPPED — ignored
2026-07-03 10:01:36 [WARNING] Illegal FSM transition CLICK_SELECT → STOPPED — ignored
2026-07-03 10:01:36 [WARNING] Illegal FSM transition CLICK_SELECT → STOPPED — ignored
2026-07-03 10:01:36 [WARNING] Illegal FSM transition CLICK_SELECT → STOPPED — ignored
2026-07-03 10:01:36 [WARNING] Illegal FSM transition CLICK_SELECT → STOPPED — ignored
2026-07-03 10:01:36 [WARNING] Illegal FSM transition CLICK_SELECT → STOPPED — ignored
2026-07-03 10:01:37 [WARNING] Illegal FSM transition CLICK_SELECT → STOPPED — ignored
2026-07-03 10:01:37 [WARNING] Illegal FSM transition CLICK_SELECT → STOPPED — ignored
2026-07-03 10:01:37 [WARNING] Illegal FSM transition CLICK_SELECT → STOPPED — ignored
2026-07-03 10:01:37 [WARNING] Illegal FSM transition CLICK_SELECT → STOPPED — ignored
2026-07-03 10:01:37 [WARNING] Illegal FSM transition CLICK_SELECT → STOPPED — ignored
2026-07-03 10:01:38 [WARNING] Illegal FSM transition CLICK_SELECT → STOPPED — ignored
2026-07-03 10:01:38 [WARNING] Illegal FSM transition CLICK_SELECT → STOPPED — ignored
2026-07-03 10:01:38 [WARNING] Illegal FSM transition CLICK_SELECT → STOPPED — ignored
2026-07-03 10:01:38 [WARNING] Illegal FSM transition CLICK_SELECT → STOPPED — ignored
2026-07-03 10:01:38 [WARNING] Illegal FSM transition CLICK_SELECT → STOPPED — ignored
2026-07-03 10:01:39 [WARNING] Illegal FSM transition CLICK_SELECT → STOPPED — ignored
2026-07-03 10:01:39 [WARNING] Illegal FSM transition CLICK_SELECT → STOPPED — ignored
2026-07-03 10:01:39 [WARNING] Illegal FSM transition CLICK_SELECT → STOPPED — ignored
2026-07-03 10:01:39 [WARNING] Illegal FSM transition CLICK_SELECT → STOPPED — ignored
2026-07-03 10:01:39 [WARNING] Illegal FSM transition CLICK_SELECT → STOPPED — ignored
2026-07-03 10:01:40 [WARNING] Illegal FSM transition CLICK_SELECT → STOPPED — ignored
2026-07-03 10:01:40 [WARNING] Illegal FSM transition CLICK_SELECT → STOPPED — ignored
2026-07-03 10:01:40 [WARNING] Illegal FSM transition CLICK_SELECT → STOPPED — ignored
2026-07-03 10:01:40 [WARNING] Illegal FSM transition CLICK_SELECT → STOPPED — ignored
2026-07-03 10:01:40 [WARNING] Illegal FSM transition CLICK_SELECT → STOPPED — ignored
2026-07-03 10:01:41 [WARNING] Illegal FSM transition CLICK_SELECT → STOPPED — ignored
2026-07-03 10:01:41 [WARNING] Illegal FSM transition CLICK_SELECT → STOPPED — ignored
2026-07-03 10:01:41 [WARNING] Illegal FSM transition CLICK_SELECT → STOPPED — ignored
2026-07-03 10:01:41 [WARNING] Illegal FSM transition CLICK_SELECT → STOPPED — ignored
2026-07-03 10:01:41 [WARNING] Illegal FSM transition CLICK_SELECT → STOPPED — ignored
2026-07-03 10:01:42 [WARNING] Illegal FSM transition CLICK_SELECT → STOPPED — ignored
2026-07-03 10:01:42 [WARNING] Illegal FSM transition CLICK_SELECT → STOPPED — ignored
2026-07-03 10:01:42 [WARNING] Illegal FSM transition CLICK_SELECT → STOPPED — ignored
2026-07-03 10:01:42 [WARNING] Illegal FSM transition CLICK_SELECT → STOPPED — ignored
2026-07-03 10:01:42 [WARNING] Illegal FSM transition CLICK_SELECT → STOPPED — ignored
2026-07-03 10:01:43 [WARNING] Illegal FSM transition CLICK_SELECT → STOPPED — ignored
2026-07-03 10:01:43 [WARNING] Illegal FSM transition CLICK_SELECT → STOPPED — ignored
2026-07-03 10:01:43 [WARNING] Illegal FSM transition CLICK_SELECT → STOPPED — ignored
2026-07-03 10:01:43 [WARNING] Illegal FSM transition CLICK_SELECT → STOPPED — ignored
2026-07-03 10:01:43 [WARNING] Illegal FSM transition CLICK_SELECT → STOPPED — ignored
2026-07-03 10:01:44 [WARNING] Illegal FSM transition CLICK_SELECT → STOPPED — ignored
2026-07-03 10:01:44 [WARNING] Illegal FSM transition CLICK_SELECT → STOPPED — ignored
2026-07-03 10:01:44 [WARNING] Illegal FSM transition CLICK_SELECT → STOPPED — ignored
2026-07-03 10:01:44 [WARNING] Illegal FSM transition CLICK_SELECT → STOPPED — ignored
2026-07-03 10:01:44 [WARNING] Illegal FSM transition CLICK_SELECT → STOPPED — ignored
2026-07-03 10:01:45 [WARNING] Illegal FSM transition CLICK_SELECT → STOPPED — ignored
2026-07-03 10:01:45 [WARNING] Illegal FSM transition CLICK_SELECT → STOPPED — ignored
2026-07-03 10:01:45 [WARNING] Illegal FSM transition CLICK_SELECT → STOPPED — ignored
2026-07-03 10:01:45 [WARNING] Illegal FSM transition CLICK_SELECT → STOPPED — ignored
2026-07-03 10:01:45 [WARNING] Illegal FSM transition CLICK_SELECT → STOPPED — ignored
2026-07-03 10:01:46 [WARNING] Illegal FSM transition CLICK_SELECT → STOPPED — ignored
2026-07-03 10:01:46 [WARNING] Illegal FSM transition CLICK_SELECT → STOPPED — ignored
2026-07-03 10:01:46 [WARNING] Illegal FSM transition CLICK_SELECT → STOPPED — ignored
2026-07-03 10:01:46 [WARNING] Illegal FSM transition CLICK_SELECT → STOPPED — ignored
2026-07-03 10:01:46 [WARNING] Illegal FSM transition CLICK_SELECT → STOPPED — ignored
2026-07-03 10:01:47 [WARNING] Illegal FSM transition CLICK_SELECT → STOPPED — ignored
2026-07-03 10:01:47 [WARNING] Illegal FSM transition CLICK_SELECT → STOPPED — ignored
2026-07-03 10:01:47 [WARNING] Illegal FSM transition CLICK_SELECT → STOPPED — ignored
2026-07-03 10:01:47 [WARNING] Illegal FSM transition CLICK_SELECT → STOPPED — ignored
2026-07-03 10:01:47 [WARNING] Illegal FSM transition CLICK_SELECT → STOPPED — ignored
2026-07-03 10:01:48 [WARNING] Illegal FSM transition CLICK_SELECT → STOPPED — ignored
2026-07-03 10:01:48 [WARNING] Illegal FSM transition CLICK_SELECT → STOPPED — ignored
2026-07-03 10:01:48 [WARNING] Illegal FSM transition CLICK_SELECT → STOPPED — ignored
2026-07-03 10:01:48 [WARNING] Illegal FSM transition CLICK_SELECT → STOPPED — ignored
2026-07-03 10:01:48 [WARNING] Illegal FSM transition CLICK_SELECT → STOPPED — ignored
2026-07-03 10:01:49 [WARNING] Illegal FSM transition CLICK_SELECT → STOPPED — ignored
2026-07-03 10:01:49 [WARNING] Illegal FSM transition CLICK_SELECT → STOPPED — ignored
2026-07-03 10:01:49 [WARNING] Illegal FSM transition CLICK_SELECT → STOPPED — ignored
2026-07-03 10:01:49 [WARNING] Illegal FSM transition CLICK_SELECT → STOPPED — ignored
2026-07-03 10:01:49 [WARNING] Illegal FSM transition CLICK_SELECT → STOPPED — ignored
2026-07-03 10:01:50 [WARNING] Illegal FSM transition CLICK_SELECT → STOPPED — ignored
2026-07-03 10:01:50 [WARNING] Illegal FSM transition CLICK_SELECT → STOPPED — ignored
2026-07-03 10:01:50 [WARNING] Illegal FSM transition CLICK_SELECT → STOPPED — ignored
2026-07-03 10:01:50 [WARNING] Illegal FSM transition CLICK_SELECT → STOPPED — ignored
2026-07-03 10:01:50 [WARNING] Illegal FSM transition CLICK_SELECT → STOPPED — ignored
2026-07-03 10:01:51 [WARNING] Illegal FSM transition CLICK_SELECT → STOPPED — ignored
2026-07-03 10:01:51 [WARNING] Illegal FSM transition CLICK_SELECT → STOPPED — ignored
2026-07-03 10:01:51 [WARNING] Illegal FSM transition CLICK_SELECT → STOPPED — ignored
2026-07-03 10:01:51 [WARNING] Illegal FSM transition CLICK_SELECT → STOPPED — ignored
2026-07-03 10:01:51 [WARNING] Illegal FSM transition CLICK_SELECT → STOPPED — ignored
2026-07-03 10:01:52 [WARNING] Illegal FSM transition CLICK_SELECT → STOPPED — ignored
2026-07-03 10:01:52 [WARNING] Illegal FSM transition CLICK_SELECT → STOPPED — ignored
2026-07-03 10:01:52 [WARNING] Illegal FSM transition CLICK_SELECT → STOPPED — ignored
2026-07-03 10:01:52 [WARNING] Illegal FSM transition CLICK_SELECT → STOPPED — ignored
2026-07-03 10:01:52 [WARNING] Illegal FSM transition CLICK_SELECT → STOPPED — ignored
2026-07-03 10:01:53 [WARNING] Illegal FSM transition CLICK_SELECT → STOPPED — ignored
2026-07-03 10:01:53 [WARNING] Illegal FSM transition CLICK_SELECT → STOPPED — ignored
2026-07-03 10:01:53 [WARNING] Illegal FSM transition CLICK_SELECT → STOPPED — ignored
2026-07-03 10:01:53 [WARNING] Illegal FSM transition CLICK_SELECT → STOPPED — ignored
2026-07-03 10:01:53 [WARNING] Illegal FSM transition CLICK_SELECT → STOPPED — ignored
2026-07-03 10:01:54 [WARNING] Illegal FSM transition CLICK_SELECT → STOPPED — ignored
2026-07-03 10:01:54 [WARNING] Illegal FSM transition CLICK_SELECT → STOPPED — ignored
2026-07-03 10:01:54 [WARNING] Illegal FSM transition CLICK_SELECT → STOPPED — ignored
2026-07-03 10:01:54 [WARNING] Illegal FSM transition CLICK_SELECT → STOPPED — ignored
2026-07-03 10:01:54 [WARNING] Illegal FSM transition CLICK_SELECT → STOPPED — ignored
2026-07-03 10:01:55 [WARNING] Illegal FSM transition CLICK_SELECT → STOPPED — ignored
2026-07-03 10:01:55 [WARNING] Illegal FSM transition CLICK_SELECT → STOPPED — ignored
2026-07-03 10:01:55 [WARNING] Illegal FSM transition CLICK_SELECT → STOPPED — ignored
2026-07-03 10:01:55 [WARNING] Illegal FSM transition CLICK_SELECT → STOPPED — ignored
2026-07-03 10:01:55 [WARNING] Illegal FSM transition CLICK_SELECT → STOPPED — ignored
2026-07-03 10:01:56 [WARNING] Illegal FSM transition CLICK_SELECT → STOPPED — ignored
2026-07-03 10:01:56 [WARNING] Illegal FSM transition CLICK_SELECT → STOPPED — ignored
2026-07-03 10:01:56 [WARNING] Illegal FSM transition CLICK_SELECT → STOPPED — ignored
2026-07-03 10:01:56 [WARNING] Illegal FSM transition CLICK_SELECT → STOPPED — ignored
2026-07-03 10:01:56 [WARNING] Illegal FSM transition CLICK_SELECT → STOPPED — ignored
2026-07-03 10:01:57 [WARNING] Illegal FSM transition CLICK_SELECT → STOPPED — ignored
2026-07-03 10:01:57 [WARNING] Illegal FSM transition CLICK_SELECT → STOPPED — ignored
2026-07-03 10:01:57 [WARNING] Illegal FSM transition CLICK_SELECT → STOPPED — ignored
2026-07-03 10:01:57 [WARNING] Illegal FSM transition CLICK_SELECT → STOPPED — ignored
2026-07-03 10:01:57 [WARNING] Illegal FSM transition CLICK_SELECT → STOPPED — ignored
2026-07-03 10:01:58 [WARNING] Illegal FSM transition CLICK_SELECT → STOPPED — ignored
2026-07-03 10:01:58 [WARNING] Illegal FSM transition CLICK_SELECT → STOPPED — ignored
2026-07-03 10:01:58 [WARNING] Illegal FSM transition CLICK_SELECT → STOPPED — ignored
2026-07-03 10:01:58 [WARNING] Illegal FSM transition CLICK_SELECT → STOPPED — ignored
2026-07-03 10:01:58 [WARNING] Illegal FSM transition CLICK_SELECT → STOPPED — ignored
2026-07-03 10:01:59 [WARNING] Illegal FSM transition CLICK_SELECT → STOPPED — ignored
2026-07-03 10:01:59 [WARNING] Illegal FSM transition CLICK_SELECT → STOPPED — ignored
2026-07-03 10:01:59 [WARNING] Illegal FSM transition CLICK_SELECT → STOPPED — ignored
2026-07-03 10:01:59 [WARNING] Illegal FSM transition CLICK_SELECT → STOPPED — ignored
2026-07-03 10:01:59 [WARNING] Illegal FSM transition CLICK_SELECT → STOPPED — ignored
2026-07-03 10:02:00 [WARNING] Illegal FSM transition CLICK_SELECT → STOPPED — ignored
2026-07-03 10:02:00 [WARNING] Illegal FSM transition CLICK_SELECT → STOPPED — ignored
2026-07-03 10:02:00 [WARNING] Illegal FSM transition CLICK_SELECT → STOPPED — ignored
2026-07-03 10:02:00 [WARNING] Illegal FSM transition CLICK_SELECT → STOPPED — ignored
2026-07-03 10:02:00 [WARNING] Illegal FSM transition CLICK_SELECT → STOPPED — ignored
2026-07-03 10:02:01 [WARNING] Illegal FSM transition CLICK_SELECT → STOPPED — ignored
2026-07-03 10:02:01 [WARNING] Illegal FSM transition CLICK_SELECT → STOPPED — ignored
2026-07-03 10:02:01 [WARNING] Illegal FSM transition CLICK_SELECT → STOPPED — ignored
2026-07-03 10:02:01 [WARNING] Illegal FSM transition CLICK_SELECT → STOPPED — ignored
2026-07-03 10:02:01 [WARNING] Illegal FSM transition CLICK_SELECT → STOPPED — ignored
2026-07-03 10:02:02 [WARNING] Illegal FSM transition CLICK_SELECT → STOPPED — ignored
2026-07-03 10:02:02 [WARNING] Illegal FSM transition CLICK_SELECT → STOPPED — ignored
2026-07-03 10:02:02 [WARNING] Illegal FSM transition CLICK_SELECT → STOPPED — ignored
2026-07-03 10:02:02 [WARNING] Illegal FSM transition CLICK_SELECT → STOPPED — ignored
2026-07-03 10:02:02 [WARNING] Illegal FSM transition CLICK_SELECT → STOPPED — ignored
2026-07-03 10:02:03 [WARNING] Illegal FSM transition CLICK_SELECT → STOPPED — ignored
2026-07-03 10:02:03 [WARNING] Illegal FSM transition CLICK_SELECT → STOPPED — ignored
2026-07-03 10:02:03 [WARNING] Illegal FSM transition CLICK_SELECT → STOPPED — ignored
2026-07-03 10:02:03 [WARNING] Illegal FSM transition CLICK_SELECT → STOPPED — ignored
2026-07-03 10:02:03 [WARNING] Illegal FSM transition CLICK_SELECT → STOPPED — ignored
2026-07-03 10:02:04 [WARNING] Illegal FSM transition CLICK_SELECT → STOPPED — ignored
2026-07-03 10:02:04 [WARNING] Illegal FSM transition CLICK_SELECT → STOPPED — ignored
2026-07-03 10:02:04 [WARNING] Illegal FSM transition CLICK_SELECT → STOPPED — ignored
2026-07-03 10:02:04 [WARNING] Illegal FSM transition CLICK_SELECT → STOPPED — ignored
2026-07-03 10:02:04 [WARNING] Illegal FSM transition CLICK_SELECT → STOPPED — ignored
2026-07-03 10:02:05 [WARNING] Illegal FSM transition CLICK_SELECT → STOPPED — ignored
2026-07-03 10:02:05 [WARNING] Illegal FSM transition CLICK_SELECT → STOPPED — ignored
2026-07-03 10:02:05 [WARNING] Illegal FSM transition CLICK_SELECT → STOPPED — ignored
2026-07-03 10:02:05 [WARNING] Illegal FSM transition CLICK_SELECT → STOPPED — ignored
2026-07-03 10:02:05 [WARNING] Illegal FSM transition CLICK_SELECT → STOPPED — ignored
2026-07-03 10:02:06 [WARNING] Illegal FSM transition CLICK_SELECT → STOPPED — ignored
2026-07-03 10:02:06 [WARNING] Illegal FSM transition CLICK_SELECT → STOPPED — ignored
2026-07-03 10:02:06 [WARNING] Illegal FSM transition CLICK_SELECT → STOPPED — ignored
2026-07-03 10:02:06 [WARNING] Illegal FSM transition CLICK_SELECT → STOPPED — ignored
2026-07-03 10:02:06 [WARNING] Illegal FSM transition CLICK_SELECT → STOPPED — ignored
2026-07-03 10:02:07 [WARNING] Illegal FSM transition CLICK_SELECT → STOPPED — ignored
2026-07-03 10:02:07 [WARNING] Illegal FSM transition CLICK_SELECT → STOPPED — ignored
2026-07-03 10:02:07 [WARNING] Illegal FSM transition CLICK_SELECT → STOPPED — ignored
2026-07-03 10:02:07 [WARNING] Illegal FSM transition CLICK_SELECT → STOPPED — ignored
2026-07-03 10:02:07 [WARNING] Illegal FSM transition CLICK_SELECT → STOPPED — ignored
2026-07-03 10:02:08 [WARNING] Illegal FSM transition CLICK_SELECT → STOPPED — ignored
2026-07-03 10:02:08 [WARNING] Illegal FSM transition CLICK_SELECT → STOPPED — ignored
2026-07-03 10:02:08 [WARNING] Illegal FSM transition CLICK_SELECT → STOPPED — ignored
2026-07-03 10:02:08 [WARNING] Illegal FSM transition CLICK_SELECT → STOPPED — ignored
2026-07-03 10:02:08 [WARNING] Illegal FSM transition CLICK_SELECT → STOPPED — ignored
2026-07-03 10:02:09 [WARNING] Illegal FSM transition CLICK_SELECT → STOPPED — ignored
2026-07-03 10:02:09 [WARNING] Illegal FSM transition CLICK_SELECT → STOPPED — ignored
2026-07-03 10:02:09 [WARNING] Illegal FSM transition CLICK_SELECT → STOPPED — ignored
2026-07-03 10:02:09 [WARNING] Illegal FSM transition CLICK_SELECT → STOPPED — ignored
2026-07-03 10:02:09 [WARNING] Illegal FSM transition CLICK_SELECT → STOPPED — ignored
2026-07-03 10:02:10 [WARNING] Illegal FSM transition CLICK_SELECT → STOPPED — ignored
2026-07-03 10:02:10 [WARNING] Illegal FSM transition CLICK_SELECT → STOPPED — ignored
2026-07-03 10:02:10 [WARNING] Illegal FSM transition CLICK_SELECT → STOPPED — ignored
2026-07-03 10:02:10 [WARNING] Illegal FSM transition CLICK_SELECT → STOPPED — ignored
2026-07-03 10:02:10 [WARNING] Illegal FSM transition CLICK_SELECT → STOPPED — ignored
2026-07-03 10:02:11 [WARNING] Illegal FSM transition CLICK_SELECT → STOPPED — ignored
2026-07-03 10:02:11 [WARNING] Illegal FSM transition CLICK_SELECT → STOPPED — ignored
2026-07-03 10:02:11 [WARNING] Illegal FSM transition CLICK_SELECT → STOPPED — ignored
2026-07-03 10:02:11 [WARNING] Illegal FSM transition CLICK_SELECT → STOPPED — ignored
2026-07-03 10:02:11 [WARNING] Illegal FSM transition CLICK_SELECT → STOPPED — ignored
2026-07-03 10:02:12 [WARNING] Illegal FSM transition CLICK_SELECT → STOPPED — ignored
2026-07-03 10:02:12 [WARNING] Illegal FSM transition CLICK_SELECT → STOPPED — ignored
2026-07-03 10:02:12 [WARNING] Illegal FSM transition CLICK_SELECT → STOPPED — ignored
2026-07-03 10:02:12 [WARNING] Illegal FSM transition CLICK_SELECT → STOPPED — ignored
2026-07-03 10:02:12 [WARNING] Illegal FSM transition CLICK_SELECT → STOPPED — ignored
2026-07-03 10:02:13 [WARNING] Illegal FSM transition CLICK_SELECT → STOPPED — ignored
2026-07-03 10:02:13 [WARNING] Illegal FSM transition CLICK_SELECT → STOPPED — ignored
2026-07-03 10:02:13 [WARNING] Illegal FSM transition CLICK_SELECT → STOPPED — ignored
2026-07-03 10:02:13 [WARNING] Illegal FSM transition CLICK_SELECT → STOPPED — ignored
2026-07-03 10:02:13 [WARNING] Illegal FSM transition CLICK_SELECT → STOPPED — ignored
2026-07-03 10:02:14 [WARNING] Illegal FSM transition CLICK_SELECT → STOPPED — ignored
2026-07-03 10:02:14 [WARNING] Illegal FSM transition CLICK_SELECT → STOPPED — ignored
2026-07-03 10:02:14 [WARNING] Illegal FSM transition CLICK_SELECT → STOPPED — ignored
2026-07-03 10:02:14 [WARNING] Illegal FSM transition CLICK_SELECT → STOPPED — ignored
2026-07-03 10:02:14 [WARNING] Illegal FSM transition CLICK_SELECT → STOPPED — ignored
2026-07-03 10:02:15 [WARNING] Illegal FSM transition CLICK_SELECT → STOPPED — ignored
2026-07-03 10:02:15 [WARNING] Illegal FSM transition CLICK_SELECT → STOPPED — ignored
2026-07-03 10:02:15 [WARNING] Illegal FSM transition CLICK_SELECT → STOPPED — ignored
2026-07-03 10:02:15 [WARNING] Illegal FSM transition CLICK_SELECT → STOPPED — ignored
2026-07-03 10:02:15 [WARNING] Illegal FSM transition CLICK_SELECT → STOPPED — ignored
2026-07-03 10:02:16 [WARNING] Illegal FSM transition CLICK_SELECT → STOPPED — ignored
2026-07-03 10:02:16 [WARNING] Illegal FSM transition CLICK_SELECT → STOPPED — ignored
2026-07-03 10:02:16 [WARNING] Illegal FSM transition CLICK_SELECT → STOPPED — ignored
2026-07-03 10:02:16 [WARNING] Illegal FSM transition CLICK_SELECT → STOPPED — ignored
2026-07-03 10:02:16 [WARNING] Illegal FSM transition CLICK_SELECT → STOPPED — ignored
2026-07-03 10:02:17 [WARNING] Illegal FSM transition CLICK_SELECT → STOPPED — ignored
2026-07-03 10:02:17 [WARNING] Illegal FSM transition CLICK_SELECT → STOPPED — ignored
2026-07-03 10:02:17 [WARNING] Illegal FSM transition CLICK_SELECT → STOPPED — ignored
2026-07-03 10:02:17 [WARNING] Illegal FSM transition CLICK_SELECT → STOPPED — ignored
2026-07-03 10:02:17 [WARNING] Illegal FSM transition CLICK_SELECT → STOPPED — ignored
2026-07-03 10:02:18 [WARNING] Illegal FSM transition CLICK_SELECT → STOPPED — ignored
2026-07-03 10:02:18 [WARNING] Illegal FSM transition CLICK_SELECT → STOPPED — ignored
2026-07-03 10:02:18 [WARNING] Illegal FSM transition CLICK_SELECT → STOPPED — ignored
2026-07-03 10:02:18 [WARNING] Illegal FSM transition CLICK_SELECT → STOPPED — ignored
2026-07-03 10:02:18 [WARNING] Illegal FSM transition CLICK_SELECT → STOPPED — ignored
2026-07-03 10:02:19 [WARNING] Illegal FSM transition CLICK_SELECT → STOPPED — ignored
2026-07-03 10:02:19 [WARNING] Illegal FSM transition CLICK_SELECT → STOPPED — ignored
2026-07-03 10:02:19 [WARNING] Illegal FSM transition CLICK_SELECT → STOPPED — ignored
2026-07-03 10:02:19 [WARNING] Illegal FSM transition CLICK_SELECT → STOPPED — ignored
2026-07-03 10:02:19 [WARNING] Illegal FSM transition CLICK_SELECT → STOPPED — ignored
2026-07-03 10:02:20 [WARNING] Illegal FSM transition CLICK_SELECT → STOPPED — ignored
2026-07-03 10:02:20 [WARNING] Illegal FSM transition CLICK_SELECT → STOPPED — ignored
2026-07-03 10:02:20 [WARNING] Illegal FSM transition CLICK_SELECT → STOPPED — ignored
2026-07-03 10:02:20 [WARNING] Illegal FSM transition CLICK_SELECT → STOPPED — ignored
2026-07-03 10:02:20 [WARNING] Illegal FSM transition CLICK_SELECT → STOPPED — ignored
2026-07-03 10:02:21 [WARNING] Illegal FSM transition CLICK_SELECT → STOPPED — ignored
2026-07-03 10:02:21 [WARNING] Illegal FSM transition CLICK_SELECT → STOPPED — ignored
2026-07-03 10:02:21 [WARNING] Illegal FSM transition CLICK_SELECT → STOPPED — ignored
2026-07-03 10:02:21 [WARNING] Illegal FSM transition CLICK_SELECT → STOPPED — ignored
2026-07-03 10:02:21 [WARNING] Illegal FSM transition CLICK_SELECT → STOPPED — ignored
2026-07-03 10:02:22 [WARNING] Illegal FSM transition CLICK_SELECT → STOPPED — ignored
2026-07-03 10:02:22 [WARNING] Illegal FSM transition CLICK_SELECT → STOPPED — ignored
2026-07-03 10:02:22 [WARNING] Illegal FSM transition CLICK_SELECT → STOPPED — ignored
2026-07-03 10:02:22 [WARNING] Illegal FSM transition CLICK_SELECT → STOPPED — ignored
2026-07-03 10:02:22 [WARNING] Illegal FSM transition CLICK_SELECT → STOPPED — ignored
2026-07-03 10:02:23 [WARNING] Illegal FSM transition CLICK_SELECT → STOPPED — ignored
2026-07-03 10:02:23 [WARNING] Illegal FSM transition CLICK_SELECT → STOPPED — ignored
2026-07-03 10:02:23 [WARNING] Illegal FSM transition CLICK_SELECT → STOPPED — ignored
2026-07-03 10:02:23 [WARNING] Illegal FSM transition CLICK_SELECT → STOPPED — ignored
2026-07-03 10:02:23 [WARNING] Illegal FSM transition CLICK_SELECT → STOPPED — ignored
2026-07-03 10:02:24 [WARNING] Illegal FSM transition CLICK_SELECT → STOPPED — ignored
2026-07-03 10:02:24 [WARNING] Illegal FSM transition CLICK_SELECT → STOPPED — ignored
2026-07-03 10:02:24 [WARNING] Illegal FSM transition CLICK_SELECT → STOPPED — ignored
2026-07-03 10:02:24 [WARNING] Illegal FSM transition CLICK_SELECT → STOPPED — ignored
2026-07-03 10:02:24 [WARNING] Illegal FSM transition CLICK_SELECT → STOPPED — ignored
2026-07-03 10:02:25 [WARNING] Illegal FSM transition CLICK_SELECT → STOPPED — ignored
2026-07-03 10:02:25 [WARNING] Illegal FSM transition CLICK_SELECT → STOPPED — ignored
2026-07-03 10:02:25 [WARNING] Illegal FSM transition CLICK_SELECT → STOPPED — ignored
2026-07-03 10:02:25 [WARNING] Illegal FSM transition CLICK_SELECT → STOPPED — ignored
2026-07-03 10:02:25 [WARNING] Illegal FSM transition CLICK_SELECT → STOPPED — ignored
2026-07-03 10:02:26 [WARNING] Illegal FSM transition CLICK_SELECT → STOPPED — ignored
2026-07-03 10:02:26 [WARNING] Illegal FSM transition CLICK_SELECT → STOPPED — ignored
2026-07-03 10:02:26 [WARNING] Illegal FSM transition CLICK_SELECT → STOPPED — ignored
2026-07-03 10:02:26 [WARNING] Illegal FSM transition CLICK_SELECT → STOPPED — ignored
2026-07-03 10:02:26 [WARNING] Illegal FSM transition CLICK_SELECT → STOPPED — ignored
2026-07-03 10:02:27 [WARNING] Illegal FSM transition CLICK_SELECT → STOPPED — ignored
2026-07-03 10:02:27 [WARNING] Illegal FSM transition CLICK_SELECT → STOPPED — ignored
2026-07-03 10:02:27 [WARNING] Illegal FSM transition CLICK_SELECT → STOPPED — ignored
2026-07-03 10:02:27 [WARNING] Illegal FSM transition CLICK_SELECT → STOPPED — ignored
2026-07-03 10:02:27 [WARNING] Illegal FSM transition CLICK_SELECT → STOPPED — ignored
2026-07-03 10:02:28 [WARNING] Illegal FSM transition CLICK_SELECT → STOPPED — ignored
2026-07-03 10:02:28 [WARNING] Illegal FSM transition CLICK_SELECT → STOPPED — ignored
2026-07-03 10:02:28 [WARNING] Illegal FSM transition CLICK_SELECT → STOPPED — ignored
2026-07-03 10:02:28 [WARNING] Illegal FSM transition CLICK_SELECT → STOPPED — ignored
2026-07-03 10:02:28 [WARNING] Illegal FSM transition CLICK_SELECT → STOPPED — ignored
2026-07-03 10:02:29 [WARNING] Illegal FSM transition CLICK_SELECT → STOPPED — ignored
2026-07-03 10:02:29 [WARNING] Illegal FSM transition CLICK_SELECT → STOPPED — ignored
2026-07-03 10:02:29 [WARNING] Illegal FSM transition CLICK_SELECT → STOPPED — ignored
2026-07-03 10:02:29 [WARNING] Illegal FSM transition CLICK_SELECT → STOPPED — ignored
2026-07-03 10:02:29 [WARNING] Illegal FSM transition CLICK_SELECT → STOPPED — ignored
2026-07-03 10:02:30 [WARNING] Illegal FSM transition CLICK_SELECT → STOPPED — ignored
2026-07-03 10:02:30 [WARNING] Illegal FSM transition CLICK_SELECT → STOPPED — ignored
2026-07-03 10:02:30 [WARNING] Illegal FSM transition CLICK_SELECT → STOPPED — ignored
2026-07-03 10:02:30 [WARNING] Illegal FSM transition CLICK_SELECT → STOPPED — ignored
2026-07-03 10:02:30 [WARNING] Illegal FSM transition CLICK_SELECT → STOPPED — ignored
2026-07-03 10:02:31 [WARNING] Illegal FSM transition CLICK_SELECT → STOPPED — ignored
2026-07-03 10:02:31 [WARNING] Illegal FSM transition CLICK_SELECT → STOPPED — ignored
2026-07-03 10:02:31 [WARNING] Illegal FSM transition CLICK_SELECT → STOPPED — ignored
2026-07-03 10:02:31 [WARNING] Illegal FSM transition CLICK_SELECT → STOPPED — ignored
2026-07-03 10:02:31 [WARNING] Illegal FSM transition CLICK_SELECT → STOPPED — ignored
2026-07-03 10:02:32 [WARNING] Illegal FSM transition CLICK_SELECT → STOPPED — ignored
2026-07-03 10:02:32 [WARNING] Illegal FSM transition CLICK_SELECT → STOPPED — ignored
2026-07-03 10:02:32 [WARNING] Illegal FSM transition CLICK_SELECT → STOPPED — ignored
2026-07-03 10:02:32 [WARNING] Illegal FSM transition CLICK_SELECT → STOPPED — ignored
2026-07-03 10:02:32 [WARNING] Illegal FSM transition CLICK_SELECT → STOPPED — ignored
2026-07-03 10:02:33 [WARNING] Illegal FSM transition CLICK_SELECT → STOPPED — ignored
2026-07-03 10:02:33 [WARNING] Illegal FSM transition CLICK_SELECT → STOPPED — ignored
2026-07-03 10:02:33 [WARNING] Illegal FSM transition CLICK_SELECT → STOPPED — ignored
2026-07-03 10:02:33 [WARNING] Illegal FSM transition CLICK_SELECT → STOPPED — ignored
2026-07-03 10:02:33 [WARNING] Illegal FSM transition CLICK_SELECT → STOPPED — ignored
2026-07-03 10:02:34 [WARNING] Illegal FSM transition CLICK_SELECT → STOPPED — ignored
2026-07-03 10:02:34 [WARNING] Illegal FSM transition CLICK_SELECT → STOPPED — ignored
2026-07-03 10:02:34 [WARNING] Illegal FSM transition CLICK_SELECT → STOPPED — ignored
2026-07-03 10:02:34 [WARNING] Illegal FSM transition CLICK_SELECT → STOPPED — ignored
2026-07-03 10:02:34 [WARNING] Illegal FSM transition CLICK_SELECT → STOPPED — ignored
2026-07-03 10:02:35 [WARNING] Illegal FSM transition CLICK_SELECT → STOPPED — ignored
2026-07-03 10:02:35 [WARNING] Illegal FSM transition CLICK_SELECT → STOPPED — ignored
2026-07-03 10:02:35 [WARNING] Illegal FSM transition CLICK_SELECT → STOPPED — ignored
2026-07-03 10:02:35 [WARNING] Illegal FSM transition CLICK_SELECT → STOPPED — ignored
2026-07-03 10:02:35 [WARNING] Illegal FSM transition CLICK_SELECT → STOPPED — ignored
2026-07-03 10:02:36 [WARNING] Illegal FSM transition CLICK_SELECT → STOPPED — ignored
2026-07-03 10:02:36 [WARNING] Illegal FSM transition CLICK_SELECT → STOPPED — ignored
2026-07-03 10:02:36 [WARNING] Illegal FSM transition CLICK_SELECT → STOPPED — ignored
2026-07-03 10:02:36 [WARNING] Illegal FSM transition CLICK_SELECT → STOPPED — ignored
2026-07-03 10:02:36 [WARNING] Illegal FSM transition CLICK_SELECT → STOPPED — ignored
2026-07-03 10:02:37 [WARNING] Illegal FSM transition CLICK_SELECT → STOPPED — ignored
2026-07-03 10:02:37 [WARNING] Illegal FSM transition CLICK_SELECT → STOPPED — ignored
2026-07-03 10:02:37 [WARNING] Illegal FSM transition CLICK_SELECT → STOPPED — ignored
2026-07-03 10:02:37 [WARNING] Illegal FSM transition CLICK_SELECT → STOPPED — ignored
2026-07-03 10:02:37 [WARNING] Illegal FSM transition CLICK_SELECT → STOPPED — ignored
2026-07-03 10:02:38 [WARNING] Illegal FSM transition CLICK_SELECT → STOPPED — ignored
2026-07-03 10:02:38 [WARNING] Illegal FSM transition CLICK_SELECT → STOPPED — ignored
2026-07-03 10:02:38 [WARNING] Illegal FSM transition CLICK_SELECT → STOPPED — ignored
2026-07-03 10:02:38 [WARNING] Illegal FSM transition CLICK_SELECT → STOPPED — ignored
2026-07-03 10:02:38 [WARNING] Illegal FSM transition CLICK_SELECT → STOPPED — ignored
2026-07-03 10:02:39 [WARNING] Illegal FSM transition CLICK_SELECT → STOPPED — ignored
2026-07-03 10:02:39 [WARNING] Illegal FSM transition CLICK_SELECT → STOPPED — ignored
2026-07-03 10:02:39 [WARNING] Illegal FSM transition CLICK_SELECT → STOPPED — ignored
2026-07-03 10:02:39 [WARNING] Illegal FSM transition CLICK_SELECT → STOPPED — ignored
2026-07-03 10:02:39 [WARNING] Illegal FSM transition CLICK_SELECT → STOPPED — ignored
2026-07-03 10:02:40 [WARNING] Illegal FSM transition CLICK_SELECT → STOPPED — ignored
2026-07-03 10:02:40 [WARNING] Illegal FSM transition CLICK_SELECT → STOPPED — ignored
2026-07-03 10:02:40 [WARNING] Illegal FSM transition CLICK_SELECT → STOPPED — ignored
2026-07-03 10:02:40 [WARNING] Illegal FSM transition CLICK_SELECT → STOPPED — ignored
2026-07-03 10:02:40 [WARNING] Illegal FSM transition CLICK_SELECT → STOPPED — ignored
2026-07-03 10:02:41 [WARNING] Illegal FSM transition CLICK_SELECT → STOPPED — ignored
2026-07-03 10:02:41 [WARNING] Illegal FSM transition CLICK_SELECT → STOPPED — ignored
2026-07-03 10:02:41 [WARNING] Illegal FSM transition CLICK_SELECT → STOPPED — ignored
2026-07-03 10:02:41 [WARNING] Illegal FSM transition CLICK_SELECT → STOPPED — ignored
2026-07-03 10:02:41 [WARNING] Illegal FSM transition CLICK_SELECT → STOPPED — ignored
2026-07-03 10:02:42 [WARNING] Illegal FSM transition CLICK_SELECT → STOPPED — ignored
2026-07-03 10:02:42 [WARNING] Illegal FSM transition CLICK_SELECT → STOPPED — ignored
2026-07-03 10:02:42 [WARNING] Illegal FSM transition CLICK_SELECT → STOPPED — ignored
2026-07-03 10:02:42 [WARNING] Illegal FSM transition CLICK_SELECT → STOPPED — ignored
2026-07-03 10:02:42 [WARNING] Illegal FSM transition CLICK_SELECT → STOPPED — ignored
2026-07-03 10:02:43 [WARNING] Illegal FSM transition CLICK_SELECT → STOPPED — ignored
2026-07-03 10:02:43 [WARNING] Illegal FSM transition CLICK_SELECT → STOPPED — ignored
2026-07-03 10:02:43 [WARNING] Illegal FSM transition CLICK_SELECT → STOPPED — ignored
2026-07-03 10:02:43 [WARNING] Illegal FSM transition CLICK_SELECT → STOPPED — ignored
2026-07-03 10:02:43 [WARNING] Illegal FSM transition CLICK_SELECT → STOPPED — ignored
2026-07-03 10:02:44 [WARNING] Illegal FSM transition CLICK_SELECT → STOPPED — ignored
2026-07-03 10:02:44 [WARNING] Illegal FSM transition CLICK_SELECT → STOPPED — ignored
2026-07-03 10:02:44 [WARNING] Illegal FSM transition CLICK_SELECT → STOPPED — ignored
2026-07-03 10:02:44 [WARNING] Illegal FSM transition CLICK_SELECT → STOPPED — ignored
2026-07-03 10:02:44 [WARNING] Illegal FSM transition CLICK_SELECT → STOPPED — ignored
2026-07-03 10:02:45 [WARNING] Illegal FSM transition CLICK_SELECT → STOPPED — ignored
2026-07-03 10:02:45 [WARNING] Illegal FSM transition CLICK_SELECT → STOPPED — ignored
2026-07-03 10:02:45 [WARNING] Illegal FSM transition CLICK_SELECT → STOPPED — ignored
2026-07-03 10:02:45 [WARNING] Illegal FSM transition CLICK_SELECT → STOPPED — ignored
2026-07-03 10:02:45 [WARNING] Illegal FSM transition CLICK_SELECT → STOPPED — ignored
2026-07-03 10:02:46 [WARNING] Illegal FSM transition CLICK_SELECT → STOPPED — ignored
2026-07-03 10:02:46 [WARNING] Illegal FSM transition CLICK_SELECT → STOPPED — ignored
2026-07-03 10:02:46 [WARNING] Illegal FSM transition CLICK_SELECT → STOPPED — ignored
2026-07-03 10:02:46 [WARNING] Illegal FSM transition CLICK_SELECT → STOPPED — ignored
2026-07-03 10:02:46 [WARNING] Illegal FSM transition CLICK_SELECT → STOPPED — ignored
2026-07-03 10:02:47 [WARNING] Illegal FSM transition CLICK_SELECT → STOPPED — ignored
2026-07-03 10:02:47 [WARNING] Illegal FSM transition CLICK_SELECT → STOPPED — ignored
2026-07-03 10:02:47 [WARNING] Illegal FSM transition CLICK_SELECT → STOPPED — ignored
2026-07-03 10:02:47 [WARNING] Illegal FSM transition CLICK_SELECT → STOPPED — ignored
2026-07-03 10:02:47 [WARNING] Illegal FSM transition CLICK_SELECT → STOPPED — ignored
2026-07-03 10:02:48 [WARNING] Illegal FSM transition CLICK_SELECT → STOPPED — ignored
2026-07-03 10:02:48 [WARNING] Illegal FSM transition CLICK_SELECT → STOPPED — ignored
2026-07-03 10:02:48 [WARNING] Illegal FSM transition CLICK_SELECT → STOPPED — ignored
2026-07-03 10:02:48 [WARNING] Illegal FSM transition CLICK_SELECT → STOPPED — ignored
2026-07-03 10:02:48 [WARNING] Illegal FSM transition CLICK_SELECT → STOPPED — ignored
2026-07-03 10:02:49 [WARNING] Illegal FSM transition CLICK_SELECT → STOPPED — ignored
2026-07-03 10:02:49 [WARNING] Illegal FSM transition CLICK_SELECT → STOPPED — ignored
2026-07-03 10:02:49 [WARNING] Illegal FSM transition CLICK_SELECT → STOPPED — ignored
2026-07-03 10:02:49 [WARNING] Illegal FSM transition CLICK_SELECT → STOPPED — ignored
2026-07-03 10:02:49 [WARNING] Illegal FSM transition CLICK_SELECT → STOPPED — ignored
2026-07-03 10:02:50 [WARNING] Illegal FSM transition CLICK_SELECT → STOPPED — ignored
2026-07-03 10:02:50 [WARNING] Illegal FSM transition CLICK_SELECT → STOPPED — ignored
2026-07-03 10:02:50 [WARNING] Illegal FSM transition CLICK_SELECT → STOPPED — ignored
2026-07-03 10:02:50 [WARNING] Illegal FSM transition CLICK_SELECT → STOPPED — ignored
2026-07-03 10:02:50 [WARNING] Illegal FSM transition CLICK_SELECT → STOPPED — ignored
2026-07-03 10:02:51 [WARNING] Illegal FSM transition CLICK_SELECT → STOPPED — ignored
2026-07-03 10:02:51 [WARNING] Illegal FSM transition CLICK_SELECT → STOPPED — ignored
2026-07-03 10:02:51 [WARNING] Illegal FSM transition CLICK_SELECT → STOPPED — ignored
2026-07-03 10:02:51 [WARNING] Illegal FSM transition CLICK_SELECT → STOPPED — ignored
2026-07-03 10:02:51 [WARNING] Illegal FSM transition CLICK_SELECT → STOPPED — ignored
2026-07-03 10:02:52 [WARNING] Illegal FSM transition CLICK_SELECT → STOPPED — ignored
2026-07-03 10:02:52 [WARNING] Illegal FSM transition CLICK_SELECT → STOPPED — ignored
2026-07-03 10:02:52 [WARNING] Illegal FSM transition CLICK_SELECT → STOPPED — ignored
2026-07-03 10:02:52 [WARNING] Illegal FSM transition CLICK_SELECT → STOPPED — ignored
2026-07-03 10:02:52 [WARNING] Illegal FSM transition CLICK_SELECT → STOPPED — ignored
2026-07-03 10:02:53 [WARNING] Illegal FSM transition CLICK_SELECT → STOPPED — ignored
2026-07-03 10:02:53 [WARNING] Illegal FSM transition CLICK_SELECT → STOPPED — ignored
2026-07-03 10:02:53 [WARNING] Illegal FSM transition CLICK_SELECT → STOPPED — ignored
2026-07-03 10:02:53 [WARNING] Illegal FSM transition CLICK_SELECT → STOPPED — ignored
2026-07-03 10:02:53 [WARNING] Illegal FSM transition CLICK_SELECT → STOPPED — ignored
2026-07-03 10:02:54 [WARNING] Illegal FSM transition CLICK_SELECT → STOPPED — ignored
2026-07-03 10:02:54 [WARNING] Illegal FSM transition CLICK_SELECT → STOPPED — ignored
2026-07-03 10:02:54 [WARNING] Illegal FSM transition CLICK_SELECT → STOPPED — ignored
2026-07-03 10:02:54 [WARNING] Illegal FSM transition CLICK_SELECT → STOPPED — ignored
2026-07-03 10:02:55 [WARNING] Illegal FSM transition CLICK_SELECT → STOPPED — ignored
2026-07-03 10:02:55 [WARNING] Illegal FSM transition CLICK_SELECT → STOPPED — ignored
2026-07-03 10:02:55 [WARNING] Illegal FSM transition CLICK_SELECT → STOPPED — ignored
2026-07-03 10:02:55 [WARNING] Illegal FSM transition CLICK_SELECT → STOPPED — ignored
2026-07-03 10:02:55 [WARNING] Illegal FSM transition CLICK_SELECT → STOPPED — ignored
2026-07-03 10:02:56 [WARNING] Illegal FSM transition CLICK_SELECT → STOPPED — ignored
2026-07-03 10:02:56 [WARNING] Illegal FSM transition CLICK_SELECT → STOPPED — ignored
2026-07-03 10:02:56 [WARNING] Illegal FSM transition CLICK_SELECT → STOPPED — ignored
2026-07-03 10:02:56 [WARNING] Illegal FSM transition CLICK_SELECT → STOPPED — ignored
2026-07-03 10:02:56 [WARNING] Illegal FSM transition CLICK_SELECT → STOPPED — ignored
2026-07-03 10:02:57 [WARNING] Illegal FSM transition CLICK_SELECT → STOPPED — ignored
2026-07-03 10:02:57 [WARNING] Illegal FSM transition CLICK_SELECT → STOPPED — ignored
2026-07-03 10:02:57 [WARNING] Illegal FSM transition CLICK_SELECT → STOPPED — ignored
2026-07-03 10:02:57 [WARNING] Illegal FSM transition CLICK_SELECT → STOPPED — ignored
2026-07-03 10:02:57 [WARNING] Illegal FSM transition CLICK_SELECT → STOPPED — ignored
2026-07-03 10:02:58 [WARNING] Illegal FSM transition CLICK_SELECT → STOPPED — ignored
2026-07-03 10:02:58 [WARNING] Illegal FSM transition CLICK_SELECT → STOPPED — ignored
2026-07-03 10:02:58 [WARNING] Illegal FSM transition CLICK_SELECT → STOPPED — ignored
2026-07-03 10:02:58 [WARNING] Illegal FSM transition CLICK_SELECT → STOPPED — ignored
2026-07-03 10:02:58 [WARNING] Illegal FSM transition CLICK_SELECT → STOPPED — ignored
2026-07-03 10:02:59 [WARNING] Illegal FSM transition CLICK_SELECT → STOPPED — ignored
2026-07-03 10:02:59 [WARNING] Illegal FSM transition CLICK_SELECT → STOPPED — ignored
2026-07-03 10:02:59 [WARNING] Illegal FSM transition CLICK_SELECT → STOPPED — ignored
2026-07-03 10:02:59 [WARNING] Illegal FSM transition CLICK_SELECT → STOPPED — ignored
2026-07-03 10:02:59 [WARNING] Illegal FSM transition CLICK_SELECT → STOPPED — ignored
2026-07-03 10:03:00 [WARNING] Illegal FSM transition CLICK_SELECT → STOPPED — ignored
2026-07-03 10:03:00 [WARNING] Illegal FSM transition CLICK_SELECT → STOPPED — ignored
2026-07-03 10:03:00 [WARNING] Illegal FSM transition CLICK_SELECT → STOPPED — ignored
2026-07-03 10:03:00 [WARNING] Illegal FSM transition CLICK_SELECT → STOPPED — ignored
2026-07-03 10:03:00 [WARNING] Illegal FSM transition CLICK_SELECT → STOPPED — ignored
2026-07-03 10:03:01 [WARNING] Illegal FSM transition CLICK_SELECT → STOPPED — ignored
2026-07-03 10:03:01 [WARNING] Illegal FSM transition CLICK_SELECT → STOPPED — ignored
2026-07-03 10:03:01 [WARNING] Illegal FSM transition CLICK_SELECT → STOPPED — ignored
2026-07-03 10:03:01 [WARNING] Illegal FSM transition CLICK_SELECT → STOPPED — ignored
2026-07-03 10:03:01 [WARNING] Illegal FSM transition CLICK_SELECT → STOPPED — ignored
2026-07-03 10:03:02 [WARNING] Illegal FSM transition CLICK_SELECT → STOPPED — ignored
2026-07-03 10:03:02 [WARNING] Illegal FSM transition CLICK_SELECT → STOPPED — ignored
2026-07-03 10:03:02 [WARNING] Illegal FSM transition CLICK_SELECT → STOPPED — ignored
2026-07-03 10:03:02 [WARNING] Illegal FSM transition CLICK_SELECT → STOPPED — ignored
2026-07-03 10:03:02 [WARNING] Illegal FSM transition CLICK_SELECT → STOPPED — ignored
2026-07-03 10:03:03 [WARNING] Illegal FSM transition CLICK_SELECT → STOPPED — ignored
2026-07-03 10:03:03 [WARNING] Illegal FSM transition CLICK_SELECT → STOPPED — ignored
2026-07-03 10:03:03 [WARNING] Illegal FSM transition CLICK_SELECT → STOPPED — ignored
2026-07-03 10:03:03 [WARNING] Illegal FSM transition CLICK_SELECT → STOPPED — ignored
2026-07-03 10:03:03 [WARNING] Illegal FSM transition CLICK_SELECT → STOPPED — ignored
2026-07-03 10:03:04 [WARNING] Illegal FSM transition CLICK_SELECT → STOPPED — ignored
2026-07-03 10:03:04 [WARNING] Illegal FSM transition CLICK_SELECT → STOPPED — ignored
2026-07-03 10:03:04 [WARNING] Illegal FSM transition CLICK_SELECT → STOPPED — ignored
2026-07-03 10:03:04 [WARNING] Illegal FSM transition CLICK_SELECT → STOPPED — ignored
2026-07-03 10:03:04 [WARNING] Illegal FSM transition CLICK_SELECT → STOPPED — ignored
2026-07-03 10:03:05 [WARNING] Illegal FSM transition CLICK_SELECT → STOPPED — ignored
2026-07-03 10:03:05 [WARNING] Illegal FSM transition CLICK_SELECT → STOPPED — ignored
2026-07-03 10:03:05 [WARNING] Illegal FSM transition CLICK_SELECT → STOPPED — ignored
2026-07-03 10:03:05 [WARNING] Illegal FSM transition CLICK_SELECT → STOPPED — ignored
2026-07-03 10:03:05 [WARNING] Illegal FSM transition CLICK_SELECT → STOPPED — ignored
2026-07-03 10:03:06 [WARNING] Illegal FSM transition CLICK_SELECT → STOPPED — ignored
2026-07-03 10:03:06 [WARNING] Illegal FSM transition CLICK_SELECT → STOPPED — ignored
2026-07-03 10:03:06 [WARNING] Illegal FSM transition CLICK_SELECT → STOPPED — ignored
2026-07-03 10:03:06 [WARNING] Illegal FSM transition CLICK_SELECT → STOPPED — ignored
2026-07-03 10:03:06 [WARNING] Illegal FSM transition CLICK_SELECT → STOPPED — ignored
2026-07-03 10:03:07 [WARNING] Illegal FSM transition CLICK_SELECT → STOPPED — ignored
2026-07-03 10:03:07 [WARNING] Illegal FSM transition CLICK_SELECT → STOPPED — ignored
2026-07-03 10:03:07 [WARNING] Illegal FSM transition CLICK_SELECT → STOPPED — ignored
2026-07-03 10:03:07 [WARNING] Illegal FSM transition CLICK_SELECT → STOPPED — ignored
2026-07-03 10:03:07 [WARNING] Illegal FSM transition CLICK_SELECT → STOPPED — ignored
2026-07-03 10:03:08 [WARNING] Illegal FSM transition CLICK_SELECT → STOPPED — ignored
2026-07-03 10:03:08 [WARNING] Illegal FSM transition CLICK_SELECT → STOPPED — ignored
2026-07-03 10:03:08 [WARNING] Illegal FSM transition CLICK_SELECT → STOPPED — ignored
2026-07-03 10:03:08 [WARNING] Illegal FSM transition CLICK_SELECT → STOPPED — ignored
2026-07-03 10:03:08 [WARNING] Illegal FSM transition CLICK_SELECT → STOPPED — ignored
2026-07-03 10:03:09 [WARNING] Illegal FSM transition CLICK_SELECT → STOPPED — ignored
2026-07-03 10:03:09 [WARNING] Illegal FSM transition CLICK_SELECT → STOPPED — ignored
2026-07-03 10:03:09 [WARNING] Illegal FSM transition CLICK_SELECT → STOPPED — ignored
2026-07-03 10:03:09 [WARNING] Illegal FSM transition CLICK_SELECT → STOPPED — ignored
2026-07-03 10:03:09 [WARNING] Illegal FSM transition CLICK_SELECT → STOPPED — ignored
2026-07-03 10:03:10 [WARNING] Illegal FSM transition CLICK_SELECT → STOPPED — ignored
2026-07-03 10:03:10 [WARNING] Illegal FSM transition CLICK_SELECT → STOPPED — ignored
2026-07-03 10:03:10 [WARNING] Illegal FSM transition CLICK_SELECT → STOPPED — ignored
2026-07-03 10:03:10 [WARNING] Illegal FSM transition CLICK_SELECT → STOPPED — ignored
2026-07-03 10:03:10 [WARNING] Illegal FSM transition CLICK_SELECT → STOPPED — ignored
2026-07-03 10:03:11 [WARNING] Illegal FSM transition CLICK_SELECT → STOPPED — ignored
2026-07-03 10:03:11 [WARNING] Illegal FSM transition CLICK_SELECT → STOPPED — ignored
2026-07-03 10:03:11 [WARNING] Illegal FSM transition CLICK_SELECT → STOPPED — ignored
2026-07-03 10:03:11 [WARNING] Illegal FSM transition CLICK_SELECT → STOPPED — ignored
2026-07-03 10:03:11 [WARNING] Illegal FSM transition CLICK_SELECT → STOPPED — ignored
2026-07-03 10:03:12 [WARNING] Illegal FSM transition CLICK_SELECT → STOPPED — ignored
2026-07-03 10:03:12 [WARNING] Illegal FSM transition CLICK_SELECT → STOPPED — ignored
2026-07-03 10:03:12 [WARNING] Illegal FSM transition CLICK_SELECT → STOPPED — ignored
2026-07-03 10:03:12 [WARNING] Illegal FSM transition CLICK_SELECT → STOPPED — ignored
2026-07-03 10:03:12 [WARNING] Illegal FSM transition CLICK_SELECT → STOPPED — ignored
2026-07-03 10:03:13 [WARNING] Illegal FSM transition CLICK_SELECT → STOPPED — ignored
2026-07-03 10:03:13 [WARNING] Illegal FSM transition CLICK_SELECT → STOPPED — ignored
2026-07-03 10:03:13 [WARNING] Illegal FSM transition CLICK_SELECT → STOPPED — ignored
2026-07-03 10:03:13 [WARNING] Illegal FSM transition CLICK_SELECT → STOPPED — ignored
2026-07-03 10:03:13 [WARNING] Illegal FSM transition CLICK_SELECT → STOPPED — ignored
2026-07-03 10:03:14 [WARNING] Illegal FSM transition CLICK_SELECT → STOPPED — ignored
2026-07-03 10:03:14 [WARNING] Illegal FSM transition CLICK_SELECT → STOPPED — ignored
2026-07-03 10:03:14 [WARNING] Illegal FSM transition CLICK_SELECT → STOPPED — ignored
2026-07-03 10:03:14 [WARNING] Illegal FSM transition CLICK_SELECT → STOPPED — ignored
2026-07-03 10:03:14 [WARNING] Illegal FSM transition CLICK_SELECT → STOPPED — ignored
2026-07-03 10:03:15 [WARNING] Illegal FSM transition CLICK_SELECT → STOPPED — ignored
2026-07-03 10:03:15 [WARNING] Illegal FSM transition CLICK_SELECT → STOPPED — ignored
2026-07-03 10:03:15 [WARNING] Illegal FSM transition CLICK_SELECT → STOPPED — ignored
2026-07-03 10:03:15 [WARNING] Illegal FSM transition CLICK_SELECT → STOPPED — ignored
2026-07-03 10:03:15 [WARNING] Illegal FSM transition CLICK_SELECT → STOPPED — ignored
2026-07-03 10:03:16 [WARNING] Illegal FSM transition CLICK_SELECT → STOPPED — ignored
2026-07-03 10:03:16 [WARNING] Illegal FSM transition CLICK_SELECT → STOPPED — ignored
2026-07-03 10:03:16 [WARNING] Illegal FSM transition CLICK_SELECT → STOPPED — ignored
2026-07-03 10:03:16 [WARNING] Illegal FSM transition CLICK_SELECT → STOPPED — ignored
2026-07-03 10:03:16 [WARNING] Illegal FSM transition CLICK_SELECT → STOPPED — ignored
2026-07-03 10:03:17 [WARNING] Illegal FSM transition CLICK_SELECT → STOPPED — ignored
2026-07-03 10:03:17 [WARNING] Illegal FSM transition CLICK_SELECT → STOPPED — ignored
2026-07-03 10:03:17 [WARNING] Illegal FSM transition CLICK_SELECT → STOPPED — ignored
2026-07-03 10:03:17 [WARNING] Illegal FSM transition CLICK_SELECT → STOPPED — ignored
2026-07-03 10:03:17 [WARNING] Illegal FSM transition CLICK_SELECT → STOPPED — ignored
2026-07-03 10:03:18 [WARNING] Illegal FSM transition CLICK_SELECT → STOPPED — ignored
2026-07-03 10:03:18 [WARNING] Illegal FSM transition CLICK_SELECT → STOPPED — ignored
2026-07-03 10:03:18 [WARNING] Illegal FSM transition CLICK_SELECT → STOPPED — ignored
2026-07-03 10:03:18 [WARNING] Illegal FSM transition CLICK_SELECT → STOPPED — ignored
2026-07-03 10:03:18 [WARNING] Illegal FSM transition CLICK_SELECT → STOPPED — ignored
2026-07-03 10:03:19 [WARNING] Illegal FSM transition CLICK_SELECT → STOPPED — ignored
2026-07-03 10:03:19 [WARNING] Illegal FSM transition CLICK_SELECT → STOPPED — ignored
2026-07-03 10:03:19 [WARNING] Illegal FSM transition CLICK_SELECT → STOPPED — ignored
2026-07-03 10:03:19 [WARNING] Illegal FSM transition CLICK_SELECT → STOPPED — ignored
2026-07-03 10:03:19 [WARNING] Illegal FSM transition CLICK_SELECT → STOPPED — ignored
2026-07-03 10:03:20 [WARNING] Illegal FSM transition CLICK_SELECT → STOPPED — ignored
2026-07-03 10:03:20 [WARNING] Illegal FSM transition CLICK_SELECT → STOPPED — ignored
2026-07-03 10:03:20 [WARNING] Illegal FSM transition CLICK_SELECT → STOPPED — ignored
2026-07-03 10:03:20 [WARNING] Illegal FSM transition CLICK_SELECT → STOPPED — ignored
2026-07-03 10:03:20 [WARNING] Illegal FSM transition CLICK_SELECT → STOPPED — ignored
2026-07-03 10:03:21 [WARNING] Illegal FSM transition CLICK_SELECT → STOPPED — ignored
2026-07-03 10:03:21 [WARNING] Illegal FSM transition CLICK_SELECT → STOPPED — ignored
2026-07-03 10:03:21 [WARNING] Illegal FSM transition CLICK_SELECT → STOPPED — ignored
2026-07-03 10:03:21 [WARNING] Illegal FSM transition CLICK_SELECT → STOPPED — ignored
2026-07-03 10:03:21 [WARNING] Illegal FSM transition CLICK_SELECT → STOPPED — ignored
2026-07-03 10:03:22 [WARNING] Illegal FSM transition CLICK_SELECT → STOPPED — ignored
2026-07-03 10:03:22 [WARNING] Illegal FSM transition CLICK_SELECT → STOPPED — ignored
2026-07-03 10:03:22 [WARNING] Illegal FSM transition CLICK_SELECT → STOPPED — ignored
2026-07-03 10:03:22 [WARNING] Illegal FSM transition CLICK_SELECT → STOPPED — ignored
2026-07-03 10:03:22 [WARNING] Illegal FSM transition CLICK_SELECT → STOPPED — ignored
2026-07-03 10:03:23 [WARNING] Illegal FSM transition CLICK_SELECT → STOPPED — ignored
2026-07-03 10:03:23 [WARNING] Illegal FSM transition CLICK_SELECT → STOPPED — ignored
2026-07-03 10:03:23 [WARNING] Illegal FSM transition CLICK_SELECT → STOPPED — ignored
2026-07-03 10:03:23 [WARNING] Illegal FSM transition CLICK_SELECT → STOPPED — ignored
2026-07-03 10:03:23 [WARNING] Illegal FSM transition CLICK_SELECT → STOPPED — ignored
2026-07-03 10:03:24 [WARNING] Illegal FSM transition CLICK_SELECT → STOPPED — ignored
2026-07-03 10:03:24 [WARNING] Illegal FSM transition CLICK_SELECT → STOPPED — ignored
2026-07-03 10:03:24 [WARNING] Illegal FSM transition CLICK_SELECT → STOPPED — ignored
2026-07-03 10:03:24 [WARNING] Illegal FSM transition CLICK_SELECT → STOPPED — ignored
2026-07-03 10:03:24 [WARNING] Illegal FSM transition CLICK_SELECT → STOPPED — ignored
2026-07-03 10:03:25 [WARNING] Illegal FSM transition CLICK_SELECT → STOPPED — ignored
2026-07-03 10:03:25 [WARNING] Illegal FSM transition CLICK_SELECT → STOPPED — ignored
2026-07-03 10:03:25 [WARNING] Illegal FSM transition CLICK_SELECT → STOPPED — ignored
2026-07-03 10:03:25 [WARNING] Illegal FSM transition CLICK_SELECT → STOPPED — ignored
2026-07-03 10:03:25 [WARNING] Illegal FSM transition CLICK_SELECT → STOPPED — ignored
2026-07-03 10:03:26 [WARNING] Illegal FSM transition CLICK_SELECT → STOPPED — ignored
2026-07-03 10:03:26 [WARNING] Illegal FSM transition CLICK_SELECT → STOPPED — ignored
2026-07-03 10:03:26 [WARNING] Illegal FSM transition CLICK_SELECT → STOPPED — ignored
2026-07-03 10:03:26 [WARNING] Illegal FSM transition CLICK_SELECT → STOPPED — ignored
2026-07-03 10:03:26 [WARNING] Illegal FSM transition CLICK_SELECT → STOPPED — ignored
2026-07-03 10:03:27 [WARNING] Illegal FSM transition CLICK_SELECT → STOPPED — ignored
2026-07-03 10:03:27 [WARNING] Illegal FSM transition CLICK_SELECT → STOPPED — ignored
2026-07-03 10:03:27 [WARNING] Illegal FSM transition CLICK_SELECT → STOPPED — ignored
2026-07-03 10:03:27 [WARNING] Illegal FSM transition CLICK_SELECT → STOPPED — ignored
2026-07-03 10:03:27 [WARNING] Illegal FSM transition CLICK_SELECT → STOPPED — ignored
2026-07-03 10:03:28 [WARNING] Illegal FSM transition CLICK_SELECT → STOPPED — ignored
2026-07-03 10:03:28 [WARNING] Illegal FSM transition CLICK_SELECT → STOPPED — ignored
2026-07-03 10:03:28 [WARNING] Illegal FSM transition CLICK_SELECT → STOPPED — ignored
2026-07-03 10:03:28 [WARNING] Illegal FSM transition CLICK_SELECT → STOPPED — ignored
2026-07-03 10:03:28 [WARNING] Illegal FSM transition CLICK_SELECT → STOPPED — ignored
2026-07-03 10:03:29 [WARNING] Illegal FSM transition CLICK_SELECT → STOPPED — ignored
2026-07-03 10:03:29 [WARNING] Illegal FSM transition CLICK_SELECT → STOPPED — ignored
2026-07-03 10:03:29 [WARNING] Illegal FSM transition CLICK_SELECT → STOPPED — ignored
2026-07-03 10:03:29 [WARNING] Illegal FSM transition CLICK_SELECT → STOPPED — ignored
2026-07-03 10:03:29 [WARNING] Illegal FSM transition CLICK_SELECT → STOPPED — ignored
2026-07-03 10:03:30 [WARNING] Illegal FSM transition CLICK_SELECT → STOPPED — ignored
2026-07-03 10:03:30 [WARNING] Illegal FSM transition CLICK_SELECT → STOPPED — ignored
2026-07-03 10:03:30 [WARNING] Illegal FSM transition CLICK_SELECT → STOPPED — ignored
2026-07-03 10:03:30 [WARNING] Illegal FSM transition CLICK_SELECT → STOPPED — ignored
2026-07-03 10:03:30 [WARNING] Illegal FSM transition CLICK_SELECT → STOPPED — ignored
2026-07-03 10:03:31 [WARNING] Illegal FSM transition CLICK_SELECT → STOPPED — ignored
2026-07-03 10:03:31 [WARNING] Illegal FSM transition CLICK_SELECT → STOPPED — ignored
2026-07-03 10:03:31 [WARNING] Illegal FSM transition CLICK_SELECT → STOPPED — ignored
2026-07-03 10:03:31 [WARNING] Illegal FSM transition CLICK_SELECT → STOPPED — ignored
2026-07-03 10:03:31 [WARNING] Illegal FSM transition CLICK_SELECT → STOPPED — ignored
2026-07-03 10:03:32 [WARNING] Illegal FSM transition CLICK_SELECT → STOPPED — ignored
2026-07-03 10:03:32 [WARNING] Illegal FSM transition CLICK_SELECT → STOPPED — ignored
2026-07-03 10:03:32 [WARNING] Illegal FSM transition CLICK_SELECT → STOPPED — ignored
2026-07-03 10:03:32 [WARNING] Illegal FSM transition CLICK_SELECT → STOPPED — ignored
2026-07-03 10:03:32 [WARNING] Illegal FSM transition CLICK_SELECT → STOPPED — ignored
2026-07-03 10:03:33 [WARNING] Illegal FSM transition CLICK_SELECT → STOPPED — ignored
2026-07-03 10:03:33 [WARNING] Illegal FSM transition CLICK_SELECT → STOPPED — ignored
2026-07-03 10:03:33 [WARNING] Illegal FSM transition CLICK_SELECT → STOPPED — ignored
2026-07-03 10:03:33 [WARNING] Illegal FSM transition CLICK_SELECT → STOPPED — ignored
2026-07-03 10:03:33 [WARNING] Illegal FSM transition CLICK_SELECT → STOPPED — ignored
2026-07-03 10:03:34 [WARNING] Illegal FSM transition CLICK_SELECT → STOPPED — ignored
2026-07-03 10:03:34 [WARNING] Illegal FSM transition CLICK_SELECT → STOPPED — ignored
2026-07-03 10:03:34 [WARNING] Illegal FSM transition CLICK_SELECT → STOPPED — ignored
2026-07-03 10:03:34 [WARNING] Illegal FSM transition CLICK_SELECT → STOPPED — ignored
2026-07-03 10:03:34 [WARNING] Illegal FSM transition CLICK_SELECT → STOPPED — ignored
2026-07-03 10:03:35 [WARNING] Illegal FSM transition CLICK_SELECT → STOPPED — ignored
2026-07-03 10:03:35 [WARNING] Illegal FSM transition CLICK_SELECT → STOPPED — ignored
2026-07-03 10:03:35 [WARNING] Illegal FSM transition CLICK_SELECT → STOPPED — ignored
2026-07-03 10:03:35 [WARNING] Illegal FSM transition CLICK_SELECT → STOPPED — ignored
2026-07-03 10:03:35 [WARNING] Illegal FSM transition CLICK_SELECT → STOPPED — ignored
2026-07-03 10:03:36 [WARNING] Illegal FSM transition CLICK_SELECT → STOPPED — ignored
2026-07-03 10:03:36 [WARNING] Illegal FSM transition CLICK_SELECT → STOPPED — ignored
2026-07-03 10:03:36 [WARNING] Illegal FSM transition CLICK_SELECT → STOPPED — ignored
2026-07-03 10:03:36 [WARNING] Illegal FSM transition CLICK_SELECT → STOPPED — ignored
2026-07-03 10:03:36 [WARNING] Illegal FSM transition CLICK_SELECT → STOPPED — ignored
2026-07-03 10:03:37 [WARNING] Illegal FSM transition CLICK_SELECT → STOPPED — ignored
2026-07-03 10:03:37 [WARNING] Illegal FSM transition CLICK_SELECT → STOPPED — ignored
2026-07-03 10:03:37 [WARNING] Illegal FSM transition CLICK_SELECT → STOPPED — ignored
2026-07-03 10:03:37 [WARNING] Illegal FSM transition CLICK_SELECT → STOPPED — ignored
2026-07-03 10:03:37 [WARNING] Illegal FSM transition CLICK_SELECT → STOPPED — ignored
2026-07-03 10:03:38 [WARNING] Illegal FSM transition CLICK_SELECT → STOPPED — ignored
2026-07-03 10:03:38 [WARNING] Illegal FSM transition CLICK_SELECT → STOPPED — ignored
2026-07-03 10:03:38 [WARNING] Illegal FSM transition CLICK_SELECT → STOPPED — ignored
2026-07-03 10:03:38 [WARNING] Illegal FSM transition CLICK_SELECT → STOPPED — ignored
2026-07-03 10:03:38 [WARNING] Illegal FSM transition CLICK_SELECT → STOPPED — ignored
2026-07-03 10:03:39 [WARNING] Illegal FSM transition CLICK_SELECT → STOPPED — ignored
2026-07-03 10:03:39 [WARNING] Illegal FSM transition CLICK_SELECT → STOPPED — ignored
2026-07-03 10:03:39 [WARNING] Illegal FSM transition CLICK_SELECT → STOPPED — ignored
2026-07-03 10:03:39 [WARNING] Illegal FSM transition CLICK_SELECT → STOPPED — ignored
2026-07-03 10:03:39 [WARNING] Illegal FSM transition CLICK_SELECT → STOPPED — ignored
2026-07-03 10:03:40 [WARNING] Illegal FSM transition CLICK_SELECT → STOPPED — ignored
2026-07-03 10:03:40 [WARNING] Illegal FSM transition CLICK_SELECT → STOPPED — ignored
2026-07-03 10:03:40 [WARNING] Illegal FSM transition CLICK_SELECT → STOPPED — ignored
2026-07-03 10:03:40 [WARNING] Illegal FSM transition CLICK_SELECT → STOPPED — ignored
2026-07-03 10:03:40 [WARNING] Illegal FSM transition CLICK_SELECT → STOPPED — ignored
2026-07-03 10:03:41 [WARNING] Illegal FSM transition CLICK_SELECT → STOPPED — ignored
2026-07-03 10:03:41 [WARNING] Illegal FSM transition CLICK_SELECT → STOPPED — ignored
2026-07-03 10:03:41 [WARNING] Illegal FSM transition CLICK_SELECT → STOPPED — ignored
2026-07-03 10:03:41 [WARNING] Illegal FSM transition CLICK_SELECT → STOPPED — ignored
2026-07-03 10:03:41 [WARNING] Illegal FSM transition CLICK_SELECT → STOPPED — ignored
2026-07-03 10:03:42 [WARNING] Illegal FSM transition CLICK_SELECT → STOPPED — ignored
2026-07-03 10:03:42 [WARNING] Illegal FSM transition CLICK_SELECT → STOPPED — ignored
2026-07-03 10:03:42 [WARNING] Illegal FSM transition CLICK_SELECT → STOPPED — ignored
2026-07-03 10:03:42 [WARNING] Illegal FSM transition CLICK_SELECT → STOPPED — ignored
2026-07-03 10:03:42 [WARNING] Illegal FSM transition CLICK_SELECT → STOPPED — ignored
2026-07-03 10:03:43 [WARNING] Illegal FSM transition CLICK_SELECT → STOPPED — ignored
2026-07-03 10:03:43 [WARNING] Illegal FSM transition CLICK_SELECT → STOPPED — ignored
2026-07-03 10:03:43 [WARNING] Illegal FSM transition CLICK_SELECT → STOPPED — ignored
2026-07-03 10:03:43 [WARNING] Illegal FSM transition CLICK_SELECT → STOPPED — ignored
2026-07-03 10:03:43 [WARNING] Illegal FSM transition CLICK_SELECT → STOPPED — ignored
2026-07-03 10:03:44 [WARNING] Illegal FSM transition CLICK_SELECT → STOPPED — ignored
2026-07-03 10:03:44 [WARNING] Illegal FSM transition CLICK_SELECT → STOPPED — ignored
2026-07-03 10:03:44 [WARNING] Illegal FSM transition CLICK_SELECT → STOPPED — ignored
2026-07-03 10:03:44 [WARNING] Illegal FSM transition CLICK_SELECT → STOPPED — ignored
2026-07-03 10:03:44 [WARNING] Illegal FSM transition CLICK_SELECT → STOPPED — ignored
2026-07-03 10:03:45 [WARNING] Illegal FSM transition CLICK_SELECT → STOPPED — ignored
2026-07-03 10:03:45 [WARNING] Illegal FSM transition CLICK_SELECT → STOPPED — ignored
2026-07-03 10:03:45 [WARNING] Illegal FSM transition CLICK_SELECT → STOPPED — ignored
2026-07-03 10:03:45 [WARNING] Illegal FSM transition CLICK_SELECT → STOPPED — ignored
2026-07-03 10:03:45 [WARNING] Illegal FSM transition CLICK_SELECT → STOPPED — ignored
2026-07-03 10:03:46 [WARNING] Illegal FSM transition CLICK_SELECT → STOPPED — ignored
2026-07-03 10:03:46 [WARNING] Illegal FSM transition CLICK_SELECT → STOPPED — ignored
2026-07-03 10:03:46 [WARNING] Illegal FSM transition CLICK_SELECT → STOPPED — ignored
2026-07-03 10:03:46 [WARNING] Illegal FSM transition CLICK_SELECT → STOPPED — ignored
2026-07-03 10:03:46 [WARNING] Illegal FSM transition CLICK_SELECT → STOPPED — ignored
2026-07-03 10:03:47 [WARNING] Illegal FSM transition CLICK_SELECT → STOPPED — ignored
2026-07-03 10:03:47 [WARNING] Illegal FSM transition CLICK_SELECT → STOPPED — ignored
2026-07-03 10:03:47 [WARNING] Illegal FSM transition CLICK_SELECT → STOPPED — ignored
2026-07-03 10:03:47 [WARNING] Illegal FSM transition CLICK_SELECT → STOPPED — ignored
2026-07-03 10:03:47 [WARNING] Illegal FSM transition CLICK_SELECT → STOPPED — ignored
2026-07-03 10:03:48 [WARNING] Illegal FSM transition CLICK_SELECT → STOPPED — ignored
2026-07-03 10:03:48 [WARNING] Illegal FSM transition CLICK_SELECT → STOPPED — ignored
2026-07-03 10:03:48 [WARNING] Illegal FSM transition CLICK_SELECT → STOPPED — ignored
2026-07-03 10:03:48 [WARNING] Illegal FSM transition CLICK_SELECT → STOPPED — ignored
2026-07-03 10:03:48 [WARNING] Illegal FSM transition CLICK_SELECT → STOPPED — ignored
2026-07-03 10:03:49 [WARNING] Illegal FSM transition CLICK_SELECT → STOPPED — ignored
2026-07-03 10:03:49 [WARNING] Illegal FSM transition CLICK_SELECT → STOPPED — ignored
2026-07-03 10:03:49 [WARNING] Illegal FSM transition CLICK_SELECT → STOPPED — ignored
2026-07-03 10:03:49 [WARNING] Illegal FSM transition CLICK_SELECT → STOPPED — ignored
2026-07-03 10:03:49 [WARNING] Illegal FSM transition CLICK_SELECT → STOPPED — ignored
2026-07-03 10:03:50 [WARNING] Illegal FSM transition CLICK_SELECT → STOPPED — ignored
2026-07-03 10:03:50 [WARNING] Illegal FSM transition CLICK_SELECT → STOPPED — ignored
2026-07-03 10:03:50 [WARNING] Illegal FSM transition CLICK_SELECT → STOPPED — ignored
2026-07-03 10:03:50 [WARNING] Illegal FSM transition CLICK_SELECT → STOPPED — ignored
2026-07-03 10:03:50 [WARNING] Illegal FSM transition CLICK_SELECT → STOPPED — ignored
2026-07-03 10:03:51 [WARNING] Illegal FSM transition CLICK_SELECT → STOPPED — ignored
2026-07-03 10:03:51 [WARNING] Illegal FSM transition CLICK_SELECT → STOPPED — ignored
2026-07-03 10:03:51 [WARNING] Illegal FSM transition CLICK_SELECT → STOPPED — ignored
2026-07-03 10:03:51 [WARNING] Illegal FSM transition CLICK_SELECT → STOPPED — ignored
2026-07-03 10:03:51 [WARNING] Illegal FSM transition CLICK_SELECT → STOPPED — ignored
2026-07-03 10:03:52 [WARNING] Illegal FSM transition CLICK_SELECT → STOPPED — ignored
2026-07-03 10:03:52 [WARNING] Illegal FSM transition CLICK_SELECT → STOPPED — ignored
2026-07-03 10:03:52 [WARNING] Illegal FSM transition CLICK_SELECT → STOPPED — ignored
2026-07-03 10:03:52 [WARNING] Illegal FSM transition CLICK_SELECT → STOPPED — ignored
2026-07-03 10:03:52 [WARNING] Illegal FSM transition CLICK_SELECT → STOPPED — ignored
2026-07-03 10:03:53 [WARNING] Illegal FSM transition CLICK_SELECT → STOPPED — ignored
2026-07-03 10:03:53 [WARNING] Illegal FSM transition CLICK_SELECT → STOPPED — ignored
2026-07-03 10:03:53 [WARNING] Illegal FSM transition CLICK_SELECT → STOPPED — ignored
2026-07-03 10:03:53 [WARNING] Illegal FSM transition CLICK_SELECT → STOPPED — ignored
2026-07-03 10:03:53 [WARNING] Illegal FSM transition CLICK_SELECT → STOPPED — ignored
2026-07-03 10:03:54 [WARNING] Illegal FSM transition CLICK_SELECT → STOPPED — ignored
2026-07-03 10:03:54 [WARNING] Illegal FSM transition CLICK_SELECT → STOPPED — ignored
2026-07-03 10:03:54 [WARNING] Illegal FSM transition CLICK_SELECT → STOPPED — ignored
2026-07-03 10:03:54 [WARNING] Illegal FSM transition CLICK_SELECT → STOPPED — ignored
2026-07-03 10:03:54 [WARNING] Illegal FSM transition CLICK_SELECT → STOPPED — ignored
2026-07-03 10:03:55 [WARNING] Illegal FSM transition CLICK_SELECT → STOPPED — ignored
2026-07-03 10:03:55 [WARNING] Illegal FSM transition CLICK_SELECT → STOPPED — ignored
2026-07-03 10:03:55 [WARNING] Illegal FSM transition CLICK_SELECT → STOPPED — ignored
2026-07-03 10:03:55 [WARNING] Illegal FSM transition CLICK_SELECT → STOPPED — ignored
2026-07-03 10:03:55 [WARNING] Illegal FSM transition CLICK_SELECT → STOPPED — ignored
2026-07-03 10:03:56 [WARNING] Illegal FSM transition CLICK_SELECT → STOPPED — ignored
2026-07-03 10:03:56 [WARNING] Illegal FSM transition CLICK_SELECT → STOPPED — ignored
2026-07-03 10:03:56 [WARNING] Illegal FSM transition CLICK_SELECT → STOPPED — ignored
2026-07-03 10:03:56 [WARNING] Illegal FSM transition CLICK_SELECT → STOPPED — ignored
2026-07-03 10:03:56 [WARNING] Illegal FSM transition CLICK_SELECT → STOPPED — ignored
2026-07-03 10:03:57 [WARNING] Illegal FSM transition CLICK_SELECT → STOPPED — ignored
2026-07-03 10:03:57 [WARNING] Illegal FSM transition CLICK_SELECT → STOPPED — ignored
2026-07-03 10:03:57 [WARNING] Illegal FSM transition CLICK_SELECT → STOPPED — ignored
2026-07-03 10:03:57 [WARNING] Illegal FSM transition CLICK_SELECT → STOPPED — ignored
2026-07-03 10:03:57 [WARNING] Illegal FSM transition CLICK_SELECT → STOPPED — ignored
2026-07-03 10:03:58 [WARNING] Illegal FSM transition CLICK_SELECT → STOPPED — ignored
2026-07-03 10:03:58 [WARNING] Illegal FSM transition CLICK_SELECT → STOPPED — ignored
2026-07-03 10:03:58 [WARNING] Illegal FSM transition CLICK_SELECT → STOPPED — ignored
2026-07-03 10:03:58 [WARNING] Illegal FSM transition CLICK_SELECT → STOPPED — ignored
2026-07-03 10:03:58 [WARNING] Illegal FSM transition CLICK_SELECT → STOPPED — ignored
2026-07-03 10:03:59 [WARNING] Illegal FSM transition CLICK_SELECT → STOPPED — ignored
2026-07-03 10:03:59 [WARNING] Illegal FSM transition CLICK_SELECT → STOPPED — ignored
2026-07-03 10:03:59 [WARNING] Illegal FSM transition CLICK_SELECT → STOPPED — ignored
2026-07-03 10:03:59 [WARNING] Illegal FSM transition CLICK_SELECT → STOPPED — ignored
2026-07-03 10:03:59 [WARNING] Illegal FSM transition CLICK_SELECT → STOPPED — ignored
2026-07-03 10:04:00 [WARNING] Illegal FSM transition CLICK_SELECT → STOPPED — ignored
2026-07-03 10:04:00 [WARNING] Illegal FSM transition CLICK_SELECT → STOPPED — ignored
2026-07-03 10:04:00 [WARNING] Illegal FSM transition CLICK_SELECT → STOPPED — ignored
2026-07-03 10:04:00 [WARNING] Illegal FSM transition CLICK_SELECT → STOPPED — ignored
2026-07-03 10:04:00 [WARNING] Illegal FSM transition CLICK_SELECT → STOPPED — ignored
2026-07-03 10:04:01 [WARNING] Illegal FSM transition CLICK_SELECT → STOPPED — ignored
2026-07-03 10:04:01 [WARNING] Illegal FSM transition CLICK_SELECT → STOPPED — ignored
2026-07-03 10:04:01 [WARNING] Illegal FSM transition CLICK_SELECT → STOPPED — ignored
2026-07-03 10:04:01 [WARNING] Illegal FSM transition CLICK_SELECT → STOPPED — ignored
2026-07-03 10:04:01 [WARNING] Illegal FSM transition CLICK_SELECT → STOPPED — ignored
2026-07-03 10:04:02 [WARNING] Illegal FSM transition CLICK_SELECT → STOPPED — ignored
2026-07-03 10:04:02 [WARNING] Illegal FSM transition CLICK_SELECT → STOPPED — ignored
2026-07-03 10:04:02 [WARNING] Illegal FSM transition CLICK_SELECT → STOPPED — ignored
2026-07-03 10:04:02 [WARNING] Illegal FSM transition CLICK_SELECT → STOPPED — ignored
2026-07-03 10:04:02 [WARNING] Illegal FSM transition CLICK_SELECT → STOPPED — ignored
2026-07-03 10:04:03 [WARNING] Illegal FSM transition CLICK_SELECT → STOPPED — ignored
2026-07-03 10:04:03 [WARNING] Illegal FSM transition CLICK_SELECT → STOPPED — ignored
2026-07-03 10:04:03 [WARNING] Illegal FSM transition CLICK_SELECT → STOPPED — ignored
2026-07-03 10:04:03 [WARNING] Illegal FSM transition CLICK_SELECT → STOPPED — ignored
2026-07-03 10:04:03 [WARNING] Illegal FSM transition CLICK_SELECT → STOPPED — ignored
2026-07-03 10:04:04 [WARNING] Illegal FSM transition CLICK_SELECT → STOPPED — ignored
2026-07-03 10:04:04 [WARNING] Illegal FSM transition CLICK_SELECT → STOPPED — ignored
2026-07-03 10:04:04 [WARNING] Illegal FSM transition CLICK_SELECT → STOPPED — ignored
2026-07-03 10:04:04 [WARNING] Illegal FSM transition CLICK_SELECT → STOPPED — ignored
2026-07-03 10:04:04 [WARNING] Illegal FSM transition CLICK_SELECT → STOPPED — ignored
2026-07-03 10:04:05 [WARNING] Illegal FSM transition CLICK_SELECT → STOPPED — ignored
2026-07-03 10:04:05 [WARNING] Illegal FSM transition CLICK_SELECT → STOPPED — ignored
2026-07-03 10:04:05 [WARNING] Illegal FSM transition CLICK_SELECT → STOPPED — ignored
2026-07-03 10:04:05 [WARNING] Illegal FSM transition CLICK_SELECT → STOPPED — ignored
2026-07-03 10:04:05 [WARNING] Illegal FSM transition CLICK_SELECT → STOPPED — ignored
2026-07-03 10:04:06 [WARNING] Illegal FSM transition CLICK_SELECT → STOPPED — ignored
2026-07-03 10:04:06 [WARNING] Illegal FSM transition CLICK_SELECT → STOPPED — ignored
2026-07-03 10:04:06 [WARNING] Illegal FSM transition CLICK_SELECT → STOPPED — ignored
2026-07-03 10:04:06 [WARNING] Illegal FSM transition CLICK_SELECT → STOPPED — ignored
2026-07-03 10:04:06 [WARNING] Illegal FSM transition CLICK_SELECT → STOPPED — ignored
2026-07-03 10:04:07 [WARNING] Illegal FSM transition CLICK_SELECT → STOPPED — ignored
2026-07-03 10:04:07 [WARNING] Illegal FSM transition CLICK_SELECT → STOPPED — ignored
2026-07-03 10:04:07 [WARNING] Illegal FSM transition CLICK_SELECT → STOPPED — ignored
2026-07-03 10:04:07 [WARNING] Illegal FSM transition CLICK_SELECT → STOPPED — ignored
2026-07-03 10:04:07 [WARNING] Illegal FSM transition CLICK_SELECT → STOPPED — ignored
2026-07-03 10:04:08 [WARNING] Illegal FSM transition CLICK_SELECT → STOPPED — ignored
2026-07-03 10:04:08 [WARNING] Illegal FSM transition CLICK_SELECT → STOPPED — ignored
2026-07-03 10:04:08 [WARNING] Illegal FSM transition CLICK_SELECT → STOPPED — ignored
2026-07-03 10:04:08 [WARNING] Illegal FSM transition CLICK_SELECT → STOPPED — ignored
2026-07-03 10:04:08 [WARNING] Illegal FSM transition CLICK_SELECT → STOPPED — ignored
2026-07-03 10:04:09 [WARNING] Illegal FSM transition CLICK_SELECT → STOPPED — ignored
2026-07-03 10:04:09 [WARNING] Illegal FSM transition CLICK_SELECT → STOPPED — ignored
2026-07-03 10:04:09 [WARNING] Illegal FSM transition CLICK_SELECT → STOPPED — ignored
2026-07-03 10:04:09 [WARNING] Illegal FSM transition CLICK_SELECT → STOPPED — ignored
2026-07-03 10:04:09 [WARNING] Illegal FSM transition CLICK_SELECT → STOPPED — ignored
2026-07-03 10:04:10 [WARNING] Illegal FSM transition CLICK_SELECT → STOPPED — ignored
2026-07-03 10:04:10 [WARNING] Illegal FSM transition CLICK_SELECT → STOPPED — ignored
2026-07-03 10:04:10 [WARNING] Illegal FSM transition CLICK_SELECT → STOPPED — ignored
2026-07-03 10:04:10 [WARNING] Illegal FSM transition CLICK_SELECT → STOPPED — ignored
2026-07-03 10:04:10 [WARNING] Illegal FSM transition CLICK_SELECT → STOPPED — ignored
2026-07-03 10:04:11 [WARNING] Illegal FSM transition CLICK_SELECT → STOPPED — ignored
2026-07-03 10:04:11 [WARNING] Illegal FSM transition CLICK_SELECT → STOPPED — ignored
2026-07-03 10:04:11 [WARNING] Illegal FSM transition CLICK_SELECT → STOPPED — ignored
2026-07-03 10:04:11 [WARNING] Illegal FSM transition CLICK_SELECT → STOPPED — ignored
2026-07-03 10:04:11 [WARNING] Illegal FSM transition CLICK_SELECT → STOPPED — ignored
2026-07-03 10:04:12 [WARNING] Illegal FSM transition CLICK_SELECT → STOPPED — ignored
2026-07-03 10:04:12 [WARNING] Illegal FSM transition CLICK_SELECT → STOPPED — ignored
2026-07-03 10:04:12 [WARNING] Illegal FSM transition CLICK_SELECT → STOPPED — ignored
2026-07-03 10:04:12 [WARNING] Illegal FSM transition CLICK_SELECT → STOPPED — ignored
2026-07-03 10:04:12 [WARNING] Illegal FSM transition CLICK_SELECT → STOPPED — ignored
2026-07-03 10:04:13 [WARNING] Illegal FSM transition CLICK_SELECT → STOPPED — ignored
2026-07-03 10:04:13 [WARNING] Illegal FSM transition CLICK_SELECT → STOPPED — ignored
2026-07-03 10:04:13 [WARNING] Illegal FSM transition CLICK_SELECT → STOPPED — ignored
2026-07-03 10:04:13 [WARNING] Illegal FSM transition CLICK_SELECT → STOPPED — ignored
2026-07-03 10:04:13 [WARNING] Illegal FSM transition CLICK_SELECT → STOPPED — ignored
2026-07-03 10:04:14 [WARNING] Illegal FSM transition CLICK_SELECT → STOPPED — ignored
2026-07-03 10:04:14 [WARNING] Illegal FSM transition CLICK_SELECT → STOPPED — ignored
2026-07-03 10:04:14 [WARNING] Illegal FSM transition CLICK_SELECT → STOPPED — ignored
2026-07-03 10:04:14 [WARNING] Illegal FSM transition CLICK_SELECT → STOPPED — ignored
2026-07-03 10:04:14 [WARNING] Illegal FSM transition CLICK_SELECT → STOPPED — ignored
2026-07-03 10:04:15 [WARNING] Illegal FSM transition CLICK_SELECT → STOPPED — ignored
2026-07-03 10:04:15 [WARNING] Illegal FSM transition CLICK_SELECT → STOPPED — ignored
2026-07-03 10:04:15 [WARNING] Illegal FSM transition CLICK_SELECT → STOPPED — ignored
2026-07-03 10:04:15 [WARNING] Illegal FSM transition CLICK_SELECT → STOPPED — ignored
2026-07-03 10:04:15 [WARNING] Illegal FSM transition CLICK_SELECT → STOPPED — ignored
2026-07-03 10:04:16 [WARNING] Illegal FSM transition CLICK_SELECT → STOPPED — ignored
2026-07-03 10:04:16 [WARNING] Illegal FSM transition CLICK_SELECT → STOPPED — ignored
2026-07-03 10:04:16 [WARNING] Illegal FSM transition CLICK_SELECT → STOPPED — ignored
2026-07-03 10:04:16 [WARNING] Illegal FSM transition CLICK_SELECT → STOPPED — ignored
2026-07-03 10:04:16 [WARNING] Illegal FSM transition CLICK_SELECT → STOPPED — ignored
2026-07-03 10:04:17 [WARNING] Illegal FSM transition CLICK_SELECT → STOPPED — ignored
2026-07-03 10:04:17 [WARNING] Illegal FSM transition CLICK_SELECT → STOPPED — ignored
2026-07-03 10:04:17 [WARNING] Illegal FSM transition CLICK_SELECT → STOPPED — ignored
2026-07-03 10:04:17 [WARNING] Illegal FSM transition CLICK_SELECT → STOPPED — ignored
2026-07-03 10:04:17 [WARNING] Illegal FSM transition CLICK_SELECT → STOPPED — ignored
2026-07-03 10:04:18 [WARNING] Illegal FSM transition CLICK_SELECT → STOPPED — ignored
2026-07-03 10:04:18 [WARNING] Illegal FSM transition CLICK_SELECT → STOPPED — ignored
2026-07-03 10:04:18 [WARNING] Illegal FSM transition CLICK_SELECT → STOPPED — ignored
2026-07-03 10:04:18 [WARNING] Illegal FSM transition CLICK_SELECT → STOPPED — ignored
2026-07-03 10:04:18 [WARNING] Illegal FSM transition CLICK_SELECT → STOPPED — ignored
2026-07-03 10:04:19 [WARNING] Illegal FSM transition CLICK_SELECT → STOPPED — ignored
2026-07-03 10:04:19 [WARNING] Illegal FSM transition CLICK_SELECT → STOPPED — ignored
2026-07-03 10:04:19 [WARNING] Illegal FSM transition CLICK_SELECT → STOPPED — ignored
2026-07-03 10:04:19 [WARNING] Illegal FSM transition CLICK_SELECT → STOPPED — ignored
2026-07-03 10:04:19 [WARNING] Illegal FSM transition CLICK_SELECT → STOPPED — ignored
2026-07-03 10:04:20 [WARNING] Illegal FSM transition CLICK_SELECT → STOPPED — ignored
2026-07-03 10:04:20 [WARNING] Illegal FSM transition CLICK_SELECT → STOPPED — ignored
2026-07-03 10:04:20 [WARNING] Illegal FSM transition CLICK_SELECT → STOPPED — ignored
2026-07-03 10:04:20 [WARNING] Illegal FSM transition CLICK_SELECT → STOPPED — ignored
2026-07-03 10:04:20 [WARNING] Illegal FSM transition CLICK_SELECT → STOPPED — ignored
2026-07-03 10:04:21 [WARNING] Illegal FSM transition CLICK_SELECT → STOPPED — ignored
2026-07-03 10:04:21 [WARNING] Illegal FSM transition CLICK_SELECT → STOPPED — ignored
2026-07-03 10:04:21 [WARNING] Illegal FSM transition CLICK_SELECT → STOPPED — ignored
2026-07-03 10:04:21 [WARNING] Illegal FSM transition CLICK_SELECT → STOPPED — ignored
2026-07-03 10:04:21 [WARNING] Illegal FSM transition CLICK_SELECT → STOPPED — ignored
2026-07-03 10:04:22 [WARNING] Illegal FSM transition CLICK_SELECT → STOPPED — ignored
2026-07-03 10:04:22 [WARNING] Illegal FSM transition CLICK_SELECT → STOPPED — ignored
2026-07-03 10:04:22 [WARNING] Illegal FSM transition CLICK_SELECT → STOPPED — ignored
2026-07-03 10:04:22 [WARNING] Illegal FSM transition CLICK_SELECT → STOPPED — ignored
2026-07-03 10:04:22 [WARNING] Illegal FSM transition CLICK_SELECT → STOPPED — ignored
2026-07-03 10:04:23 [WARNING] Illegal FSM transition CLICK_SELECT → STOPPED — ignored
2026-07-03 10:04:23 [WARNING] Illegal FSM transition CLICK_SELECT → STOPPED — ignored
2026-07-03 10:04:23 [WARNING] Illegal FSM transition CLICK_SELECT → STOPPED — ignored
2026-07-03 10:04:23 [WARNING] Illegal FSM transition CLICK_SELECT → STOPPED — ignored
2026-07-03 10:04:23 [WARNING] Illegal FSM transition CLICK_SELECT → STOPPED — ignored
2026-07-03 10:04:24 [WARNING] Illegal FSM transition CLICK_SELECT → STOPPED — ignored
2026-07-03 10:04:24 [WARNING] Illegal FSM transition CLICK_SELECT → STOPPED — ignored
2026-07-03 10:04:24 [WARNING] Illegal FSM transition CLICK_SELECT → STOPPED — ignored
2026-07-03 10:04:24 [WARNING] Illegal FSM transition CLICK_SELECT → STOPPED — ignored
2026-07-03 10:04:24 [WARNING] Illegal FSM transition CLICK_SELECT → STOPPED — ignored
2026-07-03 10:04:25 [WARNING] Illegal FSM transition CLICK_SELECT → STOPPED — ignored
2026-07-03 10:04:25 [WARNING] Illegal FSM transition CLICK_SELECT → STOPPED — ignored
2026-07-03 10:04:25 [WARNING] Illegal FSM transition CLICK_SELECT → STOPPED — ignored
2026-07-03 10:04:25 [WARNING] Illegal FSM transition CLICK_SELECT → STOPPED — ignored
2026-07-03 10:04:25 [WARNING] Illegal FSM transition CLICK_SELECT → STOPPED — ignored
2026-07-03 10:04:26 [WARNING] Illegal FSM transition CLICK_SELECT → STOPPED — ignored
2026-07-03 10:04:26 [WARNING] Illegal FSM transition CLICK_SELECT → STOPPED — ignored
2026-07-03 10:04:26 [WARNING] Illegal FSM transition CLICK_SELECT → STOPPED — ignored
2026-07-03 10:04:26 [WARNING] Illegal FSM transition CLICK_SELECT → STOPPED — ignored
2026-07-03 10:04:26 [WARNING] Illegal FSM transition CLICK_SELECT → STOPPED — ignored
2026-07-03 10:04:27 [WARNING] Illegal FSM transition CLICK_SELECT → STOPPED — ignored
2026-07-03 10:04:27 [WARNING] Illegal FSM transition CLICK_SELECT → STOPPED — ignored
2026-07-03 10:04:27 [WARNING] Illegal FSM transition CLICK_SELECT → STOPPED — ignored
2026-07-03 10:04:27 [WARNING] Illegal FSM transition CLICK_SELECT → STOPPED — ignored
2026-07-03 10:04:27 [WARNING] Illegal FSM transition CLICK_SELECT → STOPPED — ignored
2026-07-03 10:04:28 [WARNING] Illegal FSM transition CLICK_SELECT → STOPPED — ignored
2026-07-03 10:04:28 [WARNING] Illegal FSM transition CLICK_SELECT → STOPPED — ignored
2026-07-03 10:04:28 [WARNING] Illegal FSM transition CLICK_SELECT → STOPPED — ignored
2026-07-03 10:04:28 [WARNING] Illegal FSM transition CLICK_SELECT → STOPPED — ignored
2026-07-03 10:04:28 [WARNING] Illegal FSM transition CLICK_SELECT → STOPPED — ignored
2026-07-03 10:04:29 [WARNING] Illegal FSM transition CLICK_SELECT → STOPPED — ignored
2026-07-03 10:04:29 [WARNING] Illegal FSM transition CLICK_SELECT → STOPPED — ignored
2026-07-03 10:04:29 [WARNING] Illegal FSM transition CLICK_SELECT → STOPPED — ignored
2026-07-03 10:04:29 [WARNING] Illegal FSM transition CLICK_SELECT → STOPPED — ignored
2026-07-03 10:04:29 [WARNING] Illegal FSM transition CLICK_SELECT → STOPPED — ignored
2026-07-03 10:04:30 [WARNING] Illegal FSM transition CLICK_SELECT → STOPPED — ignored
2026-07-03 10:04:30 [WARNING] Illegal FSM transition CLICK_SELECT → STOPPED — ignored
2026-07-03 10:04:30 [WARNING] Illegal FSM transition CLICK_SELECT → STOPPED — ignored
2026-07-03 10:04:30 [WARNING] Illegal FSM transition CLICK_SELECT → STOPPED — ignored
2026-07-03 10:04:30 [WARNING] Illegal FSM transition CLICK_SELECT → STOPPED — ignored
2026-07-03 10:04:31 [WARNING] Illegal FSM transition CLICK_SELECT → STOPPED — ignored
2026-07-03 10:04:31 [WARNING] Illegal FSM transition CLICK_SELECT → STOPPED — ignored
2026-07-03 10:04:31 [WARNING] Illegal FSM transition CLICK_SELECT → STOPPED — ignored
2026-07-03 10:04:31 [WARNING] Illegal FSM transition CLICK_SELECT → STOPPED — ignored
2026-07-03 10:04:31 [WARNING] Illegal FSM transition CLICK_SELECT → STOPPED — ignored
2026-07-03 10:04:32 [WARNING] Illegal FSM transition CLICK_SELECT → STOPPED — ignored
2026-07-03 10:04:32 [WARNING] Illegal FSM transition CLICK_SELECT → STOPPED — ignored
2026-07-03 10:04:32 [WARNING] Illegal FSM transition CLICK_SELECT → STOPPED — ignored
2026-07-03 10:04:32 [WARNING] Illegal FSM transition CLICK_SELECT → STOPPED — ignored
2026-07-03 10:04:32 [WARNING] Illegal FSM transition CLICK_SELECT → STOPPED — ignored
2026-07-03 10:04:33 [WARNING] Illegal FSM transition CLICK_SELECT → STOPPED — ignored
2026-07-03 10:04:33 [WARNING] Illegal FSM transition CLICK_SELECT → STOPPED — ignored
2026-07-03 10:04:33 [WARNING] Illegal FSM transition CLICK_SELECT → STOPPED — ignored
2026-07-03 10:04:33 [WARNING] Illegal FSM transition CLICK_SELECT → STOPPED — ignored
2026-07-03 10:04:33 [WARNING] Illegal FSM transition CLICK_SELECT → STOPPED — ignored
2026-07-03 10:04:34 [WARNING] Illegal FSM transition CLICK_SELECT → STOPPED — ignored
2026-07-03 10:04:34 [WARNING] Illegal FSM transition CLICK_SELECT → STOPPED — ignored
2026-07-03 10:04:34 [WARNING] Illegal FSM transition CLICK_SELECT → STOPPED — ignored
2026-07-03 10:04:34 [WARNING] Illegal FSM transition CLICK_SELECT → STOPPED — ignored
2026-07-03 10:04:34 [WARNING] Illegal FSM transition CLICK_SELECT → STOPPED — ignored
2026-07-03 10:04:35 [WARNING] Illegal FSM transition CLICK_SELECT → STOPPED — ignored
2026-07-03 10:04:35 [WARNING] Illegal FSM transition CLICK_SELECT → STOPPED — ignored
2026-07-03 10:04:35 [WARNING] Illegal FSM transition CLICK_SELECT → STOPPED — ignored
2026-07-03 10:04:35 [WARNING] Illegal FSM transition CLICK_SELECT → STOPPED — ignored
2026-07-03 10:04:35 [WARNING] Illegal FSM transition CLICK_SELECT → STOPPED — ignored
2026-07-03 10:04:36 [WARNING] Illegal FSM transition CLICK_SELECT → STOPPED — ignored
2026-07-03 10:04:36 [WARNING] Illegal FSM transition CLICK_SELECT → STOPPED — ignored
2026-07-03 10:04:36 [WARNING] Illegal FSM transition CLICK_SELECT → STOPPED — ignored
2026-07-03 10:04:36 [WARNING] Illegal FSM transition CLICK_SELECT → STOPPED — ignored
2026-07-03 10:04:36 [WARNING] Illegal FSM transition CLICK_SELECT → STOPPED — ignored
2026-07-03 10:04:37 [WARNING] Illegal FSM transition CLICK_SELECT → STOPPED — ignored
2026-07-03 10:04:37 [WARNING] Illegal FSM transition CLICK_SELECT → STOPPED — ignored
2026-07-03 10:04:37 [WARNING] Illegal FSM transition CLICK_SELECT → STOPPED — ignored
2026-07-03 10:04:37 [WARNING] Illegal FSM transition CLICK_SELECT → STOPPED — ignored
2026-07-03 10:04:37 [WARNING] Illegal FSM transition CLICK_SELECT → STOPPED — ignored
2026-07-03 10:04:38 [WARNING] Illegal FSM transition CLICK_SELECT → STOPPED — ignored
2026-07-03 10:04:38 [WARNING] Illegal FSM transition CLICK_SELECT → STOPPED — ignored
2026-07-03 10:04:38 [WARNING] Illegal FSM transition CLICK_SELECT → STOPPED — ignored
2026-07-03 10:04:38 [WARNING] Illegal FSM transition CLICK_SELECT → STOPPED — ignored
2026-07-03 10:04:38 [WARNING] Illegal FSM transition CLICK_SELECT → STOPPED — ignored
2026-07-03 10:04:39 [WARNING] Illegal FSM transition CLICK_SELECT → STOPPED — ignored
2026-07-03 10:04:39 [WARNING] Illegal FSM transition CLICK_SELECT → STOPPED — ignored
2026-07-03 10:04:39 [WARNING] Illegal FSM transition CLICK_SELECT → STOPPED — ignored
2026-07-03 10:04:39 [WARNING] Illegal FSM transition CLICK_SELECT → STOPPED — ignored
2026-07-03 10:04:39 [WARNING] Illegal FSM transition CLICK_SELECT → STOPPED — ignored
2026-07-03 10:04:40 [WARNING] Illegal FSM transition CLICK_SELECT → STOPPED — ignored
2026-07-03 10:04:40 [WARNING] Illegal FSM transition CLICK_SELECT → STOPPED — ignored
2026-07-03 10:04:40 [WARNING] Illegal FSM transition CLICK_SELECT → STOPPED — ignored
2026-07-03 10:04:40 [WARNING] Illegal FSM transition CLICK_SELECT → STOPPED — ignored
2026-07-03 10:04:40 [WARNING] Illegal FSM transition CLICK_SELECT → STOPPED — ignored
2026-07-03 10:04:41 [WARNING] Illegal FSM transition CLICK_SELECT → STOPPED — ignored
2026-07-03 10:04:41 [WARNING] Illegal FSM transition CLICK_SELECT → STOPPED — ignored
2026-07-03 10:04:41 [WARNING] Illegal FSM transition CLICK_SELECT → STOPPED — ignored
2026-07-03 10:04:41 [WARNING] Illegal FSM transition CLICK_SELECT → STOPPED — ignored
2026-07-03 10:04:41 [WARNING] Illegal FSM transition CLICK_SELECT → STOPPED — ignored
2026-07-03 10:04:42 [WARNING] Illegal FSM transition CLICK_SELECT → STOPPED — ignored
2026-07-03 10:04:42 [WARNING] Illegal FSM transition CLICK_SELECT → STOPPED — ignored
2026-07-03 10:04:42 [WARNING] Illegal FSM transition CLICK_SELECT → STOPPED — ignored
2026-07-03 10:04:42 [WARNING] Illegal FSM transition CLICK_SELECT → STOPPED — ignored
2026-07-03 10:04:42 [WARNING] Illegal FSM transition CLICK_SELECT → STOPPED — ignored
2026-07-03 10:04:43 [WARNING] Illegal FSM transition CLICK_SELECT → STOPPED — ignored
2026-07-03 10:04:43 [WARNING] Illegal FSM transition CLICK_SELECT → STOPPED — ignored
2026-07-03 10:04:43 [WARNING] Illegal FSM transition CLICK_SELECT → STOPPED — ignored
2026-07-03 10:04:43 [WARNING] Illegal FSM transition CLICK_SELECT → STOPPED — ignored
2026-07-03 10:04:43 [WARNING] Illegal FSM transition CLICK_SELECT → STOPPED — ignored
2026-07-03 10:04:44 [WARNING] Illegal FSM transition CLICK_SELECT → STOPPED — ignored
2026-07-03 10:04:44 [WARNING] Illegal FSM transition CLICK_SELECT → STOPPED — ignored
2026-07-03 10:04:44 [WARNING] Illegal FSM transition CLICK_SELECT → STOPPED — ignored
2026-07-03 10:04:44 [WARNING] Illegal FSM transition CLICK_SELECT → STOPPED — ignored
2026-07-03 10:04:44 [WARNING] Illegal FSM transition CLICK_SELECT → STOPPED — ignored
2026-07-03 10:04:45 [WARNING] Illegal FSM transition CLICK_SELECT → STOPPED — ignored
2026-07-03 10:04:45 [WARNING] Illegal FSM transition CLICK_SELECT → STOPPED — ignored
2026-07-03 10:04:45 [WARNING] Illegal FSM transition CLICK_SELECT → STOPPED — ignored
2026-07-03 10:04:45 [WARNING] Illegal FSM transition CLICK_SELECT → STOPPED — ignored
2026-07-03 10:04:45 [WARNING] Illegal FSM transition CLICK_SELECT → STOPPED — ignored
2026-07-03 10:04:46 [WARNING] Illegal FSM transition CLICK_SELECT → STOPPED — ignored
2026-07-03 10:04:46 [WARNING] Illegal FSM transition CLICK_SELECT → STOPPED — ignored
2026-07-03 10:04:46 [WARNING] Illegal FSM transition CLICK_SELECT → STOPPED — ignored
2026-07-03 10:04:46 [WARNING] Illegal FSM transition CLICK_SELECT → STOPPED — ignored
2026-07-03 10:04:46 [WARNING] Illegal FSM transition CLICK_SELECT → STOPPED — ignored
2026-07-03 10:04:47 [WARNING] Illegal FSM transition CLICK_SELECT → STOPPED — ignored
2026-07-03 10:04:47 [WARNING] Illegal FSM transition CLICK_SELECT → STOPPED — ignored
2026-07-03 10:04:47 [WARNING] Illegal FSM transition CLICK_SELECT → STOPPED — ignored
2026-07-03 10:04:47 [WARNING] Illegal FSM transition CLICK_SELECT → STOPPED — ignored
2026-07-03 10:04:47 [WARNING] Illegal FSM transition CLICK_SELECT → STOPPED — ignored
2026-07-03 10:04:48 [WARNING] Illegal FSM transition CLICK_SELECT → STOPPED — ignored
2026-07-03 10:04:48 [WARNING] Illegal FSM transition CLICK_SELECT → STOPPED — ignored
2026-07-03 10:04:48 [WARNING] Illegal FSM transition CLICK_SELECT → STOPPED — ignored
2026-07-03 10:04:48 [WARNING] Illegal FSM transition CLICK_SELECT → STOPPED — ignored
2026-07-03 10:04:48 [WARNING] Illegal FSM transition CLICK_SELECT → STOPPED — ignored
2026-07-03 10:04:49 [WARNING] Illegal FSM transition CLICK_SELECT → STOPPED — ignored
2026-07-03 10:04:49 [WARNING] Illegal FSM transition CLICK_SELECT → STOPPED — ignored
2026-07-03 10:04:49 [WARNING] Illegal FSM transition CLICK_SELECT → STOPPED — ignored
2026-07-03 10:04:49 [WARNING] Illegal FSM transition CLICK_SELECT → STOPPED — ignored
2026-07-03 10:04:49 [WARNING] Illegal FSM transition CLICK_SELECT → STOPPED — ignored
2026-07-03 10:04:50 [WARNING] Illegal FSM transition CLICK_SELECT → STOPPED — ignored
2026-07-03 10:04:50 [WARNING] Illegal FSM transition CLICK_SELECT → STOPPED — ignored
2026-07-03 10:04:50 [WARNING] Illegal FSM transition CLICK_SELECT → STOPPED — ignored
2026-07-03 10:04:50 [WARNING] Illegal FSM transition CLICK_SELECT → STOPPED — ignored
2026-07-03 10:04:50 [WARNING] Illegal FSM transition CLICK_SELECT → STOPPED — ignored
2026-07-03 10:04:51 [WARNING] Illegal FSM transition CLICK_SELECT → STOPPED — ignored
2026-07-03 10:04:51 [WARNING] Illegal FSM transition CLICK_SELECT → STOPPED — ignored
2026-07-03 10:04:51 [WARNING] Illegal FSM transition CLICK_SELECT → STOPPED — ignored
2026-07-03 10:04:51 [WARNING] Illegal FSM transition CLICK_SELECT → STOPPED — ignored
2026-07-03 10:04:52 [WARNING] Illegal FSM transition CLICK_SELECT → STOPPED — ignored
2026-07-03 10:04:52 [WARNING] Illegal FSM transition CLICK_SELECT → STOPPED — ignored
2026-07-03 10:04:52 [WARNING] Illegal FSM transition CLICK_SELECT → STOPPED — ignored
2026-07-03 10:04:52 [WARNING] Illegal FSM transition CLICK_SELECT → STOPPED — ignored
2026-07-03 10:04:52 [WARNING] Illegal FSM transition CLICK_SELECT → STOPPED — ignored
2026-07-03 10:04:53 [WARNING] Illegal FSM transition CLICK_SELECT → STOPPED — ignored
2026-07-03 10:04:53 [WARNING] Illegal FSM transition CLICK_SELECT → STOPPED — ignored
2026-07-03 10:04:53 [WARNING] Illegal FSM transition CLICK_SELECT → STOPPED — ignored
2026-07-03 10:04:53 [WARNING] Illegal FSM transition CLICK_SELECT → STOPPED — ignored
2026-07-03 10:04:53 [WARNING] Illegal FSM transition CLICK_SELECT → STOPPED — ignored
2026-07-03 10:04:54 [WARNING] Illegal FSM transition CLICK_SELECT → STOPPED — ignored
2026-07-03 10:04:54 [WARNING] Illegal FSM transition CLICK_SELECT → STOPPED — ignored
2026-07-03 10:04:54 [WARNING] Illegal FSM transition CLICK_SELECT → STOPPED — ignored
2026-07-03 10:04:54 [WARNING] Illegal FSM transition CLICK_SELECT → STOPPED — ignored
2026-07-03 10:04:54 [WARNING] Illegal FSM transition CLICK_SELECT → STOPPED — ignored
2026-07-03 10:04:55 [WARNING] Illegal FSM transition CLICK_SELECT → STOPPED — ignored
2026-07-03 10:04:55 [WARNING] Illegal FSM transition CLICK_SELECT → STOPPED — ignored
2026-07-03 10:04:55 [WARNING] Illegal FSM transition CLICK_SELECT → STOPPED — ignored
2026-07-03 10:04:55 [WARNING] Illegal FSM transition CLICK_SELECT → STOPPED — ignored
2026-07-03 10:04:55 [WARNING] Illegal FSM transition CLICK_SELECT → STOPPED — ignored
2026-07-03 10:04:56 [WARNING] Illegal FSM transition CLICK_SELECT → STOPPED — ignored
2026-07-03 10:04:56 [WARNING] Illegal FSM transition CLICK_SELECT → STOPPED — ignored
2026-07-03 10:04:56 [WARNING] Illegal FSM transition CLICK_SELECT → STOPPED — ignored
2026-07-03 10:04:56 [WARNING] Illegal FSM transition CLICK_SELECT → STOPPED — ignored
2026-07-03 10:04:56 [WARNING] Illegal FSM transition CLICK_SELECT → STOPPED — ignored
2026-07-03 10:04:57 [WARNING] Illegal FSM transition CLICK_SELECT → STOPPED — ignored
2026-07-03 10:04:57 [WARNING] Illegal FSM transition CLICK_SELECT → STOPPED — ignored
2026-07-03 10:04:57 [WARNING] Illegal FSM transition CLICK_SELECT → STOPPED — ignored
2026-07-03 10:04:57 [WARNING] Illegal FSM transition CLICK_SELECT → STOPPED — ignored
2026-07-03 10:04:57 [WARNING] Illegal FSM transition CLICK_SELECT → STOPPED — ignored
2026-07-03 10:04:58 [WARNING] Illegal FSM transition CLICK_SELECT → STOPPED — ignored
2026-07-03 10:04:58 [WARNING] Illegal FSM transition CLICK_SELECT → STOPPED — ignored
2026-07-03 10:04:58 [WARNING] Illegal FSM transition CLICK_SELECT → STOPPED — ignored
2026-07-03 10:04:58 [WARNING] Illegal FSM transition CLICK_SELECT → STOPPED — ignored
2026-07-03 10:04:58 [WARNING] Illegal FSM transition CLICK_SELECT → STOPPED — ignored
2026-07-03 10:04:59 [WARNING] Illegal FSM transition CLICK_SELECT → STOPPED — ignored
2026-07-03 10:04:59 [WARNING] Illegal FSM transition CLICK_SELECT → STOPPED — ignored
2026-07-03 10:04:59 [WARNING] Illegal FSM transition CLICK_SELECT → STOPPED — ignored
2026-07-03 10:04:59 [WARNING] Illegal FSM transition CLICK_SELECT → STOPPED — ignored
2026-07-03 10:04:59 [WARNING] Illegal FSM transition CLICK_SELECT → STOPPED — ignored
2026-07-03 10:05:00 [WARNING] Illegal FSM transition CLICK_SELECT → STOPPED — ignored
2026-07-03 10:05:00 [WARNING] Illegal FSM transition CLICK_SELECT → STOPPED — ignored
2026-07-03 10:05:00 [WARNING] Illegal FSM transition CLICK_SELECT → STOPPED — ignored
2026-07-03 10:05:00 [WARNING] Illegal FSM transition CLICK_SELECT → STOPPED — ignored
2026-07-03 10:05:00 [WARNING] Illegal FSM transition CLICK_SELECT → STOPPED — ignored
2026-07-03 10:05:01 [WARNING] Illegal FSM transition CLICK_SELECT → STOPPED — ignored
2026-07-03 10:05:01 [WARNING] Illegal FSM transition CLICK_SELECT → STOPPED — ignored
2026-07-03 10:05:01 [WARNING] Illegal FSM transition CLICK_SELECT → STOPPED — ignored
2026-07-03 10:05:01 [WARNING] Illegal FSM transition CLICK_SELECT → STOPPED — ignored
2026-07-03 10:05:01 [WARNING] Illegal FSM transition CLICK_SELECT → STOPPED — ignored
2026-07-03 10:05:02 [WARNING] Illegal FSM transition CLICK_SELECT → STOPPED — ignored
2026-07-03 10:05:02 [WARNING] Illegal FSM transition CLICK_SELECT → STOPPED — ignored
2026-07-03 10:05:02 [WARNING] Illegal FSM transition CLICK_SELECT → STOPPED — ignored
2026-07-03 10:05:02 [WARNING] Illegal FSM transition CLICK_SELECT → STOPPED — ignored
2026-07-03 10:05:02 [WARNING] Illegal FSM transition CLICK_SELECT → STOPPED — ignored
2026-07-03 10:05:03 [WARNING] Illegal FSM transition CLICK_SELECT → STOPPED — ignored
2026-07-03 10:05:03 [WARNING] Illegal FSM transition CLICK_SELECT → STOPPED — ignored
2026-07-03 10:05:03 [WARNING] Illegal FSM transition CLICK_SELECT → STOPPED — ignored
2026-07-03 10:05:03 [WARNING] Illegal FSM transition CLICK_SELECT → STOPPED — ignored
2026-07-03 10:05:03 [WARNING] Illegal FSM transition CLICK_SELECT → STOPPED — ignored
2026-07-03 10:05:04 [WARNING] Illegal FSM transition CLICK_SELECT → STOPPED — ignored
2026-07-03 10:05:04 [WARNING] Illegal FSM transition CLICK_SELECT → STOPPED — ignored
2026-07-03 10:05:04 [WARNING] Illegal FSM transition CLICK_SELECT → STOPPED — ignored
2026-07-03 10:05:04 [WARNING] Illegal FSM transition CLICK_SELECT → STOPPED — ignored
2026-07-03 10:05:04 [WARNING] Illegal FSM transition CLICK_SELECT → STOPPED — ignored
2026-07-03 10:05:05 [WARNING] Illegal FSM transition CLICK_SELECT → STOPPED — ignored
2026-07-03 10:05:05 [WARNING] Illegal FSM transition CLICK_SELECT → STOPPED — ignored
2026-07-03 10:05:05 [WARNING] Illegal FSM transition CLICK_SELECT → STOPPED — ignored
2026-07-03 10:05:05 [WARNING] Illegal FSM transition CLICK_SELECT → STOPPED — ignored
2026-07-03 10:05:05 [WARNING] Illegal FSM transition CLICK_SELECT → STOPPED — ignored
2026-07-03 10:05:06 [WARNING] Illegal FSM transition CLICK_SELECT → STOPPED — ignored
2026-07-03 10:05:06 [WARNING] Illegal FSM transition CLICK_SELECT → STOPPED — ignored
2026-07-03 10:05:06 [WARNING] Illegal FSM transition CLICK_SELECT → STOPPED — ignored
2026-07-03 10:05:06 [WARNING] Illegal FSM transition CLICK_SELECT → STOPPED — ignored
2026-07-03 10:05:06 [WARNING] Illegal FSM transition CLICK_SELECT → STOPPED — ignored
2026-07-03 10:05:07 [WARNING] Illegal FSM transition CLICK_SELECT → STOPPED — ignored
2026-07-03 10:05:07 [WARNING] Illegal FSM transition CLICK_SELECT → STOPPED — ignored
2026-07-03 10:05:07 [WARNING] Illegal FSM transition CLICK_SELECT → STOPPED — ignored
2026-07-03 10:05:07 [WARNING] Illegal FSM transition CLICK_SELECT → STOPPED — ignored
2026-07-03 10:05:07 [WARNING] Illegal FSM transition CLICK_SELECT → STOPPED — ignored
2026-07-03 10:05:08 [WARNING] Illegal FSM transition CLICK_SELECT → STOPPED — ignored
2026-07-03 10:05:08 [WARNING] Illegal FSM transition CLICK_SELECT → STOPPED — ignored
2026-07-03 10:05:08 [WARNING] Illegal FSM transition CLICK_SELECT → STOPPED — ignored
2026-07-03 10:05:08 [WARNING] Illegal FSM transition CLICK_SELECT → STOPPED — ignored
2026-07-03 10:05:08 [WARNING] Illegal FSM transition CLICK_SELECT → STOPPED — ignored
2026-07-03 10:05:09 [WARNING] Illegal FSM transition CLICK_SELECT → STOPPED — ignored
2026-07-03 10:05:09 [WARNING] Illegal FSM transition CLICK_SELECT → STOPPED — ignored
2026-07-03 10:05:09 [WARNING] Illegal FSM transition CLICK_SELECT → STOPPED — ignored
2026-07-03 10:05:09 [WARNING] Illegal FSM transition CLICK_SELECT → STOPPED — ignored
2026-07-03 10:05:09 [WARNING] Illegal FSM transition CLICK_SELECT → STOPPED — ignored
2026-07-03 10:05:10 [WARNING] Illegal FSM transition CLICK_SELECT → STOPPED — ignored
2026-07-03 10:05:10 [WARNING] Illegal FSM transition CLICK_SELECT → STOPPED — ignored
2026-07-03 10:05:10 [WARNING] Illegal FSM transition CLICK_SELECT → STOPPED — ignored
2026-07-03 10:05:10 [WARNING] Illegal FSM transition CLICK_SELECT → STOPPED — ignored
2026-07-03 10:05:10 [WARNING] Illegal FSM transition CLICK_SELECT → STOPPED — ignored
2026-07-03 10:05:11 [WARNING] Illegal FSM transition CLICK_SELECT → STOPPED — ignored
2026-07-03 10:05:11 [WARNING] Illegal FSM transition CLICK_SELECT → STOPPED — ignored
2026-07-03 10:05:11 [WARNING] Illegal FSM transition CLICK_SELECT → STOPPED — ignored
2026-07-03 10:05:11 [WARNING] Illegal FSM transition CLICK_SELECT → STOPPED — ignored
2026-07-03 10:05:11 [WARNING] Illegal FSM transition CLICK_SELECT → STOPPED — ignored
2026-07-03 10:05:12 [WARNING] Illegal FSM transition CLICK_SELECT → STOPPED — ignored
2026-07-03 10:05:12 [WARNING] Illegal FSM transition CLICK_SELECT → STOPPED — ignored
2026-07-03 10:05:12 [WARNING] Illegal FSM transition CLICK_SELECT → STOPPED — ignored
2026-07-03 10:05:12 [WARNING] Illegal FSM transition CLICK_SELECT → STOPPED — ignored
2026-07-03 10:05:12 [WARNING] Illegal FSM transition CLICK_SELECT → STOPPED — ignored
2026-07-03 10:05:13 [WARNING] Illegal FSM transition CLICK_SELECT → STOPPED — ignored
2026-07-03 10:05:13 [WARNING] Illegal FSM transition CLICK_SELECT → STOPPED — ignored
2026-07-03 10:05:13 [WARNING] Illegal FSM transition CLICK_SELECT → STOPPED — ignored
2026-07-03 10:05:13 [WARNING] Illegal FSM transition CLICK_SELECT → STOPPED — ignored
2026-07-03 10:05:13 [WARNING] Illegal FSM transition CLICK_SELECT → STOPPED — ignored
2026-07-03 10:05:14 [WARNING] Illegal FSM transition CLICK_SELECT → STOPPED — ignored
2026-07-03 10:05:14 [WARNING] Illegal FSM transition CLICK_SELECT → STOPPED — ignored
2026-07-03 10:05:14 [WARNING] Illegal FSM transition CLICK_SELECT → STOPPED — ignored
2026-07-03 10:05:14 [WARNING] Illegal FSM transition CLICK_SELECT → STOPPED — ignored
2026-07-03 10:05:14 [WARNING] Illegal FSM transition CLICK_SELECT → STOPPED — ignored
2026-07-03 10:05:15 [WARNING] Illegal FSM transition CLICK_SELECT → STOPPED — ignored
2026-07-03 10:05:15 [WARNING] Illegal FSM transition CLICK_SELECT → STOPPED — ignored
2026-07-03 10:05:15 [WARNING] Illegal FSM transition CLICK_SELECT → STOPPED — ignored
2026-07-03 10:05:15 [WARNING] Illegal FSM transition CLICK_SELECT → STOPPED — ignored
2026-07-03 10:05:15 [WARNING] Illegal FSM transition CLICK_SELECT → STOPPED — ignored
2026-07-03 10:05:16 [WARNING] Illegal FSM transition CLICK_SELECT → STOPPED — ignored
2026-07-03 10:05:16 [WARNING] Illegal FSM transition CLICK_SELECT → STOPPED — ignored
2026-07-03 10:05:16 [WARNING] Illegal FSM transition CLICK_SELECT → STOPPED — ignored
2026-07-03 10:05:16 [WARNING] Illegal FSM transition CLICK_SELECT → STOPPED — ignored
2026-07-03 10:05:16 [WARNING] Illegal FSM transition CLICK_SELECT → STOPPED — ignored
2026-07-03 10:05:17 [WARNING] Illegal FSM transition CLICK_SELECT → STOPPED — ignored
2026-07-03 10:05:17 [WARNING] Illegal FSM transition CLICK_SELECT → STOPPED — ignored
2026-07-03 10:05:17 [WARNING] Illegal FSM transition CLICK_SELECT → STOPPED — ignored
2026-07-03 10:05:17 [WARNING] Illegal FSM transition CLICK_SELECT → STOPPED — ignored
2026-07-03 10:05:17 [WARNING] Illegal FSM transition CLICK_SELECT → STOPPED — ignored
2026-07-03 10:05:18 [WARNING] Illegal FSM transition CLICK_SELECT → STOPPED — ignored
2026-07-03 10:05:18 [WARNING] Illegal FSM transition CLICK_SELECT → STOPPED — ignored
2026-07-03 10:05:18 [WARNING] Illegal FSM transition CLICK_SELECT → STOPPED — ignored
2026-07-03 10:05:18 [WARNING] Illegal FSM transition CLICK_SELECT → STOPPED — ignored
2026-07-03 10:05:18 [WARNING] Illegal FSM transition CLICK_SELECT → STOPPED — ignored
2026-07-03 10:05:19 [WARNING] Illegal FSM transition CLICK_SELECT → STOPPED — ignored
2026-07-03 10:05:19 [WARNING] Illegal FSM transition CLICK_SELECT → STOPPED — ignored
2026-07-03 10:05:19 [WARNING] Illegal FSM transition CLICK_SELECT → STOPPED — ignored
2026-07-03 10:05:19 [WARNING] Illegal FSM transition CLICK_SELECT → STOPPED — ignored
2026-07-03 10:05:19 [WARNING] Illegal FSM transition CLICK_SELECT → STOPPED — ignored
2026-07-03 10:05:20 [WARNING] Illegal FSM transition CLICK_SELECT → STOPPED — ignored
2026-07-03 10:05:20 [WARNING] Illegal FSM transition CLICK_SELECT → STOPPED — ignored
2026-07-03 10:05:20 [WARNING] Illegal FSM transition CLICK_SELECT → STOPPED — ignored
2026-07-03 10:05:20 [WARNING] Illegal FSM transition CLICK_SELECT → STOPPED — ignored
2026-07-03 10:05:20 [WARNING] Illegal FSM transition CLICK_SELECT → STOPPED — ignored
2026-07-03 10:05:21 [WARNING] Illegal FSM transition CLICK_SELECT → STOPPED — ignored
2026-07-03 10:05:21 [WARNING] Illegal FSM transition CLICK_SELECT → STOPPED — ignored
2026-07-03 10:05:21 [WARNING] Illegal FSM transition CLICK_SELECT → STOPPED — ignored
2026-07-03 10:05:21 [WARNING] Illegal FSM transition CLICK_SELECT → STOPPED — ignored
2026-07-03 10:05:21 [WARNING] Illegal FSM transition CLICK_SELECT → STOPPED — ignored
2026-07-03 10:05:22 [WARNING] Illegal FSM transition CLICK_SELECT → STOPPED — ignored
2026-07-03 10:05:22 [WARNING] Illegal FSM transition CLICK_SELECT → STOPPED — ignored
2026-07-03 10:05:22 [WARNING] Illegal FSM transition CLICK_SELECT → STOPPED — ignored
2026-07-03 10:05:22 [WARNING] Illegal FSM transition CLICK_SELECT → STOPPED — ignored
2026-07-03 10:05:22 [WARNING] Illegal FSM transition CLICK_SELECT → STOPPED — ignored
2026-07-03 10:05:23 [WARNING] Illegal FSM transition CLICK_SELECT → STOPPED — ignored
2026-07-03 10:05:23 [WARNING] Illegal FSM transition CLICK_SELECT → STOPPED — ignored
2026-07-03 10:05:23 [WARNING] Illegal FSM transition CLICK_SELECT → STOPPED — ignored
2026-07-03 10:05:23 [WARNING] Illegal FSM transition CLICK_SELECT → STOPPED — ignored
2026-07-03 10:05:23 [WARNING] Illegal FSM transition CLICK_SELECT → STOPPED — ignored
2026-07-03 10:05:24 [WARNING] Illegal FSM transition CLICK_SELECT → STOPPED — ignored
2026-07-03 10:05:24 [WARNING] Illegal FSM transition CLICK_SELECT → STOPPED — ignored
2026-07-03 10:05:24 [WARNING] Illegal FSM transition CLICK_SELECT → STOPPED — ignored
2026-07-03 10:05:24 [WARNING] Illegal FSM transition CLICK_SELECT → STOPPED — ignored
2026-07-03 10:05:24 [WARNING] Illegal FSM transition CLICK_SELECT → STOPPED — ignored
2026-07-03 10:05:25 [WARNING] Illegal FSM transition CLICK_SELECT → STOPPED — ignored
2026-07-03 10:05:25 [WARNING] Illegal FSM transition CLICK_SELECT → STOPPED — ignored
2026-07-03 10:05:25 [WARNING] Illegal FSM transition CLICK_SELECT → STOPPED — ignored
2026-07-03 10:05:25 [WARNING] Illegal FSM transition CLICK_SELECT → STOPPED — ignored
2026-07-03 10:05:25 [WARNING] Illegal FSM transition CLICK_SELECT → STOPPED — ignored
2026-07-03 10:05:26 [WARNING] Illegal FSM transition CLICK_SELECT → STOPPED — ignored
2026-07-03 10:05:26 [WARNING] Illegal FSM transition CLICK_SELECT → STOPPED — ignored
2026-07-03 10:05:26 [WARNING] Illegal FSM transition CLICK_SELECT → STOPPED — ignored
2026-07-03 10:05:26 [WARNING] Illegal FSM transition CLICK_SELECT → STOPPED — ignored
2026-07-03 10:05:26 [WARNING] Illegal FSM transition CLICK_SELECT → STOPPED — ignored
2026-07-03 10:05:27 [WARNING] Illegal FSM transition CLICK_SELECT → STOPPED — ignored
2026-07-03 10:05:27 [WARNING] Illegal FSM transition CLICK_SELECT → STOPPED — ignored
2026-07-03 10:05:27 [WARNING] Illegal FSM transition CLICK_SELECT → STOPPED — ignored
2026-07-03 10:05:27 [WARNING] Illegal FSM transition CLICK_SELECT → STOPPED — ignored
2026-07-03 10:05:27 [WARNING] Illegal FSM transition CLICK_SELECT → STOPPED — ignored
2026-07-03 10:05:28 [WARNING] Illegal FSM transition CLICK_SELECT → STOPPED — ignored
2026-07-03 10:05:28 [WARNING] Illegal FSM transition CLICK_SELECT → STOPPED — ignored
2026-07-03 10:05:28 [WARNING] Illegal FSM transition CLICK_SELECT → STOPPED — ignored
2026-07-03 10:05:28 [WARNING] Illegal FSM transition CLICK_SELECT → STOPPED — ignored
2026-07-03 10:05:28 [WARNING] Illegal FSM transition CLICK_SELECT → STOPPED — ignored
2026-07-03 10:05:29 [WARNING] Illegal FSM transition CLICK_SELECT → STOPPED — ignored
2026-07-03 10:05:29 [WARNING] Illegal FSM transition CLICK_SELECT → STOPPED — ignored
2026-07-03 10:05:29 [WARNING] Illegal FSM transition CLICK_SELECT → STOPPED — ignored
2026-07-03 10:05:29 [WARNING] Illegal FSM transition CLICK_SELECT → STOPPED — ignored
2026-07-03 10:05:29 [WARNING] Illegal FSM transition CLICK_SELECT → STOPPED — ignored
2026-07-03 10:05:30 [WARNING] Illegal FSM transition CLICK_SELECT → STOPPED — ignored
2026-07-03 10:05:30 [WARNING] Illegal FSM transition CLICK_SELECT → STOPPED — ignored
2026-07-03 10:05:30 [WARNING] Illegal FSM transition CLICK_SELECT → STOPPED — ignored
2026-07-03 10:05:30 [WARNING] Illegal FSM transition CLICK_SELECT → STOPPED — ignored
2026-07-03 10:05:30 [WARNING] Illegal FSM transition CLICK_SELECT → STOPPED — ignored
2026-07-03 10:05:31 [WARNING] Illegal FSM transition CLICK_SELECT → STOPPED — ignored
2026-07-03 10:05:31 [WARNING] Illegal FSM transition CLICK_SELECT → STOPPED — ignored
2026-07-03 10:05:31 [WARNING] Illegal FSM transition CLICK_SELECT → STOPPED — ignored
2026-07-03 10:05:31 [WARNING] Illegal FSM transition CLICK_SELECT → STOPPED — ignored
2026-07-03 10:05:31 [WARNING] Illegal FSM transition CLICK_SELECT → STOPPED — ignored
2026-07-03 10:05:32 [WARNING] Illegal FSM transition CLICK_SELECT → STOPPED — ignored
2026-07-03 10:05:32 [WARNING] Illegal FSM transition CLICK_SELECT → STOPPED — ignored
2026-07-03 10:05:32 [WARNING] Illegal FSM transition CLICK_SELECT → STOPPED — ignored
2026-07-03 10:05:32 [WARNING] Illegal FSM transition CLICK_SELECT → STOPPED — ignored
2026-07-03 10:05:32 [WARNING] Illegal FSM transition CLICK_SELECT → STOPPED — ignored
2026-07-03 10:05:33 [WARNING] Illegal FSM transition CLICK_SELECT → STOPPED — ignored
2026-07-03 10:05:33 [WARNING] Illegal FSM transition CLICK_SELECT → STOPPED — ignored
2026-07-03 10:05:33 [WARNING] Illegal FSM transition CLICK_SELECT → STOPPED — ignored
2026-07-03 10:05:33 [WARNING] Illegal FSM transition CLICK_SELECT → STOPPED — ignored
2026-07-03 10:05:33 [WARNING] Illegal FSM transition CLICK_SELECT → STOPPED — ignored
2026-07-03 10:05:34 [WARNING] Illegal FSM transition CLICK_SELECT → STOPPED — ignored
2026-07-03 10:05:34 [WARNING] Illegal FSM transition CLICK_SELECT → STOPPED — ignored
2026-07-03 10:05:34 [WARNING] Illegal FSM transition CLICK_SELECT → STOPPED — ignored
2026-07-03 10:05:34 [WARNING] Illegal FSM transition CLICK_SELECT → STOPPED — ignored
2026-07-03 10:05:34 [WARNING] Illegal FSM transition CLICK_SELECT → STOPPED — ignored
2026-07-03 10:05:35 [WARNING] Illegal FSM transition CLICK_SELECT → STOPPED — ignored
2026-07-03 10:05:35 [WARNING] Illegal FSM transition CLICK_SELECT → STOPPED — ignored
2026-07-03 10:05:35 [WARNING] Illegal FSM transition CLICK_SELECT → STOPPED — ignored
2026-07-03 10:05:35 [WARNING] Illegal FSM transition CLICK_SELECT → STOPPED — ignored
2026-07-03 10:05:35 [WARNING] Illegal FSM transition CLICK_SELECT → STOPPED — ignored
2026-07-03 10:05:36 [WARNING] Illegal FSM transition CLICK_SELECT → STOPPED — ignored
2026-07-03 10:05:36 [WARNING] Illegal FSM transition CLICK_SELECT → STOPPED — ignored
2026-07-03 10:05:36 [WARNING] Illegal FSM transition CLICK_SELECT → STOPPED — ignored
2026-07-03 10:05:36 [WARNING] Illegal FSM transition CLICK_SELECT → STOPPED — ignored
2026-07-03 10:05:36 [WARNING] Illegal FSM transition CLICK_SELECT → STOPPED — ignored
2026-07-03 10:05:37 [WARNING] Illegal FSM transition CLICK_SELECT → STOPPED — ignored
2026-07-03 10:05:37 [WARNING] Illegal FSM transition CLICK_SELECT → STOPPED — ignored
2026-07-03 10:05:37 [WARNING] Illegal FSM transition CLICK_SELECT → STOPPED — ignored
2026-07-03 10:05:37 [WARNING] Illegal FSM transition CLICK_SELECT → STOPPED — ignored
2026-07-03 10:05:37 [WARNING] Illegal FSM transition CLICK_SELECT → STOPPED — ignored
2026-07-03 10:05:38 [WARNING] Illegal FSM transition CLICK_SELECT → STOPPED — ignored
2026-07-03 10:05:38 [WARNING] Illegal FSM transition CLICK_SELECT → STOPPED — ignored
2026-07-03 10:05:38 [WARNING] Illegal FSM transition CLICK_SELECT → STOPPED — ignored
2026-07-03 10:05:38 [WARNING] Illegal FSM transition CLICK_SELECT → STOPPED — ignored
2026-07-03 10:05:38 [WARNING] Illegal FSM transition CLICK_SELECT → STOPPED — ignored
2026-07-03 10:05:39 [WARNING] Illegal FSM transition CLICK_SELECT → STOPPED — ignored
2026-07-03 10:05:39 [WARNING] Illegal FSM transition CLICK_SELECT → STOPPED — ignored
2026-07-03 10:05:39 [WARNING] Illegal FSM transition CLICK_SELECT → STOPPED — ignored
2026-07-03 10:05:39 [WARNING] Illegal FSM transition CLICK_SELECT → STOPPED — ignored
2026-07-03 10:05:39 [WARNING] Illegal FSM transition CLICK_SELECT → STOPPED — ignored
2026-07-03 10:05:40 [WARNING] Illegal FSM transition CLICK_SELECT → STOPPED — ignored
2026-07-03 10:05:40 [WARNING] Illegal FSM transition CLICK_SELECT → STOPPED — ignored
2026-07-03 10:05:40 [WARNING] Illegal FSM transition CLICK_SELECT → STOPPED — ignored
2026-07-03 10:05:40 [WARNING] Illegal FSM transition CLICK_SELECT → STOPPED — ignored
2026-07-03 10:05:40 [WARNING] Illegal FSM transition CLICK_SELECT → STOPPED — ignored
2026-07-03 10:05:41 [WARNING] Illegal FSM transition CLICK_SELECT → STOPPED — ignored
2026-07-03 10:05:41 [WARNING] Illegal FSM transition CLICK_SELECT → STOPPED — ignored
2026-07-03 10:05:41 [WARNING] Illegal FSM transition CLICK_SELECT → STOPPED — ignored
2026-07-03 10:05:41 [WARNING] Illegal FSM transition CLICK_SELECT → STOPPED — ignored
2026-07-03 10:05:41 [WARNING] Illegal FSM transition CLICK_SELECT → STOPPED — ignored
2026-07-03 10:05:42 [WARNING] Illegal FSM transition CLICK_SELECT → STOPPED — ignored
2026-07-03 10:05:42 [WARNING] Illegal FSM transition CLICK_SELECT → STOPPED — ignored
2026-07-03 10:05:42 [WARNING] Illegal FSM transition CLICK_SELECT → STOPPED — ignored
2026-07-03 10:05:42 [WARNING] Illegal FSM transition CLICK_SELECT → STOPPED — ignored
2026-07-03 10:05:42 [WARNING] Illegal FSM transition CLICK_SELECT → STOPPED — ignored
2026-07-03 10:05:43 [WARNING] Illegal FSM transition CLICK_SELECT → STOPPED — ignored
2026-07-03 10:05:43 [WARNING] Illegal FSM transition CLICK_SELECT → STOPPED — ignored
2026-07-03 10:05:43 [WARNING] Illegal FSM transition CLICK_SELECT → STOPPED — ignored
2026-07-03 10:05:43 [WARNING] Illegal FSM transition CLICK_SELECT → STOPPED — ignored
2026-07-03 10:05:43 [WARNING] Illegal FSM transition CLICK_SELECT → STOPPED — ignored
2026-07-03 10:05:44 [WARNING] Illegal FSM transition CLICK_SELECT → STOPPED — ignored
2026-07-03 10:05:44 [WARNING] Illegal FSM transition CLICK_SELECT → STOPPED — ignored
2026-07-03 10:05:44 [WARNING] Illegal FSM transition CLICK_SELECT → STOPPED — ignored
2026-07-03 10:05:44 [WARNING] Illegal FSM transition CLICK_SELECT → STOPPED — ignored
2026-07-03 10:05:44 [WARNING] Illegal FSM transition CLICK_SELECT → STOPPED — ignored
2026-07-03 10:05:45 [WARNING] Illegal FSM transition CLICK_SELECT → STOPPED — ignored
2026-07-03 10:05:45 [WARNING] Illegal FSM transition CLICK_SELECT → STOPPED — ignored
2026-07-03 10:05:45 [WARNING] Illegal FSM transition CLICK_SELECT → STOPPED — ignored
2026-07-03 10:05:45 [WARNING] Illegal FSM transition CLICK_SELECT → STOPPED — ignored
2026-07-03 10:05:45 [WARNING] Illegal FSM transition CLICK_SELECT → STOPPED — ignored
2026-07-03 10:05:46 [WARNING] Illegal FSM transition CLICK_SELECT → STOPPED — ignored
2026-07-03 10:05:46 [WARNING] Illegal FSM transition CLICK_SELECT → STOPPED — ignored
2026-07-03 10:05:46 [WARNING] Illegal FSM transition CLICK_SELECT → STOPPED — ignored
2026-07-03 10:05:46 [WARNING] Illegal FSM transition CLICK_SELECT → STOPPED — ignored
2026-07-03 10:05:46 [WARNING] Illegal FSM transition CLICK_SELECT → STOPPED — ignored
2026-07-03 10:05:47 [WARNING] Illegal FSM transition CLICK_SELECT → STOPPED — ignored
2026-07-03 10:05:47 [WARNING] Illegal FSM transition CLICK_SELECT → STOPPED — ignored
2026-07-03 10:05:47 [WARNING] Illegal FSM transition CLICK_SELECT → STOPPED — ignored
2026-07-03 10:05:47 [WARNING] Illegal FSM transition CLICK_SELECT → STOPPED — ignored
2026-07-03 10:05:47 [WARNING] Illegal FSM transition CLICK_SELECT → STOPPED — ignored
2026-07-03 10:05:48 [WARNING] Illegal FSM transition CLICK_SELECT → STOPPED — ignored
2026-07-03 10:05:48 [WARNING] Illegal FSM transition CLICK_SELECT → STOPPED — ignored
2026-07-03 10:05:48 [WARNING] Illegal FSM transition CLICK_SELECT → STOPPED — ignored
2026-07-03 10:05:48 [WARNING] Illegal FSM transition CLICK_SELECT → STOPPED — ignored
2026-07-03 10:05:48 [WARNING] Illegal FSM transition CLICK_SELECT → STOPPED — ignored
2026-07-03 10:05:49 [WARNING] Illegal FSM transition CLICK_SELECT → STOPPED — ignored
2026-07-03 10:05:49 [WARNING] Illegal FSM transition CLICK_SELECT → STOPPED — ignored
2026-07-03 10:05:49 [WARNING] Illegal FSM transition CLICK_SELECT → STOPPED — ignored
2026-07-03 10:05:49 [WARNING] Illegal FSM transition CLICK_SELECT → STOPPED — ignored
2026-07-03 10:05:49 [WARNING] Illegal FSM transition CLICK_SELECT → STOPPED — ignored
2026-07-03 10:05:50 [WARNING] Illegal FSM transition CLICK_SELECT → STOPPED — ignored
2026-07-03 10:05:50 [WARNING] Illegal FSM transition CLICK_SELECT → STOPPED — ignored
2026-07-03 10:05:50 [WARNING] Illegal FSM transition CLICK_SELECT → STOPPED — ignored
2026-07-03 10:05:50 [WARNING] Illegal FSM transition CLICK_SELECT → STOPPED — ignored
2026-07-03 10:05:50 [WARNING] Illegal FSM transition CLICK_SELECT → STOPPED — ignored
2026-07-03 10:05:51 [WARNING] Illegal FSM transition CLICK_SELECT → STOPPED — ignored
2026-07-03 10:05:51 [WARNING] Illegal FSM transition CLICK_SELECT → STOPPED — ignored
2026-07-03 10:05:51 [WARNING] Illegal FSM transition CLICK_SELECT → STOPPED — ignored
2026-07-03 10:05:51 [WARNING] Illegal FSM transition CLICK_SELECT → STOPPED — ignored
2026-07-03 10:05:51 [WARNING] Illegal FSM transition CLICK_SELECT → STOPPED — ignored
2026-07-03 10:05:52 [WARNING] Illegal FSM transition CLICK_SELECT → STOPPED — ignored
2026-07-03 10:05:52 [WARNING] Illegal FSM transition CLICK_SELECT → STOPPED — ignored
2026-07-03 10:05:52 [WARNING] Illegal FSM transition CLICK_SELECT → STOPPED — ignored
2026-07-03 10:05:52 [WARNING] Illegal FSM transition CLICK_SELECT → STOPPED — ignored
2026-07-03 10:05:52 [WARNING] Illegal FSM transition CLICK_SELECT → STOPPED — ignored
2026-07-03 10:05:53 [WARNING] Illegal FSM transition CLICK_SELECT → STOPPED — ignored
2026-07-03 10:05:53 [WARNING] Illegal FSM transition CLICK_SELECT → STOPPED — ignored
2026-07-03 10:05:53 [WARNING] Illegal FSM transition CLICK_SELECT → STOPPED — ignored
2026-07-03 10:05:53 [WARNING] Illegal FSM transition CLICK_SELECT → STOPPED — ignored
2026-07-03 10:05:53 [WARNING] Illegal FSM transition CLICK_SELECT → STOPPED — ignored
2026-07-03 10:05:54 [WARNING] Illegal FSM transition CLICK_SELECT → STOPPED — ignored
2026-07-03 10:05:54 [WARNING] Illegal FSM transition CLICK_SELECT → STOPPED — ignored
2026-07-03 10:05:54 [WARNING] Illegal FSM transition CLICK_SELECT → STOPPED — ignored
2026-07-03 10:05:54 [WARNING] Illegal FSM transition CLICK_SELECT → STOPPED — ignored
2026-07-03 10:05:54 [WARNING] Illegal FSM transition CLICK_SELECT → STOPPED — ignored
2026-07-03 10:05:55 [WARNING] Illegal FSM transition CLICK_SELECT → STOPPED — ignored
2026-07-03 10:05:55 [WARNING] Illegal FSM transition CLICK_SELECT → STOPPED — ignored
2026-07-03 10:05:55 [WARNING] Illegal FSM transition CLICK_SELECT → STOPPED — ignored
2026-07-03 10:05:55 [WARNING] Illegal FSM transition CLICK_SELECT → STOPPED — ignored
2026-07-03 10:05:55 [WARNING] Illegal FSM transition CLICK_SELECT → STOPPED — ignored
2026-07-03 10:05:56 [WARNING] Illegal FSM transition CLICK_SELECT → STOPPED — ignored
2026-07-03 10:05:56 [WARNING] Illegal FSM transition CLICK_SELECT → STOPPED — ignored
2026-07-03 10:05:56 [WARNING] Illegal FSM transition CLICK_SELECT → STOPPED — ignored
2026-07-03 10:05:56 [WARNING] Illegal FSM transition CLICK_SELECT → STOPPED — ignored
2026-07-03 10:05:56 [WARNING] Illegal FSM transition CLICK_SELECT → STOPPED — ignored
2026-07-03 10:05:57 [WARNING] Illegal FSM transition CLICK_SELECT → STOPPED — ignored
2026-07-03 10:05:57 [WARNING] Illegal FSM transition CLICK_SELECT → STOPPED — ignored
2026-07-03 10:05:57 [WARNING] Illegal FSM transition CLICK_SELECT → STOPPED — ignored
2026-07-03 10:05:57 [WARNING] Illegal FSM transition CLICK_SELECT → STOPPED — ignored
2026-07-03 10:05:57 [WARNING] Illegal FSM transition CLICK_SELECT → STOPPED — ignored
2026-07-03 10:05:58 [WARNING] Illegal FSM transition CLICK_SELECT → STOPPED — ignored
2026-07-03 10:05:58 [WARNING] Illegal FSM transition CLICK_SELECT → STOPPED — ignored
2026-07-03 10:05:58 [WARNING] Illegal FSM transition CLICK_SELECT → STOPPED — ignored
2026-07-03 10:05:58 [WARNING] Illegal FSM transition CLICK_SELECT → STOPPED — ignored
2026-07-03 10:05:58 [WARNING] Illegal FSM transition CLICK_SELECT → STOPPED — ignored
2026-07-03 10:05:59 [WARNING] Illegal FSM transition CLICK_SELECT → STOPPED — ignored
2026-07-03 10:05:59 [WARNING] Illegal FSM transition CLICK_SELECT → STOPPED — ignored
2026-07-03 10:05:59 [WARNING] Illegal FSM transition CLICK_SELECT → STOPPED — ignored
2026-07-03 10:05:59 [WARNING] Illegal FSM transition CLICK_SELECT → STOPPED — ignored
2026-07-03 10:05:59 [WARNING] Illegal FSM transition CLICK_SELECT → STOPPED — ignored
2026-07-03 10:06:00 [WARNING] Illegal FSM transition CLICK_SELECT → STOPPED — ignored
2026-07-03 10:06:00 [WARNING] Illegal FSM transition CLICK_SELECT → STOPPED — ignored
2026-07-03 10:06:00 [WARNING] Illegal FSM transition CLICK_SELECT → STOPPED — ignored
2026-07-03 10:06:00 [WARNING] Illegal FSM transition CLICK_SELECT → STOPPED — ignored
2026-07-03 10:06:00 [WARNING] Illegal FSM transition CLICK_SELECT → STOPPED — ignored
2026-07-03 10:06:01 [WARNING] Illegal FSM transition CLICK_SELECT → STOPPED — ignored
2026-07-03 10:06:01 [WARNING] Illegal FSM transition CLICK_SELECT → STOPPED — ignored
2026-07-03 10:06:01 [WARNING] Illegal FSM transition CLICK_SELECT → STOPPED — ignored
2026-07-03 10:06:01 [WARNING] Illegal FSM transition CLICK_SELECT → STOPPED — ignored
2026-07-03 10:06:01 [WARNING] Illegal FSM transition CLICK_SELECT → STOPPED — ignored
2026-07-03 10:06:02 [WARNING] Illegal FSM transition CLICK_SELECT → STOPPED — ignored
2026-07-03 10:06:02 [WARNING] Illegal FSM transition CLICK_SELECT → STOPPED — ignored
2026-07-03 10:06:02 [WARNING] Illegal FSM transition CLICK_SELECT → STOPPED — ignored
2026-07-03 10:06:02 [WARNING] Illegal FSM transition CLICK_SELECT → STOPPED — ignored
2026-07-03 10:06:02 [WARNING] Illegal FSM transition CLICK_SELECT → STOPPED — ignored
2026-07-03 10:06:03 [WARNING] Illegal FSM transition CLICK_SELECT → STOPPED — ignored
2026-07-03 10:06:03 [WARNING] Illegal FSM transition CLICK_SELECT → STOPPED — ignored
2026-07-03 10:06:03 [WARNING] Illegal FSM transition CLICK_SELECT → STOPPED — ignored
2026-07-03 10:06:03 [WARNING] Illegal FSM transition CLICK_SELECT → STOPPED — ignored
2026-07-03 10:06:03 [WARNING] Illegal FSM transition CLICK_SELECT → STOPPED — ignored
2026-07-03 10:06:04 [WARNING] Illegal FSM transition CLICK_SELECT → STOPPED — ignored
2026-07-03 10:06:04 [WARNING] Illegal FSM transition CLICK_SELECT → STOPPED — ignored
2026-07-03 10:06:04 [WARNING] Illegal FSM transition CLICK_SELECT → STOPPED — ignored
2026-07-03 10:06:04 [WARNING] Illegal FSM transition CLICK_SELECT → STOPPED — ignored
2026-07-03 10:06:04 [WARNING] Illegal FSM transition CLICK_SELECT → STOPPED — ignored
2026-07-03 10:06:05 [WARNING] Illegal FSM transition CLICK_SELECT → STOPPED — ignored
2026-07-03 10:06:05 [WARNING] Illegal FSM transition CLICK_SELECT → STOPPED — ignored
2026-07-03 10:06:05 [WARNING] Illegal FSM transition CLICK_SELECT → STOPPED — ignored
2026-07-03 10:06:05 [WARNING] Illegal FSM transition CLICK_SELECT → STOPPED — ignored
2026-07-03 10:06:05 [WARNING] Illegal FSM transition CLICK_SELECT → STOPPED — ignored
2026-07-03 10:06:06 [WARNING] Illegal FSM transition CLICK_SELECT → STOPPED — ignored
2026-07-03 10:06:06 [WARNING] Illegal FSM transition CLICK_SELECT → STOPPED — ignored
2026-07-03 10:06:06 [WARNING] Illegal FSM transition CLICK_SELECT → STOPPED — ignored
2026-07-03 10:06:06 [WARNING] Illegal FSM transition CLICK_SELECT → STOPPED — ignored
2026-07-03 10:06:06 [WARNING] Illegal FSM transition CLICK_SELECT → STOPPED — ignored
2026-07-03 10:06:07 [WARNING] Illegal FSM transition CLICK_SELECT → STOPPED — ignored
2026-07-03 10:06:07 [WARNING] Illegal FSM transition CLICK_SELECT → STOPPED — ignored
2026-07-03 10:06:07 [WARNING] Illegal FSM transition CLICK_SELECT → STOPPED — ignored
2026-07-03 10:06:07 [WARNING] Illegal FSM transition CLICK_SELECT → STOPPED — ignored
2026-07-03 10:06:07 [WARNING] Illegal FSM transition CLICK_SELECT → STOPPED — ignored
2026-07-03 10:06:08 [WARNING] Illegal FSM transition CLICK_SELECT → STOPPED — ignored
2026-07-03 10:06:08 [WARNING] Illegal FSM transition CLICK_SELECT → STOPPED — ignored
2026-07-03 10:06:08 [WARNING] Illegal FSM transition CLICK_SELECT → STOPPED — ignored
2026-07-03 10:06:08 [WARNING] Illegal FSM transition CLICK_SELECT → STOPPED — ignored
2026-07-03 10:06:08 [WARNING] Illegal FSM transition CLICK_SELECT → STOPPED — ignored
2026-07-03 10:06:09 [WARNING] Illegal FSM transition CLICK_SELECT → STOPPED — ignored
2026-07-03 10:06:09 [WARNING] Illegal FSM transition CLICK_SELECT → STOPPED — ignored
2026-07-03 10:06:09 [WARNING] Illegal FSM transition CLICK_SELECT → STOPPED — ignored
2026-07-03 10:06:09 [WARNING] Illegal FSM transition CLICK_SELECT → STOPPED — ignored
2026-07-03 10:06:09 [WARNING] Illegal FSM transition CLICK_SELECT → STOPPED — ignored
2026-07-03 10:06:10 [WARNING] Illegal FSM transition CLICK_SELECT → STOPPED — ignored
2026-07-03 10:06:10 [WARNING] Illegal FSM transition CLICK_SELECT → STOPPED — ignored
2026-07-03 10:06:10 [WARNING] Illegal FSM transition CLICK_SELECT → STOPPED — ignored
2026-07-03 10:06:10 [WARNING] Illegal FSM transition CLICK_SELECT → STOPPED — ignored
2026-07-03 10:06:10 [WARNING] Illegal FSM transition CLICK_SELECT → STOPPED — ignored
2026-07-03 10:06:11 [WARNING] Illegal FSM transition CLICK_SELECT → STOPPED — ignored
2026-07-03 10:06:11 [WARNING] Illegal FSM transition CLICK_SELECT → STOPPED — ignored
2026-07-03 10:06:11 [WARNING] Illegal FSM transition CLICK_SELECT → STOPPED — ignored
2026-07-03 10:06:11 [WARNING] Illegal FSM transition CLICK_SELECT → STOPPED — ignored
2026-07-03 10:06:11 [WARNING] Illegal FSM transition CLICK_SELECT → STOPPED — ignored
2026-07-03 10:06:12 [WARNING] Illegal FSM transition CLICK_SELECT → STOPPED — ignored
2026-07-03 10:06:12 [WARNING] Illegal FSM transition CLICK_SELECT → STOPPED — ignored
2026-07-03 10:06:12 [WARNING] Illegal FSM transition CLICK_SELECT → STOPPED — ignored
2026-07-03 10:06:12 [WARNING] Illegal FSM transition CLICK_SELECT → STOPPED — ignored
2026-07-03 10:06:12 [WARNING] Illegal FSM transition CLICK_SELECT → STOPPED — ignored
2026-07-03 10:06:13 [WARNING] Illegal FSM transition CLICK_SELECT → STOPPED — ignored
2026-07-03 10:06:13 [WARNING] Illegal FSM transition CLICK_SELECT → STOPPED — ignored
2026-07-03 10:06:13 [WARNING] Illegal FSM transition CLICK_SELECT → STOPPED — ignored
2026-07-03 10:06:13 [WARNING] Illegal FSM transition CLICK_SELECT → STOPPED — ignored
2026-07-03 10:06:13 [WARNING] Illegal FSM transition CLICK_SELECT → STOPPED — ignored
2026-07-03 10:06:14 [WARNING] Illegal FSM transition CLICK_SELECT → STOPPED — ignored
2026-07-03 10:06:14 [WARNING] Illegal FSM transition CLICK_SELECT → STOPPED — ignored
2026-07-03 10:06:14 [WARNING] Illegal FSM transition CLICK_SELECT → STOPPED — ignored
2026-07-03 10:06:14 [WARNING] Illegal FSM transition CLICK_SELECT → STOPPED — ignored
2026-07-03 10:06:14 [WARNING] Illegal FSM transition CLICK_SELECT → STOPPED — ignored
2026-07-03 10:06:15 [WARNING] Illegal FSM transition CLICK_SELECT → STOPPED — ignored
2026-07-03 10:06:15 [WARNING] Illegal FSM transition CLICK_SELECT → STOPPED — ignored
2026-07-03 10:06:15 [WARNING] Illegal FSM transition CLICK_SELECT → STOPPED — ignored
2026-07-03 10:06:15 [WARNING] Illegal FSM transition CLICK_SELECT → STOPPED — ignored
2026-07-03 10:06:15 [WARNING] Illegal FSM transition CLICK_SELECT → STOPPED — ignored
2026-07-03 10:06:16 [WARNING] Illegal FSM transition CLICK_SELECT → STOPPED — ignored
2026-07-03 10:06:16 [WARNING] Illegal FSM transition CLICK_SELECT → STOPPED — ignored
2026-07-03 10:06:16 [WARNING] Illegal FSM transition CLICK_SELECT → STOPPED — ignored
2026-07-03 10:06:16 [WARNING] Illegal FSM transition CLICK_SELECT → STOPPED — ignored
2026-07-03 10:06:16 [WARNING] Illegal FSM transition CLICK_SELECT → STOPPED — ignored
2026-07-03 10:06:17 [WARNING] Illegal FSM transition CLICK_SELECT → STOPPED — ignored
2026-07-03 10:06:17 [WARNING] Illegal FSM transition CLICK_SELECT → STOPPED — ignored
2026-07-03 10:06:17 [WARNING] Illegal FSM transition CLICK_SELECT → STOPPED — ignored
2026-07-03 10:06:17 [WARNING] Illegal FSM transition CLICK_SELECT → STOPPED — ignored
2026-07-03 10:06:17 [WARNING] Illegal FSM transition CLICK_SELECT → STOPPED — ignored
2026-07-03 10:06:18 [WARNING] Illegal FSM transition CLICK_SELECT → STOPPED — ignored
2026-07-03 10:06:18 [WARNING] Illegal FSM transition CLICK_SELECT → STOPPED — ignored
2026-07-03 10:06:18 [WARNING] Illegal FSM transition CLICK_SELECT → STOPPED — ignored
2026-07-03 10:06:18 [WARNING] Illegal FSM transition CLICK_SELECT → STOPPED — ignored
2026-07-03 10:06:18 [WARNING] Illegal FSM transition CLICK_SELECT → STOPPED — ignored
2026-07-03 10:06:19 [WARNING] Illegal FSM transition CLICK_SELECT → STOPPED — ignored
2026-07-03 10:06:19 [WARNING] Illegal FSM transition CLICK_SELECT → STOPPED — ignored
2026-07-03 10:06:19 [WARNING] Illegal FSM transition CLICK_SELECT → STOPPED — ignored
2026-07-03 10:06:19 [WARNING] Illegal FSM transition CLICK_SELECT → STOPPED — ignored
2026-07-03 10:06:19 [WARNING] Illegal FSM transition CLICK_SELECT → STOPPED — ignored
2026-07-03 10:06:20 [WARNING] Illegal FSM transition CLICK_SELECT → STOPPED — ignored
2026-07-03 10:06:20 [WARNING] Illegal FSM transition CLICK_SELECT → STOPPED — ignored
2026-07-03 10:06:20 [WARNING] Illegal FSM transition CLICK_SELECT → STOPPED — ignored
2026-07-03 10:06:20 [WARNING] Illegal FSM transition CLICK_SELECT → STOPPED — ignored
2026-07-03 10:06:20 [WARNING] Illegal FSM transition CLICK_SELECT → STOPPED — ignored
2026-07-03 10:06:21 [WARNING] Illegal FSM transition CLICK_SELECT → STOPPED — ignored
2026-07-03 10:06:21 [WARNING] Illegal FSM transition CLICK_SELECT → STOPPED — ignored
2026-07-03 10:06:21 [WARNING] Illegal FSM transition CLICK_SELECT → STOPPED — ignored
2026-07-03 10:06:21 [WARNING] Illegal FSM transition CLICK_SELECT → STOPPED — ignored
2026-07-03 10:06:21 [WARNING] Illegal FSM transition CLICK_SELECT → STOPPED — ignored
2026-07-03 10:06:22 [WARNING] Illegal FSM transition CLICK_SELECT → STOPPED — ignored
2026-07-03 10:06:22 [WARNING] Illegal FSM transition CLICK_SELECT → STOPPED — ignored
2026-07-03 10:06:22 [WARNING] Illegal FSM transition CLICK_SELECT → STOPPED — ignored
2026-07-03 10:06:22 [WARNING] Illegal FSM transition CLICK_SELECT → STOPPED — ignored
2026-07-03 10:06:22 [WARNING] Illegal FSM transition CLICK_SELECT → STOPPED — ignored
2026-07-03 10:06:23 [WARNING] Illegal FSM transition CLICK_SELECT → STOPPED — ignored
2026-07-03 10:06:23 [WARNING] Illegal FSM transition CLICK_SELECT → STOPPED — ignored
2026-07-03 10:06:23 [WARNING] Illegal FSM transition CLICK_SELECT → STOPPED — ignored
2026-07-03 10:06:23 [WARNING] Illegal FSM transition CLICK_SELECT → STOPPED — ignored
2026-07-03 10:06:23 [WARNING] Illegal FSM transition CLICK_SELECT → STOPPED — ignored
2026-07-03 10:06:24 [WARNING] Illegal FSM transition CLICK_SELECT → STOPPED — ignored
2026-07-03 10:06:24 [WARNING] Illegal FSM transition CLICK_SELECT → STOPPED — ignored
2026-07-03 10:06:24 [WARNING] Illegal FSM transition CLICK_SELECT → STOPPED — ignored
2026-07-03 10:06:24 [WARNING] Illegal FSM transition CLICK_SELECT → STOPPED — ignored
2026-07-03 10:06:24 [WARNING] Illegal FSM transition CLICK_SELECT → STOPPED — ignored
2026-07-03 10:06:25 [WARNING] Illegal FSM transition CLICK_SELECT → STOPPED — ignored
2026-07-03 10:06:25 [WARNING] Illegal FSM transition CLICK_SELECT → STOPPED — ignored
2026-07-03 10:06:25 [WARNING] Illegal FSM transition CLICK_SELECT → STOPPED — ignored
2026-07-03 10:06:25 [WARNING] Illegal FSM transition CLICK_SELECT → STOPPED — ignored
2026-07-03 10:06:25 [WARNING] Illegal FSM transition CLICK_SELECT → STOPPED — ignored
2026-07-03 10:06:26 [WARNING] Illegal FSM transition CLICK_SELECT → STOPPED — ignored
2026-07-03 10:06:26 [WARNING] Illegal FSM transition CLICK_SELECT → STOPPED — ignored
2026-07-03 10:06:26 [WARNING] Illegal FSM transition CLICK_SELECT → STOPPED — ignored
2026-07-03 10:06:26 [WARNING] Illegal FSM transition CLICK_SELECT → STOPPED — ignored
2026-07-03 10:06:26 [WARNING] Illegal FSM transition CLICK_SELECT → STOPPED — ignored
2026-07-03 10:06:27 [WARNING] Illegal FSM transition CLICK_SELECT → STOPPED — ignored
2026-07-03 10:06:27 [WARNING] Illegal FSM transition CLICK_SELECT → STOPPED — ignored
2026-07-03 10:06:27 [WARNING] Illegal FSM transition CLICK_SELECT → STOPPED — ignored
2026-07-03 10:06:27 [WARNING] Illegal FSM transition CLICK_SELECT → STOPPED — ignored
2026-07-03 10:06:27 [WARNING] Illegal FSM transition CLICK_SELECT → STOPPED — ignored
2026-07-03 10:06:28 [WARNING] Illegal FSM transition CLICK_SELECT → STOPPED — ignored
2026-07-03 10:06:28 [WARNING] Illegal FSM transition CLICK_SELECT → STOPPED — ignored
2026-07-03 10:06:28 [WARNING] Illegal FSM transition CLICK_SELECT → STOPPED — ignored
2026-07-03 10:06:28 [WARNING] Illegal FSM transition CLICK_SELECT → STOPPED — ignored
2026-07-03 10:06:28 [WARNING] Illegal FSM transition CLICK_SELECT → STOPPED — ignored
2026-07-03 10:06:29 [WARNING] Illegal FSM transition CLICK_SELECT → STOPPED — ignored
2026-07-03 10:06:29 [WARNING] Illegal FSM transition CLICK_SELECT → STOPPED — ignored
2026-07-03 10:06:29 [WARNING] Illegal FSM transition CLICK_SELECT → STOPPED — ignored
2026-07-03 10:06:29 [WARNING] Illegal FSM transition CLICK_SELECT → STOPPED — ignored
2026-07-03 10:06:29 [WARNING] Illegal FSM transition CLICK_SELECT → STOPPED — ignored
2026-07-03 10:06:30 [WARNING] Illegal FSM transition CLICK_SELECT → STOPPED — ignored
2026-07-03 10:06:30 [WARNING] Illegal FSM transition CLICK_SELECT → STOPPED — ignored
2026-07-03 10:06:30 [WARNING] Illegal FSM transition CLICK_SELECT → STOPPED — ignored
2026-07-03 10:06:30 [WARNING] Illegal FSM transition CLICK_SELECT → STOPPED — ignored
2026-07-03 10:06:30 [WARNING] Illegal FSM transition CLICK_SELECT → STOPPED — ignored
2026-07-03 10:06:31 [WARNING] Illegal FSM transition CLICK_SELECT → STOPPED — ignored
2026-07-03 10:06:31 [WARNING] Illegal FSM transition CLICK_SELECT → STOPPED — ignored
2026-07-03 10:06:31 [WARNING] Illegal FSM transition CLICK_SELECT → STOPPED — ignored
2026-07-03 10:06:31 [WARNING] Illegal FSM transition CLICK_SELECT → STOPPED — ignored
2026-07-03 10:06:31 [WARNING] Illegal FSM transition CLICK_SELECT → STOPPED — ignored
2026-07-03 10:06:32 [WARNING] Illegal FSM transition CLICK_SELECT → STOPPED — ignored
2026-07-03 10:06:32 [WARNING] Illegal FSM transition CLICK_SELECT → STOPPED — ignored
2026-07-03 10:06:32 [WARNING] Illegal FSM transition CLICK_SELECT → STOPPED — ignored
2026-07-03 10:06:32 [WARNING] Illegal FSM transition CLICK_SELECT → STOPPED — ignored
2026-07-03 10:06:32 [WARNING] Illegal FSM transition CLICK_SELECT → STOPPED — ignored
2026-07-03 10:06:33 [WARNING] Illegal FSM transition CLICK_SELECT → STOPPED — ignored
2026-07-03 10:06:33 [WARNING] Illegal FSM transition CLICK_SELECT → STOPPED — ignored
2026-07-03 10:06:33 [WARNING] Illegal FSM transition CLICK_SELECT → STOPPED — ignored
2026-07-03 10:06:33 [WARNING] Illegal FSM transition CLICK_SELECT → STOPPED — ignored
2026-07-03 10:06:33 [WARNING] Illegal FSM transition CLICK_SELECT → STOPPED — ignored
2026-07-03 10:06:34 [WARNING] Illegal FSM transition CLICK_SELECT → STOPPED — ignored
2026-07-03 10:06:34 [WARNING] Illegal FSM transition CLICK_SELECT → STOPPED — ignored
2026-07-03 10:06:34 [WARNING] Illegal FSM transition CLICK_SELECT → STOPPED — ignored
2026-07-03 10:06:34 [WARNING] Illegal FSM transition CLICK_SELECT → STOPPED — ignored
2026-07-03 10:06:34 [WARNING] Illegal FSM transition CLICK_SELECT → STOPPED — ignored
2026-07-03 10:06:35 [WARNING] Illegal FSM transition CLICK_SELECT → STOPPED — ignored
2026-07-03 10:06:35 [WARNING] Illegal FSM transition CLICK_SELECT → STOPPED — ignored
2026-07-03 10:06:35 [WARNING] Illegal FSM transition CLICK_SELECT → STOPPED — ignored
2026-07-03 10:06:35 [WARNING] Illegal FSM transition CLICK_SELECT → STOPPED — ignored
2026-07-03 10:06:35 [WARNING] Illegal FSM transition CLICK_SELECT → STOPPED — ignored
2026-07-03 10:06:36 [WARNING] Illegal FSM transition CLICK_SELECT → STOPPED — ignored
2026-07-03 10:06:36 [WARNING] Illegal FSM transition CLICK_SELECT → STOPPED — ignored
2026-07-03 10:06:36 [WARNING] Illegal FSM transition CLICK_SELECT → STOPPED — ignored
2026-07-03 10:06:36 [WARNING] Illegal FSM transition CLICK_SELECT → STOPPED — ignored
2026-07-03 10:06:36 [WARNING] Illegal FSM transition CLICK_SELECT → STOPPED — ignored
2026-07-03 10:06:37 [WARNING] Illegal FSM transition CLICK_SELECT → STOPPED — ignored
2026-07-03 10:06:37 [WARNING] Illegal FSM transition CLICK_SELECT → STOPPED — ignored
2026-07-03 10:06:37 [WARNING] Illegal FSM transition CLICK_SELECT → STOPPED — ignored
2026-07-03 10:06:37 [WARNING] Illegal FSM transition CLICK_SELECT → STOPPED — ignored
2026-07-03 10:06:37 [WARNING] Illegal FSM transition CLICK_SELECT → STOPPED — ignored
2026-07-03 10:06:38 [WARNING] Illegal FSM transition CLICK_SELECT → STOPPED — ignored
2026-07-03 10:06:38 [WARNING] Illegal FSM transition CLICK_SELECT → STOPPED — ignored
2026-07-03 10:06:38 [WARNING] Illegal FSM transition CLICK_SELECT → STOPPED — ignored
2026-07-03 10:06:38 [WARNING] Illegal FSM transition CLICK_SELECT → STOPPED — ignored
2026-07-03 10:06:38 [WARNING] Illegal FSM transition CLICK_SELECT → STOPPED — ignored
2026-07-03 10:06:39 [WARNING] Illegal FSM transition CLICK_SELECT → STOPPED — ignored
2026-07-03 10:06:39 [WARNING] Illegal FSM transition CLICK_SELECT → STOPPED — ignored
2026-07-03 10:06:39 [WARNING] Illegal FSM transition CLICK_SELECT → STOPPED — ignored
2026-07-03 10:06:39 [WARNING] Illegal FSM transition CLICK_SELECT → STOPPED — ignored
2026-07-03 10:06:39 [WARNING] Illegal FSM transition CLICK_SELECT → STOPPED — ignored
2026-07-03 10:06:40 [WARNING] Illegal FSM transition CLICK_SELECT → STOPPED — ignored
2026-07-03 10:06:40 [WARNING] Illegal FSM transition CLICK_SELECT → STOPPED — ignored
2026-07-03 10:06:40 [WARNING] Illegal FSM transition CLICK_SELECT → STOPPED — ignored
2026-07-03 10:06:40 [WARNING] Illegal FSM transition CLICK_SELECT → STOPPED — ignored
2026-07-03 10:06:40 [WARNING] Illegal FSM transition CLICK_SELECT → STOPPED — ignored
2026-07-03 10:06:41 [WARNING] Illegal FSM transition CLICK_SELECT → STOPPED — ignored
2026-07-03 10:06:41 [WARNING] Illegal FSM transition CLICK_SELECT → STOPPED — ignored
2026-07-03 10:06:41 [WARNING] Illegal FSM transition CLICK_SELECT → STOPPED — ignored
2026-07-03 10:06:41 [WARNING] Illegal FSM transition CLICK_SELECT → STOPPED — ignored
2026-07-03 10:06:41 [WARNING] Illegal FSM transition CLICK_SELECT → STOPPED — ignored
2026-07-03 10:06:42 [WARNING] Illegal FSM transition CLICK_SELECT → STOPPED — ignored
2026-07-03 10:06:42 [WARNING] Illegal FSM transition CLICK_SELECT → STOPPED — ignored
2026-07-03 10:06:42 [WARNING] Illegal FSM transition CLICK_SELECT → STOPPED — ignored
2026-07-03 10:06:42 [WARNING] Illegal FSM transition CLICK_SELECT → STOPPED — ignored
2026-07-03 10:06:43 [WARNING] Illegal FSM transition CLICK_SELECT → STOPPED — ignored
2026-07-03 10:06:43 [WARNING] Illegal FSM transition CLICK_SELECT → STOPPED — ignored
2026-07-03 10:06:43 [WARNING] Illegal FSM transition CLICK_SELECT → STOPPED — ignored
2026-07-03 10:06:43 [WARNING] Illegal FSM transition CLICK_SELECT → STOPPED — ignored
2026-07-03 10:06:43 [WARNING] Illegal FSM transition CLICK_SELECT → STOPPED — ignored
2026-07-03 10:06:44 [WARNING] Illegal FSM transition CLICK_SELECT → STOPPED — ignored
2026-07-03 10:06:44 [WARNING] Illegal FSM transition CLICK_SELECT → STOPPED — ignored
2026-07-03 10:06:44 [WARNING] Illegal FSM transition CLICK_SELECT → STOPPED — ignored
2026-07-03 10:06:44 [WARNING] Illegal FSM transition CLICK_SELECT → STOPPED — ignored
2026-07-03 10:06:44 [WARNING] Illegal FSM transition CLICK_SELECT → STOPPED — ignored
2026-07-03 10:06:45 [WARNING] Illegal FSM transition CLICK_SELECT → STOPPED — ignored
2026-07-03 10:06:45 [WARNING] Illegal FSM transition CLICK_SELECT → STOPPED — ignored
2026-07-03 10:06:45 [WARNING] Illegal FSM transition CLICK_SELECT → STOPPED — ignored
2026-07-03 10:06:45 [WARNING] Illegal FSM transition CLICK_SELECT → STOPPED — ignored
2026-07-03 10:06:45 [WARNING] Illegal FSM transition CLICK_SELECT → STOPPED — ignored
2026-07-03 10:06:46 [WARNING] Illegal FSM transition CLICK_SELECT → STOPPED — ignored
2026-07-03 10:06:46 [WARNING] Illegal FSM transition CLICK_SELECT → STOPPED — ignored
2026-07-03 10:06:46 [WARNING] Illegal FSM transition CLICK_SELECT → STOPPED — ignored
2026-07-03 10:06:46 [WARNING] Illegal FSM transition CLICK_SELECT → STOPPED — ignored
2026-07-03 10:06:46 [WARNING] Illegal FSM transition CLICK_SELECT → STOPPED — ignored
2026-07-03 10:06:47 [WARNING] Illegal FSM transition CLICK_SELECT → STOPPED — ignored
2026-07-03 10:06:47 [WARNING] Illegal FSM transition CLICK_SELECT → STOPPED — ignored
2026-07-03 10:06:47 [WARNING] Illegal FSM transition CLICK_SELECT → STOPPED — ignored
2026-07-03 10:06:47 [WARNING] Illegal FSM transition CLICK_SELECT → STOPPED — ignored
2026-07-03 10:06:47 [WARNING] Illegal FSM transition CLICK_SELECT → STOPPED — ignored
2026-07-03 10:06:48 [WARNING] Illegal FSM transition CLICK_SELECT → STOPPED — ignored
2026-07-03 10:06:48 [WARNING] Illegal FSM transition CLICK_SELECT → STOPPED — ignored
2026-07-03 10:06:48 [WARNING] Illegal FSM transition CLICK_SELECT → STOPPED — ignored
2026-07-03 10:06:48 [WARNING] Illegal FSM transition CLICK_SELECT → STOPPED — ignored
2026-07-03 10:06:48 [WARNING] Illegal FSM transition CLICK_SELECT → STOPPED — ignored
2026-07-03 10:06:49 [WARNING] Illegal FSM transition CLICK_SELECT → STOPPED — ignored
2026-07-03 10:06:49 [WARNING] Illegal FSM transition CLICK_SELECT → STOPPED — ignored
2026-07-03 10:06:49 [WARNING] Illegal FSM transition CLICK_SELECT → STOPPED — ignored
2026-07-03 10:06:49 [WARNING] Illegal FSM transition CLICK_SELECT → STOPPED — ignored
2026-07-03 10:06:49 [WARNING] Illegal FSM transition CLICK_SELECT → STOPPED — ignored
2026-07-03 10:06:50 [WARNING] Illegal FSM transition CLICK_SELECT → STOPPED — ignored
2026-07-03 10:06:50 [WARNING] Illegal FSM transition CLICK_SELECT → STOPPED — ignored
2026-07-03 10:06:50 [WARNING] Illegal FSM transition CLICK_SELECT → STOPPED — ignored
2026-07-03 10:06:50 [WARNING] Illegal FSM transition CLICK_SELECT → STOPPED — ignored
2026-07-03 10:06:50 [WARNING] Illegal FSM transition CLICK_SELECT → STOPPED — ignored
2026-07-03 10:06:51 [WARNING] Illegal FSM transition CLICK_SELECT → STOPPED — ignored
2026-07-03 10:06:51 [WARNING] Illegal FSM transition CLICK_SELECT → STOPPED — ignored
2026-07-03 10:06:51 [WARNING] Illegal FSM transition CLICK_SELECT → STOPPED — ignored
2026-07-03 10:06:51 [WARNING] Illegal FSM transition CLICK_SELECT → STOPPED — ignored
2026-07-03 10:06:51 [WARNING] Illegal FSM transition CLICK_SELECT → STOPPED — ignored
2026-07-03 10:06:52 [WARNING] Illegal FSM transition CLICK_SELECT → STOPPED — ignored
2026-07-03 10:06:52 [WARNING] Illegal FSM transition CLICK_SELECT → STOPPED — ignored
2026-07-03 10:06:52 [WARNING] Illegal FSM transition CLICK_SELECT → STOPPED — ignored
2026-07-03 10:06:52 [WARNING] Illegal FSM transition CLICK_SELECT → STOPPED — ignored
2026-07-03 10:06:52 [WARNING] Illegal FSM transition CLICK_SELECT → STOPPED — ignored
2026-07-03 10:06:53 [WARNING] Illegal FSM transition CLICK_SELECT → STOPPED — ignored
2026-07-03 10:06:53 [WARNING] Illegal FSM transition CLICK_SELECT → STOPPED — ignored
2026-07-03 10:06:53 [WARNING] Illegal FSM transition CLICK_SELECT → STOPPED — ignored
2026-07-03 10:06:53 [WARNING] Illegal FSM transition CLICK_SELECT → STOPPED — ignored
2026-07-03 10:06:53 [WARNING] Illegal FSM transition CLICK_SELECT → STOPPED — ignored
2026-07-03 10:06:54 [WARNING] Illegal FSM transition CLICK_SELECT → STOPPED — ignored
2026-07-03 10:06:54 [WARNING] Illegal FSM transition CLICK_SELECT → STOPPED — ignored
2026-07-03 10:06:54 [WARNING] Illegal FSM transition CLICK_SELECT → STOPPED — ignored
2026-07-03 10:06:54 [WARNING] Illegal FSM transition CLICK_SELECT → STOPPED — ignored
2026-07-03 10:06:54 [WARNING] Illegal FSM transition CLICK_SELECT → STOPPED — ignored
2026-07-03 10:06:55 [WARNING] Illegal FSM transition CLICK_SELECT → STOPPED — ignored
2026-07-03 10:06:55 [WARNING] Illegal FSM transition CLICK_SELECT → STOPPED — ignored
2026-07-03 10:06:55 [WARNING] Illegal FSM transition CLICK_SELECT → STOPPED — ignored
2026-07-03 10:06:55 [WARNING] Illegal FSM transition CLICK_SELECT → STOPPED — ignored
2026-07-03 10:06:55 [WARNING] Illegal FSM transition CLICK_SELECT → STOPPED — ignored
2026-07-03 10:06:56 [WARNING] Illegal FSM transition CLICK_SELECT → STOPPED — ignored
2026-07-03 10:06:56 [WARNING] Illegal FSM transition CLICK_SELECT → STOPPED — ignored
2026-07-03 10:06:56 [WARNING] Illegal FSM transition CLICK_SELECT → STOPPED — ignored
2026-07-03 10:06:56 [WARNING] Illegal FSM transition CLICK_SELECT → STOPPED — ignored
2026-07-03 10:06:56 [WARNING] Illegal FSM transition CLICK_SELECT → STOPPED — ignored
2026-07-03 10:06:57 [WARNING] Illegal FSM transition CLICK_SELECT → STOPPED — ignored
2026-07-03 10:06:57 [WARNING] Illegal FSM transition CLICK_SELECT → STOPPED — ignored
2026-07-03 10:06:57 [WARNING] Illegal FSM transition CLICK_SELECT → STOPPED — ignored
2026-07-03 10:06:57 [WARNING] Illegal FSM transition CLICK_SELECT → STOPPED — ignored
2026-07-03 10:06:57 [WARNING] Illegal FSM transition CLICK_SELECT → STOPPED — ignored
2026-07-03 10:06:58 [WARNING] Illegal FSM transition CLICK_SELECT → STOPPED — ignored
2026-07-03 10:06:58 [WARNING] Illegal FSM transition CLICK_SELECT → STOPPED — ignored
2026-07-03 10:06:58 [WARNING] Illegal FSM transition CLICK_SELECT → STOPPED — ignored
2026-07-03 10:06:58 [WARNING] Illegal FSM transition CLICK_SELECT → STOPPED — ignored
2026-07-03 10:06:58 [WARNING] Illegal FSM transition CLICK_SELECT → STOPPED — ignored
2026-07-03 10:06:59 [WARNING] Illegal FSM transition CLICK_SELECT → STOPPED — ignored
2026-07-03 10:06:59 [WARNING] Illegal FSM transition CLICK_SELECT → STOPPED — ignored
2026-07-03 10:06:59 [WARNING] Illegal FSM transition CLICK_SELECT → STOPPED — ignored
2026-07-03 10:06:59 [WARNING] Illegal FSM transition CLICK_SELECT → STOPPED — ignored
2026-07-03 10:06:59 [WARNING] Illegal FSM transition CLICK_SELECT → STOPPED — ignored
2026-07-03 10:07:00 [WARNING] Illegal FSM transition CLICK_SELECT → STOPPED — ignored
2026-07-03 10:07:00 [WARNING] Illegal FSM transition CLICK_SELECT → STOPPED — ignored
2026-07-03 10:07:00 [WARNING] Illegal FSM transition CLICK_SELECT → STOPPED — ignored
2026-07-03 10:07:00 [WARNING] Illegal FSM transition CLICK_SELECT → STOPPED — ignored
2026-07-03 10:07:00 [WARNING] Illegal FSM transition CLICK_SELECT → STOPPED — ignored
2026-07-03 10:07:01 [WARNING] Illegal FSM transition CLICK_SELECT → STOPPED — ignored
2026-07-03 10:07:01 [WARNING] Illegal FSM transition CLICK_SELECT → STOPPED — ignored
2026-07-03 10:07:01 [WARNING] Illegal FSM transition CLICK_SELECT → STOPPED — ignored
2026-07-03 10:07:01 [WARNING] Illegal FSM transition CLICK_SELECT → STOPPED — ignored
2026-07-03 10:07:01 [WARNING] Illegal FSM transition CLICK_SELECT → STOPPED — ignored
2026-07-03 10:07:02 [WARNING] Illegal FSM transition CLICK_SELECT → STOPPED — ignored
2026-07-03 10:07:02 [WARNING] Illegal FSM transition CLICK_SELECT → STOPPED — ignored
2026-07-03 10:07:02 [WARNING] Illegal FSM transition CLICK_SELECT → STOPPED — ignored
2026-07-03 10:07:02 [WARNING] Illegal FSM transition CLICK_SELECT → STOPPED — ignored
2026-07-03 10:07:02 [WARNING] Illegal FSM transition CLICK_SELECT → STOPPED — ignored
2026-07-03 10:07:03 [WARNING] Illegal FSM transition CLICK_SELECT → STOPPED — ignored
2026-07-03 10:07:03 [WARNING] Illegal FSM transition CLICK_SELECT → STOPPED — ignored
2026-07-03 10:07:03 [WARNING] Illegal FSM transition CLICK_SELECT → STOPPED — ignored
2026-07-03 10:07:03 [WARNING] Illegal FSM transition CLICK_SELECT → STOPPED — ignored
2026-07-03 10:07:03 [WARNING] Illegal FSM transition CLICK_SELECT → STOPPED — ignored
2026-07-03 10:07:04 [WARNING] Illegal FSM transition CLICK_SELECT → STOPPED — ignored
2026-07-03 10:07:04 [WARNING] Illegal FSM transition CLICK_SELECT → STOPPED — ignored
2026-07-03 10:07:04 [WARNING] Illegal FSM transition CLICK_SELECT → STOPPED — ignored
2026-07-03 10:07:04 [WARNING] Illegal FSM transition CLICK_SELECT → STOPPED — ignored
2026-07-03 10:07:04 [WARNING] Illegal FSM transition CLICK_SELECT → STOPPED — ignored
2026-07-03 10:07:05 [WARNING] Illegal FSM transition CLICK_SELECT → STOPPED — ignored
2026-07-03 10:07:05 [WARNING] Illegal FSM transition CLICK_SELECT → STOPPED — ignored
2026-07-03 10:07:05 [WARNING] Illegal FSM transition CLICK_SELECT → STOPPED — ignored
2026-07-03 10:07:05 [WARNING] Illegal FSM transition CLICK_SELECT → STOPPED — ignored
2026-07-03 10:07:05 [WARNING] Illegal FSM transition CLICK_SELECT → STOPPED — ignored
2026-07-03 10:07:06 [WARNING] Illegal FSM transition CLICK_SELECT → STOPPED — ignored
2026-07-03 10:07:06 [WARNING] Illegal FSM transition CLICK_SELECT → STOPPED — ignored
2026-07-03 10:07:06 [WARNING] Illegal FSM transition CLICK_SELECT → STOPPED — ignored
2026-07-03 10:07:06 [WARNING] Illegal FSM transition CLICK_SELECT → STOPPED — ignored
2026-07-03 10:07:06 [WARNING] Illegal FSM transition CLICK_SELECT → STOPPED — ignored
2026-07-03 10:07:07 [WARNING] Illegal FSM transition CLICK_SELECT → STOPPED — ignored
2026-07-03 10:07:07 [WARNING] Illegal FSM transition CLICK_SELECT → STOPPED — ignored
2026-07-03 10:07:07 [WARNING] Illegal FSM transition CLICK_SELECT → STOPPED — ignored
2026-07-03 10:07:07 [WARNING] Illegal FSM transition CLICK_SELECT → STOPPED — ignored
2026-07-03 10:07:07 [WARNING] Illegal FSM transition CLICK_SELECT → STOPPED — ignored
2026-07-03 10:07:08 [WARNING] Illegal FSM transition CLICK_SELECT → STOPPED — ignored
2026-07-03 10:07:08 [WARNING] Illegal FSM transition CLICK_SELECT → STOPPED — ignored
2026-07-03 10:07:08 [WARNING] Illegal FSM transition CLICK_SELECT → STOPPED — ignored
2026-07-03 10:07:08 [WARNING] Illegal FSM transition CLICK_SELECT → STOPPED — ignored
2026-07-03 10:07:08 [WARNING] Illegal FSM transition CLICK_SELECT → STOPPED — ignored
2026-07-03 10:07:09 [WARNING] Illegal FSM transition CLICK_SELECT → STOPPED — ignored
2026-07-03 10:07:09 [WARNING] Illegal FSM transition CLICK_SELECT → STOPPED — ignored
2026-07-03 10:07:09 [WARNING] Illegal FSM transition CLICK_SELECT → STOPPED — ignored
2026-07-03 10:07:09 [WARNING] Illegal FSM transition CLICK_SELECT → STOPPED — ignored
2026-07-03 10:07:09 [WARNING] Illegal FSM transition CLICK_SELECT → STOPPED — ignored
2026-07-03 10:07:10 [WARNING] Illegal FSM transition CLICK_SELECT → STOPPED — ignored
2026-07-03 10:07:10 [WARNING] Illegal FSM transition CLICK_SELECT → STOPPED — ignored
2026-07-03 10:07:10 [WARNING] Illegal FSM transition CLICK_SELECT → STOPPED — ignored
2026-07-03 10:07:10 [WARNING] Illegal FSM transition CLICK_SELECT → STOPPED — ignored
2026-07-03 10:07:10 [WARNING] Illegal FSM transition CLICK_SELECT → STOPPED — ignored
2026-07-03 10:07:11 [WARNING] Illegal FSM transition CLICK_SELECT → STOPPED — ignored
2026-07-03 10:07:11 [WARNING] Illegal FSM transition CLICK_SELECT → STOPPED — ignored
2026-07-03 10:07:11 [WARNING] Illegal FSM transition CLICK_SELECT → STOPPED — ignored
2026-07-03 10:07:11 [WARNING] Illegal FSM transition CLICK_SELECT → STOPPED — ignored
2026-07-03 10:07:11 [WARNING] Illegal FSM transition CLICK_SELECT → STOPPED — ignored
2026-07-03 10:07:12 [WARNING] Illegal FSM transition CLICK_SELECT → STOPPED — ignored
2026-07-03 10:07:12 [WARNING] Illegal FSM transition CLICK_SELECT → STOPPED — ignored
2026-07-03 10:07:12 [WARNING] Illegal FSM transition CLICK_SELECT → STOPPED — ignored
2026-07-03 10:07:12 [WARNING] Illegal FSM transition CLICK_SELECT → STOPPED — ignored
2026-07-03 10:07:12 [WARNING] Illegal FSM transition CLICK_SELECT → STOPPED — ignored
2026-07-03 10:07:13 [WARNING] Illegal FSM transition CLICK_SELECT → STOPPED — ignored
2026-07-03 10:07:13 [WARNING] Illegal FSM transition CLICK_SELECT → STOPPED — ignored
2026-07-03 10:07:13 [WARNING] Illegal FSM transition CLICK_SELECT → STOPPED — ignored
2026-07-03 10:07:13 [WARNING] Illegal FSM transition CLICK_SELECT → STOPPED — ignored
2026-07-03 10:07:13 [WARNING] Illegal FSM transition CLICK_SELECT → STOPPED — ignored
2026-07-03 10:07:14 [WARNING] Illegal FSM transition CLICK_SELECT → STOPPED — ignored
2026-07-03 10:07:14 [WARNING] Illegal FSM transition CLICK_SELECT → STOPPED — ignored
2026-07-03 10:07:14 [WARNING] Illegal FSM transition CLICK_SELECT → STOPPED — ignored
2026-07-03 10:07:14 [WARNING] Illegal FSM transition CLICK_SELECT → STOPPED — ignored
2026-07-03 10:07:14 [WARNING] Illegal FSM transition CLICK_SELECT → STOPPED — ignored
2026-07-03 10:07:15 [WARNING] Illegal FSM transition CLICK_SELECT → STOPPED — ignored
2026-07-03 10:07:15 [WARNING] Illegal FSM transition CLICK_SELECT → STOPPED — ignored
2026-07-03 10:07:15 [WARNING] Illegal FSM transition CLICK_SELECT → STOPPED — ignored
2026-07-03 10:07:15 [WARNING] Illegal FSM transition CLICK_SELECT → STOPPED — ignored
2026-07-03 10:07:15 [WARNING] Illegal FSM transition CLICK_SELECT → STOPPED — ignored
2026-07-03 10:07:16 [WARNING] Illegal FSM transition CLICK_SELECT → STOPPED — ignored
2026-07-03 10:07:16 [WARNING] Illegal FSM transition CLICK_SELECT → STOPPED — ignored
2026-07-03 10:07:16 [WARNING] Illegal FSM transition CLICK_SELECT → STOPPED — ignored
2026-07-03 10:07:16 [WARNING] Illegal FSM transition CLICK_SELECT → STOPPED — ignored
2026-07-03 10:07:16 [WARNING] Illegal FSM transition CLICK_SELECT → STOPPED — ignored
2026-07-03 10:07:17 [WARNING] Illegal FSM transition CLICK_SELECT → STOPPED — ignored
2026-07-03 10:07:17 [WARNING] Illegal FSM transition CLICK_SELECT → STOPPED — ignored
2026-07-03 10:07:17 [WARNING] Illegal FSM transition CLICK_SELECT → STOPPED — ignored
2026-07-03 10:07:17 [WARNING] Illegal FSM transition CLICK_SELECT → STOPPED — ignored
2026-07-03 10:07:17 [WARNING] Illegal FSM transition CLICK_SELECT → STOPPED — ignored
2026-07-03 10:07:18 [WARNING] Illegal FSM transition CLICK_SELECT → STOPPED — ignored
2026-07-03 10:07:18 [WARNING] Illegal FSM transition CLICK_SELECT → STOPPED — ignored
2026-07-03 10:07:18 [WARNING] Illegal FSM transition CLICK_SELECT → STOPPED — ignored
2026-07-03 10:07:18 [WARNING] Illegal FSM transition CLICK_SELECT → STOPPED — ignored
2026-07-03 10:07:18 [WARNING] Illegal FSM transition CLICK_SELECT → STOPPED — ignored
2026-07-03 10:07:19 [WARNING] Illegal FSM transition CLICK_SELECT → STOPPED — ignored
2026-07-03 10:07:19 [WARNING] Illegal FSM transition CLICK_SELECT → STOPPED — ignored
2026-07-03 10:07:19 [WARNING] Illegal FSM transition CLICK_SELECT → STOPPED — ignored
2026-07-03 10:07:19 [WARNING] Illegal FSM transition CLICK_SELECT → STOPPED — ignored
2026-07-03 10:07:19 [WARNING] Illegal FSM transition CLICK_SELECT → STOPPED — ignored
2026-07-03 10:07:20 [WARNING] Illegal FSM transition CLICK_SELECT → STOPPED — ignored
2026-07-03 10:07:20 [WARNING] Illegal FSM transition CLICK_SELECT → STOPPED — ignored
2026-07-03 10:07:20 [WARNING] Illegal FSM transition CLICK_SELECT → STOPPED — ignored
2026-07-03 10:07:20 [WARNING] Illegal FSM transition CLICK_SELECT → STOPPED — ignored
2026-07-03 10:07:20 [WARNING] Illegal FSM transition CLICK_SELECT → STOPPED — ignored
2026-07-03 10:07:21 [WARNING] Illegal FSM transition CLICK_SELECT → STOPPED — ignored
2026-07-03 10:07:21 [WARNING] Illegal FSM transition CLICK_SELECT → STOPPED — ignored
2026-07-03 10:07:21 [WARNING] Illegal FSM transition CLICK_SELECT → STOPPED — ignored
2026-07-03 10:07:21 [WARNING] Illegal FSM transition CLICK_SELECT → STOPPED — ignored
2026-07-03 10:07:21 [WARNING] Illegal FSM transition CLICK_SELECT → STOPPED — ignored
2026-07-03 10:07:22 [WARNING] Illegal FSM transition CLICK_SELECT → STOPPED — ignored
2026-07-03 10:07:22 [WARNING] Illegal FSM transition CLICK_SELECT → STOPPED — ignored
2026-07-03 10:07:22 [WARNING] Illegal FSM transition CLICK_SELECT → STOPPED — ignored
2026-07-03 10:07:22 [WARNING] Illegal FSM transition CLICK_SELECT → STOPPED — ignored
2026-07-03 10:07:22 [WARNING] Illegal FSM transition CLICK_SELECT → STOPPED — ignored
2026-07-03 10:07:23 [WARNING] Illegal FSM transition CLICK_SELECT → STOPPED — ignored
2026-07-03 10:07:23 [WARNING] Illegal FSM transition CLICK_SELECT → STOPPED — ignored
2026-07-03 10:07:23 [WARNING] Illegal FSM transition CLICK_SELECT → STOPPED — ignored
2026-07-03 10:07:23 [WARNING] Illegal FSM transition CLICK_SELECT → STOPPED — ignored
2026-07-03 10:07:23 [WARNING] Illegal FSM transition CLICK_SELECT → STOPPED — ignored
2026-07-03 10:07:24 [WARNING] Illegal FSM transition CLICK_SELECT → STOPPED — ignored
2026-07-03 10:07:24 [WARNING] Illegal FSM transition CLICK_SELECT → STOPPED — ignored
2026-07-03 10:07:24 [WARNING] Illegal FSM transition CLICK_SELECT → STOPPED — ignored
2026-07-03 10:07:24 [WARNING] Illegal FSM transition CLICK_SELECT → STOPPED — ignored
2026-07-03 10:07:24 [WARNING] Illegal FSM transition CLICK_SELECT → STOPPED — ignored
2026-07-03 10:07:25 [WARNING] Illegal FSM transition CLICK_SELECT → STOPPED — ignored
2026-07-03 10:07:25 [WARNING] Illegal FSM transition CLICK_SELECT → STOPPED — ignored
2026-07-03 10:07:25 [WARNING] Illegal FSM transition CLICK_SELECT → STOPPED — ignored
2026-07-03 10:07:25 [WARNING] Illegal FSM transition CLICK_SELECT → STOPPED — ignored
2026-07-03 10:07:25 [WARNING] Illegal FSM transition CLICK_SELECT → STOPPED — ignored
2026-07-03 10:07:26 [WARNING] Illegal FSM transition CLICK_SELECT → STOPPED — ignored
2026-07-03 10:07:26 [WARNING] Illegal FSM transition CLICK_SELECT → STOPPED — ignored
2026-07-03 10:07:26 [WARNING] Illegal FSM transition CLICK_SELECT → STOPPED — ignored
2026-07-03 10:07:26 [WARNING] Illegal FSM transition CLICK_SELECT → STOPPED — ignored
2026-07-03 10:07:26 [WARNING] Illegal FSM transition CLICK_SELECT → STOPPED — ignored
2026-07-03 10:07:27 [WARNING] Illegal FSM transition CLICK_SELECT → STOPPED — ignored
2026-07-03 10:07:27 [WARNING] Illegal FSM transition CLICK_SELECT → STOPPED — ignored
2026-07-03 10:07:27 [WARNING] Illegal FSM transition CLICK_SELECT → STOPPED — ignored
2026-07-03 10:07:27 [WARNING] Illegal FSM transition CLICK_SELECT → STOPPED — ignored
2026-07-03 10:07:27 [WARNING] Illegal FSM transition CLICK_SELECT → STOPPED — ignored
2026-07-03 10:07:28 [WARNING] Illegal FSM transition CLICK_SELECT → STOPPED — ignored
2026-07-03 10:07:28 [WARNING] Illegal FSM transition CLICK_SELECT → STOPPED — ignored
2026-07-03 10:07:28 [WARNING] Illegal FSM transition CLICK_SELECT → STOPPED — ignored
2026-07-03 10:07:28 [WARNING] Illegal FSM transition CLICK_SELECT → STOPPED — ignored
2026-07-03 10:07:28 [WARNING] Illegal FSM transition CLICK_SELECT → STOPPED — ignored
2026-07-03 10:07:29 [WARNING] Illegal FSM transition CLICK_SELECT → STOPPED — ignored
2026-07-03 10:07:29 [WARNING] Illegal FSM transition CLICK_SELECT → STOPPED — ignored
2026-07-03 10:07:29 [WARNING] Illegal FSM transition CLICK_SELECT → STOPPED — ignored
2026-07-03 10:07:29 [WARNING] Illegal FSM transition CLICK_SELECT → STOPPED — ignored
2026-07-03 10:07:29 [WARNING] Illegal FSM transition CLICK_SELECT → STOPPED — ignored
2026-07-03 10:07:30 [WARNING] Illegal FSM transition CLICK_SELECT → STOPPED — ignored
2026-07-03 10:07:30 [WARNING] Illegal FSM transition CLICK_SELECT → STOPPED — ignored
2026-07-03 10:07:30 [WARNING] Illegal FSM transition CLICK_SELECT → STOPPED — ignored
2026-07-03 10:07:30 [WARNING] Illegal FSM transition CLICK_SELECT → STOPPED — ignored
2026-07-03 10:07:30 [WARNING] Illegal FSM transition CLICK_SELECT → STOPPED — ignored
2026-07-03 10:07:31 [WARNING] Illegal FSM transition CLICK_SELECT → STOPPED — ignored
2026-07-03 10:07:31 [WARNING] Illegal FSM transition CLICK_SELECT → STOPPED — ignored
2026-07-03 10:07:31 [WARNING] Illegal FSM transition CLICK_SELECT → STOPPED — ignored
2026-07-03 10:07:31 [WARNING] Illegal FSM transition CLICK_SELECT → STOPPED — ignored
2026-07-03 10:07:31 [WARNING] Illegal FSM transition CLICK_SELECT → STOPPED — ignored
2026-07-03 10:07:32 [WARNING] Illegal FSM transition CLICK_SELECT → STOPPED — ignored
2026-07-03 10:07:32 [WARNING] Illegal FSM transition CLICK_SELECT → STOPPED — ignored
2026-07-03 10:07:32 [WARNING] Illegal FSM transition CLICK_SELECT → STOPPED — ignored
2026-07-03 10:07:32 [WARNING] Illegal FSM transition CLICK_SELECT → STOPPED — ignored
2026-07-03 10:07:32 [WARNING] Illegal FSM transition CLICK_SELECT → STOPPED — ignored
2026-07-03 10:07:33 [WARNING] Illegal FSM transition CLICK_SELECT → STOPPED — ignored
2026-07-03 10:07:33 [WARNING] Illegal FSM transition CLICK_SELECT → STOPPED — ignored
2026-07-03 10:07:33 [WARNING] Illegal FSM transition CLICK_SELECT → STOPPED — ignored
2026-07-03 10:07:33 [WARNING] Illegal FSM transition CLICK_SELECT → STOPPED — ignored
2026-07-03 10:07:33 [WARNING] Illegal FSM transition CLICK_SELECT → STOPPED — ignored
2026-07-03 10:07:34 [WARNING] Illegal FSM transition CLICK_SELECT → STOPPED — ignored
2026-07-03 10:07:34 [WARNING] Illegal FSM transition CLICK_SELECT → STOPPED — ignored
2026-07-03 10:07:34 [WARNING] Illegal FSM transition CLICK_SELECT → STOPPED — ignored
2026-07-03 10:07:34 [WARNING] Illegal FSM transition CLICK_SELECT → STOPPED — ignored
2026-07-03 10:07:34 [WARNING] Illegal FSM transition CLICK_SELECT → STOPPED — ignored
2026-07-03 10:07:35 [WARNING] Illegal FSM transition CLICK_SELECT → STOPPED — ignored
2026-07-03 10:07:35 [WARNING] Illegal FSM transition CLICK_SELECT → STOPPED — ignored
2026-07-03 10:07:35 [WARNING] Illegal FSM transition CLICK_SELECT → STOPPED — ignored
2026-07-03 10:07:35 [WARNING] Illegal FSM transition CLICK_SELECT → STOPPED — ignored
2026-07-03 10:07:35 [WARNING] Illegal FSM transition CLICK_SELECT → STOPPED — ignored
2026-07-03 10:07:36 [WARNING] Illegal FSM transition CLICK_SELECT → STOPPED — ignored
2026-07-03 10:07:36 [WARNING] Illegal FSM transition CLICK_SELECT → STOPPED — ignored
2026-07-03 10:07:36 [WARNING] Illegal FSM transition CLICK_SELECT → STOPPED — ignored
2026-07-03 10:07:36 [WARNING] Illegal FSM transition CLICK_SELECT → STOPPED — ignored
2026-07-03 10:07:36 [WARNING] Illegal FSM transition CLICK_SELECT → STOPPED — ignored
2026-07-03 10:07:37 [WARNING] Illegal FSM transition CLICK_SELECT → STOPPED — ignored
2026-07-03 10:07:37 [WARNING] Illegal FSM transition CLICK_SELECT → STOPPED — ignored
2026-07-03 10:07:37 [WARNING] Illegal FSM transition CLICK_SELECT → STOPPED — ignored
2026-07-03 10:07:37 [WARNING] Illegal FSM transition CLICK_SELECT → STOPPED — ignored
2026-07-03 10:07:37 [WARNING] Illegal FSM transition CLICK_SELECT → STOPPED — ignored
2026-07-03 10:07:38 [WARNING] Illegal FSM transition CLICK_SELECT → STOPPED — ignored
2026-07-03 10:07:38 [WARNING] Illegal FSM transition CLICK_SELECT → STOPPED — ignored
2026-07-03 10:07:38 [WARNING] Illegal FSM transition CLICK_SELECT → STOPPED — ignored
2026-07-03 10:07:38 [WARNING] Illegal FSM transition CLICK_SELECT → STOPPED — ignored
2026-07-03 10:07:38 [WARNING] Illegal FSM transition CLICK_SELECT → STOPPED — ignored
2026-07-03 10:07:39 [WARNING] Illegal FSM transition CLICK_SELECT → STOPPED — ignored
2026-07-03 10:07:39 [WARNING] Illegal FSM transition CLICK_SELECT → STOPPED — ignored
2026-07-03 10:07:39 [WARNING] Illegal FSM transition CLICK_SELECT → STOPPED — ignored
2026-07-03 10:07:39 [WARNING] Illegal FSM transition CLICK_SELECT → STOPPED — ignored
2026-07-03 10:07:39 [WARNING] Illegal FSM transition CLICK_SELECT → STOPPED — ignored
2026-07-03 10:07:40 [WARNING] Illegal FSM transition CLICK_SELECT → STOPPED — ignored
2026-07-03 10:07:40 [WARNING] Illegal FSM transition CLICK_SELECT → STOPPED — ignored
2026-07-03 10:07:40 [WARNING] Illegal FSM transition CLICK_SELECT → STOPPED — ignored
2026-07-03 10:07:40 [WARNING] Illegal FSM transition CLICK_SELECT → STOPPED — ignored
2026-07-03 10:07:40 [WARNING] Illegal FSM transition CLICK_SELECT → STOPPED — ignored
2026-07-03 10:07:41 [WARNING] Illegal FSM transition CLICK_SELECT → STOPPED — ignored
2026-07-03 10:07:41 [WARNING] Illegal FSM transition CLICK_SELECT → STOPPED — ignored
2026-07-03 10:07:41 [WARNING] Illegal FSM transition CLICK_SELECT → STOPPED — ignored
2026-07-03 10:07:41 [WARNING] Illegal FSM transition CLICK_SELECT → STOPPED — ignored
2026-07-03 10:07:41 [WARNING] Illegal FSM transition CLICK_SELECT → STOPPED — ignored
2026-07-03 10:07:42 [WARNING] Illegal FSM transition CLICK_SELECT → STOPPED — ignored
2026-07-03 10:07:42 [WARNING] Illegal FSM transition CLICK_SELECT → STOPPED — ignored
2026-07-03 10:07:42 [WARNING] Illegal FSM transition CLICK_SELECT → STOPPED — ignored
2026-07-03 10:07:42 [WARNING] Illegal FSM transition CLICK_SELECT → STOPPED — ignored
2026-07-03 10:07:42 [WARNING] Illegal FSM transition CLICK_SELECT → STOPPED — ignored
2026-07-03 10:07:43 [WARNING] Illegal FSM transition CLICK_SELECT → STOPPED — ignored
2026-07-03 10:07:43 [WARNING] Illegal FSM transition CLICK_SELECT → STOPPED — ignored
2026-07-03 10:07:43 [WARNING] Illegal FSM transition CLICK_SELECT → STOPPED — ignored
2026-07-03 10:07:43 [WARNING] Illegal FSM transition CLICK_SELECT → STOPPED — ignored
2026-07-03 10:07:43 [WARNING] Illegal FSM transition CLICK_SELECT → STOPPED — ignored
2026-07-03 10:07:44 [WARNING] Illegal FSM transition CLICK_SELECT → STOPPED — ignored
2026-07-03 10:07:44 [WARNING] Illegal FSM transition CLICK_SELECT → STOPPED — ignored
2026-07-03 10:07:44 [WARNING] Illegal FSM transition CLICK_SELECT → STOPPED — ignored
2026-07-03 10:07:44 [WARNING] Illegal FSM transition CLICK_SELECT → STOPPED — ignored
2026-07-03 10:07:44 [WARNING] Illegal FSM transition CLICK_SELECT → STOPPED — ignored
2026-07-03 10:07:45 [WARNING] Illegal FSM transition CLICK_SELECT → STOPPED — ignored
2026-07-03 10:07:45 [WARNING] Illegal FSM transition CLICK_SELECT → STOPPED — ignored
2026-07-03 10:07:45 [WARNING] Illegal FSM transition CLICK_SELECT → STOPPED — ignored
2026-07-03 10:07:45 [WARNING] Illegal FSM transition CLICK_SELECT → STOPPED — ignored
2026-07-03 10:07:45 [WARNING] Illegal FSM transition CLICK_SELECT → STOPPED — ignored
2026-07-03 10:07:46 [WARNING] Illegal FSM transition CLICK_SELECT → STOPPED — ignored
2026-07-03 10:07:46 [WARNING] Illegal FSM transition CLICK_SELECT → STOPPED — ignored
2026-07-03 10:07:46 [WARNING] Illegal FSM transition CLICK_SELECT → STOPPED — ignored
2026-07-03 10:07:46 [WARNING] Illegal FSM transition CLICK_SELECT → STOPPED — ignored
2026-07-03 10:07:46 [WARNING] Illegal FSM transition CLICK_SELECT → STOPPED — ignored
2026-07-03 10:07:47 [WARNING] Illegal FSM transition CLICK_SELECT → STOPPED — ignored
2026-07-03 10:07:47 [WARNING] Illegal FSM transition CLICK_SELECT → STOPPED — ignored
2026-07-03 10:07:47 [WARNING] Illegal FSM transition CLICK_SELECT → STOPPED — ignored
2026-07-03 10:07:47 [WARNING] Illegal FSM transition CLICK_SELECT → STOPPED — ignored
2026-07-03 10:07:47 [WARNING] Illegal FSM transition CLICK_SELECT → STOPPED — ignored
2026-07-03 10:07:48 [WARNING] Illegal FSM transition CLICK_SELECT → STOPPED — ignored
2026-07-03 10:07:48 [WARNING] Illegal FSM transition CLICK_SELECT → STOPPED — ignored
2026-07-03 10:07:48 [WARNING] Illegal FSM transition CLICK_SELECT → STOPPED — ignored
2026-07-03 10:07:48 [WARNING] Illegal FSM transition CLICK_SELECT → STOPPED — ignored
2026-07-03 10:07:48 [WARNING] Illegal FSM transition CLICK_SELECT → STOPPED — ignored
2026-07-03 10:07:49 [WARNING] Illegal FSM transition CLICK_SELECT → STOPPED — ignored
2026-07-03 10:07:49 [WARNING] Illegal FSM transition CLICK_SELECT → STOPPED — ignored
2026-07-03 10:07:49 [WARNING] Illegal FSM transition CLICK_SELECT → STOPPED — ignored
2026-07-03 10:07:49 [WARNING] Illegal FSM transition CLICK_SELECT → STOPPED — ignored
2026-07-03 10:07:49 [WARNING] Illegal FSM transition CLICK_SELECT → STOPPED — ignored
2026-07-03 10:07:50 [WARNING] Illegal FSM transition CLICK_SELECT → STOPPED — ignored
2026-07-03 10:07:50 [WARNING] Illegal FSM transition CLICK_SELECT → STOPPED — ignored
2026-07-03 10:07:50 [WARNING] Illegal FSM transition CLICK_SELECT → STOPPED — ignored
2026-07-03 10:07:50 [WARNING] Illegal FSM transition CLICK_SELECT → STOPPED — ignored
2026-07-03 10:07:50 [WARNING] Illegal FSM transition CLICK_SELECT → STOPPED — ignored
2026-07-03 10:07:51 [WARNING] Illegal FSM transition CLICK_SELECT → STOPPED — ignored
2026-07-03 10:07:51 [WARNING] Illegal FSM transition CLICK_SELECT → STOPPED — ignored
2026-07-03 10:07:51 [WARNING] Illegal FSM transition CLICK_SELECT → STOPPED — ignored
2026-07-03 10:07:51 [WARNING] Illegal FSM transition CLICK_SELECT → STOPPED — ignored
2026-07-03 10:07:51 [WARNING] Illegal FSM transition CLICK_SELECT → STOPPED — ignored
2026-07-03 10:07:52 [WARNING] Illegal FSM transition CLICK_SELECT → STOPPED — ignored
2026-07-03 10:07:52 [WARNING] Illegal FSM transition CLICK_SELECT → STOPPED — ignored
2026-07-03 10:07:52 [WARNING] Illegal FSM transition CLICK_SELECT → STOPPED — ignored
2026-07-03 10:07:52 [WARNING] Illegal FSM transition CLICK_SELECT → STOPPED — ignored
2026-07-03 10:07:52 [WARNING] Illegal FSM transition CLICK_SELECT → STOPPED — ignored
2026-07-03 10:07:53 [WARNING] Illegal FSM transition CLICK_SELECT → STOPPED — ignored
2026-07-03 10:07:53 [WARNING] Illegal FSM transition CLICK_SELECT → STOPPED — ignored
2026-07-03 10:07:53 [WARNING] Illegal FSM transition CLICK_SELECT → STOPPED — ignored
2026-07-03 10:07:53 [WARNING] Illegal FSM transition CLICK_SELECT → STOPPED — ignored
2026-07-03 10:07:53 [WARNING] Illegal FSM transition CLICK_SELECT → STOPPED — ignored
2026-07-03 10:07:54 [WARNING] Illegal FSM transition CLICK_SELECT → STOPPED — ignored
2026-07-03 10:07:54 [WARNING] Illegal FSM transition CLICK_SELECT → STOPPED — ignored
2026-07-03 10:07:54 [WARNING] Illegal FSM transition CLICK_SELECT → STOPPED — ignored
2026-07-03 10:07:54 [WARNING] Illegal FSM transition CLICK_SELECT → STOPPED — ignored
2026-07-03 10:07:54 [WARNING] Illegal FSM transition CLICK_SELECT → STOPPED — ignored
2026-07-03 10:07:55 [WARNING] Illegal FSM transition CLICK_SELECT → STOPPED — ignored
2026-07-03 10:07:55 [WARNING] Illegal FSM transition CLICK_SELECT → STOPPED — ignored
2026-07-03 10:07:55 [WARNING] Illegal FSM transition CLICK_SELECT → STOPPED — ignored
2026-07-03 10:07:55 [WARNING] Illegal FSM transition CLICK_SELECT → STOPPED — ignored
2026-07-03 10:07:55 [WARNING] Illegal FSM transition CLICK_SELECT → STOPPED — ignored
2026-07-03 10:07:56 [WARNING] Illegal FSM transition CLICK_SELECT → STOPPED — ignored
2026-07-03 10:07:56 [WARNING] Illegal FSM transition CLICK_SELECT → STOPPED — ignored
2026-07-03 10:07:56 [WARNING] Illegal FSM transition CLICK_SELECT → STOPPED — ignored
2026-07-03 10:07:56 [WARNING] Illegal FSM transition CLICK_SELECT → STOPPED — ignored
2026-07-03 10:07:56 [WARNING] Illegal FSM transition CLICK_SELECT → STOPPED — ignored
2026-07-03 10:07:57 [WARNING] Illegal FSM transition CLICK_SELECT → STOPPED — ignored
2026-07-03 10:07:57 [WARNING] Illegal FSM transition CLICK_SELECT → STOPPED — ignored
2026-07-03 10:07:57 [WARNING] Illegal FSM transition CLICK_SELECT → STOPPED — ignored
2026-07-03 10:07:57 [WARNING] Illegal FSM transition CLICK_SELECT → STOPPED — ignored
2026-07-03 10:07:57 [WARNING] Illegal FSM transition CLICK_SELECT → STOPPED — ignored
2026-07-03 10:07:58 [WARNING] Illegal FSM transition CLICK_SELECT → STOPPED — ignored
2026-07-03 10:07:58 [WARNING] Illegal FSM transition CLICK_SELECT → STOPPED — ignored
2026-07-03 10:07:58 [WARNING] Illegal FSM transition CLICK_SELECT → STOPPED — ignored
2026-07-03 10:07:58 [WARNING] Illegal FSM transition CLICK_SELECT → STOPPED — ignored
2026-07-03 10:07:58 [WARNING] Illegal FSM transition CLICK_SELECT → STOPPED — ignored
2026-07-03 10:07:59 [WARNING] Illegal FSM transition CLICK_SELECT → STOPPED — ignored
2026-07-03 10:07:59 [WARNING] Illegal FSM transition CLICK_SELECT → STOPPED — ignored
2026-07-03 10:07:59 [WARNING] Illegal FSM transition CLICK_SELECT → STOPPED — ignored
2026-07-03 10:07:59 [WARNING] Illegal FSM transition CLICK_SELECT → STOPPED — ignored
2026-07-03 10:07:59 [WARNING] Illegal FSM transition CLICK_SELECT → STOPPED — ignored
2026-07-03 10:08:00 [WARNING] Illegal FSM transition CLICK_SELECT → STOPPED — ignored
2026-07-03 10:08:00 [WARNING] Illegal FSM transition CLICK_SELECT → STOPPED — ignored
2026-07-03 10:08:00 [WARNING] Illegal FSM transition CLICK_SELECT → STOPPED — ignored
2026-07-03 10:08:00 [WARNING] Illegal FSM transition CLICK_SELECT → STOPPED — ignored
2026-07-03 10:08:00 [WARNING] Illegal FSM transition CLICK_SELECT → STOPPED — ignored
2026-07-03 10:08:01 [WARNING] Illegal FSM transition CLICK_SELECT → STOPPED — ignored
2026-07-03 10:08:01 [WARNING] Illegal FSM transition CLICK_SELECT → STOPPED — ignored
2026-07-03 10:08:01 [WARNING] Illegal FSM transition CLICK_SELECT → STOPPED — ignored
2026-07-03 10:08:01 [WARNING] Illegal FSM transition CLICK_SELECT → STOPPED — ignored
2026-07-03 10:08:01 [WARNING] Illegal FSM transition CLICK_SELECT → STOPPED — ignored
2026-07-03 10:08:02 [WARNING] Illegal FSM transition CLICK_SELECT → STOPPED — ignored
2026-07-03 10:08:02 [WARNING] Illegal FSM transition CLICK_SELECT → STOPPED — ignored
2026-07-03 10:08:02 [WARNING] Illegal FSM transition CLICK_SELECT → STOPPED — ignored
2026-07-03 10:08:02 [WARNING] Illegal FSM transition CLICK_SELECT → STOPPED — ignored
2026-07-03 10:08:02 [WARNING] Illegal FSM transition CLICK_SELECT → STOPPED — ignored
2026-07-03 10:08:03 [WARNING] Illegal FSM transition CLICK_SELECT → STOPPED — ignored
2026-07-03 10:08:03 [WARNING] Illegal FSM transition CLICK_SELECT → STOPPED — ignored
2026-07-03 10:08:03 [WARNING] Illegal FSM transition CLICK_SELECT → STOPPED — ignored
2026-07-03 10:08:03 [WARNING] Illegal FSM transition CLICK_SELECT → STOPPED — ignored
2026-07-03 10:08:03 [WARNING] Illegal FSM transition CLICK_SELECT → STOPPED — ignored
2026-07-03 10:08:04 [WARNING] Illegal FSM transition CLICK_SELECT → STOPPED — ignored
2026-07-03 10:08:04 [WARNING] Illegal FSM transition CLICK_SELECT → STOPPED — ignored
2026-07-03 10:08:04 [WARNING] Illegal FSM transition CLICK_SELECT → STOPPED — ignored
2026-07-03 10:08:04 [WARNING] Illegal FSM transition CLICK_SELECT → STOPPED — ignored
2026-07-03 10:08:04 [WARNING] Illegal FSM transition CLICK_SELECT → STOPPED — ignored
2026-07-03 10:08:05 [WARNING] Illegal FSM transition CLICK_SELECT → STOPPED — ignored
2026-07-03 10:08:05 [WARNING] Illegal FSM transition CLICK_SELECT → STOPPED — ignored
2026-07-03 10:08:05 [WARNING] Illegal FSM transition CLICK_SELECT → STOPPED — ignored
2026-07-03 10:08:05 [WARNING] Illegal FSM transition CLICK_SELECT → STOPPED — ignored
2026-07-03 10:08:05 [WARNING] Illegal FSM transition CLICK_SELECT → STOPPED — ignored
2026-07-03 10:08:06 [WARNING] Illegal FSM transition CLICK_SELECT → STOPPED — ignored
2026-07-03 10:08:06 [WARNING] Illegal FSM transition CLICK_SELECT → STOPPED — ignored
2026-07-03 10:08:06 [WARNING] Illegal FSM transition CLICK_SELECT → STOPPED — ignored
2026-07-03 10:08:06 [WARNING] Illegal FSM transition CLICK_SELECT → STOPPED — ignored
2026-07-03 10:08:06 [WARNING] Illegal FSM transition CLICK_SELECT → STOPPED — ignored
2026-07-03 10:08:07 [WARNING] Illegal FSM transition CLICK_SELECT → STOPPED — ignored
2026-07-03 10:08:07 [WARNING] Illegal FSM transition CLICK_SELECT → STOPPED — ignored
2026-07-03 10:08:07 [WARNING] Illegal FSM transition CLICK_SELECT → STOPPED — ignored
2026-07-03 10:08:07 [WARNING] Illegal FSM transition CLICK_SELECT → STOPPED — ignored
2026-07-03 10:08:07 [WARNING] Illegal FSM transition CLICK_SELECT → STOPPED — ignored
2026-07-03 10:08:08 [WARNING] Illegal FSM transition CLICK_SELECT → STOPPED — ignored
2026-07-03 10:08:08 [WARNING] Illegal FSM transition CLICK_SELECT → STOPPED — ignored
2026-07-03 10:08:08 [WARNING] Illegal FSM transition CLICK_SELECT → STOPPED — ignored
2026-07-03 10:08:08 [WARNING] Illegal FSM transition CLICK_SELECT → STOPPED — ignored
2026-07-03 10:08:08 [WARNING] Illegal FSM transition CLICK_SELECT → STOPPED — ignored
2026-07-03 10:08:09 [WARNING] Illegal FSM transition CLICK_SELECT → STOPPED — ignored
2026-07-03 10:08:09 [WARNING] Illegal FSM transition CLICK_SELECT → STOPPED — ignored
2026-07-03 10:08:09 [WARNING] Illegal FSM transition CLICK_SELECT → STOPPED — ignored
2026-07-03 10:08:09 [WARNING] Illegal FSM transition CLICK_SELECT → STOPPED — ignored
2026-07-03 10:08:09 [WARNING] Illegal FSM transition CLICK_SELECT → STOPPED — ignored
2026-07-03 10:08:10 [WARNING] Illegal FSM transition CLICK_SELECT → STOPPED — ignored
2026-07-03 10:08:10 [WARNING] Illegal FSM transition CLICK_SELECT → STOPPED — ignored
2026-07-03 10:08:10 [WARNING] Illegal FSM transition CLICK_SELECT → STOPPED — ignored
2026-07-03 10:08:10 [WARNING] Illegal FSM transition CLICK_SELECT → STOPPED — ignored
2026-07-03 10:08:10 [WARNING] Illegal FSM transition CLICK_SELECT → STOPPED — ignored
2026-07-03 10:08:11 [WARNING] Illegal FSM transition CLICK_SELECT → STOPPED — ignored
2026-07-03 10:08:11 [WARNING] Illegal FSM transition CLICK_SELECT → STOPPED — ignored
2026-07-03 10:08:11 [WARNING] Illegal FSM transition CLICK_SELECT → STOPPED — ignored
2026-07-03 10:08:11 [WARNING] Illegal FSM transition CLICK_SELECT → STOPPED — ignored
2026-07-03 10:08:11 [WARNING] Illegal FSM transition CLICK_SELECT → STOPPED — ignored
2026-07-03 10:08:12 [WARNING] Illegal FSM transition CLICK_SELECT → STOPPED — ignored
2026-07-03 10:08:12 [WARNING] Illegal FSM transition CLICK_SELECT → STOPPED — ignored
2026-07-03 10:08:12 [WARNING] Illegal FSM transition CLICK_SELECT → STOPPED — ignored
2026-07-03 10:08:12 [WARNING] Illegal FSM transition CLICK_SELECT → STOPPED — ignored
2026-07-03 10:08:12 [WARNING] Illegal FSM transition CLICK_SELECT → STOPPED — ignored
2026-07-03 10:08:13 [WARNING] Illegal FSM transition CLICK_SELECT → STOPPED — ignored
2026-07-03 10:08:13 [WARNING] Illegal FSM transition CLICK_SELECT → STOPPED — ignored
2026-07-03 10:08:13 [WARNING] Illegal FSM transition CLICK_SELECT → STOPPED — ignored
2026-07-03 10:08:13 [WARNING] Illegal FSM transition CLICK_SELECT → STOPPED — ignored
2026-07-03 10:08:13 [WARNING] Illegal FSM transition CLICK_SELECT → STOPPED — ignored
2026-07-03 10:08:14 [WARNING] Illegal FSM transition CLICK_SELECT → STOPPED — ignored
2026-07-03 10:08:14 [WARNING] Illegal FSM transition CLICK_SELECT → STOPPED — ignored
2026-07-03 10:08:14 [WARNING] Illegal FSM transition CLICK_SELECT → STOPPED — ignored
2026-07-03 10:08:14 [WARNING] Illegal FSM transition CLICK_SELECT → STOPPED — ignored
2026-07-03 10:08:14 [WARNING] Illegal FSM transition CLICK_SELECT → STOPPED — ignored
2026-07-03 10:08:15 [WARNING] Illegal FSM transition CLICK_SELECT → STOPPED — ignored
2026-07-03 10:08:15 [WARNING] Illegal FSM transition CLICK_SELECT → STOPPED — ignored
2026-07-03 10:08:15 [WARNING] Illegal FSM transition CLICK_SELECT → STOPPED — ignored
2026-07-03 10:08:15 [WARNING] Illegal FSM transition CLICK_SELECT → STOPPED — ignored
2026-07-03 10:08:15 [WARNING] Illegal FSM transition CLICK_SELECT → STOPPED — ignored
2026-07-03 10:08:16 [WARNING] Illegal FSM transition CLICK_SELECT → STOPPED — ignored
2026-07-03 10:08:16 [WARNING] Illegal FSM transition CLICK_SELECT → STOPPED — ignored
2026-07-03 10:08:16 [WARNING] Illegal FSM transition CLICK_SELECT → STOPPED — ignored
2026-07-03 10:08:16 [WARNING] Illegal FSM transition CLICK_SELECT → STOPPED — ignored
2026-07-03 10:08:16 [WARNING] Illegal FSM transition CLICK_SELECT → STOPPED — ignored
2026-07-03 10:08:17 [WARNING] Illegal FSM transition CLICK_SELECT → STOPPED — ignored
2026-07-03 10:08:17 [WARNING] Illegal FSM transition CLICK_SELECT → STOPPED — ignored
2026-07-03 10:08:17 [WARNING] Illegal FSM transition CLICK_SELECT → STOPPED — ignored
2026-07-03 10:08:17 [WARNING] Illegal FSM transition CLICK_SELECT → STOPPED — ignored
2026-07-03 10:08:17 [WARNING] Illegal FSM transition CLICK_SELECT → STOPPED — ignored
2026-07-03 10:08:18 [WARNING] Illegal FSM transition CLICK_SELECT → STOPPED — ignored
2026-07-03 10:08:18 [WARNING] Illegal FSM transition CLICK_SELECT → STOPPED — ignored
2026-07-03 10:08:18 [WARNING] Illegal FSM transition CLICK_SELECT → STOPPED — ignored
2026-07-03 10:08:18 [WARNING] Illegal FSM transition CLICK_SELECT → STOPPED — ignored
2026-07-03 10:08:18 [WARNING] Illegal FSM transition CLICK_SELECT → STOPPED — ignored
2026-07-03 10:08:19 [WARNING] Illegal FSM transition CLICK_SELECT → STOPPED — ignored
2026-07-03 10:08:19 [WARNING] Illegal FSM transition CLICK_SELECT → STOPPED — ignored
2026-07-03 10:08:19 [WARNING] Illegal FSM transition CLICK_SELECT → STOPPED — ignored
2026-07-03 10:08:19 [WARNING] Illegal FSM transition CLICK_SELECT → STOPPED — ignored
2026-07-03 10:08:19 [WARNING] Illegal FSM transition CLICK_SELECT → STOPPED — ignored
2026-07-03 10:08:20 [WARNING] Illegal FSM transition CLICK_SELECT → STOPPED — ignored
2026-07-03 10:08:20 [WARNING] Illegal FSM transition CLICK_SELECT → STOPPED — ignored
2026-07-03 10:08:20 [WARNING] Illegal FSM transition CLICK_SELECT → STOPPED — ignored
2026-07-03 10:08:20 [WARNING] Illegal FSM transition CLICK_SELECT → STOPPED — ignored
2026-07-03 10:08:20 [WARNING] Illegal FSM transition CLICK_SELECT → STOPPED — ignored
2026-07-03 10:08:21 [WARNING] Illegal FSM transition CLICK_SELECT → STOPPED — ignored
2026-07-03 10:08:21 [WARNING] Illegal FSM transition CLICK_SELECT → STOPPED — ignored
2026-07-03 10:08:21 [WARNING] Illegal FSM transition CLICK_SELECT → STOPPED — ignored
2026-07-03 10:08:21 [WARNING] Illegal FSM transition CLICK_SELECT → STOPPED — ignored
2026-07-03 10:08:21 [WARNING] Illegal FSM transition CLICK_SELECT → STOPPED — ignored
2026-07-03 10:08:22 [WARNING] Illegal FSM transition CLICK_SELECT → STOPPED — ignored
2026-07-03 10:08:22 [WARNING] Illegal FSM transition CLICK_SELECT → STOPPED — ignored
2026-07-03 10:08:22 [WARNING] Illegal FSM transition CLICK_SELECT → STOPPED — ignored
2026-07-03 10:08:22 [WARNING] Illegal FSM transition CLICK_SELECT → STOPPED — ignored
2026-07-03 10:08:22 [WARNING] Illegal FSM transition CLICK_SELECT → STOPPED — ignored
2026-07-03 10:08:23 [WARNING] Illegal FSM transition CLICK_SELECT → STOPPED — ignored
2026-07-03 10:08:23 [WARNING] Illegal FSM transition CLICK_SELECT → STOPPED — ignored
2026-07-03 10:08:23 [WARNING] Illegal FSM transition CLICK_SELECT → STOPPED — ignored
2026-07-03 10:08:23 [WARNING] Illegal FSM transition CLICK_SELECT → STOPPED — ignored
2026-07-03 10:08:23 [WARNING] Illegal FSM transition CLICK_SELECT → STOPPED — ignored
2026-07-03 10:08:24 [WARNING] Illegal FSM transition CLICK_SELECT → STOPPED — ignored
2026-07-03 10:08:24 [WARNING] Illegal FSM transition CLICK_SELECT → STOPPED — ignored
2026-07-03 10:08:24 [WARNING] Illegal FSM transition CLICK_SELECT → STOPPED — ignored
2026-07-03 10:08:24 [WARNING] Illegal FSM transition CLICK_SELECT → STOPPED — ignored
2026-07-03 10:08:24 [WARNING] Illegal FSM transition CLICK_SELECT → STOPPED — ignored
2026-07-03 10:08:25 [WARNING] Illegal FSM transition CLICK_SELECT → STOPPED — ignored
2026-07-03 10:08:25 [WARNING] Illegal FSM transition CLICK_SELECT → STOPPED — ignored
2026-07-03 10:08:25 [WARNING] Illegal FSM transition CLICK_SELECT → STOPPED — ignored
2026-07-03 10:08:25 [WARNING] Illegal FSM transition CLICK_SELECT → STOPPED — ignored
2026-07-03 10:08:25 [WARNING] Illegal FSM transition CLICK_SELECT → STOPPED — ignored
2026-07-03 10:08:26 [WARNING] Illegal FSM transition CLICK_SELECT → STOPPED — ignored
2026-07-03 10:08:26 [WARNING] Illegal FSM transition CLICK_SELECT → STOPPED — ignored
2026-07-03 10:08:26 [WARNING] Illegal FSM transition CLICK_SELECT → STOPPED — ignored
2026-07-03 10:08:26 [WARNING] Illegal FSM transition CLICK_SELECT → STOPPED — ignored
2026-07-03 10:08:26 [WARNING] Illegal FSM transition CLICK_SELECT → STOPPED — ignored
2026-07-03 10:08:27 [WARNING] Illegal FSM transition CLICK_SELECT → STOPPED — ignored
2026-07-03 10:08:27 [WARNING] Illegal FSM transition CLICK_SELECT → STOPPED — ignored
2026-07-03 10:08:27 [WARNING] Illegal FSM transition CLICK_SELECT → STOPPED — ignored
2026-07-03 10:08:27 [WARNING] Illegal FSM transition CLICK_SELECT → STOPPED — ignored
2026-07-03 10:08:27 [WARNING] Illegal FSM transition CLICK_SELECT → STOPPED — ignored
2026-07-03 10:08:28 [WARNING] Illegal FSM transition CLICK_SELECT → STOPPED — ignored
2026-07-03 10:08:28 [WARNING] Illegal FSM transition CLICK_SELECT → STOPPED — ignored
2026-07-03 10:08:28 [WARNING] Illegal FSM transition CLICK_SELECT → STOPPED — ignored
2026-07-03 10:08:28 [WARNING] Illegal FSM transition CLICK_SELECT → STOPPED — ignored
2026-07-03 10:08:28 [WARNING] Illegal FSM transition CLICK_SELECT → STOPPED — ignored
2026-07-03 10:08:29 [WARNING] Illegal FSM transition CLICK_SELECT → STOPPED — ignored
2026-07-03 10:08:29 [WARNING] Illegal FSM transition CLICK_SELECT → STOPPED — ignored
2026-07-03 10:08:29 [WARNING] Illegal FSM transition CLICK_SELECT → STOPPED — ignored
2026-07-03 10:08:29 [WARNING] Illegal FSM transition CLICK_SELECT → STOPPED — ignored
2026-07-03 10:08:29 [WARNING] Illegal FSM transition CLICK_SELECT → STOPPED — ignored
2026-07-03 10:08:30 [WARNING] Illegal FSM transition CLICK_SELECT → STOPPED — ignored
2026-07-03 10:08:30 [WARNING] Illegal FSM transition CLICK_SELECT → STOPPED — ignored
2026-07-03 10:08:30 [WARNING] Illegal FSM transition CLICK_SELECT → STOPPED — ignored
2026-07-03 10:08:30 [WARNING] Illegal FSM transition CLICK_SELECT → STOPPED — ignored
2026-07-03 10:08:30 [WARNING] Illegal FSM transition CLICK_SELECT → STOPPED — ignored
2026-07-03 10:08:31 [WARNING] Illegal FSM transition CLICK_SELECT → STOPPED — ignored
2026-07-03 10:08:31 [WARNING] Illegal FSM transition CLICK_SELECT → STOPPED — ignored
2026-07-03 10:08:31 [WARNING] Illegal FSM transition CLICK_SELECT → STOPPED — ignored
2026-07-03 10:08:31 [WARNING] Illegal FSM transition CLICK_SELECT → STOPPED — ignored
2026-07-03 10:08:31 [WARNING] Illegal FSM transition CLICK_SELECT → STOPPED — ignored
2026-07-03 10:08:32 [WARNING] Illegal FSM transition CLICK_SELECT → STOPPED — ignored
2026-07-03 10:08:32 [WARNING] Illegal FSM transition CLICK_SELECT → STOPPED — ignored
2026-07-03 10:08:32 [WARNING] Illegal FSM transition CLICK_SELECT → STOPPED — ignored
2026-07-03 10:08:32 [WARNING] Illegal FSM transition CLICK_SELECT → STOPPED — ignored
2026-07-03 10:08:32 [WARNING] Illegal FSM transition CLICK_SELECT → STOPPED — ignored
2026-07-03 10:08:33 [WARNING] Illegal FSM transition CLICK_SELECT → STOPPED — ignored
2026-07-03 10:08:33 [WARNING] Illegal FSM transition CLICK_SELECT → STOPPED — ignored
2026-07-03 10:08:33 [WARNING] Illegal FSM transition CLICK_SELECT → STOPPED — ignored
2026-07-03 10:08:33 [WARNING] Illegal FSM transition CLICK_SELECT → STOPPED — ignored
2026-07-03 10:08:33 [WARNING] Illegal FSM transition CLICK_SELECT → STOPPED — ignored
2026-07-03 10:08:34 [WARNING] Illegal FSM transition CLICK_SELECT → STOPPED — ignored
2026-07-03 10:08:34 [WARNING] Illegal FSM transition CLICK_SELECT → STOPPED — ignored
2026-07-03 10:08:34 [WARNING] Illegal FSM transition CLICK_SELECT → STOPPED — ignored
2026-07-03 10:08:34 [WARNING] Illegal FSM transition CLICK_SELECT → STOPPED — ignored
2026-07-03 10:08:34 [WARNING] Illegal FSM transition CLICK_SELECT → STOPPED — ignored
2026-07-03 10:08:35 [WARNING] Illegal FSM transition CLICK_SELECT → STOPPED — ignored
2026-07-03 10:08:35 [WARNING] Illegal FSM transition CLICK_SELECT → STOPPED — ignored
2026-07-03 10:08:35 [WARNING] Illegal FSM transition CLICK_SELECT → STOPPED — ignored
2026-07-03 10:08:35 [WARNING] Illegal FSM transition CLICK_SELECT → STOPPED — ignored
2026-07-03 10:08:35 [WARNING] Illegal FSM transition CLICK_SELECT → STOPPED — ignored
2026-07-03 10:08:36 [WARNING] Illegal FSM transition CLICK_SELECT → STOPPED — ignored
2026-07-03 10:08:36 [WARNING] Illegal FSM transition CLICK_SELECT → STOPPED — ignored
2026-07-03 10:08:36 [WARNING] Illegal FSM transition CLICK_SELECT → STOPPED — ignored
2026-07-03 10:08:36 [WARNING] Illegal FSM transition CLICK_SELECT → STOPPED — ignored
2026-07-03 10:08:37 [WARNING] Illegal FSM transition CLICK_SELECT → STOPPED — ignored
2026-07-03 10:08:37 [WARNING] Illegal FSM transition CLICK_SELECT → STOPPED — ignored
2026-07-03 10:08:37 [WARNING] Illegal FSM transition CLICK_SELECT → STOPPED — ignored
2026-07-03 10:08:37 [WARNING] Illegal FSM transition CLICK_SELECT → STOPPED — ignored
2026-07-03 10:08:37 [WARNING] Illegal FSM transition CLICK_SELECT → STOPPED — ignored
2026-07-03 10:08:38 [WARNING] Illegal FSM transition CLICK_SELECT → STOPPED — ignored
2026-07-03 10:08:38 [WARNING] Illegal FSM transition CLICK_SELECT → STOPPED — ignored
2026-07-03 10:08:38 [WARNING] Illegal FSM transition CLICK_SELECT → STOPPED — ignored
2026-07-03 10:08:38 [WARNING] Illegal FSM transition CLICK_SELECT → STOPPED — ignored
2026-07-03 10:08:38 [WARNING] Illegal FSM transition CLICK_SELECT → STOPPED — ignored
2026-07-03 10:08:39 [WARNING] Illegal FSM transition CLICK_SELECT → STOPPED — ignored
2026-07-03 10:08:39 [WARNING] Illegal FSM transition CLICK_SELECT → STOPPED — ignored
2026-07-03 10:08:39 [WARNING] Illegal FSM transition CLICK_SELECT → STOPPED — ignored
2026-07-03 10:08:39 [WARNING] Illegal FSM transition CLICK_SELECT → STOPPED — ignored
2026-07-03 10:08:39 [WARNING] Illegal FSM transition CLICK_SELECT → STOPPED — ignored
2026-07-03 10:08:40 [WARNING] Illegal FSM transition CLICK_SELECT → STOPPED — ignored
2026-07-03 10:08:40 [WARNING] Illegal FSM transition CLICK_SELECT → STOPPED — ignored
2026-07-03 10:08:40 [WARNING] Illegal FSM transition CLICK_SELECT → STOPPED — ignored
2026-07-03 10:08:40 [WARNING] Illegal FSM transition CLICK_SELECT → STOPPED — ignored
2026-07-03 10:08:40 [WARNING] Illegal FSM transition CLICK_SELECT → STOPPED — ignored
2026-07-03 10:08:41 [WARNING] Illegal FSM transition CLICK_SELECT → STOPPED — ignored
2026-07-03 10:08:41 [WARNING] Illegal FSM transition CLICK_SELECT → STOPPED — ignored
2026-07-03 10:08:41 [WARNING] Illegal FSM transition CLICK_SELECT → STOPPED — ignored
2026-07-03 10:08:41 [WARNING] Illegal FSM transition CLICK_SELECT → STOPPED — ignored
2026-07-03 10:08:41 [WARNING] Illegal FSM transition CLICK_SELECT → STOPPED — ignored
2026-07-03 10:08:42 [WARNING] Illegal FSM transition CLICK_SELECT → STOPPED — ignored
2026-07-03 10:08:42 [WARNING] Illegal FSM transition CLICK_SELECT → STOPPED — ignored
2026-07-03 10:08:42 [WARNING] Illegal FSM transition CLICK_SELECT → STOPPED — ignored
2026-07-03 10:08:42 [WARNING] Illegal FSM transition CLICK_SELECT → STOPPED — ignored
2026-07-03 10:08:42 [WARNING] Illegal FSM transition CLICK_SELECT → STOPPED — ignored
2026-07-03 10:08:43 [WARNING] Illegal FSM transition CLICK_SELECT → STOPPED — ignored
2026-07-03 10:08:43 [WARNING] Illegal FSM transition CLICK_SELECT → STOPPED — ignored
2026-07-03 10:08:43 [WARNING] Illegal FSM transition CLICK_SELECT → STOPPED — ignored
2026-07-03 10:08:43 [WARNING] Illegal FSM transition CLICK_SELECT → STOPPED — ignored
2026-07-03 10:08:43 [WARNING] Illegal FSM transition CLICK_SELECT → STOPPED — ignored
2026-07-03 10:08:44 [WARNING] Illegal FSM transition CLICK_SELECT → STOPPED — ignored
2026-07-03 10:08:44 [WARNING] Illegal FSM transition CLICK_SELECT → STOPPED — ignored
2026-07-03 10:08:44 [WARNING] Illegal FSM transition CLICK_SELECT → STOPPED — ignored
2026-07-03 10:08:44 [WARNING] Illegal FSM transition CLICK_SELECT → STOPPED — ignored
2026-07-03 10:08:44 [WARNING] Illegal FSM transition CLICK_SELECT → STOPPED — ignored
2026-07-03 10:08:45 [WARNING] Illegal FSM transition CLICK_SELECT → STOPPED — ignored
2026-07-03 10:08:45 [WARNING] Illegal FSM transition CLICK_SELECT → STOPPED — ignored
2026-07-03 10:08:45 [WARNING] Illegal FSM transition CLICK_SELECT → STOPPED — ignored
2026-07-03 10:08:45 [WARNING] Illegal FSM transition CLICK_SELECT → STOPPED — ignored
2026-07-03 10:08:45 [WARNING] Illegal FSM transition CLICK_SELECT → STOPPED — ignored
2026-07-03 10:08:46 [WARNING] Illegal FSM transition CLICK_SELECT → STOPPED — ignored
2026-07-03 10:08:46 [WARNING] Illegal FSM transition CLICK_SELECT → STOPPED — ignored
2026-07-03 10:08:46 [WARNING] Illegal FSM transition CLICK_SELECT → STOPPED — ignored
2026-07-03 10:08:46 [WARNING] Illegal FSM transition CLICK_SELECT → STOPPED — ignored
2026-07-03 10:08:46 [WARNING] Illegal FSM transition CLICK_SELECT → STOPPED — ignored
2026-07-03 10:08:47 [WARNING] Illegal FSM transition CLICK_SELECT → STOPPED — ignored
2026-07-03 10:08:47 [WARNING] Illegal FSM transition CLICK_SELECT → STOPPED — ignored
2026-07-03 10:08:47 [WARNING] Illegal FSM transition CLICK_SELECT → STOPPED — ignored
2026-07-03 10:08:47 [WARNING] Illegal FSM transition CLICK_SELECT → STOPPED — ignored
2026-07-03 10:08:47 [WARNING] Illegal FSM transition CLICK_SELECT → STOPPED — ignored
2026-07-03 10:08:48 [WARNING] Illegal FSM transition CLICK_SELECT → STOPPED — ignored
2026-07-03 10:08:48 [WARNING] Illegal FSM transition CLICK_SELECT → STOPPED — ignored
2026-07-03 10:08:48 [WARNING] Illegal FSM transition CLICK_SELECT → STOPPED — ignored
2026-07-03 10:08:48 [WARNING] Illegal FSM transition CLICK_SELECT → STOPPED — ignored
2026-07-03 10:08:48 [WARNING] Illegal FSM transition CLICK_SELECT → STOPPED — ignored
2026-07-03 10:08:49 [WARNING] Illegal FSM transition CLICK_SELECT → STOPPED — ignored
2026-07-03 10:08:49 [WARNING] Illegal FSM transition CLICK_SELECT → STOPPED — ignored
2026-07-03 10:08:49 [WARNING] Illegal FSM transition CLICK_SELECT → STOPPED — ignored
2026-07-03 10:08:49 [WARNING] Illegal FSM transition CLICK_SELECT → STOPPED — ignored
2026-07-03 10:08:49 [WARNING] Illegal FSM transition CLICK_SELECT → STOPPED — ignored
2026-07-03 10:08:50 [WARNING] Illegal FSM transition CLICK_SELECT → STOPPED — ignored
2026-07-03 10:08:50 [WARNING] Illegal FSM transition CLICK_SELECT → STOPPED — ignored
2026-07-03 10:08:50 [WARNING] Illegal FSM transition CLICK_SELECT → STOPPED — ignored
2026-07-03 10:08:50 [WARNING] Illegal FSM transition CLICK_SELECT → STOPPED — ignored
2026-07-03 10:08:50 [WARNING] Illegal FSM transition CLICK_SELECT → STOPPED — ignored
2026-07-03 10:08:51 [WARNING] Illegal FSM transition CLICK_SELECT → STOPPED — ignored
2026-07-03 10:08:51 [WARNING] Illegal FSM transition CLICK_SELECT → STOPPED — ignored
2026-07-03 10:08:51 [WARNING] Illegal FSM transition CLICK_SELECT → STOPPED — ignored
2026-07-03 10:08:51 [WARNING] Illegal FSM transition CLICK_SELECT → STOPPED — ignored
2026-07-03 10:08:51 [WARNING] Illegal FSM transition CLICK_SELECT → STOPPED — ignored
2026-07-03 10:08:52 [WARNING] Illegal FSM transition CLICK_SELECT → STOPPED — ignored
2026-07-03 10:08:52 [WARNING] Illegal FSM transition CLICK_SELECT → STOPPED — ignored
2026-07-03 10:08:52 [WARNING] Illegal FSM transition CLICK_SELECT → STOPPED — ignored
2026-07-03 10:08:52 [WARNING] Illegal FSM transition CLICK_SELECT → STOPPED — ignored
2026-07-03 10:08:52 [WARNING] Illegal FSM transition CLICK_SELECT → STOPPED — ignored
2026-07-03 10:08:53 [WARNING] Illegal FSM transition CLICK_SELECT → STOPPED — ignored
2026-07-03 10:08:53 [WARNING] Illegal FSM transition CLICK_SELECT → STOPPED — ignored
2026-07-03 10:08:53 [WARNING] Illegal FSM transition CLICK_SELECT → STOPPED — ignored
2026-07-03 10:08:53 [WARNING] Illegal FSM transition CLICK_SELECT → STOPPED — ignored
2026-07-03 10:08:53 [WARNING] Illegal FSM transition CLICK_SELECT → STOPPED — ignored
2026-07-03 10:08:54 [WARNING] Illegal FSM transition CLICK_SELECT → STOPPED — ignored
2026-07-03 10:08:54 [WARNING] Illegal FSM transition CLICK_SELECT → STOPPED — ignored
2026-07-03 10:08:54 [WARNING] Illegal FSM transition CLICK_SELECT → STOPPED — ignored
2026-07-03 10:08:54 [WARNING] Illegal FSM transition CLICK_SELECT → STOPPED — ignored
2026-07-03 10:08:54 [WARNING] Illegal FSM transition CLICK_SELECT → STOPPED — ignored
2026-07-03 10:08:55 [WARNING] Illegal FSM transition CLICK_SELECT → STOPPED — ignored
2026-07-03 10:08:55 [WARNING] Illegal FSM transition CLICK_SELECT → STOPPED — ignored
2026-07-03 10:08:55 [WARNING] Illegal FSM transition CLICK_SELECT → STOPPED — ignored
2026-07-03 10:08:55 [WARNING] Illegal FSM transition CLICK_SELECT → STOPPED — ignored
2026-07-03 10:08:55 [WARNING] Illegal FSM transition CLICK_SELECT → STOPPED — ignored
2026-07-03 10:08:56 [WARNING] Illegal FSM transition CLICK_SELECT → STOPPED — ignored
2026-07-03 10:08:56 [WARNING] Illegal FSM transition CLICK_SELECT → STOPPED — ignored
2026-07-03 10:08:56 [WARNING] Illegal FSM transition CLICK_SELECT → STOPPED — ignored
2026-07-03 10:08:56 [WARNING] Illegal FSM transition CLICK_SELECT → STOPPED — ignored
2026-07-03 10:08:56 [WARNING] Illegal FSM transition CLICK_SELECT → STOPPED — ignored
2026-07-03 10:08:57 [WARNING] Illegal FSM transition CLICK_SELECT → STOPPED — ignored
2026-07-03 10:08:57 [WARNING] Illegal FSM transition CLICK_SELECT → STOPPED — ignored
2026-07-03 10:08:57 [WARNING] Illegal FSM transition CLICK_SELECT → STOPPED — ignored
2026-07-03 10:08:57 [WARNING] Illegal FSM transition CLICK_SELECT → STOPPED — ignored
2026-07-03 10:08:57 [WARNING] Illegal FSM transition CLICK_SELECT → STOPPED — ignored
2026-07-03 10:08:58 [WARNING] Illegal FSM transition CLICK_SELECT → STOPPED — ignored
2026-07-03 10:08:58 [WARNING] Illegal FSM transition CLICK_SELECT → STOPPED — ignored
2026-07-03 10:08:58 [WARNING] Illegal FSM transition CLICK_SELECT → STOPPED — ignored
2026-07-03 10:08:58 [WARNING] Illegal FSM transition CLICK_SELECT → STOPPED — ignored
2026-07-03 10:08:58 [WARNING] Illegal FSM transition CLICK_SELECT → STOPPED — ignored
2026-07-03 10:08:59 [WARNING] Illegal FSM transition CLICK_SELECT → STOPPED — ignored
2026-07-03 10:08:59 [WARNING] Illegal FSM transition CLICK_SELECT → STOPPED — ignored
2026-07-03 10:08:59 [WARNING] Illegal FSM transition CLICK_SELECT → STOPPED — ignored
2026-07-03 10:08:59 [WARNING] Illegal FSM transition CLICK_SELECT → STOPPED — ignored
2026-07-03 10:08:59 [WARNING] Illegal FSM transition CLICK_SELECT → STOPPED — ignored
2026-07-03 10:09:00 [WARNING] Illegal FSM transition CLICK_SELECT → STOPPED — ignored
2026-07-03 10:09:00 [WARNING] Illegal FSM transition CLICK_SELECT → STOPPED — ignored
2026-07-03 10:09:00 [WARNING] Illegal FSM transition CLICK_SELECT → STOPPED — ignored
2026-07-03 10:09:00 [WARNING] Illegal FSM transition CLICK_SELECT → STOPPED — ignored
2026-07-03 10:09:00 [WARNING] Illegal FSM transition CLICK_SELECT → STOPPED — ignored
2026-07-03 10:09:01 [WARNING] Illegal FSM transition CLICK_SELECT → STOPPED — ignored
2026-07-03 10:09:01 [WARNING] Illegal FSM transition CLICK_SELECT → STOPPED — ignored
2026-07-03 10:09:01 [WARNING] Illegal FSM transition CLICK_SELECT → STOPPED — ignored
2026-07-03 10:09:01 [WARNING] Illegal FSM transition CLICK_SELECT → STOPPED — ignored
2026-07-03 10:09:01 [WARNING] Illegal FSM transition CLICK_SELECT → STOPPED — ignored
2026-07-03 10:09:02 [WARNING] Illegal FSM transition CLICK_SELECT → STOPPED — ignored
2026-07-03 10:09:02 [WARNING] Illegal FSM transition CLICK_SELECT → STOPPED — ignored
2026-07-03 10:09:02 [WARNING] Illegal FSM transition CLICK_SELECT → STOPPED — ignored
2026-07-03 10:09:02 [WARNING] Illegal FSM transition CLICK_SELECT → STOPPED — ignored
2026-07-03 10:09:02 [WARNING] Illegal FSM transition CLICK_SELECT → STOPPED — ignored
2026-07-03 10:09:03 [WARNING] Illegal FSM transition CLICK_SELECT → STOPPED — ignored
2026-07-03 10:09:03 [WARNING] Illegal FSM transition CLICK_SELECT → STOPPED — ignored
2026-07-03 10:09:03 [WARNING] Illegal FSM transition CLICK_SELECT → STOPPED — ignored
2026-07-03 10:09:03 [WARNING] Illegal FSM transition CLICK_SELECT → STOPPED — ignored
2026-07-03 10:09:03 [WARNING] Illegal FSM transition CLICK_SELECT → STOPPED — ignored
2026-07-03 10:09:04 [WARNING] Illegal FSM transition CLICK_SELECT → STOPPED — ignored
2026-07-03 10:09:04 [WARNING] Illegal FSM transition CLICK_SELECT → STOPPED — ignored
2026-07-03 10:09:04 [WARNING] Illegal FSM transition CLICK_SELECT → STOPPED — ignored
2026-07-03 10:09:04 [WARNING] Illegal FSM transition CLICK_SELECT → STOPPED — ignored
2026-07-03 10:09:04 [WARNING] Illegal FSM transition CLICK_SELECT → STOPPED — ignored
2026-07-03 10:09:05 [WARNING] Illegal FSM transition CLICK_SELECT → STOPPED — ignored
2026-07-03 10:09:05 [WARNING] Illegal FSM transition CLICK_SELECT → STOPPED — ignored
2026-07-03 10:09:05 [WARNING] Illegal FSM transition CLICK_SELECT → STOPPED — ignored
2026-07-03 10:09:05 [WARNING] Illegal FSM transition CLICK_SELECT → STOPPED — ignored
2026-07-03 10:09:05 [WARNING] Illegal FSM transition CLICK_SELECT → STOPPED — ignored
2026-07-03 10:09:06 [WARNING] Illegal FSM transition CLICK_SELECT → STOPPED — ignored
2026-07-03 10:09:06 [WARNING] Illegal FSM transition CLICK_SELECT → STOPPED — ignored
2026-07-03 10:09:06 [WARNING] Illegal FSM transition CLICK_SELECT → STOPPED — ignored
2026-07-03 10:09:06 [WARNING] Illegal FSM transition CLICK_SELECT → STOPPED — ignored
2026-07-03 10:09:06 [WARNING] Illegal FSM transition CLICK_SELECT → STOPPED — ignored
2026-07-03 10:09:07 [WARNING] Illegal FSM transition CLICK_SELECT → STOPPED — ignored
2026-07-03 10:09:07 [WARNING] Illegal FSM transition CLICK_SELECT → STOPPED — ignored
2026-07-03 10:09:07 [WARNING] Illegal FSM transition CLICK_SELECT → STOPPED — ignored
2026-07-03 10:09:07 [WARNING] Illegal FSM transition CLICK_SELECT → STOPPED — ignored
2026-07-03 10:09:07 [WARNING] Illegal FSM transition CLICK_SELECT → STOPPED — ignored
2026-07-03 10:09:08 [WARNING] Illegal FSM transition CLICK_SELECT → STOPPED — ignored
2026-07-03 10:09:08 [WARNING] Illegal FSM transition CLICK_SELECT → STOPPED — ignored
2026-07-03 10:09:08 [WARNING] Illegal FSM transition CLICK_SELECT → STOPPED — ignored
2026-07-03 10:09:08 [WARNING] Illegal FSM transition CLICK_SELECT → STOPPED — ignored
2026-07-03 10:09:08 [WARNING] Illegal FSM transition CLICK_SELECT → STOPPED — ignored
2026-07-03 10:09:09 [WARNING] Illegal FSM transition CLICK_SELECT → STOPPED — ignored
2026-07-03 10:09:09 [WARNING] Illegal FSM transition CLICK_SELECT → STOPPED — ignored
2026-07-03 10:09:09 [WARNING] Illegal FSM transition CLICK_SELECT → STOPPED — ignored
2026-07-03 10:09:09 [WARNING] Illegal FSM transition CLICK_SELECT → STOPPED — ignored
2026-07-03 10:09:09 [WARNING] Illegal FSM transition CLICK_SELECT → STOPPED — ignored
2026-07-03 10:09:10 [WARNING] Illegal FSM transition CLICK_SELECT → STOPPED — ignored
2026-07-03 10:09:10 [WARNING] Illegal FSM transition CLICK_SELECT → STOPPED — ignored
2026-07-03 10:09:10 [WARNING] Illegal FSM transition CLICK_SELECT → STOPPED — ignored
2026-07-03 10:09:10 [WARNING] Illegal FSM transition CLICK_SELECT → STOPPED — ignored
2026-07-03 10:09:10 [WARNING] Illegal FSM transition CLICK_SELECT → STOPPED — ignored
2026-07-03 10:09:11 [WARNING] Illegal FSM transition CLICK_SELECT → STOPPED — ignored
2026-07-03 10:09:11 [WARNING] Illegal FSM transition CLICK_SELECT → STOPPED — ignored
2026-07-03 10:09:11 [WARNING] Illegal FSM transition CLICK_SELECT → STOPPED — ignored
2026-07-03 10:09:11 [WARNING] Illegal FSM transition CLICK_SELECT → STOPPED — ignored
2026-07-03 10:09:11 [WARNING] Illegal FSM transition CLICK_SELECT → STOPPED — ignored
2026-07-03 10:09:12 [WARNING] Illegal FSM transition CLICK_SELECT → STOPPED — ignored
2026-07-03 10:09:12 [WARNING] Illegal FSM transition CLICK_SELECT → STOPPED — ignored
2026-07-03 10:09:12 [WARNING] Illegal FSM transition CLICK_SELECT → STOPPED — ignored
2026-07-03 10:09:12 [WARNING] Illegal FSM transition CLICK_SELECT → STOPPED — ignored
2026-07-03 10:09:12 [WARNING] Illegal FSM transition CLICK_SELECT → STOPPED — ignored
2026-07-03 10:09:13 [WARNING] Illegal FSM transition CLICK_SELECT → STOPPED — ignored
2026-07-03 10:09:13 [WARNING] Illegal FSM transition CLICK_SELECT → STOPPED — ignored
2026-07-03 10:09:13 [WARNING] Illegal FSM transition CLICK_SELECT → STOPPED — ignored
2026-07-03 10:09:13 [WARNING] Illegal FSM transition CLICK_SELECT → STOPPED — ignored
2026-07-03 10:09:13 [WARNING] Illegal FSM transition CLICK_SELECT → STOPPED — ignored
2026-07-03 10:09:14 [WARNING] Illegal FSM transition CLICK_SELECT → STOPPED — ignored
2026-07-03 10:09:14 [WARNING] Illegal FSM transition CLICK_SELECT → STOPPED — ignored
2026-07-03 10:09:14 [WARNING] Illegal FSM transition CLICK_SELECT → STOPPED — ignored
2026-07-03 10:09:14 [WARNING] Illegal FSM transition CLICK_SELECT → STOPPED — ignored
2026-07-03 10:09:14 [WARNING] Illegal FSM transition CLICK_SELECT → STOPPED — ignored
2026-07-03 10:09:15 [WARNING] Illegal FSM transition CLICK_SELECT → STOPPED — ignored
2026-07-03 10:09:15 [WARNING] Illegal FSM transition CLICK_SELECT → STOPPED — ignored
2026-07-03 10:09:15 [WARNING] Illegal FSM transition CLICK_SELECT → STOPPED — ignored
2026-07-03 10:09:15 [WARNING] Illegal FSM transition CLICK_SELECT → STOPPED — ignored
2026-07-03 10:09:15 [WARNING] Illegal FSM transition CLICK_SELECT → STOPPED — ignored
2026-07-03 10:09:16 [WARNING] Illegal FSM transition CLICK_SELECT → STOPPED — ignored
2026-07-03 10:09:16 [WARNING] Illegal FSM transition CLICK_SELECT → STOPPED — ignored
2026-07-03 10:09:16 [WARNING] Illegal FSM transition CLICK_SELECT → STOPPED — ignored
2026-07-03 10:09:16 [WARNING] Illegal FSM transition CLICK_SELECT → STOPPED — ignored
2026-07-03 10:09:16 [WARNING] Illegal FSM transition CLICK_SELECT → STOPPED — ignored
2026-07-03 10:09:17 [WARNING] Illegal FSM transition CLICK_SELECT → STOPPED — ignored
2026-07-03 10:09:17 [WARNING] Illegal FSM transition CLICK_SELECT → STOPPED — ignored
2026-07-03 10:09:17 [WARNING] Illegal FSM transition CLICK_SELECT → STOPPED — ignored
2026-07-03 10:09:17 [WARNING] Illegal FSM transition CLICK_SELECT → STOPPED — ignored
2026-07-03 10:09:17 [WARNING] Illegal FSM transition CLICK_SELECT → STOPPED — ignored
2026-07-03 10:09:18 [WARNING] Illegal FSM transition CLICK_SELECT → STOPPED — ignored
2026-07-03 10:09:18 [WARNING] Illegal FSM transition CLICK_SELECT → STOPPED — ignored
2026-07-03 10:09:18 [WARNING] Illegal FSM transition CLICK_SELECT → STOPPED — ignored
2026-07-03 10:09:18 [WARNING] Illegal FSM transition CLICK_SELECT → STOPPED — ignored
2026-07-03 10:09:18 [WARNING] Illegal FSM transition CLICK_SELECT → STOPPED — ignored
2026-07-03 10:09:19 [WARNING] Illegal FSM transition CLICK_SELECT → STOPPED — ignored
2026-07-03 10:09:19 [WARNING] Illegal FSM transition CLICK_SELECT → STOPPED — ignored
2026-07-03 10:09:19 [WARNING] Illegal FSM transition CLICK_SELECT → STOPPED — ignored
2026-07-03 10:09:19 [WARNING] Illegal FSM transition CLICK_SELECT → STOPPED — ignored
2026-07-03 10:09:19 [WARNING] Illegal FSM transition CLICK_SELECT → STOPPED — ignored
2026-07-03 10:09:20 [WARNING] Illegal FSM transition CLICK_SELECT → STOPPED — ignored
2026-07-03 10:09:20 [WARNING] Illegal FSM transition CLICK_SELECT → STOPPED — ignored
2026-07-03 10:09:20 [WARNING] Illegal FSM transition CLICK_SELECT → STOPPED — ignored
2026-07-03 10:09:20 [WARNING] Illegal FSM transition CLICK_SELECT → STOPPED — ignored
2026-07-03 10:09:20 [WARNING] Illegal FSM transition CLICK_SELECT → STOPPED — ignored
2026-07-03 10:09:21 [WARNING] Illegal FSM transition CLICK_SELECT → STOPPED — ignored
2026-07-03 10:09:21 [WARNING] Illegal FSM transition CLICK_SELECT → STOPPED — ignored
2026-07-03 10:09:21 [WARNING] Illegal FSM transition CLICK_SELECT → STOPPED — ignored
2026-07-03 10:09:21 [WARNING] Illegal FSM transition CLICK_SELECT → STOPPED — ignored
2026-07-03 10:09:21 [WARNING] Illegal FSM transition CLICK_SELECT → STOPPED — ignored
2026-07-03 10:09:22 [WARNING] Illegal FSM transition CLICK_SELECT → STOPPED — ignored
2026-07-03 10:09:22 [WARNING] Illegal FSM transition CLICK_SELECT → STOPPED — ignored
2026-07-03 10:09:22 [WARNING] Illegal FSM transition CLICK_SELECT → STOPPED — ignored
2026-07-03 10:09:22 [WARNING] Illegal FSM transition CLICK_SELECT → STOPPED — ignored
2026-07-03 10:09:22 [WARNING] Illegal FSM transition CLICK_SELECT → STOPPED — ignored
2026-07-03 10:09:23 [WARNING] Illegal FSM transition CLICK_SELECT → STOPPED — ignored
2026-07-03 10:09:23 [WARNING] Illegal FSM transition CLICK_SELECT → STOPPED — ignored
2026-07-03 10:09:23 [WARNING] Illegal FSM transition CLICK_SELECT → STOPPED — ignored
2026-07-03 10:09:23 [WARNING] Illegal FSM transition CLICK_SELECT → STOPPED — ignored
2026-07-03 10:09:23 [WARNING] Illegal FSM transition CLICK_SELECT → STOPPED — ignored
2026-07-03 10:09:24 [WARNING] Illegal FSM transition CLICK_SELECT → STOPPED — ignored
2026-07-03 10:09:24 [WARNING] Illegal FSM transition CLICK_SELECT → STOPPED — ignored
2026-07-03 10:09:24 [WARNING] Illegal FSM transition CLICK_SELECT → STOPPED — ignored
2026-07-03 10:09:24 [WARNING] Illegal FSM transition CLICK_SELECT → STOPPED — ignored
2026-07-03 10:09:24 [WARNING] Illegal FSM transition CLICK_SELECT → STOPPED — ignored
2026-07-03 10:09:25 [WARNING] Illegal FSM transition CLICK_SELECT → STOPPED — ignored
2026-07-03 10:09:25 [WARNING] Illegal FSM transition CLICK_SELECT → STOPPED — ignored
2026-07-03 10:09:25 [WARNING] Illegal FSM transition CLICK_SELECT → STOPPED — ignored
2026-07-03 10:09:25 [WARNING] Illegal FSM transition CLICK_SELECT → STOPPED — ignored
2026-07-03 10:09:25 [WARNING] Illegal FSM transition CLICK_SELECT → STOPPED — ignored
2026-07-03 10:09:26 [WARNING] Illegal FSM transition CLICK_SELECT → STOPPED — ignored
2026-07-03 10:09:26 [WARNING] Illegal FSM transition CLICK_SELECT → STOPPED — ignored
2026-07-03 10:09:26 [WARNING] Illegal FSM transition CLICK_SELECT → STOPPED — ignored
2026-07-03 10:09:26 [WARNING] Illegal FSM transition CLICK_SELECT → STOPPED — ignored
2026-07-03 10:09:26 [WARNING] Illegal FSM transition CLICK_SELECT → STOPPED — ignored
2026-07-03 10:09:27 [WARNING] Illegal FSM transition CLICK_SELECT → STOPPED — ignored
2026-07-03 10:09:27 [WARNING] Illegal FSM transition CLICK_SELECT → STOPPED — ignored
2026-07-03 10:09:27 [WARNING] Illegal FSM transition CLICK_SELECT → STOPPED — ignored
2026-07-03 10:09:27 [WARNING] Illegal FSM transition CLICK_SELECT → STOPPED — ignored
2026-07-03 10:09:27 [WARNING] Illegal FSM transition CLICK_SELECT → STOPPED — ignored
2026-07-03 10:09:28 [WARNING] Illegal FSM transition CLICK_SELECT → STOPPED — ignored
2026-07-03 10:09:28 [WARNING] Illegal FSM transition CLICK_SELECT → STOPPED — ignored
2026-07-03 10:09:28 [WARNING] Illegal FSM transition CLICK_SELECT → STOPPED — ignored
2026-07-03 10:09:28 [WARNING] Illegal FSM transition CLICK_SELECT → STOPPED — ignored
2026-07-03 10:09:28 [WARNING] Illegal FSM transition CLICK_SELECT → STOPPED — ignored
2026-07-03 10:09:29 [WARNING] Illegal FSM transition CLICK_SELECT → STOPPED — ignored
2026-07-03 10:09:29 [WARNING] Illegal FSM transition CLICK_SELECT → STOPPED — ignored
2026-07-03 10:09:29 [WARNING] Illegal FSM transition CLICK_SELECT → STOPPED — ignored
2026-07-03 10:09:29 [WARNING] Illegal FSM transition CLICK_SELECT → STOPPED — ignored
2026-07-03 10:09:29 [WARNING] Illegal FSM transition CLICK_SELECT → STOPPED — ignored
2026-07-03 10:09:30 [WARNING] Illegal FSM transition CLICK_SELECT → STOPPED — ignored
2026-07-03 10:09:30 [WARNING] Illegal FSM transition CLICK_SELECT → STOPPED — ignored
2026-07-03 10:09:30 [WARNING] Illegal FSM transition CLICK_SELECT → STOPPED — ignored
2026-07-03 10:09:30 [WARNING] Illegal FSM transition CLICK_SELECT → STOPPED — ignored
2026-07-03 10:09:30 [WARNING] Illegal FSM transition CLICK_SELECT → STOPPED — ignored
2026-07-03 10:09:31 [WARNING] Illegal FSM transition CLICK_SELECT → STOPPED — ignored
2026-07-03 10:09:31 [WARNING] Illegal FSM transition CLICK_SELECT → STOPPED — ignored
2026-07-03 10:09:31 [WARNING] Illegal FSM transition CLICK_SELECT → STOPPED — ignored
2026-07-03 10:09:31 [WARNING] Illegal FSM transition CLICK_SELECT → STOPPED — ignored
2026-07-03 10:09:31 [WARNING] Illegal FSM transition CLICK_SELECT → STOPPED — ignored
2026-07-03 10:09:32 [WARNING] Illegal FSM transition CLICK_SELECT → STOPPED — ignored
2026-07-03 10:09:32 [WARNING] Illegal FSM transition CLICK_SELECT → STOPPED — ignored
2026-07-03 10:09:32 [WARNING] Illegal FSM transition CLICK_SELECT → STOPPED — ignored
2026-07-03 10:09:32 [WARNING] Illegal FSM transition CLICK_SELECT → STOPPED — ignored
2026-07-03 10:09:32 [WARNING] Illegal FSM transition CLICK_SELECT → STOPPED — ignored
2026-07-03 10:09:33 [WARNING] Illegal FSM transition CLICK_SELECT → STOPPED — ignored
2026-07-03 10:09:33 [WARNING] Illegal FSM transition CLICK_SELECT → STOPPED — ignored
2026-07-03 10:09:33 [WARNING] Illegal FSM transition CLICK_SELECT → STOPPED — ignored
2026-07-03 10:09:33 [WARNING] Illegal FSM transition CLICK_SELECT → STOPPED — ignored
2026-07-03 10:09:33 [WARNING] Illegal FSM transition CLICK_SELECT → STOPPED — ignored
2026-07-03 10:09:34 [WARNING] Illegal FSM transition CLICK_SELECT → STOPPED — ignored
2026-07-03 10:09:34 [WARNING] Illegal FSM transition CLICK_SELECT → STOPPED — ignored
2026-07-03 10:09:34 [WARNING] Illegal FSM transition CLICK_SELECT → STOPPED — ignored
2026-07-03 10:09:34 [WARNING] Illegal FSM transition CLICK_SELECT → STOPPED — ignored
2026-07-03 10:09:34 [WARNING] Illegal FSM transition CLICK_SELECT → STOPPED — ignored
2026-07-03 10:09:35 [WARNING] Illegal FSM transition CLICK_SELECT → STOPPED — ignored
2026-07-03 10:09:35 [WARNING] Illegal FSM transition CLICK_SELECT → STOPPED — ignored
2026-07-03 10:09:35 [WARNING] Illegal FSM transition CLICK_SELECT → STOPPED — ignored
2026-07-03 10:09:35 [WARNING] Illegal FSM transition CLICK_SELECT → STOPPED — ignored
2026-07-03 10:09:35 [WARNING] Illegal FSM transition CLICK_SELECT → STOPPED — ignored
2026-07-03 10:09:36 [WARNING] Illegal FSM transition CLICK_SELECT → STOPPED — ignored
2026-07-03 10:09:36 [WARNING] Illegal FSM transition CLICK_SELECT → STOPPED — ignored
2026-07-03 10:09:36 [WARNING] Illegal FSM transition CLICK_SELECT → STOPPED — ignored
2026-07-03 10:09:36 [WARNING] Illegal FSM transition CLICK_SELECT → STOPPED — ignored
2026-07-03 10:09:36 [WARNING] Illegal FSM transition CLICK_SELECT → STOPPED — ignored
2026-07-03 10:09:37 [WARNING] Illegal FSM transition CLICK_SELECT → STOPPED — ignored
2026-07-03 10:09:37 [WARNING] Illegal FSM transition CLICK_SELECT → STOPPED — ignored
2026-07-03 10:09:37 [WARNING] Illegal FSM transition CLICK_SELECT → STOPPED — ignored
2026-07-03 10:09:37 [WARNING] Illegal FSM transition CLICK_SELECT → STOPPED — ignored
2026-07-03 10:09:37 [WARNING] Illegal FSM transition CLICK_SELECT → STOPPED — ignored
2026-07-03 10:09:38 [WARNING] Illegal FSM transition CLICK_SELECT → STOPPED — ignored
2026-07-03 10:09:38 [WARNING] Illegal FSM transition CLICK_SELECT → STOPPED — ignored
2026-07-03 10:09:38 [WARNING] Illegal FSM transition CLICK_SELECT → STOPPED — ignored
2026-07-03 10:09:38 [WARNING] Illegal FSM transition CLICK_SELECT → STOPPED — ignored
2026-07-03 10:09:38 [WARNING] Illegal FSM transition CLICK_SELECT → STOPPED — ignored
2026-07-03 10:09:39 [WARNING] Illegal FSM transition CLICK_SELECT → STOPPED — ignored
2026-07-03 10:09:39 [WARNING] Illegal FSM transition CLICK_SELECT → STOPPED — ignored
2026-07-03 10:09:39 [WARNING] Illegal FSM transition CLICK_SELECT → STOPPED — ignored
2026-07-03 10:09:39 [WARNING] Illegal FSM transition CLICK_SELECT → STOPPED — ignored
2026-07-03 10:09:39 [WARNING] Illegal FSM transition CLICK_SELECT → STOPPED — ignored
2026-07-03 10:09:40 [WARNING] Illegal FSM transition CLICK_SELECT → STOPPED — ignored
2026-07-03 10:09:40 [WARNING] Illegal FSM transition CLICK_SELECT → STOPPED — ignored
2026-07-03 10:09:40 [WARNING] Illegal FSM transition CLICK_SELECT → STOPPED — ignored
2026-07-03 10:09:40 [WARNING] Illegal FSM transition CLICK_SELECT → STOPPED — ignored
2026-07-03 10:09:40 [WARNING] Illegal FSM transition CLICK_SELECT → STOPPED — ignored
2026-07-03 10:09:41 [WARNING] Illegal FSM transition CLICK_SELECT → STOPPED — ignored
2026-07-03 10:09:41 [WARNING] Illegal FSM transition CLICK_SELECT → STOPPED — ignored
2026-07-03 10:09:41 [WARNING] Illegal FSM transition CLICK_SELECT → STOPPED — ignored
2026-07-03 10:09:41 [WARNING] Illegal FSM transition CLICK_SELECT → STOPPED — ignored
2026-07-03 10:09:41 [WARNING] Illegal FSM transition CLICK_SELECT → STOPPED — ignored
2026-07-03 10:09:42 [WARNING] Illegal FSM transition CLICK_SELECT → STOPPED — ignored
2026-07-03 10:09:42 [WARNING] Illegal FSM transition CLICK_SELECT → STOPPED — ignored
2026-07-03 10:09:42 [WARNING] Illegal FSM transition CLICK_SELECT → STOPPED — ignored
2026-07-03 10:09:42 [WARNING] Illegal FSM transition CLICK_SELECT → STOPPED — ignored
2026-07-03 10:09:42 [WARNING] Illegal FSM transition CLICK_SELECT → STOPPED — ignored
2026-07-03 10:09:43 [WARNING] Illegal FSM transition CLICK_SELECT → STOPPED — ignored
2026-07-03 10:09:43 [WARNING] Illegal FSM transition CLICK_SELECT → STOPPED — ignored
2026-07-03 10:09:43 [WARNING] Illegal FSM transition CLICK_SELECT → STOPPED — ignored
2026-07-03 10:09:43 [WARNING] Illegal FSM transition CLICK_SELECT → STOPPED — ignored
2026-07-03 10:09:43 [WARNING] Illegal FSM transition CLICK_SELECT → STOPPED — ignored
2026-07-03 10:09:44 [WARNING] Illegal FSM transition CLICK_SELECT → STOPPED — ignored
2026-07-03 10:09:44 [WARNING] Illegal FSM transition CLICK_SELECT → STOPPED — ignored
2026-07-03 10:09:44 [WARNING] Illegal FSM transition CLICK_SELECT → STOPPED — ignored
2026-07-03 10:09:44 [WARNING] Illegal FSM transition CLICK_SELECT → STOPPED — ignored
2026-07-03 10:09:44 [WARNING] Illegal FSM transition CLICK_SELECT → STOPPED — ignored
2026-07-03 10:09:45 [WARNING] Illegal FSM transition CLICK_SELECT → STOPPED — ignored
2026-07-03 10:09:45 [WARNING] Illegal FSM transition CLICK_SELECT → STOPPED — ignored
2026-07-03 10:09:45 [WARNING] Illegal FSM transition CLICK_SELECT → STOPPED — ignored
2026-07-03 10:09:45 [WARNING] Illegal FSM transition CLICK_SELECT → STOPPED — ignored
2026-07-03 10:09:45 [WARNING] Illegal FSM transition CLICK_SELECT → STOPPED — ignored
2026-07-03 10:09:46 [WARNING] Illegal FSM transition CLICK_SELECT → STOPPED — ignored
2026-07-03 10:09:46 [WARNING] Illegal FSM transition CLICK_SELECT → STOPPED — ignored
2026-07-03 10:09:46 [WARNING] Illegal FSM transition CLICK_SELECT → STOPPED — ignored
2026-07-03 10:09:46 [WARNING] Illegal FSM transition CLICK_SELECT → STOPPED — ignored
2026-07-03 10:09:46 [WARNING] Illegal FSM transition CLICK_SELECT → STOPPED — ignored
2026-07-03 10:09:47 [WARNING] Illegal FSM transition CLICK_SELECT → STOPPED — ignored
2026-07-03 10:09:47 [WARNING] Illegal FSM transition CLICK_SELECT → STOPPED — ignored
2026-07-03 10:09:47 [WARNING] Illegal FSM transition CLICK_SELECT → STOPPED — ignored
2026-07-03 10:09:47 [WARNING] Illegal FSM transition CLICK_SELECT → STOPPED — ignored
2026-07-03 10:09:47 [WARNING] Illegal FSM transition CLICK_SELECT → STOPPED — ignored
2026-07-03 10:09:48 [WARNING] Illegal FSM transition CLICK_SELECT → STOPPED — ignored
2026-07-03 10:09:48 [WARNING] Illegal FSM transition CLICK_SELECT → STOPPED — ignored
2026-07-03 10:09:48 [WARNING] Illegal FSM transition CLICK_SELECT → STOPPED — ignored
2026-07-03 10:09:48 [WARNING] Illegal FSM transition CLICK_SELECT → STOPPED — ignored
2026-07-03 10:09:48 [WARNING] Illegal FSM transition CLICK_SELECT → STOPPED — ignored
2026-07-03 10:09:49 [WARNING] Illegal FSM transition CLICK_SELECT → STOPPED — ignored
2026-07-03 10:09:49 [WARNING] Illegal FSM transition CLICK_SELECT → STOPPED — ignored
2026-07-03 10:09:49 [WARNING] Illegal FSM transition CLICK_SELECT → STOPPED — ignored
2026-07-03 10:09:49 [WARNING] Illegal FSM transition CLICK_SELECT → STOPPED — ignored
2026-07-03 10:09:49 [WARNING] Illegal FSM transition CLICK_SELECT → STOPPED — ignored
2026-07-03 10:09:50 [WARNING] Illegal FSM transition CLICK_SELECT → STOPPED — ignored
2026-07-03 10:09:50 [WARNING] Illegal FSM transition CLICK_SELECT → STOPPED — ignored
2026-07-03 10:09:50 [WARNING] Illegal FSM transition CLICK_SELECT → STOPPED — ignored
2026-07-03 10:09:50 [WARNING] Illegal FSM transition CLICK_SELECT → STOPPED — ignored
2026-07-03 10:09:50 [WARNING] Illegal FSM transition CLICK_SELECT → STOPPED — ignored
2026-07-03 10:09:51 [WARNING] Illegal FSM transition CLICK_SELECT → STOPPED — ignored
2026-07-03 10:09:51 [WARNING] Illegal FSM transition CLICK_SELECT → STOPPED — ignored
2026-07-03 10:09:51 [WARNING] Illegal FSM transition CLICK_SELECT → STOPPED — ignored
2026-07-03 10:09:51 [WARNING] Illegal FSM transition CLICK_SELECT → STOPPED — ignored
2026-07-03 10:09:51 [WARNING] Illegal FSM transition CLICK_SELECT → STOPPED — ignored
2026-07-03 10:09:52 [WARNING] Illegal FSM transition CLICK_SELECT → STOPPED — ignored
2026-07-03 10:09:52 [WARNING] Illegal FSM transition CLICK_SELECT → STOPPED — ignored
2026-07-03 10:09:52 [WARNING] Illegal FSM transition CLICK_SELECT → STOPPED — ignored
2026-07-03 10:09:52 [WARNING] Illegal FSM transition CLICK_SELECT → STOPPED — ignored
2026-07-03 10:09:52 [WARNING] Illegal FSM transition CLICK_SELECT → STOPPED — ignored
2026-07-03 10:09:53 [WARNING] Illegal FSM transition CLICK_SELECT → STOPPED — ignored
2026-07-03 10:09:53 [WARNING] Illegal FSM transition CLICK_SELECT → STOPPED — ignored
2026-07-03 10:09:53 [WARNING] Illegal FSM transition CLICK_SELECT → STOPPED — ignored
2026-07-03 10:09:53 [WARNING] Illegal FSM transition CLICK_SELECT → STOPPED — ignored
2026-07-03 10:09:53 [WARNING] Illegal FSM transition CLICK_SELECT → STOPPED — ignored
2026-07-03 10:09:54 [WARNING] Illegal FSM transition CLICK_SELECT → STOPPED — ignored
2026-07-03 10:09:54 [WARNING] Illegal FSM transition CLICK_SELECT → STOPPED — ignored
2026-07-03 10:09:54 [WARNING] Illegal FSM transition CLICK_SELECT → STOPPED — ignored
2026-07-03 10:09:54 [WARNING] Illegal FSM transition CLICK_SELECT → STOPPED — ignored
2026-07-03 10:09:54 [WARNING] Illegal FSM transition CLICK_SELECT → STOPPED — ignored
2026-07-03 10:09:55 [WARNING] Illegal FSM transition CLICK_SELECT → STOPPED — ignored
2026-07-03 10:09:55 [WARNING] Illegal FSM transition CLICK_SELECT → STOPPED — ignored
2026-07-03 10:09:55 [WARNING] Illegal FSM transition CLICK_SELECT → STOPPED — ignored
2026-07-03 10:09:55 [WARNING] Illegal FSM transition CLICK_SELECT → STOPPED — ignored
2026-07-03 10:09:55 [WARNING] Illegal FSM transition CLICK_SELECT → STOPPED — ignored
2026-07-03 10:09:56 [WARNING] Illegal FSM transition CLICK_SELECT → STOPPED — ignored
2026-07-03 10:09:56 [WARNING] Illegal FSM transition CLICK_SELECT → STOPPED — ignored
2026-07-03 10:09:56 [WARNING] Illegal FSM transition CLICK_SELECT → STOPPED — ignored
2026-07-03 10:09:56 [WARNING] Illegal FSM transition CLICK_SELECT → STOPPED — ignored
2026-07-03 10:09:56 [WARNING] Illegal FSM transition CLICK_SELECT → STOPPED — ignored
2026-07-03 10:09:57 [WARNING] Illegal FSM transition CLICK_SELECT → STOPPED — ignored
2026-07-03 10:09:57 [WARNING] Illegal FSM transition CLICK_SELECT → STOPPED — ignored
2026-07-03 10:09:57 [WARNING] Illegal FSM transition CLICK_SELECT → STOPPED — ignored
2026-07-03 10:09:57 [WARNING] Illegal FSM transition CLICK_SELECT → STOPPED — ignored
2026-07-03 10:09:57 [WARNING] Illegal FSM transition CLICK_SELECT → STOPPED — ignored
2026-07-03 10:09:58 [WARNING] Illegal FSM transition CLICK_SELECT → STOPPED — ignored
2026-07-03 10:09:58 [WARNING] Illegal FSM transition CLICK_SELECT → STOPPED — ignored
2026-07-03 10:09:58 [WARNING] Illegal FSM transition CLICK_SELECT → STOPPED — ignored
2026-07-03 10:09:58 [WARNING] Illegal FSM transition CLICK_SELECT → STOPPED — ignored
2026-07-03 10:09:58 [WARNING] Illegal FSM transition CLICK_SELECT → STOPPED — ignored
2026-07-03 10:09:59 [WARNING] Illegal FSM transition CLICK_SELECT → STOPPED — ignored
2026-07-03 10:09:59 [WARNING] Illegal FSM transition CLICK_SELECT → STOPPED — ignored
2026-07-03 10:09:59 [WARNING] Illegal FSM transition CLICK_SELECT → STOPPED — ignored
2026-07-03 10:09:59 [WARNING] Illegal FSM transition CLICK_SELECT → STOPPED — ignored
2026-07-03 10:09:59 [WARNING] Illegal FSM transition CLICK_SELECT → STOPPED — ignored
2026-07-03 10:10:00 [WARNING] Illegal FSM transition CLICK_SELECT → STOPPED — ignored
2026-07-03 10:10:00 [WARNING] Illegal FSM transition CLICK_SELECT → STOPPED — ignored
2026-07-03 10:10:00 [WARNING] Illegal FSM transition CLICK_SELECT → STOPPED — ignored
2026-07-03 10:10:00 [WARNING] Illegal FSM transition CLICK_SELECT → STOPPED — ignored
2026-07-03 10:10:00 [WARNING] Illegal FSM transition CLICK_SELECT → STOPPED — ignored
2026-07-03 10:10:01 [WARNING] Illegal FSM transition CLICK_SELECT → STOPPED — ignored
2026-07-03 10:10:01 [WARNING] Illegal FSM transition CLICK_SELECT → STOPPED — ignored
2026-07-03 10:10:01 [WARNING] Illegal FSM transition CLICK_SELECT → STOPPED — ignored
2026-07-03 10:10:01 [WARNING] Illegal FSM transition CLICK_SELECT → STOPPED — ignored
2026-07-03 10:10:01 [WARNING] Illegal FSM transition CLICK_SELECT → STOPPED — ignored
2026-07-03 10:10:02 [WARNING] Illegal FSM transition CLICK_SELECT → STOPPED — ignored
2026-07-03 10:10:02 [WARNING] Illegal FSM transition CLICK_SELECT → STOPPED — ignored
2026-07-03 10:10:02 [WARNING] Illegal FSM transition CLICK_SELECT → STOPPED — ignored
2026-07-03 10:10:02 [WARNING] Illegal FSM transition CLICK_SELECT → STOPPED — ignored
2026-07-03 10:10:02 [WARNING] Illegal FSM transition CLICK_SELECT → STOPPED — ignored
2026-07-03 10:10:03 [WARNING] Illegal FSM transition CLICK_SELECT → STOPPED — ignored
2026-07-03 10:10:03 [WARNING] Illegal FSM transition CLICK_SELECT → STOPPED — ignored
2026-07-03 10:10:03 [WARNING] Illegal FSM transition CLICK_SELECT → STOPPED — ignored
2026-07-03 10:10:03 [WARNING] Illegal FSM transition CLICK_SELECT → STOPPED — ignored
2026-07-03 10:10:03 [WARNING] Illegal FSM transition CLICK_SELECT → STOPPED — ignored
2026-07-03 10:10:04 [WARNING] Illegal FSM transition CLICK_SELECT → STOPPED — ignored
2026-07-03 10:10:04 [WARNING] Illegal FSM transition CLICK_SELECT → STOPPED — ignored
2026-07-03 10:10:04 [WARNING] Illegal FSM transition CLICK_SELECT → STOPPED — ignored
2026-07-03 10:10:04 [WARNING] Illegal FSM transition CLICK_SELECT → STOPPED — ignored
2026-07-03 10:10:04 [WARNING] Illegal FSM transition CLICK_SELECT → STOPPED — ignored
2026-07-03 10:10:05 [WARNING] Illegal FSM transition CLICK_SELECT → STOPPED — ignored
2026-07-03 10:10:05 [WARNING] Illegal FSM transition CLICK_SELECT → STOPPED — ignored
2026-07-03 10:10:05 [WARNING] Illegal FSM transition CLICK_SELECT → STOPPED — ignored
2026-07-03 10:10:05 [WARNING] Illegal FSM transition CLICK_SELECT → STOPPED — ignored
2026-07-03 10:10:05 [WARNING] Illegal FSM transition CLICK_SELECT → STOPPED — ignored
2026-07-03 10:10:06 [WARNING] Illegal FSM transition CLICK_SELECT → STOPPED — ignored
2026-07-03 10:10:06 [WARNING] Illegal FSM transition CLICK_SELECT → STOPPED — ignored
2026-07-03 10:10:06 [WARNING] Illegal FSM transition CLICK_SELECT → STOPPED — ignored
2026-07-03 10:10:06 [WARNING] Illegal FSM transition CLICK_SELECT → STOPPED — ignored
2026-07-03 10:10:06 [WARNING] Illegal FSM transition CLICK_SELECT → STOPPED — ignored
2026-07-03 10:10:07 [WARNING] Illegal FSM transition CLICK_SELECT → STOPPED — ignored
2026-07-03 10:10:07 [WARNING] Illegal FSM transition CLICK_SELECT → STOPPED — ignored
2026-07-03 10:10:07 [WARNING] Illegal FSM transition CLICK_SELECT → STOPPED — ignored
2026-07-03 10:10:07 [WARNING] Illegal FSM transition CLICK_SELECT → STOPPED — ignored
2026-07-03 10:10:07 [WARNING] Illegal FSM transition CLICK_SELECT → STOPPED — ignored
2026-07-03 10:10:08 [WARNING] Illegal FSM transition CLICK_SELECT → STOPPED — ignored
2026-07-03 10:10:08 [WARNING] Illegal FSM transition CLICK_SELECT → STOPPED — ignored
2026-07-03 10:10:08 [WARNING] Illegal FSM transition CLICK_SELECT → STOPPED — ignored
2026-07-03 10:10:08 [WARNING] Illegal FSM transition CLICK_SELECT → STOPPED — ignored
2026-07-03 10:10:08 [WARNING] Illegal FSM transition CLICK_SELECT → STOPPED — ignored
2026-07-03 10:10:09 [WARNING] Illegal FSM transition CLICK_SELECT → STOPPED — ignored
2026-07-03 10:10:09 [WARNING] Illegal FSM transition CLICK_SELECT → STOPPED — ignored
2026-07-03 10:10:09 [WARNING] Illegal FSM transition CLICK_SELECT → STOPPED — ignored
2026-07-03 10:10:09 [WARNING] Illegal FSM transition CLICK_SELECT → STOPPED — ignored
2026-07-03 10:10:09 [WARNING] Illegal FSM transition CLICK_SELECT → STOPPED — ignored
2026-07-03 10:10:10 [WARNING] Illegal FSM transition CLICK_SELECT → STOPPED — ignored
2026-07-03 10:10:10 [WARNING] Illegal FSM transition CLICK_SELECT → STOPPED — ignored
2026-07-03 10:10:10 [WARNING] Illegal FSM transition CLICK_SELECT → STOPPED — ignored
2026-07-03 10:10:10 [WARNING] Illegal FSM transition CLICK_SELECT → STOPPED — ignored
2026-07-03 10:10:10 [WARNING] Illegal FSM transition CLICK_SELECT → STOPPED — ignored
2026-07-03 10:10:11 [WARNING] Illegal FSM transition CLICK_SELECT → STOPPED — ignored
2026-07-03 10:10:11 [WARNING] Illegal FSM transition CLICK_SELECT → STOPPED — ignored
2026-07-03 10:10:11 [WARNING] Illegal FSM transition CLICK_SELECT → STOPPED — ignored
2026-07-03 10:10:11 [WARNING] Illegal FSM transition CLICK_SELECT → STOPPED — ignored
2026-07-03 10:10:11 [WARNING] Illegal FSM transition CLICK_SELECT → STOPPED — ignored
2026-07-03 10:10:12 [WARNING] Illegal FSM transition CLICK_SELECT → STOPPED — ignored
2026-07-03 10:10:12 [WARNING] Illegal FSM transition CLICK_SELECT → STOPPED — ignored
2026-07-03 10:10:12 [WARNING] Illegal FSM transition CLICK_SELECT → STOPPED — ignored
2026-07-03 10:10:12 [WARNING] Illegal FSM transition CLICK_SELECT → STOPPED — ignored
2026-07-03 10:10:12 [WARNING] Illegal FSM transition CLICK_SELECT → STOPPED — ignored
2026-07-03 10:10:13 [WARNING] Illegal FSM transition CLICK_SELECT → STOPPED — ignored
2026-07-03 10:10:13 [WARNING] Illegal FSM transition CLICK_SELECT → STOPPED — ignored
2026-07-03 10:10:13 [WARNING] Illegal FSM transition CLICK_SELECT → STOPPED — ignored
2026-07-03 10:10:13 [WARNING] Illegal FSM transition CLICK_SELECT → STOPPED — ignored
2026-07-03 10:10:13 [WARNING] Illegal FSM transition CLICK_SELECT → STOPPED — ignored
2026-07-03 10:10:14 [WARNING] Illegal FSM transition CLICK_SELECT → STOPPED — ignored
2026-07-03 10:10:14 [WARNING] Illegal FSM transition CLICK_SELECT → STOPPED — ignored
2026-07-03 10:10:14 [WARNING] Illegal FSM transition CLICK_SELECT → STOPPED — ignored
2026-07-03 10:10:14 [WARNING] Illegal FSM transition CLICK_SELECT → STOPPED — ignored
2026-07-03 10:10:14 [WARNING] Illegal FSM transition CLICK_SELECT → STOPPED — ignored
2026-07-03 10:10:15 [WARNING] Illegal FSM transition CLICK_SELECT → STOPPED — ignored
2026-07-03 10:10:15 [WARNING] Illegal FSM transition CLICK_SELECT → STOPPED — ignored
2026-07-03 10:10:15 [WARNING] Illegal FSM transition CLICK_SELECT → STOPPED — ignored
2026-07-03 10:10:15 [WARNING] Illegal FSM transition CLICK_SELECT → STOPPED — ignored
2026-07-03 10:10:15 [WARNING] Illegal FSM transition CLICK_SELECT → STOPPED — ignored
2026-07-03 10:10:16 [WARNING] Illegal FSM transition CLICK_SELECT → STOPPED — ignored
2026-07-03 10:10:16 [WARNING] Illegal FSM transition CLICK_SELECT → STOPPED — ignored
2026-07-03 10:10:16 [WARNING] Illegal FSM transition CLICK_SELECT → STOPPED — ignored
2026-07-03 10:10:16 [WARNING] Illegal FSM transition CLICK_SELECT → STOPPED — ignored
2026-07-03 10:10:16 [WARNING] Illegal FSM transition CLICK_SELECT → STOPPED — ignored
2026-07-03 10:10:17 [WARNING] Illegal FSM transition CLICK_SELECT → STOPPED — ignored
2026-07-03 10:10:17 [WARNING] Illegal FSM transition CLICK_SELECT → STOPPED — ignored
2026-07-03 10:10:17 [WARNING] Illegal FSM transition CLICK_SELECT → STOPPED — ignored
2026-07-03 10:10:17 [WARNING] Illegal FSM transition CLICK_SELECT → STOPPED — ignored
2026-07-03 10:10:17 [WARNING] Illegal FSM transition CLICK_SELECT → STOPPED — ignored
2026-07-03 10:10:18 [WARNING] Illegal FSM transition CLICK_SELECT → STOPPED — ignored
2026-07-03 10:10:18 [WARNING] Illegal FSM transition CLICK_SELECT → STOPPED — ignored
2026-07-03 10:10:18 [WARNING] Illegal FSM transition CLICK_SELECT → STOPPED — ignored
2026-07-03 10:10:18 [WARNING] Illegal FSM transition CLICK_SELECT → STOPPED — ignored
2026-07-03 10:10:18 [WARNING] Illegal FSM transition CLICK_SELECT → STOPPED — ignored
2026-07-03 10:10:19 [WARNING] Illegal FSM transition CLICK_SELECT → STOPPED — ignored
2026-07-03 10:10:19 [WARNING] Illegal FSM transition CLICK_SELECT → STOPPED — ignored
2026-07-03 10:10:19 [WARNING] Illegal FSM transition CLICK_SELECT → STOPPED — ignored
2026-07-03 10:10:19 [WARNING] Illegal FSM transition CLICK_SELECT → STOPPED — ignored
2026-07-03 10:10:19 [WARNING] Illegal FSM transition CLICK_SELECT → STOPPED — ignored
2026-07-03 10:10:20 [WARNING] Illegal FSM transition CLICK_SELECT → STOPPED — ignored
2026-07-03 10:10:20 [WARNING] Illegal FSM transition CLICK_SELECT → STOPPED — ignored
2026-07-03 10:10:20 [WARNING] Illegal FSM transition CLICK_SELECT → STOPPED — ignored
2026-07-03 10:10:20 [WARNING] Illegal FSM transition CLICK_SELECT → STOPPED — ignored
2026-07-03 10:10:20 [WARNING] Illegal FSM transition CLICK_SELECT → STOPPED — ignored
2026-07-03 10:10:21 [WARNING] Illegal FSM transition CLICK_SELECT → STOPPED — ignored
2026-07-03 10:10:21 [WARNING] Illegal FSM transition CLICK_SELECT → STOPPED — ignored
2026-07-03 10:10:21 [WARNING] Illegal FSM transition CLICK_SELECT → STOPPED — ignored
2026-07-03 10:10:21 [WARNING] Illegal FSM transition CLICK_SELECT → STOPPED — ignored
2026-07-03 10:10:21 [WARNING] Illegal FSM transition CLICK_SELECT → STOPPED — ignored
2026-07-03 10:10:22 [WARNING] Illegal FSM transition CLICK_SELECT → STOPPED — ignored
2026-07-03 10:10:22 [WARNING] Illegal FSM transition CLICK_SELECT → STOPPED — ignored
2026-07-03 10:10:22 [WARNING] Illegal FSM transition CLICK_SELECT → STOPPED — ignored
2026-07-03 10:10:22 [WARNING] Illegal FSM transition CLICK_SELECT → STOPPED — ignored
2026-07-03 10:10:22 [WARNING] Illegal FSM transition CLICK_SELECT → STOPPED — ignored
2026-07-03 10:10:23 [WARNING] Illegal FSM transition CLICK_SELECT → STOPPED — ignored
2026-07-03 10:10:23 [WARNING] Illegal FSM transition CLICK_SELECT → STOPPED — ignored
2026-07-03 10:10:23 [WARNING] Illegal FSM transition CLICK_SELECT → STOPPED — ignored
2026-07-03 10:10:23 [WARNING] Illegal FSM transition CLICK_SELECT → STOPPED — ignored
2026-07-03 10:10:23 [WARNING] Illegal FSM transition CLICK_SELECT → STOPPED — ignored
2026-07-03 10:10:24 [WARNING] Illegal FSM transition CLICK_SELECT → STOPPED — ignored
2026-07-03 10:10:24 [WARNING] Illegal FSM transition CLICK_SELECT → STOPPED — ignored
2026-07-03 10:10:24 [WARNING] Illegal FSM transition CLICK_SELECT → STOPPED — ignored
2026-07-03 10:10:24 [WARNING] Illegal FSM transition CLICK_SELECT → STOPPED — ignored
2026-07-03 10:10:24 [WARNING] Illegal FSM transition CLICK_SELECT → STOPPED — ignored
2026-07-03 10:10:25 [WARNING] Illegal FSM transition CLICK_SELECT → STOPPED — ignored
2026-07-03 10:10:25 [WARNING] Illegal FSM transition CLICK_SELECT → STOPPED — ignored
2026-07-03 10:10:25 [WARNING] Illegal FSM transition CLICK_SELECT → STOPPED — ignored
2026-07-03 10:10:25 [WARNING] Illegal FSM transition CLICK_SELECT → STOPPED — ignored
2026-07-03 10:10:25 [WARNING] Illegal FSM transition CLICK_SELECT → STOPPED — ignored
2026-07-03 10:10:26 [WARNING] Illegal FSM transition CLICK_SELECT → STOPPED — ignored
2026-07-03 10:10:26 [WARNING] Illegal FSM transition CLICK_SELECT → STOPPED — ignored
2026-07-03 10:10:26 [WARNING] Illegal FSM transition CLICK_SELECT → STOPPED — ignored
2026-07-03 10:10:26 [WARNING] Illegal FSM transition CLICK_SELECT → STOPPED — ignored
2026-07-03 10:10:26 [WARNING] Illegal FSM transition CLICK_SELECT → STOPPED — ignored
2026-07-03 10:10:27 [WARNING] Illegal FSM transition CLICK_SELECT → STOPPED — ignored
2026-07-03 10:10:27 [WARNING] Illegal FSM transition CLICK_SELECT → STOPPED — ignored
2026-07-03 10:10:27 [WARNING] Illegal FSM transition CLICK_SELECT → STOPPED — ignored
2026-07-03 10:10:27 [WARNING] Illegal FSM transition CLICK_SELECT → STOPPED — ignored
2026-07-03 10:10:27 [WARNING] Illegal FSM transition CLICK_SELECT → STOPPED — ignored
2026-07-03 10:10:28 [WARNING] Illegal FSM transition CLICK_SELECT → STOPPED — ignored
2026-07-03 10:10:28 [WARNING] Illegal FSM transition CLICK_SELECT → STOPPED — ignored
2026-07-03 10:10:28 [WARNING] Illegal FSM transition CLICK_SELECT → STOPPED — ignored
2026-07-03 10:10:28 [WARNING] Illegal FSM transition CLICK_SELECT → STOPPED — ignored
2026-07-03 10:10:28 [WARNING] Illegal FSM transition CLICK_SELECT → STOPPED — ignored
2026-07-03 10:10:29 [WARNING] Illegal FSM transition CLICK_SELECT → STOPPED — ignored
2026-07-03 10:10:29 [WARNING] Illegal FSM transition CLICK_SELECT → STOPPED — ignored
2026-07-03 10:10:29 [WARNING] Illegal FSM transition CLICK_SELECT → STOPPED — ignored
2026-07-03 10:10:29 [WARNING] Illegal FSM transition CLICK_SELECT → STOPPED — ignored
2026-07-03 10:10:29 [WARNING] Illegal FSM transition CLICK_SELECT → STOPPED — ignored
2026-07-03 10:10:30 [WARNING] Illegal FSM transition CLICK_SELECT → STOPPED — ignored
2026-07-03 10:10:30 [WARNING] Illegal FSM transition CLICK_SELECT → STOPPED — ignored
2026-07-03 10:10:30 [WARNING] Illegal FSM transition CLICK_SELECT → STOPPED — ignored
2026-07-03 10:10:30 [WARNING] Illegal FSM transition CLICK_SELECT → STOPPED — ignored
2026-07-03 10:10:30 [WARNING] Illegal FSM transition CLICK_SELECT → STOPPED — ignored
2026-07-03 10:10:31 [WARNING] Illegal FSM transition CLICK_SELECT → STOPPED — ignored
2026-07-03 10:10:31 [WARNING] Illegal FSM transition CLICK_SELECT → STOPPED — ignored
2026-07-03 10:10:31 [WARNING] Illegal FSM transition CLICK_SELECT → STOPPED — ignored
2026-07-03 10:10:31 [WARNING] Illegal FSM transition CLICK_SELECT → STOPPED — ignored
2026-07-03 10:10:31 [WARNING] Illegal FSM transition CLICK_SELECT → STOPPED — ignored
2026-07-03 10:10:32 [WARNING] Illegal FSM transition CLICK_SELECT → STOPPED — ignored
2026-07-03 10:10:32 [WARNING] Illegal FSM transition CLICK_SELECT → STOPPED — ignored
2026-07-03 10:10:32 [WARNING] Illegal FSM transition CLICK_SELECT → STOPPED — ignored
2026-07-03 10:10:32 [WARNING] Illegal FSM transition CLICK_SELECT → STOPPED — ignored
2026-07-03 10:10:32 [WARNING] Illegal FSM transition CLICK_SELECT → STOPPED — ignored
2026-07-03 10:10:33 [WARNING] Illegal FSM transition CLICK_SELECT → STOPPED — ignored
2026-07-03 10:10:33 [WARNING] Illegal FSM transition CLICK_SELECT → STOPPED — ignored
2026-07-03 10:10:33 [WARNING] Illegal FSM transition CLICK_SELECT → STOPPED — ignored
2026-07-03 10:10:33 [WARNING] Illegal FSM transition CLICK_SELECT → STOPPED — ignored
2026-07-03 10:10:33 [WARNING] Illegal FSM transition CLICK_SELECT → STOPPED — ignored
2026-07-03 10:10:34 [WARNING] Illegal FSM transition CLICK_SELECT → STOPPED — ignored
2026-07-03 10:10:34 [WARNING] Illegal FSM transition CLICK_SELECT → STOPPED — ignored
2026-07-03 10:10:34 [WARNING] Illegal FSM transition CLICK_SELECT → STOPPED — ignored
2026-07-03 10:10:34 [WARNING] Illegal FSM transition CLICK_SELECT → STOPPED — ignored
2026-07-03 10:10:35 [WARNING] Illegal FSM transition CLICK_SELECT → STOPPED — ignored
2026-07-03 10:10:35 [WARNING] Illegal FSM transition CLICK_SELECT → STOPPED — ignored
2026-07-03 10:10:35 [WARNING] Illegal FSM transition CLICK_SELECT → STOPPED — ignored
2026-07-03 10:10:35 [WARNING] Illegal FSM transition CLICK_SELECT → STOPPED — ignored
2026-07-03 10:10:35 [WARNING] Illegal FSM transition CLICK_SELECT → STOPPED — ignored
2026-07-03 10:10:36 [WARNING] Illegal FSM transition CLICK_SELECT → STOPPED — ignored
2026-07-03 10:10:36 [WARNING] Illegal FSM transition CLICK_SELECT → STOPPED — ignored
2026-07-03 10:10:36 [WARNING] Illegal FSM transition CLICK_SELECT → STOPPED — ignored
2026-07-03 10:10:36 [WARNING] Illegal FSM transition CLICK_SELECT → STOPPED — ignored
2026-07-03 10:10:36 [WARNING] Illegal FSM transition CLICK_SELECT → STOPPED — ignored
2026-07-03 10:10:37 [WARNING] Illegal FSM transition CLICK_SELECT → STOPPED — ignored
2026-07-03 10:10:37 [WARNING] Illegal FSM transition CLICK_SELECT → STOPPED — ignored
2026-07-03 10:10:37 [WARNING] Illegal FSM transition CLICK_SELECT → STOPPED — ignored
2026-07-03 10:10:37 [WARNING] Illegal FSM transition CLICK_SELECT → STOPPED — ignored
2026-07-03 10:10:37 [WARNING] Illegal FSM transition CLICK_SELECT → STOPPED — ignored
2026-07-03 10:10:38 [WARNING] Illegal FSM transition CLICK_SELECT → STOPPED — ignored
2026-07-03 10:10:38 [WARNING] Illegal FSM transition CLICK_SELECT → STOPPED — ignored
2026-07-03 10:10:38 [WARNING] Illegal FSM transition CLICK_SELECT → STOPPED — ignored
2026-07-03 10:10:38 [WARNING] Illegal FSM transition CLICK_SELECT → STOPPED — ignored
2026-07-03 10:10:38 [WARNING] Illegal FSM transition CLICK_SELECT → STOPPED — ignored
2026-07-03 10:10:39 [WARNING] Illegal FSM transition CLICK_SELECT → STOPPED — ignored
2026-07-03 10:10:39 [WARNING] Illegal FSM transition CLICK_SELECT → STOPPED — ignored
2026-07-03 10:10:39 [WARNING] Illegal FSM transition CLICK_SELECT → STOPPED — ignored
2026-07-03 10:10:39 [WARNING] Illegal FSM transition CLICK_SELECT → STOPPED — ignored
2026-07-03 10:10:39 [WARNING] Illegal FSM transition CLICK_SELECT → STOPPED — ignored
2026-07-03 10:10:40 [WARNING] Illegal FSM transition CLICK_SELECT → STOPPED — ignored
2026-07-03 10:10:40 [WARNING] Illegal FSM transition CLICK_SELECT → STOPPED — ignored
2026-07-03 10:10:40 [WARNING] Illegal FSM transition CLICK_SELECT → STOPPED — ignored
2026-07-03 10:10:40 [WARNING] Illegal FSM transition CLICK_SELECT → STOPPED — ignored
2026-07-03 10:10:40 [WARNING] Illegal FSM transition CLICK_SELECT → STOPPED — ignored
2026-07-03 10:10:41 [WARNING] Illegal FSM transition CLICK_SELECT → STOPPED — ignored
2026-07-03 10:10:41 [WARNING] Illegal FSM transition CLICK_SELECT → STOPPED — ignored
2026-07-03 10:10:41 [WARNING] Illegal FSM transition CLICK_SELECT → STOPPED — ignored
2026-07-03 10:10:41 [WARNING] Illegal FSM transition CLICK_SELECT → STOPPED — ignored
2026-07-03 10:10:41 [WARNING] Illegal FSM transition CLICK_SELECT → STOPPED — ignored
2026-07-03 10:10:42 [WARNING] Illegal FSM transition CLICK_SELECT → STOPPED — ignored
2026-07-03 10:10:42 [WARNING] Illegal FSM transition CLICK_SELECT → STOPPED — ignored
2026-07-03 10:10:42 [WARNING] Illegal FSM transition CLICK_SELECT → STOPPED — ignored
2026-07-03 10:10:42 [WARNING] Illegal FSM transition CLICK_SELECT → STOPPED — ignored
2026-07-03 10:10:42 [WARNING] Illegal FSM transition CLICK_SELECT → STOPPED — ignored
2026-07-03 10:10:43 [WARNING] Illegal FSM transition CLICK_SELECT → STOPPED — ignored
2026-07-03 10:10:43 [WARNING] Illegal FSM transition CLICK_SELECT → STOPPED — ignored
2026-07-03 10:10:43 [WARNING] Illegal FSM transition CLICK_SELECT → STOPPED — ignored
2026-07-03 10:10:43 [WARNING] Illegal FSM transition CLICK_SELECT → STOPPED — ignored
2026-07-03 10:10:43 [WARNING] Illegal FSM transition CLICK_SELECT → STOPPED — ignored
2026-07-03 10:10:44 [WARNING] Illegal FSM transition CLICK_SELECT → STOPPED — ignored
2026-07-03 10:10:44 [WARNING] Illegal FSM transition CLICK_SELECT → STOPPED — ignored
2026-07-03 10:10:44 [WARNING] Illegal FSM transition CLICK_SELECT → STOPPED — ignored
2026-07-03 10:10:44 [WARNING] Illegal FSM transition CLICK_SELECT → STOPPED — ignored
2026-07-03 10:10:44 [WARNING] Illegal FSM transition CLICK_SELECT → STOPPED — ignored
2026-07-03 10:10:45 [WARNING] Illegal FSM transition CLICK_SELECT → STOPPED — ignored
2026-07-03 10:10:45 [WARNING] Illegal FSM transition CLICK_SELECT → STOPPED — ignored
2026-07-03 10:10:45 [WARNING] Illegal FSM transition CLICK_SELECT → STOPPED — ignored
2026-07-03 10:10:45 [WARNING] Illegal FSM transition CLICK_SELECT → STOPPED — ignored
2026-07-03 10:10:45 [WARNING] Illegal FSM transition CLICK_SELECT → STOPPED — ignored
2026-07-03 10:10:46 [WARNING] Illegal FSM transition CLICK_SELECT → STOPPED — ignored
2026-07-03 10:10:46 [WARNING] Illegal FSM transition CLICK_SELECT → STOPPED — ignored
2026-07-03 10:10:46 [WARNING] Illegal FSM transition CLICK_SELECT → STOPPED — ignored
2026-07-03 10:10:46 [WARNING] Illegal FSM transition CLICK_SELECT → STOPPED — ignored
2026-07-03 10:10:46 [WARNING] Illegal FSM transition CLICK_SELECT → STOPPED — ignored
2026-07-03 10:10:47 [WARNING] Illegal FSM transition CLICK_SELECT → STOPPED — ignored
2026-07-03 10:10:47 [WARNING] Illegal FSM transition CLICK_SELECT → STOPPED — ignored
2026-07-03 10:10:47 [WARNING] Illegal FSM transition CLICK_SELECT → STOPPED — ignored
2026-07-03 10:10:47 [WARNING] Illegal FSM transition CLICK_SELECT → STOPPED — ignored
2026-07-03 10:10:47 [WARNING] Illegal FSM transition CLICK_SELECT → STOPPED — ignored
2026-07-03 10:10:48 [WARNING] Illegal FSM transition CLICK_SELECT → STOPPED — ignored
2026-07-03 10:10:48 [WARNING] Illegal FSM transition CLICK_SELECT → STOPPED — ignored
2026-07-03 10:10:48 [WARNING] Illegal FSM transition CLICK_SELECT → STOPPED — ignored
2026-07-03 10:10:48 [WARNING] Illegal FSM transition CLICK_SELECT → STOPPED — ignored
2026-07-03 10:10:48 [WARNING] Illegal FSM transition CLICK_SELECT → STOPPED — ignored
2026-07-03 10:10:49 [WARNING] Illegal FSM transition CLICK_SELECT → STOPPED — ignored
2026-07-03 10:10:49 [WARNING] Illegal FSM transition CLICK_SELECT → STOPPED — ignored
2026-07-03 10:10:49 [WARNING] Illegal FSM transition CLICK_SELECT → STOPPED — ignored
2026-07-03 10:10:49 [WARNING] Illegal FSM transition CLICK_SELECT → STOPPED — ignored
2026-07-03 10:10:49 [WARNING] Illegal FSM transition CLICK_SELECT → STOPPED — ignored
2026-07-03 10:10:50 [WARNING] Illegal FSM transition CLICK_SELECT → STOPPED — ignored
2026-07-03 10:10:50 [WARNING] Illegal FSM transition CLICK_SELECT → STOPPED — ignored
2026-07-03 10:10:50 [WARNING] Illegal FSM transition CLICK_SELECT → STOPPED — ignored
2026-07-03 10:10:50 [WARNING] Illegal FSM transition CLICK_SELECT → STOPPED — ignored
2026-07-03 10:10:50 [WARNING] Illegal FSM transition CLICK_SELECT → STOPPED — ignored
2026-07-03 10:10:51 [WARNING] Illegal FSM transition CLICK_SELECT → STOPPED — ignored
2026-07-03 10:10:51 [WARNING] Illegal FSM transition CLICK_SELECT → STOPPED — ignored
2026-07-03 10:10:51 [WARNING] Illegal FSM transition CLICK_SELECT → STOPPED — ignored
2026-07-03 10:10:51 [WARNING] Illegal FSM transition CLICK_SELECT → STOPPED — ignored
2026-07-03 10:10:51 [WARNING] Illegal FSM transition CLICK_SELECT → STOPPED — ignored
2026-07-03 10:10:52 [WARNING] Illegal FSM transition CLICK_SELECT → STOPPED — ignored
2026-07-03 10:10:52 [WARNING] Illegal FSM transition CLICK_SELECT → STOPPED — ignored
2026-07-03 10:10:52 [WARNING] Illegal FSM transition CLICK_SELECT → STOPPED — ignored
2026-07-03 10:10:52 [WARNING] Illegal FSM transition CLICK_SELECT → STOPPED — ignored
2026-07-03 10:10:52 [WARNING] Illegal FSM transition CLICK_SELECT → STOPPED — ignored
2026-07-03 10:10:53 [WARNING] Illegal FSM transition CLICK_SELECT → STOPPED — ignored
2026-07-03 10:10:53 [WARNING] Illegal FSM transition CLICK_SELECT → STOPPED — ignored
2026-07-03 10:10:53 [WARNING] Illegal FSM transition CLICK_SELECT → STOPPED — ignored
2026-07-03 10:10:53 [WARNING] Illegal FSM transition CLICK_SELECT → STOPPED — ignored
2026-07-03 10:10:53 [WARNING] Illegal FSM transition CLICK_SELECT → STOPPED — ignored
2026-07-03 10:10:54 [WARNING] Illegal FSM transition CLICK_SELECT → STOPPED — ignored
2026-07-03 10:10:54 [WARNING] Illegal FSM transition CLICK_SELECT → STOPPED — ignored
2026-07-03 10:10:54 [WARNING] Illegal FSM transition CLICK_SELECT → STOPPED — ignored
2026-07-03 10:10:54 [WARNING] Illegal FSM transition CLICK_SELECT → STOPPED — ignored
2026-07-03 10:10:54 [WARNING] Illegal FSM transition CLICK_SELECT → STOPPED — ignored
2026-07-03 10:10:55 [WARNING] Illegal FSM transition CLICK_SELECT → STOPPED — ignored
2026-07-03 10:10:55 [WARNING] Illegal FSM transition CLICK_SELECT → STOPPED — ignored
2026-07-03 10:10:55 [WARNING] Illegal FSM transition CLICK_SELECT → STOPPED — ignored
2026-07-03 10:10:55 [WARNING] Illegal FSM transition CLICK_SELECT → STOPPED — ignored
2026-07-03 10:10:55 [WARNING] Illegal FSM transition CLICK_SELECT → STOPPED — ignored
2026-07-03 10:10:56 [WARNING] Illegal FSM transition CLICK_SELECT → STOPPED — ignored
2026-07-03 10:10:56 [WARNING] Illegal FSM transition CLICK_SELECT → STOPPED — ignored
2026-07-03 10:10:56 [WARNING] Illegal FSM transition CLICK_SELECT → STOPPED — ignored
2026-07-03 10:10:56 [WARNING] Illegal FSM transition CLICK_SELECT → STOPPED — ignored
2026-07-03 10:10:56 [WARNING] Illegal FSM transition CLICK_SELECT → STOPPED — ignored
2026-07-03 10:10:57 [WARNING] Illegal FSM transition CLICK_SELECT → STOPPED — ignored
2026-07-03 10:10:57 [WARNING] Illegal FSM transition CLICK_SELECT → STOPPED — ignored
2026-07-03 10:10:57 [WARNING] Illegal FSM transition CLICK_SELECT → STOPPED — ignored
2026-07-03 10:10:57 [WARNING] Illegal FSM transition CLICK_SELECT → STOPPED — ignored
2026-07-03 10:10:57 [WARNING] Illegal FSM transition CLICK_SELECT → STOPPED — ignored
2026-07-03 10:10:58 [WARNING] Illegal FSM transition CLICK_SELECT → STOPPED — ignored
2026-07-03 10:10:58 [WARNING] Illegal FSM transition CLICK_SELECT → STOPPED — ignored
2026-07-03 10:10:58 [WARNING] Illegal FSM transition CLICK_SELECT → STOPPED — ignored
2026-07-03 10:10:58 [WARNING] Illegal FSM transition CLICK_SELECT → STOPPED — ignored
2026-07-03 10:10:58 [WARNING] Illegal FSM transition CLICK_SELECT → STOPPED — ignored
2026-07-03 10:10:59 [WARNING] Illegal FSM transition CLICK_SELECT → STOPPED — ignored
2026-07-03 10:10:59 [WARNING] Illegal FSM transition CLICK_SELECT → STOPPED — ignored
2026-07-03 10:10:59 [WARNING] Illegal FSM transition CLICK_SELECT → STOPPED — ignored
2026-07-03 10:10:59 [WARNING] Illegal FSM transition CLICK_SELECT → STOPPED — ignored
2026-07-03 10:10:59 [WARNING] Illegal FSM transition CLICK_SELECT → STOPPED — ignored
2026-07-03 10:11:00 [WARNING] Illegal FSM transition CLICK_SELECT → STOPPED — ignored
2026-07-03 10:11:00 [WARNING] Illegal FSM transition CLICK_SELECT → STOPPED — ignored
2026-07-03 10:11:00 [WARNING] Illegal FSM transition CLICK_SELECT → STOPPED — ignored
2026-07-03 10:11:00 [WARNING] Illegal FSM transition CLICK_SELECT → STOPPED — ignored
2026-07-03 10:11:00 [WARNING] Illegal FSM transition CLICK_SELECT → STOPPED — ignored
2026-07-03 10:11:01 [WARNING] Illegal FSM transition CLICK_SELECT → STOPPED — ignored
2026-07-03 10:11:01 [WARNING] Illegal FSM transition CLICK_SELECT → STOPPED — ignored
2026-07-03 10:11:01 [WARNING] Illegal FSM transition CLICK_SELECT → STOPPED — ignored
2026-07-03 10:11:01 [WARNING] Illegal FSM transition CLICK_SELECT → STOPPED — ignored
2026-07-03 10:11:01 [WARNING] Illegal FSM transition CLICK_SELECT → STOPPED — ignored
2026-07-03 10:11:02 [WARNING] Illegal FSM transition CLICK_SELECT → STOPPED — ignored
2026-07-03 10:11:02 [WARNING] Illegal FSM transition CLICK_SELECT → STOPPED — ignored
2026-07-03 10:11:02 [WARNING] Illegal FSM transition CLICK_SELECT → STOPPED — ignored
2026-07-03 10:11:02 [WARNING] Illegal FSM transition CLICK_SELECT → STOPPED — ignored
2026-07-03 10:11:02 [WARNING] Illegal FSM transition CLICK_SELECT → STOPPED — ignored
2026-07-03 10:11:03 [WARNING] Illegal FSM transition CLICK_SELECT → STOPPED — ignored
2026-07-03 10:11:03 [WARNING] Illegal FSM transition CLICK_SELECT → STOPPED — ignored
2026-07-03 10:11:03 [WARNING] Illegal FSM transition CLICK_SELECT → STOPPED — ignored
2026-07-03 10:11:03 [WARNING] Illegal FSM transition CLICK_SELECT → STOPPED — ignored
2026-07-03 10:11:03 [WARNING] Illegal FSM transition CLICK_SELECT → STOPPED — ignored
2026-07-03 10:11:04 [WARNING] Illegal FSM transition CLICK_SELECT → STOPPED — ignored
2026-07-03 10:11:04 [WARNING] Illegal FSM transition CLICK_SELECT → STOPPED — ignored
2026-07-03 10:11:04 [WARNING] Illegal FSM transition CLICK_SELECT → STOPPED — ignored
2026-07-03 10:11:04 [WARNING] Illegal FSM transition CLICK_SELECT → STOPPED — ignored
2026-07-03 10:11:04 [WARNING] Illegal FSM transition CLICK_SELECT → STOPPED — ignored
2026-07-03 10:11:05 [WARNING] Illegal FSM transition CLICK_SELECT → STOPPED — ignored
2026-07-03 10:11:05 [WARNING] Illegal FSM transition CLICK_SELECT → STOPPED — ignored
2026-07-03 10:11:05 [WARNING] Illegal FSM transition CLICK_SELECT → STOPPED — ignored
2026-07-03 10:11:05 [WARNING] Illegal FSM transition CLICK_SELECT → STOPPED — ignored
2026-07-03 10:11:05 [WARNING] Illegal FSM transition CLICK_SELECT → STOPPED — ignored
2026-07-03 10:11:06 [WARNING] Illegal FSM transition CLICK_SELECT → STOPPED — ignored
2026-07-03 10:11:06 [WARNING] Illegal FSM transition CLICK_SELECT → STOPPED — ignored
2026-07-03 10:11:06 [WARNING] Illegal FSM transition CLICK_SELECT → STOPPED — ignored
2026-07-03 10:11:06 [WARNING] Illegal FSM transition CLICK_SELECT → STOPPED — ignored
2026-07-03 10:11:06 [WARNING] Illegal FSM transition CLICK_SELECT → STOPPED — ignored
2026-07-03 10:11:07 [WARNING] Illegal FSM transition CLICK_SELECT → STOPPED — ignored
2026-07-03 10:11:07 [WARNING] Illegal FSM transition CLICK_SELECT → STOPPED — ignored
2026-07-03 10:11:07 [WARNING] Illegal FSM transition CLICK_SELECT → STOPPED — ignored
2026-07-03 10:11:07 [WARNING] Illegal FSM transition CLICK_SELECT → STOPPED — ignored
2026-07-03 10:11:07 [WARNING] Illegal FSM transition CLICK_SELECT → STOPPED — ignored
2026-07-03 10:11:08 [WARNING] Illegal FSM transition CLICK_SELECT → STOPPED — ignored
2026-07-03 10:11:08 [WARNING] Illegal FSM transition CLICK_SELECT → STOPPED — ignored
2026-07-03 10:11:08 [WARNING] Illegal FSM transition CLICK_SELECT → STOPPED — ignored
2026-07-03 10:11:08 [WARNING] Illegal FSM transition CLICK_SELECT → STOPPED — ignored
2026-07-03 10:11:08 [WARNING] Illegal FSM transition CLICK_SELECT → STOPPED — ignored
2026-07-03 10:11:09 [WARNING] Illegal FSM transition CLICK_SELECT → STOPPED — ignored
2026-07-03 10:11:09 [WARNING] Illegal FSM transition CLICK_SELECT → STOPPED — ignored
2026-07-03 10:11:09 [WARNING] Illegal FSM transition CLICK_SELECT → STOPPED — ignored
2026-07-03 10:11:09 [WARNING] Illegal FSM transition CLICK_SELECT → STOPPED — ignored
2026-07-03 10:11:09 [WARNING] Illegal FSM transition CLICK_SELECT → STOPPED — ignored
2026-07-03 10:11:10 [WARNING] Illegal FSM transition CLICK_SELECT → STOPPED — ignored
2026-07-03 10:11:10 [WARNING] Illegal FSM transition CLICK_SELECT → STOPPED — ignored
2026-07-03 10:11:10 [WARNING] Illegal FSM transition CLICK_SELECT → STOPPED — ignored
2026-07-03 10:11:10 [WARNING] Illegal FSM transition CLICK_SELECT → STOPPED — ignored
2026-07-03 10:11:10 [WARNING] Illegal FSM transition CLICK_SELECT → STOPPED — ignored
2026-07-03 10:11:11 [WARNING] Illegal FSM transition CLICK_SELECT → STOPPED — ignored
2026-07-03 10:11:11 [WARNING] Illegal FSM transition CLICK_SELECT → STOPPED — ignored
2026-07-03 10:11:11 [WARNING] Illegal FSM transition CLICK_SELECT → STOPPED — ignored
2026-07-03 10:11:11 [WARNING] Illegal FSM transition CLICK_SELECT → STOPPED — ignored
2026-07-03 10:11:11 [WARNING] Illegal FSM transition CLICK_SELECT → STOPPED — ignored
2026-07-03 10:11:12 [WARNING] Illegal FSM transition CLICK_SELECT → STOPPED — ignored
2026-07-03 10:11:12 [WARNING] Illegal FSM transition CLICK_SELECT → STOPPED — ignored
2026-07-03 10:11:12 [WARNING] Illegal FSM transition CLICK_SELECT → STOPPED — ignored
2026-07-03 10:11:12 [WARNING] Illegal FSM transition CLICK_SELECT → STOPPED — ignored
2026-07-03 10:11:12 [WARNING] Illegal FSM transition CLICK_SELECT → STOPPED — ignored
2026-07-03 10:11:13 [WARNING] Illegal FSM transition CLICK_SELECT → STOPPED — ignored
2026-07-03 10:11:13 [WARNING] Illegal FSM transition CLICK_SELECT → STOPPED — ignored
2026-07-03 10:11:13 [WARNING] Illegal FSM transition CLICK_SELECT → STOPPED — ignored
2026-07-03 10:11:13 [WARNING] Illegal FSM transition CLICK_SELECT → STOPPED — ignored
2026-07-03 10:11:13 [WARNING] Illegal FSM transition CLICK_SELECT → STOPPED — ignored
2026-07-03 10:11:14 [WARNING] Illegal FSM transition CLICK_SELECT → STOPPED — ignored
2026-07-03 10:11:14 [WARNING] Illegal FSM transition CLICK_SELECT → STOPPED — ignored
2026-07-03 10:11:14 [WARNING] Illegal FSM transition CLICK_SELECT → STOPPED — ignored
2026-07-03 10:11:14 [WARNING] Illegal FSM transition CLICK_SELECT → STOPPED — ignored
2026-07-03 10:11:14 [WARNING] Illegal FSM transition CLICK_SELECT → STOPPED — ignored
2026-07-03 10:11:15 [WARNING] Illegal FSM transition CLICK_SELECT → STOPPED — ignored
2026-07-03 10:11:15 [WARNING] Illegal FSM transition CLICK_SELECT → STOPPED — ignored
2026-07-03 10:11:15 [WARNING] Illegal FSM transition CLICK_SELECT → STOPPED — ignored
2026-07-03 10:11:15 [WARNING] Illegal FSM transition CLICK_SELECT → STOPPED — ignored
2026-07-03 10:11:15 [WARNING] Illegal FSM transition CLICK_SELECT → STOPPED — ignored
2026-07-03 10:11:16 [WARNING] Illegal FSM transition CLICK_SELECT → STOPPED — ignored
2026-07-03 10:11:16 [WARNING] Illegal FSM transition CLICK_SELECT → STOPPED — ignored
2026-07-03 10:11:16 [WARNING] Illegal FSM transition CLICK_SELECT → STOPPED — ignored
2026-07-03 10:11:16 [WARNING] Illegal FSM transition CLICK_SELECT → STOPPED — ignored
2026-07-03 10:11:16 [WARNING] Illegal FSM transition CLICK_SELECT → STOPPED — ignored
2026-07-03 10:11:17 [WARNING] Illegal FSM transition CLICK_SELECT → STOPPED — ignored
2026-07-03 10:11:17 [WARNING] Illegal FSM transition CLICK_SELECT → STOPPED — ignored
2026-07-03 10:11:17 [WARNING] Illegal FSM transition CLICK_SELECT → STOPPED — ignored
2026-07-03 10:11:17 [WARNING] Illegal FSM transition CLICK_SELECT → STOPPED — ignored
2026-07-03 10:11:17 [WARNING] Illegal FSM transition CLICK_SELECT → STOPPED — ignored
2026-07-03 10:11:18 [WARNING] Illegal FSM transition CLICK_SELECT → STOPPED — ignored
2026-07-03 10:11:18 [WARNING] Illegal FSM transition CLICK_SELECT → STOPPED — ignored
2026-07-03 10:11:18 [WARNING] Illegal FSM transition CLICK_SELECT → STOPPED — ignored
2026-07-03 10:11:18 [WARNING] Illegal FSM transition CLICK_SELECT → STOPPED — ignored
2026-07-03 10:11:18 [WARNING] Illegal FSM transition CLICK_SELECT → STOPPED — ignored
2026-07-03 10:11:19 [WARNING] Illegal FSM transition CLICK_SELECT → STOPPED — ignored
2026-07-03 10:11:19 [WARNING] Illegal FSM transition CLICK_SELECT → STOPPED — ignored
2026-07-03 10:11:19 [WARNING] Illegal FSM transition CLICK_SELECT → STOPPED — ignored
2026-07-03 10:11:19 [WARNING] Illegal FSM transition CLICK_SELECT → STOPPED — ignored
2026-07-03 10:11:19 [WARNING] Illegal FSM transition CLICK_SELECT → STOPPED — ignored
2026-07-03 10:11:20 [WARNING] Illegal FSM transition CLICK_SELECT → STOPPED — ignored
2026-07-03 10:11:20 [WARNING] Illegal FSM transition CLICK_SELECT → STOPPED — ignored
2026-07-03 10:11:20 [WARNING] Illegal FSM transition CLICK_SELECT → STOPPED — ignored
2026-07-03 10:11:20 [WARNING] Illegal FSM transition CLICK_SELECT → STOPPED — ignored
2026-07-03 10:11:20 [WARNING] Illegal FSM transition CLICK_SELECT → STOPPED — ignored
2026-07-03 10:11:21 [WARNING] Illegal FSM transition CLICK_SELECT → STOPPED — ignored
2026-07-03 10:11:21 [WARNING] Illegal FSM transition CLICK_SELECT → STOPPED — ignored
2026-07-03 10:11:21 [WARNING] Illegal FSM transition CLICK_SELECT → STOPPED — ignored
2026-07-03 10:11:21 [WARNING] Illegal FSM transition CLICK_SELECT → STOPPED — ignored
2026-07-03 10:11:21 [WARNING] Illegal FSM transition CLICK_SELECT → STOPPED — ignored
2026-07-03 10:11:22 [WARNING] Illegal FSM transition CLICK_SELECT → STOPPED — ignored
2026-07-03 10:11:22 [WARNING] Illegal FSM transition CLICK_SELECT → STOPPED — ignored
2026-07-03 10:11:22 [WARNING] Illegal FSM transition CLICK_SELECT → STOPPED — ignored
2026-07-03 10:11:22 [WARNING] Illegal FSM transition CLICK_SELECT → STOPPED — ignored
2026-07-03 10:11:22 [WARNING] Illegal FSM transition CLICK_SELECT → STOPPED — ignored
2026-07-03 10:11:23 [WARNING] Illegal FSM transition CLICK_SELECT → STOPPED — ignored
2026-07-03 10:11:23 [WARNING] Illegal FSM transition CLICK_SELECT → STOPPED — ignored
2026-07-03 10:11:23 [WARNING] Illegal FSM transition CLICK_SELECT → STOPPED — ignored
2026-07-03 10:11:23 [WARNING] Illegal FSM transition CLICK_SELECT → STOPPED — ignored
2026-07-03 10:11:23 [WARNING] Illegal FSM transition CLICK_SELECT → STOPPED — ignored
2026-07-03 10:11:24 [WARNING] Illegal FSM transition CLICK_SELECT → STOPPED — ignored
2026-07-03 10:11:24 [WARNING] Illegal FSM transition CLICK_SELECT → STOPPED — ignored
2026-07-03 10:11:24 [WARNING] Illegal FSM transition CLICK_SELECT → STOPPED — ignored
2026-07-03 10:11:24 [WARNING] Illegal FSM transition CLICK_SELECT → STOPPED — ignored
2026-07-03 10:11:24 [WARNING] Illegal FSM transition CLICK_SELECT → STOPPED — ignored
2026-07-03 10:11:25 [WARNING] Illegal FSM transition CLICK_SELECT → STOPPED — ignored
2026-07-03 10:11:25 [WARNING] Illegal FSM transition CLICK_SELECT → STOPPED — ignored
2026-07-03 10:11:25 [WARNING] Illegal FSM transition CLICK_SELECT → STOPPED — ignored
2026-07-03 10:11:25 [WARNING] Illegal FSM transition CLICK_SELECT → STOPPED — ignored
2026-07-03 10:11:25 [WARNING] Illegal FSM transition CLICK_SELECT → STOPPED — ignored
2026-07-03 10:11:26 [WARNING] Illegal FSM transition CLICK_SELECT → STOPPED — ignored
2026-07-03 10:11:26 [WARNING] Illegal FSM transition CLICK_SELECT → STOPPED — ignored
2026-07-03 10:11:26 [WARNING] Illegal FSM transition CLICK_SELECT → STOPPED — ignored
2026-07-03 10:11:26 [WARNING] Illegal FSM transition CLICK_SELECT → STOPPED — ignored
2026-07-03 10:11:26 [WARNING] Illegal FSM transition CLICK_SELECT → STOPPED — ignored
2026-07-03 10:11:27 [WARNING] Illegal FSM transition CLICK_SELECT → STOPPED — ignored
2026-07-03 10:11:27 [WARNING] Illegal FSM transition CLICK_SELECT → STOPPED — ignored
2026-07-03 10:11:27 [WARNING] Illegal FSM transition CLICK_SELECT → STOPPED — ignored
2026-07-03 10:11:27 [WARNING] Illegal FSM transition CLICK_SELECT → STOPPED — ignored
2026-07-03 10:11:27 [WARNING] Illegal FSM transition CLICK_SELECT → STOPPED — ignored
2026-07-03 10:11:28 [WARNING] Illegal FSM transition CLICK_SELECT → STOPPED — ignored
2026-07-03 10:11:28 [WARNING] Illegal FSM transition CLICK_SELECT → STOPPED — ignored
2026-07-03 10:11:28 [WARNING] Illegal FSM transition CLICK_SELECT → STOPPED — ignored
2026-07-03 10:11:28 [WARNING] Illegal FSM transition CLICK_SELECT → STOPPED — ignored
2026-07-03 10:11:28 [WARNING] Illegal FSM transition CLICK_SELECT → STOPPED — ignored
2026-07-03 10:11:29 [WARNING] Illegal FSM transition CLICK_SELECT → STOPPED — ignored
2026-07-03 10:11:29 [WARNING] Illegal FSM transition CLICK_SELECT → STOPPED — ignored
2026-07-03 10:11:29 [WARNING] Illegal FSM transition CLICK_SELECT → STOPPED — ignored
2026-07-03 10:11:29 [WARNING] Illegal FSM transition CLICK_SELECT → STOPPED — ignored
2026-07-03 10:11:29 [WARNING] Illegal FSM transition CLICK_SELECT → STOPPED — ignored
2026-07-03 10:11:30 [WARNING] Illegal FSM transition CLICK_SELECT → STOPPED — ignored
2026-07-03 10:11:30 [WARNING] Illegal FSM transition CLICK_SELECT → STOPPED — ignored
2026-07-03 10:11:30 [WARNING] Illegal FSM transition CLICK_SELECT → STOPPED — ignored
2026-07-03 10:11:30 [WARNING] Illegal FSM transition CLICK_SELECT → STOPPED — ignored
2026-07-03 10:11:30 [WARNING] Illegal FSM transition CLICK_SELECT → STOPPED — ignored
2026-07-03 10:11:31 [WARNING] Illegal FSM transition CLICK_SELECT → STOPPED — ignored
2026-07-03 10:11:31 [WARNING] Illegal FSM transition CLICK_SELECT → STOPPED — ignored
2026-07-03 10:11:31 [WARNING] Illegal FSM transition CLICK_SELECT → STOPPED — ignored
2026-07-03 10:11:31 [WARNING] Illegal FSM transition CLICK_SELECT → STOPPED — ignored
2026-07-03 10:11:31 [WARNING] Illegal FSM transition CLICK_SELECT → STOPPED — ignored
2026-07-03 10:11:32 [WARNING] Illegal FSM transition CLICK_SELECT → STOPPED — ignored
2026-07-03 10:11:32 [WARNING] Illegal FSM transition CLICK_SELECT → STOPPED — ignored
2026-07-03 10:11:32 [WARNING] Illegal FSM transition CLICK_SELECT → STOPPED — ignored
2026-07-03 10:11:32 [WARNING] Illegal FSM transition CLICK_SELECT → STOPPED — ignored
2026-07-03 10:11:32 [WARNING] Illegal FSM transition CLICK_SELECT → STOPPED — ignored
2026-07-03 10:11:33 [WARNING] Illegal FSM transition CLICK_SELECT → STOPPED — ignored
2026-07-03 10:11:33 [WARNING] Illegal FSM transition CLICK_SELECT → STOPPED — ignored
2026-07-03 10:11:33 [WARNING] Illegal FSM transition CLICK_SELECT → STOPPED — ignored
2026-07-03 10:11:33 [WARNING] Illegal FSM transition CLICK_SELECT → STOPPED — ignored
2026-07-03 10:11:33 [WARNING] Illegal FSM transition CLICK_SELECT → STOPPED — ignored
2026-07-03 10:11:34 [WARNING] Illegal FSM transition CLICK_SELECT → STOPPED — ignored
2026-07-03 10:11:34 [WARNING] Illegal FSM transition CLICK_SELECT → STOPPED — ignored
2026-07-03 10:11:34 [WARNING] Illegal FSM transition CLICK_SELECT → STOPPED — ignored
2026-07-03 10:11:34 [WARNING] Illegal FSM transition CLICK_SELECT → STOPPED — ignored
2026-07-03 10:11:34 [WARNING] Illegal FSM transition CLICK_SELECT → STOPPED — ignored
2026-07-03 10:11:35 [WARNING] Illegal FSM transition CLICK_SELECT → STOPPED — ignored
2026-07-03 10:11:35 [WARNING] Illegal FSM transition CLICK_SELECT → STOPPED — ignored
2026-07-03 10:11:35 [WARNING] Illegal FSM transition CLICK_SELECT → STOPPED — ignored
2026-07-03 10:11:35 [WARNING] Illegal FSM transition CLICK_SELECT → STOPPED — ignored
2026-07-03 10:11:35 [WARNING] Illegal FSM transition CLICK_SELECT → STOPPED — ignored
2026-07-03 10:11:36 [WARNING] Illegal FSM transition CLICK_SELECT → STOPPED — ignored
2026-07-03 10:11:36 [WARNING] Illegal FSM transition CLICK_SELECT → STOPPED — ignored
2026-07-03 10:11:36 [WARNING] Illegal FSM transition CLICK_SELECT → STOPPED — ignored
2026-07-03 10:11:36 [WARNING] Illegal FSM transition CLICK_SELECT → STOPPED — ignored
2026-07-03 10:11:36 [WARNING] Illegal FSM transition CLICK_SELECT → STOPPED — ignored
2026-07-03 10:11:37 [WARNING] Illegal FSM transition CLICK_SELECT → STOPPED — ignored
2026-07-03 10:11:37 [WARNING] Illegal FSM transition CLICK_SELECT → STOPPED — ignored
2026-07-03 10:11:37 [WARNING] Illegal FSM transition CLICK_SELECT → STOPPED — ignored
2026-07-03 10:11:37 [WARNING] Illegal FSM transition CLICK_SELECT → STOPPED — ignored
2026-07-03 10:11:37 [WARNING] Illegal FSM transition CLICK_SELECT → STOPPED — ignored
2026-07-03 10:11:38 [WARNING] Illegal FSM transition CLICK_SELECT → STOPPED — ignored
2026-07-03 10:11:38 [WARNING] Illegal FSM transition CLICK_SELECT → STOPPED — ignored
2026-07-03 10:11:38 [WARNING] Illegal FSM transition CLICK_SELECT → STOPPED — ignored
2026-07-03 10:11:38 [WARNING] Illegal FSM transition CLICK_SELECT → STOPPED — ignored
2026-07-03 10:11:38 [WARNING] Illegal FSM transition CLICK_SELECT → STOPPED — ignored
2026-07-03 10:11:39 [WARNING] Illegal FSM transition CLICK_SELECT → STOPPED — ignored
2026-07-03 10:11:39 [WARNING] Illegal FSM transition CLICK_SELECT → STOPPED — ignored
2026-07-03 10:11:39 [WARNING] Illegal FSM transition CLICK_SELECT → STOPPED — ignored
2026-07-03 10:11:39 [WARNING] Illegal FSM transition CLICK_SELECT → STOPPED — ignored
2026-07-03 10:11:39 [WARNING] Illegal FSM transition CLICK_SELECT → STOPPED — ignored
2026-07-03 10:11:40 [WARNING] Illegal FSM transition CLICK_SELECT → STOPPED — ignored
2026-07-03 10:11:40 [WARNING] Illegal FSM transition CLICK_SELECT → STOPPED — ignored
2026-07-03 10:11:40 [WARNING] Illegal FSM transition CLICK_SELECT → STOPPED — ignored
2026-07-03 10:11:40 [WARNING] Illegal FSM transition CLICK_SELECT → STOPPED — ignored
2026-07-03 10:11:40 [WARNING] Illegal FSM transition CLICK_SELECT → STOPPED — ignored
2026-07-03 10:11:41 [WARNING] Illegal FSM transition CLICK_SELECT → STOPPED — ignored
2026-07-03 10:11:41 [WARNING] Illegal FSM transition CLICK_SELECT → STOPPED — ignored
2026-07-03 10:11:41 [WARNING] Illegal FSM transition CLICK_SELECT → STOPPED — ignored
2026-07-03 10:11:41 [WARNING] Illegal FSM transition CLICK_SELECT → STOPPED — ignored
2026-07-03 10:11:41 [WARNING] Illegal FSM transition CLICK_SELECT → STOPPED — ignored
2026-07-03 10:11:42 [WARNING] Illegal FSM transition CLICK_SELECT → STOPPED — ignored
2026-07-03 10:11:42 [WARNING] Illegal FSM transition CLICK_SELECT → STOPPED — ignored
2026-07-03 10:11:42 [WARNING] Illegal FSM transition CLICK_SELECT → STOPPED — ignored
2026-07-03 10:11:42 [WARNING] Illegal FSM transition CLICK_SELECT → STOPPED — ignored
2026-07-03 10:11:42 [WARNING] Illegal FSM transition CLICK_SELECT → STOPPED — ignored
2026-07-03 10:11:43 [WARNING] Illegal FSM transition CLICK_SELECT → STOPPED — ignored
2026-07-03 10:11:43 [WARNING] Illegal FSM transition CLICK_SELECT → STOPPED — ignored
2026-07-03 10:11:43 [WARNING] Illegal FSM transition CLICK_SELECT → STOPPED — ignored
2026-07-03 10:11:43 [WARNING] Illegal FSM transition CLICK_SELECT → STOPPED — ignored
2026-07-03 10:11:43 [WARNING] Illegal FSM transition CLICK_SELECT → STOPPED — ignored
2026-07-03 10:11:44 [WARNING] Illegal FSM transition CLICK_SELECT → STOPPED — ignored
2026-07-03 10:11:44 [WARNING] Illegal FSM transition CLICK_SELECT → STOPPED — ignored
2026-07-03 10:11:44 [WARNING] Illegal FSM transition CLICK_SELECT → STOPPED — ignored
2026-07-03 10:11:44 [WARNING] Illegal FSM transition CLICK_SELECT → STOPPED — ignored
2026-07-03 10:11:44 [WARNING] Illegal FSM transition CLICK_SELECT → STOPPED — ignored
2026-07-03 10:11:45 [WARNING] Illegal FSM transition CLICK_SELECT → STOPPED — ignored
2026-07-03 10:11:45 [WARNING] Illegal FSM transition CLICK_SELECT → STOPPED — ignored
2026-07-03 10:11:45 [WARNING] Illegal FSM transition CLICK_SELECT → STOPPED — ignored
2026-07-03 10:11:45 [WARNING] Illegal FSM transition CLICK_SELECT → STOPPED — ignored
2026-07-03 10:11:45 [WARNING] Illegal FSM transition CLICK_SELECT → STOPPED — ignored
2026-07-03 10:11:46 [WARNING] Illegal FSM transition CLICK_SELECT → STOPPED — ignored
2026-07-03 10:11:46 [WARNING] Illegal FSM transition CLICK_SELECT → STOPPED — ignored
2026-07-03 10:11:46 [WARNING] Illegal FSM transition CLICK_SELECT → STOPPED — ignored
2026-07-03 10:11:46 [WARNING] Illegal FSM transition CLICK_SELECT → STOPPED — ignored
2026-07-03 10:11:46 [WARNING] Illegal FSM transition CLICK_SELECT → STOPPED — ignored
2026-07-03 10:11:47 [WARNING] Illegal FSM transition CLICK_SELECT → STOPPED — ignored
2026-07-03 10:11:47 [WARNING] Illegal FSM transition CLICK_SELECT → STOPPED — ignored
2026-07-03 10:11:47 [WARNING] Illegal FSM transition CLICK_SELECT → STOPPED — ignored
2026-07-03 10:11:47 [WARNING] Illegal FSM transition CLICK_SELECT → STOPPED — ignored
2026-07-03 10:11:47 [WARNING] Illegal FSM transition CLICK_SELECT → STOPPED — ignored
2026-07-03 10:11:48 [WARNING] Illegal FSM transition CLICK_SELECT → STOPPED — ignored
2026-07-03 10:11:48 [WARNING] Illegal FSM transition CLICK_SELECT → STOPPED — ignored
2026-07-03 10:11:48 [WARNING] Illegal FSM transition CLICK_SELECT → STOPPED — ignored
2026-07-03 10:11:48 [WARNING] Illegal FSM transition CLICK_SELECT → STOPPED — ignored
2026-07-03 10:11:48 [WARNING] Illegal FSM transition CLICK_SELECT → STOPPED — ignored
2026-07-03 10:11:49 [WARNING] Illegal FSM transition CLICK_SELECT → STOPPED — ignored
2026-07-03 10:11:49 [WARNING] Illegal FSM transition CLICK_SELECT → STOPPED — ignored
2026-07-03 10:11:49 [WARNING] Illegal FSM transition CLICK_SELECT → STOPPED — ignored
2026-07-03 10:11:49 [WARNING] Illegal FSM transition CLICK_SELECT → STOPPED — ignored
2026-07-03 10:11:49 [WARNING] Illegal FSM transition CLICK_SELECT → STOPPED — ignored
2026-07-03 10:11:50 [WARNING] Illegal FSM transition CLICK_SELECT → STOPPED — ignored
2026-07-03 10:11:50 [WARNING] Illegal FSM transition CLICK_SELECT → STOPPED — ignored
2026-07-03 10:11:50 [WARNING] Illegal FSM transition CLICK_SELECT → STOPPED — ignored
2026-07-03 10:11:50 [WARNING] Illegal FSM transition CLICK_SELECT → STOPPED — ignored
2026-07-03 10:11:50 [WARNING] Illegal FSM transition CLICK_SELECT → STOPPED — ignored
2026-07-03 10:11:51 [WARNING] Illegal FSM transition CLICK_SELECT → STOPPED — ignored
2026-07-03 10:11:51 [WARNING] Illegal FSM transition CLICK_SELECT → STOPPED — ignored
2026-07-03 10:11:51 [WARNING] Illegal FSM transition CLICK_SELECT → STOPPED — ignored
2026-07-03 10:11:51 [WARNING] Illegal FSM transition CLICK_SELECT → STOPPED — ignored
2026-07-03 10:11:51 [WARNING] Illegal FSM transition CLICK_SELECT → STOPPED — ignored
2026-07-03 10:11:52 [WARNING] Illegal FSM transition CLICK_SELECT → STOPPED — ignored
2026-07-03 10:11:52 [WARNING] Illegal FSM transition CLICK_SELECT → STOPPED — ignored
2026-07-03 10:11:52 [WARNING] Illegal FSM transition CLICK_SELECT → STOPPED — ignored
2026-07-03 10:11:52 [WARNING] Illegal FSM transition CLICK_SELECT → STOPPED — ignored
2026-07-03 10:11:52 [WARNING] Illegal FSM transition CLICK_SELECT → STOPPED — ignored
2026-07-03 10:11:53 [WARNING] Illegal FSM transition CLICK_SELECT → STOPPED — ignored
2026-07-03 10:11:53 [WARNING] Illegal FSM transition CLICK_SELECT → STOPPED — ignored
2026-07-03 10:11:53 [WARNING] Illegal FSM transition CLICK_SELECT → STOPPED — ignored
2026-07-03 10:11:53 [WARNING] Illegal FSM transition CLICK_SELECT → STOPPED — ignored
2026-07-03 10:11:53 [WARNING] Illegal FSM transition CLICK_SELECT → STOPPED — ignored
2026-07-03 10:11:54 [WARNING] Illegal FSM transition CLICK_SELECT → STOPPED — ignored
2026-07-03 10:11:54 [WARNING] Illegal FSM transition CLICK_SELECT → STOPPED — ignored
2026-07-03 10:11:54 [WARNING] Illegal FSM transition CLICK_SELECT → STOPPED — ignored
2026-07-03 10:11:54 [WARNING] Illegal FSM transition CLICK_SELECT → STOPPED — ignored
2026-07-03 10:11:54 [WARNING] Illegal FSM transition CLICK_SELECT → STOPPED — ignored
2026-07-03 10:11:55 [WARNING] Illegal FSM transition CLICK_SELECT → STOPPED — ignored
2026-07-03 10:11:55 [WARNING] Illegal FSM transition CLICK_SELECT → STOPPED — ignored
2026-07-03 10:11:55 [WARNING] Illegal FSM transition CLICK_SELECT → STOPPED — ignored
2026-07-03 10:11:55 [WARNING] Illegal FSM transition CLICK_SELECT → STOPPED — ignored
2026-07-03 10:11:55 [WARNING] Illegal FSM transition CLICK_SELECT → STOPPED — ignored
2026-07-03 10:11:56 [WARNING] Illegal FSM transition CLICK_SELECT → STOPPED — ignored
2026-07-03 10:11:56 [WARNING] Illegal FSM transition CLICK_SELECT → STOPPED — ignored
2026-07-03 10:11:56 [WARNING] Illegal FSM transition CLICK_SELECT → STOPPED — ignored
2026-07-03 10:11:56 [WARNING] Illegal FSM transition CLICK_SELECT → STOPPED — ignored
2026-07-03 10:11:56 [WARNING] Illegal FSM transition CLICK_SELECT → STOPPED — ignored
2026-07-03 10:11:57 [WARNING] Illegal FSM transition CLICK_SELECT → STOPPED — ignored
2026-07-03 10:11:57 [WARNING] Illegal FSM transition CLICK_SELECT → STOPPED — ignored
2026-07-03 10:11:57 [WARNING] Illegal FSM transition CLICK_SELECT → STOPPED — ignored
2026-07-03 10:11:57 [WARNING] Illegal FSM transition CLICK_SELECT → STOPPED — ignored
2026-07-03 10:11:57 [WARNING] Illegal FSM transition CLICK_SELECT → STOPPED — ignored
2026-07-03 10:11:58 [WARNING] Illegal FSM transition CLICK_SELECT → STOPPED — ignored
2026-07-03 10:11:58 [WARNING] Illegal FSM transition CLICK_SELECT → STOPPED — ignored
2026-07-03 10:11:58 [WARNING] Illegal FSM transition CLICK_SELECT → STOPPED — ignored
2026-07-03 10:11:58 [WARNING] Illegal FSM transition CLICK_SELECT → STOPPED — ignored
2026-07-03 10:11:58 [WARNING] Illegal FSM transition CLICK_SELECT → STOPPED — ignored
2026-07-03 10:11:59 [WARNING] Illegal FSM transition CLICK_SELECT → STOPPED — ignored
2026-07-03 10:11:59 [WARNING] Illegal FSM transition CLICK_SELECT → STOPPED — ignored
2026-07-03 10:11:59 [WARNING] Illegal FSM transition CLICK_SELECT → STOPPED — ignored
2026-07-03 10:11:59 [WARNING] Illegal FSM transition CLICK_SELECT → STOPPED — ignored
2026-07-03 10:11:59 [WARNING] Illegal FSM transition CLICK_SELECT → STOPPED — ignored
2026-07-03 10:12:00 [WARNING] Illegal FSM transition CLICK_SELECT → STOPPED — ignored
2026-07-03 10:12:00 [WARNING] Illegal FSM transition CLICK_SELECT → STOPPED — ignored
2026-07-03 10:12:00 [WARNING] Illegal FSM transition CLICK_SELECT → STOPPED — ignored
2026-07-03 10:12:00 [WARNING] Illegal FSM transition CLICK_SELECT → STOPPED — ignored
2026-07-03 10:12:00 [WARNING] Illegal FSM transition CLICK_SELECT → STOPPED — ignored
2026-07-03 10:12:01 [WARNING] Illegal FSM transition CLICK_SELECT → STOPPED — ignored
2026-07-03 10:12:01 [WARNING] Illegal FSM transition CLICK_SELECT → STOPPED — ignored
2026-07-03 10:12:01 [WARNING] Illegal FSM transition CLICK_SELECT → STOPPED — ignored
2026-07-03 10:12:01 [WARNING] Illegal FSM transition CLICK_SELECT → STOPPED — ignored
2026-07-03 10:12:01 [WARNING] Illegal FSM transition CLICK_SELECT → STOPPED — ignored
2026-07-03 10:12:02 [WARNING] Illegal FSM transition CLICK_SELECT → STOPPED — ignored
2026-07-03 10:12:02 [WARNING] Illegal FSM transition CLICK_SELECT → STOPPED — ignored
2026-07-03 10:12:02 [WARNING] Illegal FSM transition CLICK_SELECT → STOPPED — ignored
2026-07-03 10:12:02 [WARNING] Illegal FSM transition CLICK_SELECT → STOPPED — ignored
2026-07-03 10:12:02 [WARNING] Illegal FSM transition CLICK_SELECT → STOPPED — ignored
2026-07-03 10:12:03 [WARNING] Illegal FSM transition CLICK_SELECT → STOPPED — ignored
2026-07-03 10:12:03 [WARNING] Illegal FSM transition CLICK_SELECT → STOPPED — ignored
2026-07-03 10:12:03 [WARNING] Illegal FSM transition CLICK_SELECT → STOPPED — ignored
2026-07-03 10:12:03 [WARNING] Illegal FSM transition CLICK_SELECT → STOPPED — ignored
2026-07-03 10:12:03 [WARNING] Illegal FSM transition CLICK_SELECT → STOPPED — ignored
2026-07-03 10:12:04 [WARNING] Illegal FSM transition CLICK_SELECT → STOPPED — ignored
2026-07-03 10:12:04 [WARNING] Illegal FSM transition CLICK_SELECT → STOPPED — ignored
2026-07-03 10:12:04 [WARNING] Illegal FSM transition CLICK_SELECT → STOPPED — ignored
2026-07-03 10:12:04 [WARNING] Illegal FSM transition CLICK_SELECT → STOPPED — ignored
2026-07-03 10:12:04 [WARNING] Illegal FSM transition CLICK_SELECT → STOPPED — ignored
2026-07-03 10:12:05 [WARNING] Illegal FSM transition CLICK_SELECT → STOPPED — ignored
2026-07-03 10:12:05 [WARNING] Illegal FSM transition CLICK_SELECT → STOPPED — ignored
2026-07-03 10:12:05 [WARNING] Illegal FSM transition CLICK_SELECT → STOPPED — ignored
2026-07-03 10:12:05 [WARNING] Illegal FSM transition CLICK_SELECT → STOPPED — ignored
2026-07-03 10:12:05 [WARNING] Illegal FSM transition CLICK_SELECT → STOPPED — ignored
2026-07-03 10:12:06 [WARNING] Illegal FSM transition CLICK_SELECT → STOPPED — ignored
2026-07-03 10:12:06 [WARNING] Illegal FSM transition CLICK_SELECT → STOPPED — ignored
2026-07-03 10:12:06 [WARNING] Illegal FSM transition CLICK_SELECT → STOPPED — ignored
2026-07-03 10:12:06 [WARNING] Illegal FSM transition CLICK_SELECT → STOPPED — ignored
2026-07-03 10:12:06 [WARNING] Illegal FSM transition CLICK_SELECT → STOPPED — ignored
2026-07-03 10:12:07 [WARNING] Illegal FSM transition CLICK_SELECT → STOPPED — ignored
2026-07-03 10:12:07 [WARNING] Illegal FSM transition CLICK_SELECT → STOPPED — ignored
2026-07-03 10:12:07 [WARNING] Illegal FSM transition CLICK_SELECT → STOPPED — ignored
2026-07-03 10:12:07 [WARNING] Illegal FSM transition CLICK_SELECT → STOPPED — ignored
2026-07-03 10:12:07 [WARNING] Illegal FSM transition CLICK_SELECT → STOPPED — ignored
2026-07-03 10:12:08 [WARNING] Illegal FSM transition CLICK_SELECT → STOPPED — ignored
2026-07-03 10:12:08 [WARNING] Illegal FSM transition CLICK_SELECT → STOPPED — ignored
2026-07-03 10:12:08 [WARNING] Illegal FSM transition CLICK_SELECT → STOPPED — ignored
2026-07-03 10:12:08 [WARNING] Illegal FSM transition CLICK_SELECT → STOPPED — ignored
2026-07-03 10:12:08 [WARNING] Illegal FSM transition CLICK_SELECT → STOPPED — ignored
2026-07-03 10:12:09 [WARNING] Illegal FSM transition CLICK_SELECT → STOPPED — ignored
2026-07-03 10:12:09 [WARNING] Illegal FSM transition CLICK_SELECT → STOPPED — ignored
2026-07-03 10:12:09 [WARNING] Illegal FSM transition CLICK_SELECT → STOPPED — ignored
2026-07-03 10:12:09 [WARNING] Illegal FSM transition CLICK_SELECT → STOPPED — ignored
2026-07-03 10:12:09 [WARNING] Illegal FSM transition CLICK_SELECT → STOPPED — ignored
2026-07-03 10:12:10 [WARNING] Illegal FSM transition CLICK_SELECT → STOPPED — ignored
2026-07-03 10:12:10 [WARNING] Illegal FSM transition CLICK_SELECT → STOPPED — ignored
2026-07-03 10:12:10 [WARNING] Illegal FSM transition CLICK_SELECT → STOPPED — ignored
2026-07-03 10:12:10 [WARNING] Illegal FSM transition CLICK_SELECT → STOPPED — ignored
2026-07-03 10:12:10 [WARNING] Illegal FSM transition CLICK_SELECT → STOPPED — ignored
2026-07-03 10:12:11 [WARNING] Illegal FSM transition CLICK_SELECT → STOPPED — ignored
2026-07-03 10:12:11 [WARNING] Illegal FSM transition CLICK_SELECT → STOPPED — ignored
2026-07-03 10:12:11 [WARNING] Illegal FSM transition CLICK_SELECT → STOPPED — ignored
2026-07-03 10:12:11 [WARNING] Illegal FSM transition CLICK_SELECT → STOPPED — ignored
2026-07-03 10:12:11 [WARNING] Illegal FSM transition CLICK_SELECT → STOPPED — ignored
2026-07-03 10:12:12 [WARNING] Illegal FSM transition CLICK_SELECT → STOPPED — ignored
2026-07-03 10:12:12 [WARNING] Illegal FSM transition CLICK_SELECT → STOPPED — ignored
2026-07-03 10:12:12 [WARNING] Illegal FSM transition CLICK_SELECT → STOPPED — ignored
2026-07-03 10:12:12 [WARNING] Illegal FSM transition CLICK_SELECT → STOPPED — ignored
2026-07-03 10:12:12 [WARNING] Illegal FSM transition CLICK_SELECT → STOPPED — ignored
2026-07-03 10:12:13 [WARNING] Illegal FSM transition CLICK_SELECT → STOPPED — ignored
2026-07-03 10:12:13 [WARNING] Illegal FSM transition CLICK_SELECT → STOPPED — ignored
2026-07-03 10:12:13 [WARNING] Illegal FSM transition CLICK_SELECT → STOPPED — ignored
2026-07-03 10:12:13 [WARNING] Illegal FSM transition CLICK_SELECT → STOPPED — ignored
2026-07-03 10:12:13 [WARNING] Illegal FSM transition CLICK_SELECT → STOPPED — ignored
2026-07-03 10:12:14 [WARNING] Illegal FSM transition CLICK_SELECT → STOPPED — ignored
2026-07-03 10:12:14 [WARNING] Illegal FSM transition CLICK_SELECT → STOPPED — ignored
2026-07-03 10:12:14 [WARNING] Illegal FSM transition CLICK_SELECT → STOPPED — ignored
2026-07-03 10:12:14 [WARNING] Illegal FSM transition CLICK_SELECT → STOPPED — ignored
2026-07-03 10:12:14 [WARNING] Illegal FSM transition CLICK_SELECT → STOPPED — ignored
2026-07-03 10:12:15 [WARNING] Illegal FSM transition CLICK_SELECT → STOPPED — ignored
2026-07-03 10:12:15 [WARNING] Illegal FSM transition CLICK_SELECT → STOPPED — ignored
2026-07-03 10:12:15 [WARNING] Illegal FSM transition CLICK_SELECT → STOPPED — ignored
2026-07-03 10:12:15 [WARNING] Illegal FSM transition CLICK_SELECT → STOPPED — ignored
2026-07-03 10:12:15 [WARNING] Illegal FSM transition CLICK_SELECT → STOPPED — ignored
2026-07-03 10:12:16 [WARNING] Illegal FSM transition CLICK_SELECT → STOPPED — ignored
2026-07-03 10:12:16 [WARNING] Illegal FSM transition CLICK_SELECT → STOPPED — ignored
2026-07-03 10:12:16 [WARNING] Illegal FSM transition CLICK_SELECT → STOPPED — ignored
2026-07-03 10:12:16 [WARNING] Illegal FSM transition CLICK_SELECT → STOPPED — ignored
2026-07-03 10:12:16 [WARNING] Illegal FSM transition CLICK_SELECT → STOPPED — ignored
2026-07-03 10:12:17 [WARNING] Illegal FSM transition CLICK_SELECT → STOPPED — ignored
2026-07-03 10:12:17 [WARNING] Illegal FSM transition CLICK_SELECT → STOPPED — ignored
2026-07-03 10:12:17 [WARNING] Illegal FSM transition CLICK_SELECT → STOPPED — ignored
2026-07-03 10:12:17 [WARNING] Illegal FSM transition CLICK_SELECT → STOPPED — ignored
2026-07-03 10:12:17 [WARNING] Illegal FSM transition CLICK_SELECT → STOPPED — ignored
2026-07-03 10:12:18 [WARNING] Illegal FSM transition CLICK_SELECT → STOPPED — ignored
2026-07-03 10:12:18 [WARNING] Illegal FSM transition CLICK_SELECT → STOPPED — ignored
2026-07-03 10:12:18 [WARNING] Illegal FSM transition CLICK_SELECT → STOPPED — ignored
2026-07-03 10:12:18 [WARNING] Illegal FSM transition CLICK_SELECT → STOPPED — ignored
2026-07-03 10:12:18 [WARNING] Illegal FSM transition CLICK_SELECT → STOPPED — ignored
2026-07-03 10:12:19 [WARNING] Illegal FSM transition CLICK_SELECT → STOPPED — ignored
2026-07-03 10:12:19 [WARNING] Illegal FSM transition CLICK_SELECT → STOPPED — ignored
2026-07-03 10:12:19 [WARNING] Illegal FSM transition CLICK_SELECT → STOPPED — ignored
2026-07-03 10:12:19 [WARNING] Illegal FSM transition CLICK_SELECT → STOPPED — ignored
2026-07-03 10:12:19 [WARNING] Illegal FSM transition CLICK_SELECT → STOPPED — ignored
2026-07-03 10:12:20 [WARNING] Illegal FSM transition CLICK_SELECT → STOPPED — ignored
2026-07-03 10:12:20 [WARNING] Illegal FSM transition CLICK_SELECT → STOPPED — ignored
2026-07-03 10:12:20 [WARNING] Illegal FSM transition CLICK_SELECT → STOPPED — ignored
2026-07-03 10:12:20 [WARNING] Illegal FSM transition CLICK_SELECT → STOPPED — ignored
2026-07-03 10:12:20 [WARNING] Illegal FSM transition CLICK_SELECT → STOPPED — ignored
2026-07-03 10:12:21 [WARNING] Illegal FSM transition CLICK_SELECT → STOPPED — ignored
2026-07-03 10:12:21 [WARNING] Illegal FSM transition CLICK_SELECT → STOPPED — ignored
2026-07-03 10:12:21 [WARNING] Illegal FSM transition CLICK_SELECT → STOPPED — ignored
2026-07-03 10:12:21 [WARNING] Illegal FSM transition CLICK_SELECT → STOPPED — ignored
2026-07-03 10:12:21 [WARNING] Illegal FSM transition CLICK_SELECT → STOPPED — ignored
2026-07-03 10:12:22 [WARNING] Illegal FSM transition CLICK_SELECT → STOPPED — ignored
2026-07-03 10:12:22 [WARNING] Illegal FSM transition CLICK_SELECT → STOPPED — ignored
2026-07-03 10:12:22 [WARNING] Illegal FSM transition CLICK_SELECT → STOPPED — ignored
2026-07-03 10:12:22 [WARNING] Illegal FSM transition CLICK_SELECT → STOPPED — ignored
2026-07-03 10:12:22 [WARNING] Illegal FSM transition CLICK_SELECT → STOPPED — ignored
2026-07-03 10:12:23 [WARNING] Illegal FSM transition CLICK_SELECT → STOPPED — ignored
2026-07-03 10:12:23 [WARNING] Illegal FSM transition CLICK_SELECT → STOPPED — ignored
2026-07-03 10:12:23 [WARNING] Illegal FSM transition CLICK_SELECT → STOPPED — ignored
2026-07-03 10:12:23 [WARNING] Illegal FSM transition CLICK_SELECT → STOPPED — ignored
2026-07-03 10:12:23 [WARNING] Illegal FSM transition CLICK_SELECT → STOPPED — ignored
2026-07-03 10:12:24 [WARNING] Illegal FSM transition CLICK_SELECT → STOPPED — ignored
2026-07-03 10:12:24 [WARNING] Illegal FSM transition CLICK_SELECT → STOPPED — ignored
2026-07-03 10:12:24 [WARNING] Illegal FSM transition CLICK_SELECT → STOPPED — ignored
2026-07-03 10:12:24 [WARNING] Illegal FSM transition CLICK_SELECT → STOPPED — ignored
2026-07-03 10:12:24 [WARNING] Illegal FSM transition CLICK_SELECT → STOPPED — ignored
2026-07-03 10:12:25 [WARNING] Illegal FSM transition CLICK_SELECT → STOPPED — ignored
2026-07-03 10:12:25 [WARNING] Illegal FSM transition CLICK_SELECT → STOPPED — ignored
2026-07-03 10:12:25 [WARNING] Illegal FSM transition CLICK_SELECT → STOPPED — ignored
2026-07-03 10:12:25 [WARNING] Illegal FSM transition CLICK_SELECT → STOPPED — ignored
2026-07-03 10:12:25 [WARNING] Illegal FSM transition CLICK_SELECT → STOPPED — ignored
2026-07-03 10:12:26 [WARNING] Illegal FSM transition CLICK_SELECT → STOPPED — ignored
2026-07-03 10:12:26 [WARNING] Illegal FSM transition CLICK_SELECT → STOPPED — ignored
2026-07-03 10:12:26 [WARNING] Illegal FSM transition CLICK_SELECT → STOPPED — ignored
2026-07-03 10:12:26 [WARNING] Illegal FSM transition CLICK_SELECT → STOPPED — ignored
2026-07-03 10:12:26 [WARNING] Illegal FSM transition CLICK_SELECT → STOPPED — ignored
2026-07-03 10:12:27 [WARNING] Illegal FSM transition CLICK_SELECT → STOPPED — ignored
2026-07-03 10:12:27 [WARNING] Illegal FSM transition CLICK_SELECT → STOPPED — ignored
2026-07-03 10:12:27 [WARNING] Illegal FSM transition CLICK_SELECT → STOPPED — ignored
2026-07-03 10:12:27 [WARNING] Illegal FSM transition CLICK_SELECT → STOPPED — ignored
2026-07-03 10:12:27 [WARNING] Illegal FSM transition CLICK_SELECT → STOPPED — ignored
2026-07-03 10:12:28 [WARNING] Illegal FSM transition CLICK_SELECT → STOPPED — ignored
2026-07-03 10:12:28 [WARNING] Illegal FSM transition CLICK_SELECT → STOPPED — ignored
2026-07-03 10:12:28 [WARNING] Illegal FSM transition CLICK_SELECT → STOPPED — ignored
2026-07-03 10:12:28 [WARNING] Illegal FSM transition CLICK_SELECT → STOPPED — ignored
2026-07-03 10:12:28 [WARNING] Illegal FSM transition CLICK_SELECT → STOPPED — ignored
2026-07-03 10:12:29 [WARNING] Illegal FSM transition CLICK_SELECT → STOPPED — ignored
2026-07-03 10:12:29 [WARNING] Illegal FSM transition CLICK_SELECT → STOPPED — ignored
2026-07-03 10:12:29 [WARNING] Illegal FSM transition CLICK_SELECT → STOPPED — ignored
2026-07-03 10:12:29 [WARNING] Illegal FSM transition CLICK_SELECT → STOPPED — ignored
2026-07-03 10:12:29 [WARNING] Illegal FSM transition CLICK_SELECT → STOPPED — ignored
2026-07-03 10:12:30 [WARNING] Illegal FSM transition CLICK_SELECT → STOPPED — ignored
2026-07-03 10:12:30 [WARNING] Illegal FSM transition CLICK_SELECT → STOPPED — ignored
2026-07-03 10:12:30 [WARNING] Illegal FSM transition CLICK_SELECT → STOPPED — ignored
2026-07-03 10:12:30 [WARNING] Illegal FSM transition CLICK_SELECT → STOPPED — ignored
2026-07-03 10:12:31 [WARNING] Illegal FSM transition CLICK_SELECT → STOPPED — ignored
2026-07-03 10:12:31 [WARNING] Illegal FSM transition CLICK_SELECT → STOPPED — ignored
2026-07-03 10:12:31 [WARNING] Illegal FSM transition CLICK_SELECT → STOPPED — ignored
2026-07-03 10:12:31 [WARNING] Illegal FSM transition CLICK_SELECT → STOPPED — ignored
2026-07-03 10:12:31 [WARNING] Illegal FSM transition CLICK_SELECT → STOPPED — ignored
2026-07-03 10:12:32 [WARNING] Illegal FSM transition CLICK_SELECT → STOPPED — ignored
2026-07-03 10:12:32 [WARNING] Illegal FSM transition CLICK_SELECT → STOPPED — ignored
2026-07-03 10:12:32 [WARNING] Illegal FSM transition CLICK_SELECT → STOPPED — ignored
2026-07-03 10:12:32 [WARNING] Illegal FSM transition CLICK_SELECT → STOPPED — ignored
2026-07-03 10:12:32 [WARNING] Illegal FSM transition CLICK_SELECT → STOPPED — ignored
2026-07-03 10:12:33 [WARNING] Illegal FSM transition CLICK_SELECT → STOPPED — ignored
2026-07-03 10:12:33 [WARNING] Illegal FSM transition CLICK_SELECT → STOPPED — ignored
2026-07-03 10:12:33 [WARNING] Illegal FSM transition CLICK_SELECT → STOPPED — ignored
2026-07-03 10:12:33 [WARNING] Illegal FSM transition CLICK_SELECT → STOPPED — ignored
2026-07-03 10:12:33 [WARNING] Illegal FSM transition CLICK_SELECT → STOPPED — ignored
2026-07-03 10:12:34 [WARNING] Illegal FSM transition CLICK_SELECT → STOPPED — ignored
2026-07-03 10:12:34 [WARNING] Illegal FSM transition CLICK_SELECT → STOPPED — ignored
2026-07-03 10:12:34 [WARNING] Illegal FSM transition CLICK_SELECT → STOPPED — ignored
2026-07-03 10:12:34 [WARNING] Illegal FSM transition CLICK_SELECT → STOPPED — ignored
2026-07-03 10:12:34 [WARNING] Illegal FSM transition CLICK_SELECT → STOPPED — ignored
2026-07-03 10:12:35 [WARNING] Illegal FSM transition CLICK_SELECT → STOPPED — ignored
2026-07-03 10:12:35 [WARNING] Illegal FSM transition CLICK_SELECT → STOPPED — ignored
2026-07-03 10:12:35 [WARNING] Illegal FSM transition CLICK_SELECT → STOPPED — ignored
2026-07-03 10:12:35 [WARNING] Illegal FSM transition CLICK_SELECT → STOPPED — ignored
2026-07-03 10:12:35 [WARNING] Illegal FSM transition CLICK_SELECT → STOPPED — ignored
2026-07-03 10:12:36 [WARNING] Illegal FSM transition CLICK_SELECT → STOPPED — ignored
2026-07-03 10:12:36 [WARNING] Illegal FSM transition CLICK_SELECT → STOPPED — ignored
2026-07-03 10:12:36 [WARNING] Illegal FSM transition CLICK_SELECT → STOPPED — ignored
2026-07-03 10:12:36 [WARNING] Illegal FSM transition CLICK_SELECT → STOPPED — ignored
2026-07-03 10:12:36 [WARNING] Illegal FSM transition CLICK_SELECT → STOPPED — ignored
2026-07-03 10:12:37 [WARNING] Illegal FSM transition CLICK_SELECT → STOPPED — ignored
2026-07-03 10:12:37 [WARNING] Illegal FSM transition CLICK_SELECT → STOPPED — ignored
2026-07-03 10:12:37 [WARNING] Illegal FSM transition CLICK_SELECT → STOPPED — ignored
2026-07-03 10:12:37 [WARNING] Illegal FSM transition CLICK_SELECT → STOPPED — ignored
2026-07-03 10:12:37 [WARNING] Illegal FSM transition CLICK_SELECT → STOPPED — ignored
2026-07-03 10:12:38 [WARNING] Illegal FSM transition CLICK_SELECT → STOPPED — ignored
2026-07-03 10:12:38 [WARNING] Illegal FSM transition CLICK_SELECT → STOPPED — ignored
2026-07-03 10:12:38 [WARNING] Illegal FSM transition CLICK_SELECT → STOPPED — ignored
2026-07-03 10:12:38 [WARNING] Illegal FSM transition CLICK_SELECT → STOPPED — ignored
2026-07-03 10:12:38 [WARNING] Illegal FSM transition CLICK_SELECT → STOPPED — ignored
2026-07-03 10:12:39 [WARNING] Illegal FSM transition CLICK_SELECT → STOPPED — ignored
2026-07-03 10:12:39 [WARNING] Illegal FSM transition CLICK_SELECT → STOPPED — ignored
2026-07-03 10:12:39 [WARNING] Illegal FSM transition CLICK_SELECT → STOPPED — ignored
2026-07-03 10:12:39 [WARNING] Illegal FSM transition CLICK_SELECT → STOPPED — ignored
2026-07-03 10:12:39 [WARNING] Illegal FSM transition CLICK_SELECT → STOPPED — ignored
2026-07-03 10:12:40 [WARNING] Illegal FSM transition CLICK_SELECT → STOPPED — ignored
2026-07-03 10:12:40 [WARNING] Illegal FSM transition CLICK_SELECT → STOPPED — ignored
2026-07-03 10:12:40 [WARNING] Illegal FSM transition CLICK_SELECT → STOPPED — ignored
2026-07-03 10:12:40 [WARNING] Illegal FSM transition CLICK_SELECT → STOPPED — ignored
2026-07-03 10:12:40 [WARNING] Illegal FSM transition CLICK_SELECT → STOPPED — ignored
2026-07-03 10:12:41 [WARNING] Illegal FSM transition CLICK_SELECT → STOPPED — ignored
2026-07-03 10:12:41 [WARNING] Illegal FSM transition CLICK_SELECT → STOPPED — ignored
2026-07-03 10:12:41 [WARNING] Illegal FSM transition CLICK_SELECT → STOPPED — ignored
2026-07-03 10:12:41 [WARNING] Illegal FSM transition CLICK_SELECT → STOPPED — ignored
2026-07-03 10:12:41 [WARNING] Illegal FSM transition CLICK_SELECT → STOPPED — ignored
2026-07-03 10:12:42 [WARNING] Illegal FSM transition CLICK_SELECT → STOPPED — ignored
2026-07-03 10:12:42 [WARNING] Illegal FSM transition CLICK_SELECT → STOPPED — ignored
2026-07-03 10:12:42 [WARNING] Illegal FSM transition CLICK_SELECT → STOPPED — ignored
2026-07-03 10:12:42 [WARNING] Illegal FSM transition CLICK_SELECT → STOPPED — ignored
2026-07-03 10:12:42 [WARNING] Illegal FSM transition CLICK_SELECT → STOPPED — ignored
2026-07-03 10:12:43 [WARNING] Illegal FSM transition CLICK_SELECT → STOPPED — ignored
2026-07-03 10:12:43 [WARNING] Illegal FSM transition CLICK_SELECT → STOPPED — ignored
2026-07-03 10:12:43 [WARNING] Illegal FSM transition CLICK_SELECT → STOPPED — ignored
2026-07-03 10:12:43 [WARNING] Illegal FSM transition CLICK_SELECT → STOPPED — ignored
2026-07-03 10:12:43 [WARNING] Illegal FSM transition CLICK_SELECT → STOPPED — ignored
2026-07-03 10:12:44 [WARNING] Illegal FSM transition CLICK_SELECT → STOPPED — ignored
2026-07-03 10:12:44 [WARNING] Illegal FSM transition CLICK_SELECT → STOPPED — ignored
2026-07-03 10:12:44 [WARNING] Illegal FSM transition CLICK_SELECT → STOPPED — ignored
2026-07-03 10:12:44 [WARNING] Illegal FSM transition CLICK_SELECT → STOPPED — ignored
2026-07-03 10:12:44 [WARNING] Illegal FSM transition CLICK_SELECT → STOPPED — ignored
2026-07-03 10:12:45 [WARNING] Illegal FSM transition CLICK_SELECT → STOPPED — ignored
2026-07-03 10:12:45 [WARNING] Illegal FSM transition CLICK_SELECT → STOPPED — ignored
2026-07-03 10:12:45 [WARNING] Illegal FSM transition CLICK_SELECT → STOPPED — ignored
2026-07-03 10:12:45 [WARNING] Illegal FSM transition CLICK_SELECT → STOPPED — ignored
2026-07-03 10:12:45 [WARNING] Illegal FSM transition CLICK_SELECT → STOPPED — ignored
2026-07-03 10:12:46 [WARNING] Illegal FSM transition CLICK_SELECT → STOPPED — ignored
2026-07-03 10:12:46 [WARNING] Illegal FSM transition CLICK_SELECT → STOPPED — ignored
2026-07-03 10:12:46 [WARNING] Illegal FSM transition CLICK_SELECT → STOPPED — ignored
2026-07-03 10:12:46 [WARNING] Illegal FSM transition CLICK_SELECT → STOPPED — ignored
2026-07-03 10:12:46 [WARNING] Illegal FSM transition CLICK_SELECT → STOPPED — ignored
2026-07-03 10:12:47 [WARNING] Illegal FSM transition CLICK_SELECT → STOPPED — ignored
2026-07-03 10:12:47 [WARNING] Illegal FSM transition CLICK_SELECT → STOPPED — ignored
2026-07-03 10:12:47 [WARNING] Illegal FSM transition CLICK_SELECT → STOPPED — ignored
2026-07-03 10:12:47 [WARNING] Illegal FSM transition CLICK_SELECT → STOPPED — ignored
2026-07-03 10:12:47 [WARNING] Illegal FSM transition CLICK_SELECT → STOPPED — ignored
2026-07-03 10:12:48 [WARNING] Illegal FSM transition CLICK_SELECT → STOPPED — ignored
2026-07-03 10:12:48 [WARNING] Illegal FSM transition CLICK_SELECT → STOPPED — ignored
2026-07-03 10:12:48 [WARNING] Illegal FSM transition CLICK_SELECT → STOPPED — ignored
2026-07-03 10:12:48 [WARNING] Illegal FSM transition CLICK_SELECT → STOPPED — ignored
2026-07-03 10:12:48 [WARNING] Illegal FSM transition CLICK_SELECT → STOPPED — ignored
2026-07-03 10:12:49 [WARNING] Illegal FSM transition CLICK_SELECT → STOPPED — ignored
2026-07-03 10:12:49 [WARNING] Illegal FSM transition CLICK_SELECT → STOPPED — ignored
2026-07-03 10:12:49 [WARNING] Illegal FSM transition CLICK_SELECT → STOPPED — ignored
2026-07-03 10:12:49 [WARNING] Illegal FSM transition CLICK_SELECT → STOPPED — ignored
2026-07-03 10:12:49 [WARNING] Illegal FSM transition CLICK_SELECT → STOPPED — ignored
2026-07-03 10:12:50 [WARNING] Illegal FSM transition CLICK_SELECT → STOPPED — ignored
2026-07-03 10:12:50 [WARNING] Illegal FSM transition CLICK_SELECT → STOPPED — ignored
2026-07-03 10:12:50 [WARNING] Illegal FSM transition CLICK_SELECT → STOPPED — ignored
2026-07-03 10:12:50 [WARNING] Illegal FSM transition CLICK_SELECT → STOPPED — ignored
2026-07-03 10:12:50 [WARNING] Illegal FSM transition CLICK_SELECT → STOPPED — ignored
2026-07-03 10:12:51 [WARNING] Illegal FSM transition CLICK_SELECT → STOPPED — ignored
2026-07-03 10:12:51 [WARNING] Illegal FSM transition CLICK_SELECT → STOPPED — ignored
2026-07-03 10:12:51 [WARNING] Illegal FSM transition CLICK_SELECT → STOPPED — ignored
2026-07-03 10:12:51 [WARNING] Illegal FSM transition CLICK_SELECT → STOPPED — ignored
2026-07-03 10:12:51 [WARNING] Illegal FSM transition CLICK_SELECT → STOPPED — ignored
2026-07-03 10:12:52 [WARNING] Illegal FSM transition CLICK_SELECT → STOPPED — ignored
2026-07-03 10:12:52 [WARNING] Illegal FSM transition CLICK_SELECT → STOPPED — ignored
2026-07-03 10:12:52 [WARNING] Illegal FSM transition CLICK_SELECT → STOPPED — ignored
2026-07-03 10:12:52 [WARNING] Illegal FSM transition CLICK_SELECT → STOPPED — ignored
2026-07-03 10:12:52 [WARNING] Illegal FSM transition CLICK_SELECT → STOPPED — ignored
2026-07-03 10:12:53 [WARNING] Illegal FSM transition CLICK_SELECT → STOPPED — ignored
2026-07-03 10:12:53 [WARNING] Illegal FSM transition CLICK_SELECT → STOPPED — ignored
2026-07-03 10:12:53 [WARNING] Illegal FSM transition CLICK_SELECT → STOPPED — ignored
2026-07-03 10:12:53 [WARNING] Illegal FSM transition CLICK_SELECT → STOPPED — ignored
2026-07-03 10:12:53 [WARNING] Illegal FSM transition CLICK_SELECT → STOPPED — ignored
2026-07-03 10:12:54 [WARNING] Illegal FSM transition CLICK_SELECT → STOPPED — ignored
2026-07-03 10:12:54 [WARNING] Illegal FSM transition CLICK_SELECT → STOPPED — ignored
2026-07-03 10:12:54 [WARNING] Illegal FSM transition CLICK_SELECT → STOPPED — ignored
2026-07-03 10:12:54 [WARNING] Illegal FSM transition CLICK_SELECT → STOPPED — ignored
2026-07-03 10:12:54 [WARNING] Illegal FSM transition CLICK_SELECT → STOPPED — ignored
2026-07-03 10:12:55 [WARNING] Illegal FSM transition CLICK_SELECT → STOPPED — ignored
2026-07-03 10:12:55 [WARNING] Illegal FSM transition CLICK_SELECT → STOPPED — ignored
2026-07-03 10:12:55 [WARNING] Illegal FSM transition CLICK_SELECT → STOPPED — ignored
2026-07-03 10:12:55 [WARNING] Illegal FSM transition CLICK_SELECT → STOPPED — ignored
2026-07-03 10:12:55 [WARNING] Illegal FSM transition CLICK_SELECT → STOPPED — ignored
2026-07-03 10:12:56 [WARNING] Illegal FSM transition CLICK_SELECT → STOPPED — ignored
2026-07-03 10:12:56 [WARNING] Illegal FSM transition CLICK_SELECT → STOPPED — ignored
2026-07-03 10:12:56 [WARNING] Illegal FSM transition CLICK_SELECT → STOPPED — ignored
2026-07-03 10:12:56 [WARNING] Illegal FSM transition CLICK_SELECT → STOPPED — ignored
2026-07-03 10:12:56 [WARNING] Illegal FSM transition CLICK_SELECT → STOPPED — ignored
2026-07-03 10:12:57 [WARNING] Illegal FSM transition CLICK_SELECT → STOPPED — ignored
2026-07-03 10:12:57 [WARNING] Illegal FSM transition CLICK_SELECT → STOPPED — ignored
2026-07-03 10:12:57 [WARNING] Illegal FSM transition CLICK_SELECT → STOPPED — ignored
2026-07-03 10:12:57 [WARNING] Illegal FSM transition CLICK_SELECT → STOPPED — ignored
2026-07-03 10:12:57 [WARNING] Illegal FSM transition CLICK_SELECT → STOPPED — ignored
2026-07-03 10:12:58 [WARNING] Illegal FSM transition CLICK_SELECT → STOPPED — ignored
2026-07-03 10:12:58 [WARNING] Illegal FSM transition CLICK_SELECT → STOPPED — ignored
2026-07-03 10:12:58 [WARNING] Illegal FSM transition CLICK_SELECT → STOPPED — ignored
2026-07-03 10:12:58 [WARNING] Illegal FSM transition CLICK_SELECT → STOPPED — ignored
2026-07-03 10:12:58 [WARNING] Illegal FSM transition CLICK_SELECT → STOPPED — ignored
2026-07-03 10:12:59 [WARNING] Illegal FSM transition CLICK_SELECT → STOPPED — ignored
2026-07-03 10:12:59 [WARNING] Illegal FSM transition CLICK_SELECT → STOPPED — ignored
2026-07-03 10:12:59 [WARNING] Illegal FSM transition CLICK_SELECT → STOPPED — ignored
2026-07-03 10:12:59 [WARNING] Illegal FSM transition CLICK_SELECT → STOPPED — ignored
2026-07-03 10:12:59 [WARNING] Illegal FSM transition CLICK_SELECT → STOPPED — ignored
2026-07-03 10:13:00 [WARNING] Illegal FSM transition CLICK_SELECT → STOPPED — ignored
2026-07-03 10:13:00 [WARNING] Illegal FSM transition CLICK_SELECT → STOPPED — ignored
2026-07-03 10:13:00 [WARNING] Illegal FSM transition CLICK_SELECT → STOPPED — ignored
2026-07-03 10:13:00 [WARNING] Illegal FSM transition CLICK_SELECT → STOPPED — ignored
2026-07-03 10:13:00 [WARNING] Illegal FSM transition CLICK_SELECT → STOPPED — ignored
2026-07-03 10:13:01 [WARNING] Illegal FSM transition CLICK_SELECT → STOPPED — ignored
2026-07-03 10:13:01 [INFO] Clean exit requested (ESC).
2026-07-03 10:13:01 [INFO] WorkflowEngine shut down cleanly.
2026-07-03 10:14:05 [INFO] System Tray initialized. Application is running in the background.
2026-07-03 10:14:05 [INFO] All sub-systems initialised.
2026-07-03 10:14:05 [INFO] [state_change] from_state=IDLE | to_state=SCANNING
2026-07-03 10:14:05 [INFO] WorkflowEngine started — user='phan'  table={'left': 52, 'top': 601, 'width': 1491, 'height': 298}
2026-07-03 10:14:09 [INFO] [loop_tick] state=SCANNING | rows=7 | claims=0
2026-07-03 10:14:09 [INFO] [loop_tick] state=SCANNING | rows=7 | claims=0
2026-07-03 10:14:11 [INFO] [loop_tick] state=SCANNING | rows=7 | claims=0
2026-07-03 10:14:13 [INFO] [loop_tick] state=SCANNING | rows=7 | claims=0
2026-07-03 10:14:16 [INFO] [loop_tick] state=SCANNING | rows=7 | claims=0
2026-07-03 10:14:18 [INFO] [loop_tick] state=SCANNING | rows=7 | claims=0
2026-07-03 10:14:21 [INFO] [loop_tick] state=SCANNING | rows=7 | claims=0
2026-07-03 10:14:23 [INFO] [loop_tick] state=SCANNING | rows=7 | claims=0
2026-07-03 10:14:26 [INFO] [loop_tick] state=SCANNING | rows=7 | claims=0
2026-07-03 10:14:28 [INFO] [loop_tick] state=SCANNING | rows=7 | claims=0
2026-07-03 10:14:31 [INFO] [row_detected] total_rows=9 | claim_rows=[0]
2026-07-03 10:14:32 [INFO] [claim_found] row_id=0 | text=CLAIM | confidence=0.999 | claim_cell=(1169, 619)
2026-07-03 10:14:32 [INFO] [state_change] from_state=SCANNING | to_state=CLAIM_FOUND
2026-07-03 10:14:32 [INFO] [state_change] from_state=CLAIM_FOUND | to_state=CLICK_CLAIM
2026-07-03 10:14:34 [INFO] [claim_cell_clicked] row_id=0 | x=1169 | y=619
2026-07-03 10:14:34 [INFO] [state_change] from_state=CLICK_CLAIM | to_state=WAIT_USERNAME
2026-07-03 10:14:35 [INFO] [claim_verified] y_key=616 | cell_text=phan | elapsed_s=1.001
2026-07-03 10:14:35 [INFO] [state_change] from_state=WAIT_USERNAME | to_state=CLAIM_SUCCESS
2026-07-03 10:14:38 [INFO] [select_clicked] y_key=616 | x=1316 | y=619
2026-07-03 10:14:40 [INFO] [state_change] from_state=CLAIM_SUCCESS | to_state=CLICK_SELECT
2026-07-03 10:14:40 [INFO] [state_change] from_state=CLICK_SELECT | to_state=CLICK_CONNECT
2026-07-03 10:14:42 [INFO] [connect_clicked] y_key=616 | x=768 | y=88
2026-07-03 10:14:42 [INFO] [state_change] from_state=CLICK_CONNECT | to_state=CONNECTED
2026-07-03 10:14:42 [INFO] ✓ Connected! Waiting 1000ms then entering STOPPED state.
2026-07-03 10:14:43 [INFO] [state_change] from_state=CONNECTED | to_state=STOPPED
2026-07-03 10:15:05 [INFO] Clean exit requested (ESC).
2026-07-03 10:15:06 [INFO] WorkflowEngine shut down cleanly.
2026-07-03 10:15:25 [INFO] System Tray initialized. Application is running in the background.
2026-07-03 10:15:26 [INFO] All sub-systems initialised.
2026-07-03 10:15:26 [INFO] [state_change] from_state=IDLE | to_state=SCANNING
2026-07-03 10:15:26 [INFO] WorkflowEngine started — user='phan'  table={'left': 52, 'top': 601, 'width': 1491, 'height': 298}
2026-07-03 10:15:30 [INFO] [loop_tick] state=SCANNING | rows=2 | claims=0
2026-07-03 10:15:30 [INFO] [loop_tick] state=SCANNING | rows=7 | claims=0
2026-07-03 10:15:31 [INFO] [loop_tick] state=SCANNING | rows=7 | claims=0
2026-07-03 10:15:31 [INFO] [loop_tick] state=SCANNING | rows=7 | claims=0
2026-07-03 10:15:31 [INFO] [loop_tick] state=SCANNING | rows=7 | claims=0
2026-07-03 10:15:31 [INFO] [loop_tick] state=SCANNING | rows=7 | claims=0
2026-07-03 10:15:31 [INFO] [loop_tick] state=SCANNING | rows=7 | claims=0
2026-07-03 10:15:32 [INFO] [loop_tick] state=SCANNING | rows=7 | claims=0
2026-07-03 10:15:32 [INFO] [loop_tick] state=SCANNING | rows=7 | claims=0
2026-07-03 10:15:32 [INFO] [loop_tick] state=SCANNING | rows=7 | claims=0
2026-07-03 10:15:32 [INFO] [loop_tick] state=SCANNING | rows=7 | claims=0
2026-07-03 10:15:32 [INFO] [loop_tick] state=SCANNING | rows=7 | claims=0
2026-07-03 10:15:33 [INFO] [loop_tick] state=SCANNING | rows=7 | claims=0
2026-07-03 10:15:33 [INFO] [loop_tick] state=SCANNING | rows=7 | claims=0
2026-07-03 10:15:33 [INFO] [loop_tick] state=SCANNING | rows=7 | claims=0
2026-07-03 10:15:33 [INFO] [loop_tick] state=SCANNING | rows=7 | claims=0
2026-07-03 10:15:33 [INFO] [loop_tick] state=SCANNING | rows=6 | claims=0
2026-07-03 10:15:34 [INFO] [loop_tick] state=SCANNING | rows=7 | claims=0
2026-07-03 10:15:34 [INFO] [loop_tick] state=SCANNING | rows=7 | claims=0
2026-07-03 10:15:34 [INFO] [loop_tick] state=SCANNING | rows=7 | claims=0
2026-07-03 10:15:34 [INFO] [loop_tick] state=SCANNING | rows=7 | claims=0
2026-07-03 10:15:34 [INFO] [loop_tick] state=SCANNING | rows=7 | claims=0
2026-07-03 10:15:35 [INFO] [loop_tick] state=SCANNING | rows=6 | claims=0
2026-07-03 10:15:35 [INFO] [loop_tick] state=SCANNING | rows=6 | claims=0
2026-07-03 10:15:35 [INFO] [loop_tick] state=SCANNING | rows=2 | claims=0
2026-07-03 10:15:35 [INFO] [loop_tick] state=SCANNING | rows=2 | claims=0
2026-07-03 10:15:36 [INFO] [loop_tick] state=SCANNING | rows=2 | claims=0
2026-07-03 10:15:36 [INFO] [loop_tick] state=SCANNING | rows=2 | claims=0
2026-07-03 10:15:36 [INFO] [loop_tick] state=SCANNING | rows=2 | claims=0
2026-07-03 10:15:36 [INFO] [loop_tick] state=SCANNING | rows=2 | claims=0
2026-07-03 10:15:37 [INFO] [loop_tick] state=SCANNING | rows=1 | claims=0
2026-07-03 10:15:37 [INFO] [loop_tick] state=SCANNING | rows=2 | claims=0
2026-07-03 10:15:37 [INFO] [loop_tick] state=SCANNING | rows=2 | claims=0
2026-07-03 10:15:37 [INFO] [loop_tick] state=SCANNING | rows=2 | claims=0
2026-07-03 10:15:38 [INFO] [loop_tick] state=SCANNING | rows=1 | claims=0
2026-07-03 10:15:38 [INFO] [loop_tick] state=SCANNING | rows=1 | claims=0
2026-07-03 10:15:38 [INFO] [loop_tick] state=SCANNING | rows=1 | claims=0
2026-07-03 10:15:38 [INFO] [loop_tick] state=SCANNING | rows=1 | claims=0
2026-07-03 10:15:38 [INFO] [loop_tick] state=SCANNING | rows=1 | claims=0
2026-07-03 10:15:39 [INFO] [loop_tick] state=SCANNING | rows=1 | claims=0
2026-07-03 10:15:39 [INFO] [loop_tick] state=SCANNING | rows=6 | claims=0
2026-07-03 10:15:39 [INFO] [loop_tick] state=SCANNING | rows=7 | claims=0
2026-07-03 10:15:39 [INFO] [loop_tick] state=SCANNING | rows=7 | claims=0
2026-07-03 10:15:39 [INFO] [loop_tick] state=SCANNING | rows=7 | claims=0
2026-07-03 10:15:40 [INFO] [loop_tick] state=SCANNING | rows=7 | claims=0
2026-07-03 10:15:40 [INFO] [loop_tick] state=SCANNING | rows=7 | claims=0
2026-07-03 10:15:40 [INFO] [loop_tick] state=SCANNING | rows=7 | claims=0
2026-07-03 10:15:40 [INFO] [loop_tick] state=SCANNING | rows=7 | claims=0
2026-07-03 10:15:41 [INFO] [loop_tick] state=SCANNING | rows=7 | claims=0
2026-07-03 10:15:41 [INFO] [loop_tick] state=SCANNING | rows=7 | claims=0
2026-07-03 10:15:41 [INFO] [loop_tick] state=SCANNING | rows=7 | claims=0
2026-07-03 10:15:41 [INFO] [loop_tick] state=SCANNING | rows=7 | claims=0
2026-07-03 10:15:41 [INFO] [loop_tick] state=SCANNING | rows=7 | claims=0
2026-07-03 10:15:42 [INFO] [loop_tick] state=SCANNING | rows=7 | claims=0
2026-07-03 10:15:42 [INFO] [loop_tick] state=SCANNING | rows=7 | claims=0
2026-07-03 10:15:42 [INFO] [loop_tick] state=SCANNING | rows=6 | claims=0
2026-07-03 10:15:42 [INFO] [loop_tick] state=SCANNING | rows=6 | claims=0
2026-07-03 10:15:42 [INFO] [loop_tick] state=SCANNING | rows=7 | claims=0
2026-07-03 10:15:43 [INFO] [loop_tick] state=SCANNING | rows=8 | claims=0
2026-07-03 10:15:43 [INFO] [loop_tick] state=SCANNING | rows=8 | claims=0
2026-07-03 10:15:43 [INFO] [loop_tick] state=SCANNING | rows=6 | claims=0
2026-07-03 10:15:43 [INFO] [loop_tick] state=SCANNING | rows=8 | claims=0
2026-07-03 10:15:43 [INFO] [loop_tick] state=SCANNING | rows=7 | claims=0
2026-07-03 10:15:44 [INFO] [loop_tick] state=SCANNING | rows=6 | claims=0
2026-07-03 10:15:44 [INFO] [loop_tick] state=SCANNING | rows=6 | claims=0
2026-07-03 10:15:44 [INFO] [loop_tick] state=SCANNING | rows=7 | claims=0
2026-07-03 10:15:44 [INFO] [loop_tick] state=SCANNING | rows=7 | claims=0
2026-07-03 10:15:44 [INFO] [loop_tick] state=SCANNING | rows=7 | claims=0
2026-07-03 10:15:45 [INFO] [loop_tick] state=SCANNING | rows=6 | claims=0
2026-07-03 10:15:45 [INFO] [loop_tick] state=SCANNING | rows=6 | claims=0
2026-07-03 10:15:45 [INFO] [loop_tick] state=SCANNING | rows=8 | claims=0
2026-07-03 10:15:45 [INFO] [loop_tick] state=SCANNING | rows=6 | claims=0
2026-07-03 10:15:45 [INFO] [loop_tick] state=SCANNING | rows=6 | claims=0
2026-07-03 10:15:46 [INFO] [loop_tick] state=SCANNING | rows=6 | claims=0
2026-07-03 10:15:46 [INFO] [loop_tick] state=SCANNING | rows=4 | claims=0
2026-07-03 10:15:46 [INFO] [loop_tick] state=SCANNING | rows=5 | claims=0
2026-07-03 10:15:46 [INFO] [loop_tick] state=SCANNING | rows=5 | claims=0
2026-07-03 10:15:47 [INFO] [loop_tick] state=SCANNING | rows=6 | claims=0
2026-07-03 10:15:47 [INFO] [loop_tick] state=SCANNING | rows=7 | claims=0
2026-07-03 10:15:47 [INFO] [loop_tick] state=SCANNING | rows=7 | claims=0
2026-07-03 10:15:47 [INFO] [loop_tick] state=SCANNING | rows=7 | claims=0
2026-07-03 10:15:47 [INFO] [loop_tick] state=SCANNING | rows=6 | claims=0
2026-07-03 10:15:48 [INFO] [loop_tick] state=SCANNING | rows=7 | claims=0
2026-07-03 10:15:48 [INFO] [loop_tick] state=SCANNING | rows=6 | claims=0
2026-07-03 10:15:48 [INFO] [loop_tick] state=SCANNING | rows=6 | claims=0
2026-07-03 10:15:48 [INFO] [loop_tick] state=SCANNING | rows=5 | claims=0
2026-07-03 10:15:49 [INFO] [loop_tick] state=SCANNING | rows=6 | claims=0
2026-07-03 10:15:49 [INFO] [loop_tick] state=SCANNING | rows=6 | claims=0
2026-07-03 10:15:49 [INFO] [loop_tick] state=SCANNING | rows=1 | claims=0
2026-07-03 10:15:49 [INFO] [loop_tick] state=SCANNING | rows=1 | claims=0
2026-07-03 10:15:50 [INFO] [loop_tick] state=SCANNING | rows=1 | claims=0
2026-07-03 10:15:50 [INFO] [loop_tick] state=SCANNING | rows=1 | claims=0
2026-07-03 10:15:50 [INFO] [loop_tick] state=SCANNING | rows=1 | claims=0
2026-07-03 10:15:50 [INFO] [loop_tick] state=SCANNING | rows=2 | claims=0
2026-07-03 10:15:51 [INFO] [loop_tick] state=SCANNING | rows=2 | claims=0
2026-07-03 10:15:51 [INFO] [loop_tick] state=SCANNING | rows=2 | claims=0
2026-07-03 10:15:51 [INFO] [loop_tick] state=SCANNING | rows=2 | claims=0
2026-07-03 10:15:51 [INFO] [loop_tick] state=SCANNING | rows=2 | claims=0
2026-07-03 10:15:52 [INFO] [loop_tick] state=SCANNING | rows=2 | claims=0
2026-07-03 10:15:52 [INFO] [loop_tick] state=SCANNING | rows=2 | claims=0
2026-07-03 10:15:52 [INFO] [loop_tick] state=SCANNING | rows=1 | claims=0
2026-07-03 10:15:52 [INFO] [loop_tick] state=SCANNING | rows=1 | claims=0
2026-07-03 10:15:53 [INFO] [loop_tick] state=SCANNING | rows=1 | claims=0
2026-07-03 10:15:53 [INFO] [loop_tick] state=SCANNING | rows=1 | claims=0
2026-07-03 10:15:53 [INFO] [loop_tick] state=SCANNING | rows=1 | claims=0
2026-07-03 10:15:53 [INFO] [loop_tick] state=SCANNING | rows=1 | claims=0
2026-07-03 10:15:53 [INFO] [loop_tick] state=SCANNING | rows=1 | claims=0
2026-07-03 10:15:54 [INFO] [loop_tick] state=SCANNING | rows=1 | claims=0
2026-07-03 10:15:54 [INFO] [loop_tick] state=SCANNING | rows=1 | claims=0
2026-07-03 10:15:54 [INFO] [loop_tick] state=SCANNING | rows=2 | claims=0
2026-07-03 10:15:54 [INFO] [loop_tick] state=SCANNING | rows=1 | claims=0
2026-07-03 10:15:54 [INFO] [loop_tick] state=SCANNING | rows=1 | claims=0
2026-07-03 10:15:55 [INFO] [loop_tick] state=SCANNING | rows=1 | claims=0
2026-07-03 10:15:55 [INFO] [loop_tick] state=SCANNING | rows=1 | claims=0
2026-07-03 10:15:55 [INFO] [loop_tick] state=SCANNING | rows=2 | claims=0
2026-07-03 10:15:55 [INFO] [loop_tick] state=SCANNING | rows=2 | claims=0
2026-07-03 10:15:55 [INFO] [loop_tick] state=SCANNING | rows=2 | claims=0
2026-07-03 10:15:56 [INFO] [loop_tick] state=SCANNING | rows=1 | claims=0
2026-07-03 10:15:56 [INFO] [loop_tick] state=SCANNING | rows=1 | claims=0
2026-07-03 10:15:56 [INFO] [loop_tick] state=SCANNING | rows=2 | claims=0
2026-07-03 10:15:56 [INFO] [loop_tick] state=SCANNING | rows=2 | claims=0
2026-07-03 10:15:56 [INFO] [loop_tick] state=SCANNING | rows=2 | claims=0
2026-07-03 10:15:57 [INFO] [loop_tick] state=SCANNING | rows=2 | claims=0
2026-07-03 10:15:57 [INFO] [loop_tick] state=SCANNING | rows=2 | claims=0
2026-07-03 10:15:57 [INFO] [loop_tick] state=SCANNING | rows=2 | claims=0
2026-07-03 10:15:57 [INFO] [loop_tick] state=SCANNING | rows=2 | claims=0
2026-07-03 10:15:57 [INFO] [loop_tick] state=SCANNING | rows=2 | claims=0
2026-07-03 10:15:58 [INFO] [loop_tick] state=SCANNING | rows=2 | claims=0
2026-07-03 10:15:58 [INFO] [loop_tick] state=SCANNING | rows=2 | claims=0
2026-07-03 10:15:58 [INFO] [loop_tick] state=SCANNING | rows=2 | claims=0
2026-07-03 10:15:58 [INFO] [loop_tick] state=SCANNING | rows=2 | claims=0
2026-07-03 10:15:58 [INFO] [loop_tick] state=SCANNING | rows=2 | claims=0
2026-07-03 10:15:59 [INFO] [loop_tick] state=SCANNING | rows=2 | claims=0
2026-07-03 10:15:59 [INFO] [loop_tick] state=SCANNING | rows=2 | claims=0
2026-07-03 10:15:59 [INFO] [loop_tick] state=SCANNING | rows=2 | claims=0
2026-07-03 10:15:59 [INFO] [loop_tick] state=SCANNING | rows=2 | claims=0
2026-07-03 10:16:00 [INFO] [loop_tick] state=SCANNING | rows=2 | claims=0
2026-07-03 10:16:00 [INFO] [loop_tick] state=SCANNING | rows=6 | claims=0
2026-07-03 10:16:00 [INFO] [loop_tick] state=SCANNING | rows=6 | claims=0
2026-07-03 10:16:00 [INFO] [loop_tick] state=SCANNING | rows=6 | claims=0
2026-07-03 10:16:00 [INFO] [loop_tick] state=SCANNING | rows=5 | claims=0
2026-07-03 10:16:01 [INFO] [loop_tick] state=SCANNING | rows=5 | claims=0
2026-07-03 10:16:01 [INFO] [loop_tick] state=SCANNING | rows=5 | claims=0
2026-07-03 10:16:01 [INFO] [loop_tick] state=SCANNING | rows=6 | claims=0
2026-07-03 10:16:01 [INFO] [loop_tick] state=SCANNING | rows=5 | claims=0
2026-07-03 10:16:01 [INFO] [loop_tick] state=SCANNING | rows=2 | claims=0
2026-07-03 10:16:02 [INFO] [loop_tick] state=SCANNING | rows=2 | claims=0
2026-07-03 10:16:02 [INFO] [loop_tick] state=SCANNING | rows=2 | claims=0
2026-07-03 10:16:02 [INFO] [loop_tick] state=SCANNING | rows=2 | claims=0
2026-07-03 10:16:02 [INFO] [loop_tick] state=SCANNING | rows=2 | claims=0
2026-07-03 10:16:03 [INFO] [loop_tick] state=SCANNING | rows=2 | claims=0
2026-07-03 10:16:03 [INFO] [loop_tick] state=SCANNING | rows=2 | claims=0
2026-07-03 10:16:03 [INFO] [loop_tick] state=SCANNING | rows=2 | claims=0
2026-07-03 10:16:03 [INFO] [loop_tick] state=SCANNING | rows=2 | claims=0
2026-07-03 10:16:04 [INFO] [loop_tick] state=SCANNING | rows=3 | claims=0
2026-07-03 10:16:04 [INFO] [loop_tick] state=SCANNING | rows=3 | claims=0
2026-07-03 10:16:05 [INFO] [loop_tick] state=SCANNING | rows=2 | claims=0
2026-07-03 10:16:05 [INFO] [loop_tick] state=SCANNING | rows=2 | claims=0
2026-07-03 10:16:05 [INFO] [loop_tick] state=SCANNING | rows=2 | claims=0
2026-07-03 10:16:05 [INFO] [loop_tick] state=SCANNING | rows=3 | claims=0
2026-07-03 10:16:06 [INFO] [loop_tick] state=SCANNING | rows=7 | claims=0
2026-07-03 10:16:06 [INFO] [loop_tick] state=SCANNING | rows=7 | claims=0
2026-07-03 10:16:06 [INFO] [loop_tick] state=SCANNING | rows=6 | claims=0
2026-07-03 10:16:06 [INFO] [loop_tick] state=SCANNING | rows=6 | claims=0
2026-07-03 10:16:06 [INFO] [loop_tick] state=SCANNING | rows=7 | claims=0
2026-07-03 10:16:07 [INFO] [loop_tick] state=SCANNING | rows=6 | claims=0
2026-07-03 10:16:07 [INFO] [loop_tick] state=SCANNING | rows=6 | claims=0
2026-07-03 10:16:07 [INFO] [loop_tick] state=SCANNING | rows=6 | claims=0
2026-07-03 10:16:07 [INFO] [loop_tick] state=SCANNING | rows=5 | claims=0
2026-07-03 10:16:07 [INFO] [loop_tick] state=SCANNING | rows=6 | claims=0
2026-07-03 10:16:08 [INFO] [loop_tick] state=SCANNING | rows=6 | claims=0
2026-07-03 10:16:08 [INFO] [loop_tick] state=SCANNING | rows=6 | claims=0
2026-07-03 10:16:08 [INFO] [loop_tick] state=SCANNING | rows=3 | claims=0
2026-07-03 10:16:08 [INFO] [loop_tick] state=SCANNING | rows=2 | claims=0
2026-07-03 10:16:09 [INFO] [loop_tick] state=SCANNING | rows=3 | claims=0
2026-07-03 10:16:09 [INFO] [loop_tick] state=SCANNING | rows=2 | claims=0
2026-07-03 10:16:09 [INFO] [loop_tick] state=SCANNING | rows=2 | claims=0
2026-07-03 10:16:10 [INFO] [loop_tick] state=SCANNING | rows=2 | claims=0
2026-07-03 10:16:10 [INFO] [loop_tick] state=SCANNING | rows=2 | claims=0
2026-07-03 10:16:10 [INFO] [loop_tick] state=SCANNING | rows=2 | claims=0
2026-07-03 10:16:11 [INFO] [loop_tick] state=SCANNING | rows=2 | claims=0
2026-07-03 10:16:12 [INFO] [loop_tick] state=SCANNING | rows=2 | claims=0
2026-07-03 10:16:12 [INFO] [loop_tick] state=SCANNING | rows=2 | claims=0
2026-07-03 10:16:12 [INFO] [loop_tick] state=SCANNING | rows=2 | claims=0
2026-07-03 10:16:12 [INFO] [loop_tick] state=SCANNING | rows=2 | claims=0
2026-07-03 10:16:12 [INFO] [loop_tick] state=SCANNING | rows=2 | claims=0
2026-07-03 10:16:13 [INFO] [loop_tick] state=SCANNING | rows=2 | claims=0
2026-07-03 10:16:13 [INFO] [loop_tick] state=SCANNING | rows=2 | claims=0
2026-07-03 10:16:14 [INFO] [loop_tick] state=SCANNING | rows=2 | claims=0
2026-07-03 10:16:14 [INFO] [loop_tick] state=SCANNING | rows=2 | claims=0
2026-07-03 10:16:14 [INFO] [loop_tick] state=SCANNING | rows=2 | claims=0
2026-07-03 10:16:14 [INFO] [loop_tick] state=SCANNING | rows=2 | claims=0
2026-07-03 10:16:15 [INFO] [loop_tick] state=SCANNING | rows=2 | claims=0
2026-07-03 10:16:15 [INFO] [loop_tick] state=SCANNING | rows=2 | claims=0
2026-07-03 10:16:15 [INFO] [loop_tick] state=SCANNING | rows=2 | claims=0
2026-07-03 10:16:15 [INFO] [loop_tick] state=SCANNING | rows=1 | claims=0
2026-07-03 10:16:15 [INFO] [loop_tick] state=SCANNING | rows=1 | claims=0
2026-07-03 10:16:16 [INFO] [loop_tick] state=SCANNING | rows=1 | claims=0
2026-07-03 10:16:16 [INFO] [loop_tick] state=SCANNING | rows=2 | claims=0
2026-07-03 10:16:16 [INFO] [loop_tick] state=SCANNING | rows=2 | claims=0
2026-07-03 10:16:16 [INFO] [loop_tick] state=SCANNING | rows=2 | claims=0
2026-07-03 10:16:17 [INFO] [loop_tick] state=SCANNING | rows=2 | claims=0
2026-07-03 10:16:17 [INFO] [loop_tick] state=SCANNING | rows=2 | claims=0
2026-07-03 10:16:17 [INFO] [loop_tick] state=SCANNING | rows=2 | claims=0
2026-07-03 10:16:17 [INFO] [loop_tick] state=SCANNING | rows=2 | claims=0
2026-07-03 10:16:18 [INFO] [loop_tick] state=SCANNING | rows=2 | claims=0
2026-07-03 10:16:19 [INFO] [loop_tick] state=SCANNING | rows=2 | claims=0
2026-07-03 10:16:19 [INFO] Clean exit requested (ESC).
2026-07-03 10:16:19 [INFO] WorkflowEngine shut down cleanly.
2026-07-03 10:23:01 [INFO] System Tray initialized. Application is running in the background.
2026-07-03 10:23:01 [INFO] All sub-systems initialised.
2026-07-03 10:23:01 [INFO] [state_change] from_state=IDLE | to_state=SCANNING
2026-07-03 10:23:01 [INFO] WorkflowEngine started — user='phan'  table={'left': 52, 'top': 601, 'width': 1491, 'height': 298}
2026-07-03 10:23:06 [INFO] [loop_tick] state=SCANNING | rows=5 | claims=0
2026-07-03 10:23:06 [INFO] [loop_tick] state=SCANNING | rows=5 | claims=0
2026-07-03 10:23:07 [INFO] [loop_tick] state=SCANNING | rows=5 | claims=0
2026-07-03 10:23:09 [INFO] [loop_tick] state=SCANNING | rows=5 | claims=0
2026-07-03 10:23:10 [INFO] [loop_tick] state=SCANNING | rows=2 | claims=0
2026-07-03 10:23:11 [INFO] [loop_tick] state=SCANNING | rows=5 | claims=0
2026-07-03 10:23:12 [INFO] [row_detected] total_rows=7 | claim_rows=[1, 2]
2026-07-03 10:23:12 [INFO] [claim_found] row_id=1 | text=CLAIM | confidence=0.999 | claim_cell=(1169, 649)
2026-07-03 10:23:12 [INFO] [state_change] from_state=SCANNING | to_state=CLAIM_FOUND
2026-07-03 10:23:12 [INFO] [state_change] from_state=CLAIM_FOUND | to_state=CLICK_CLAIM
2026-07-03 10:23:13 [INFO] [claim_cell_clicked] row_id=1 | x=1169 | y=649
2026-07-03 10:23:13 [INFO] [state_change] from_state=CLICK_CLAIM | to_state=WAIT_USERNAME
2026-07-03 10:23:18 [WARNING] WAIT_USERNAME timed out (5s) — row y=648. Stopping to prevent double claims.
2026-07-03 10:23:18 [INFO] [timeout] state=WAIT_USERNAME | y_key=648
2026-07-03 10:23:18 [INFO] [state_change] from_state=WAIT_USERNAME | to_state=STOPPED
2026-07-03 10:23:28 [INFO] Automation DISABLED (F8)
2026-07-03 10:23:31 [INFO] Automation ENABLED (F8)
2026-07-03 10:23:31 [INFO] [state_change] from_state=STOPPED | to_state=SCANNING
2026-07-03 10:23:31 [INFO] [row_detected] total_rows=10 | claim_rows=[0, 3]
2026-07-03 10:23:31 [INFO] [claim_found] row_id=0 | text=CLAIM | confidence=0.999 | claim_cell=(1169, 619)
2026-07-03 10:23:31 [INFO] [state_change] from_state=SCANNING | to_state=CLAIM_FOUND
2026-07-03 10:23:31 [INFO] [state_change] from_state=CLAIM_FOUND | to_state=CLICK_CLAIM
2026-07-03 10:23:33 [INFO] [claim_cell_clicked] row_id=0 | x=1169 | y=619
2026-07-03 10:23:33 [INFO] [state_change] from_state=CLICK_CLAIM | to_state=WAIT_USERNAME
2026-07-03 10:23:33 [INFO] [claim_verified] y_key=616 | cell_text=phan | elapsed_s=0.802
2026-07-03 10:23:33 [INFO] [state_change] from_state=WAIT_USERNAME | to_state=CLAIM_SUCCESS
2026-07-03 10:23:35 [INFO] [select_clicked] y_key=616 | x=1316 | y=619
2026-07-03 10:23:35 [INFO] Automation DISABLED (F8)
2026-07-03 10:23:37 [INFO] [state_change] from_state=CLAIM_SUCCESS | to_state=CLICK_SELECT
2026-07-03 10:23:37 [WARNING] Illegal FSM transition CLICK_SELECT → STOPPED — ignored
2026-07-03 10:23:37 [WARNING] Illegal FSM transition CLICK_SELECT → STOPPED — ignored
2026-07-03 10:23:37 [WARNING] Illegal FSM transition CLICK_SELECT → STOPPED — ignored
2026-07-03 10:23:37 [WARNING] Illegal FSM transition CLICK_SELECT → STOPPED — ignored
2026-07-03 10:23:38 [WARNING] Illegal FSM transition CLICK_SELECT → STOPPED — ignored
2026-07-03 10:23:38 [WARNING] Illegal FSM transition CLICK_SELECT → STOPPED — ignored
2026-07-03 10:23:38 [WARNING] Illegal FSM transition CLICK_SELECT → STOPPED — ignored
2026-07-03 10:23:38 [WARNING] Illegal FSM transition CLICK_SELECT → STOPPED — ignored
2026-07-03 10:23:38 [WARNING] Illegal FSM transition CLICK_SELECT → STOPPED — ignored
2026-07-03 10:23:39 [WARNING] Illegal FSM transition CLICK_SELECT → STOPPED — ignored
2026-07-03 10:23:39 [WARNING] Illegal FSM transition CLICK_SELECT → STOPPED — ignored
2026-07-03 10:23:39 [WARNING] Illegal FSM transition CLICK_SELECT → STOPPED — ignored
2026-07-03 10:23:39 [WARNING] Illegal FSM transition CLICK_SELECT → STOPPED — ignored
2026-07-03 10:23:39 [WARNING] Illegal FSM transition CLICK_SELECT → STOPPED — ignored
2026-07-03 10:23:40 [WARNING] Illegal FSM transition CLICK_SELECT → STOPPED — ignored
2026-07-03 10:23:40 [WARNING] Illegal FSM transition CLICK_SELECT → STOPPED — ignored
2026-07-03 10:23:40 [WARNING] Illegal FSM transition CLICK_SELECT → STOPPED — ignored
2026-07-03 10:23:40 [WARNING] Illegal FSM transition CLICK_SELECT → STOPPED — ignored
2026-07-03 10:23:40 [WARNING] Illegal FSM transition CLICK_SELECT → STOPPED — ignored
2026-07-03 10:23:41 [WARNING] Illegal FSM transition CLICK_SELECT → STOPPED — ignored
2026-07-03 10:23:41 [WARNING] Illegal FSM transition CLICK_SELECT → STOPPED — ignored
2026-07-03 10:23:41 [WARNING] Illegal FSM transition CLICK_SELECT → STOPPED — ignored
2026-07-03 10:23:41 [WARNING] Illegal FSM transition CLICK_SELECT → STOPPED — ignored
2026-07-03 10:23:41 [WARNING] Illegal FSM transition CLICK_SELECT → STOPPED — ignored
2026-07-03 10:23:42 [WARNING] Illegal FSM transition CLICK_SELECT → STOPPED — ignored
2026-07-03 10:23:42 [WARNING] Illegal FSM transition CLICK_SELECT → STOPPED — ignored
2026-07-03 10:23:42 [WARNING] Illegal FSM transition CLICK_SELECT → STOPPED — ignored
2026-07-03 10:23:42 [WARNING] Illegal FSM transition CLICK_SELECT → STOPPED — ignored
2026-07-03 10:23:42 [WARNING] Illegal FSM transition CLICK_SELECT → STOPPED — ignored
2026-07-03 10:23:43 [WARNING] Illegal FSM transition CLICK_SELECT → STOPPED — ignored
2026-07-03 10:23:43 [WARNING] Illegal FSM transition CLICK_SELECT → STOPPED — ignored
2026-07-03 10:23:43 [WARNING] Illegal FSM transition CLICK_SELECT → STOPPED — ignored
2026-07-03 10:23:43 [WARNING] Illegal FSM transition CLICK_SELECT → STOPPED — ignored
2026-07-03 10:23:43 [WARNING] Illegal FSM transition CLICK_SELECT → STOPPED — ignored
2026-07-03 10:23:44 [WARNING] Illegal FSM transition CLICK_SELECT → STOPPED — ignored
2026-07-03 10:23:44 [INFO] Automation ENABLED (F8)
2026-07-03 10:23:44 [INFO] [state_change] from_state=CLICK_SELECT | to_state=CLICK_CONNECT
2026-07-03 10:23:45 [INFO] Automation DISABLED (F8)
2026-07-03 10:23:45 [INFO] [connect_clicked] y_key=616 | x=768 | y=88
2026-07-03 10:23:45 [INFO] [state_change] from_state=CLICK_CONNECT | to_state=CONNECTED
2026-07-03 10:23:45 [INFO] [state_change] from_state=CONNECTED | to_state=STOPPED
2026-07-03 10:25:55 [INFO] Clean exit requested (ESC).
2026-07-03 10:25:56 [INFO] WorkflowEngine shut down cleanly.
2026-07-03 10:27:51 [INFO] System Tray initialized. Application is running in the background.
2026-07-03 10:27:51 [INFO] All sub-systems initialised.
2026-07-03 10:27:51 [INFO] [state_change] from_state=IDLE | to_state=SCANNING
2026-07-03 10:27:51 [INFO] WorkflowEngine started — user='phan'  table={'left': 52, 'top': 601, 'width': 1491, 'height': 298}
2026-07-03 10:27:56 [INFO] [loop_tick] state=SCANNING | rows=6 | claims=0
2026-07-03 10:27:57 [INFO] [row_detected] total_rows=7 | claim_rows=[0]
2026-07-03 10:27:57 [INFO] [claim_found] row_id=0 | text=CLAIM | confidence=0.999 | claim_cell=(1169, 619)
2026-07-03 10:27:57 [INFO] [state_change] from_state=SCANNING | to_state=CLAIM_FOUND
2026-07-03 10:27:57 [INFO] [state_change] from_state=CLAIM_FOUND | to_state=CLICK_CLAIM
2026-07-03 10:27:57 [INFO] Automation DISABLED (F8)
2026-07-03 10:27:58 [INFO] Automation ENABLED (F8)
2026-07-03 10:27:58 [INFO] [claim_cell_clicked] row_id=0 | x=1169 | y=619
2026-07-03 10:27:58 [INFO] [state_change] from_state=CLICK_CLAIM | to_state=WAIT_USERNAME
2026-07-03 10:27:59 [WARNING] Cell shows 'guyenan' — claimed by someone else.
2026-07-03 10:27:59 [INFO] [claim_stolen] y_key=616 | cell_text=guyenan
2026-07-03 10:27:59 [INFO] [state_change] from_state=WAIT_USERNAME | to_state=SCANNING
2026-07-03 10:27:59 [INFO] [loop_tick] state=SCANNING | rows=7 | claims=0
2026-07-03 10:28:01 [INFO] [loop_tick] state=SCANNING | rows=7 | claims=0
2026-07-03 10:28:04 [INFO] [loop_tick] state=SCANNING | rows=7 | claims=0
2026-07-03 10:28:06 [INFO] [loop_tick] state=SCANNING | rows=7 | claims=0
2026-07-03 10:28:08 [INFO] [loop_tick] state=SCANNING | rows=7 | claims=0
2026-07-03 10:28:11 [INFO] [loop_tick] state=SCANNING | rows=6 | claims=0
2026-07-03 10:28:13 [INFO] [row_detected] total_rows=7 | claim_rows=[1]
2026-07-03 10:28:13 [INFO] [claim_found] row_id=1 | text=CLAIM | confidence=0.999 | claim_cell=(1169, 649)
2026-07-03 10:28:13 [INFO] [state_change] from_state=SCANNING | to_state=CLAIM_FOUND
2026-07-03 10:28:13 [INFO] [state_change] from_state=CLAIM_FOUND | to_state=CLICK_CLAIM
2026-07-03 10:28:15 [INFO] [claim_cell_clicked] row_id=1 | x=1169 | y=649
2026-07-03 10:28:15 [INFO] [state_change] from_state=CLICK_CLAIM | to_state=WAIT_USERNAME
2026-07-03 10:28:20 [WARNING] WAIT_USERNAME timed out (5s) — row y=648. Stopping to prevent double claims.
2026-07-03 10:28:20 [INFO] [timeout] state=WAIT_USERNAME | y_key=648
2026-07-03 10:28:20 [INFO] [state_change] from_state=WAIT_USERNAME | to_state=STOPPED
2026-07-03 10:28:26 [INFO] Automation DISABLED (F8)
2026-07-03 10:28:27 [INFO] Automation ENABLED (F8)
2026-07-03 10:28:27 [INFO] [state_change] from_state=STOPPED | to_state=SCANNING
2026-07-03 10:28:27 [INFO] [row_detected] total_rows=7 | claim_rows=[1]
2026-07-03 10:28:27 [INFO] [claim_found] row_id=1 | text=CLAIM | confidence=0.999 | claim_cell=(1169, 649)
2026-07-03 10:28:27 [INFO] [state_change] from_state=SCANNING | to_state=CLAIM_FOUND
2026-07-03 10:28:27 [INFO] [state_change] from_state=CLAIM_FOUND | to_state=CLICK_CLAIM
2026-07-03 10:28:29 [INFO] [claim_cell_clicked] row_id=1 | x=1169 | y=649
2026-07-03 10:28:29 [INFO] [state_change] from_state=CLICK_CLAIM | to_state=WAIT_USERNAME
2026-07-03 10:28:29 [WARNING] Cell shows 'calamba_' — claimed by someone else.
2026-07-03 10:28:29 [INFO] [claim_stolen] y_key=648 | cell_text=calamba_
2026-07-03 10:28:29 [INFO] [state_change] from_state=WAIT_USERNAME | to_state=SCANNING
2026-07-03 10:28:29 [INFO] [loop_tick] state=SCANNING | rows=7 | claims=0
2026-07-03 10:28:29 [INFO] [loop_tick] state=SCANNING | rows=7 | claims=0
2026-07-03 10:28:30 [INFO] [loop_tick] state=SCANNING | rows=7 | claims=0
2026-07-03 10:28:32 [INFO] [loop_tick] state=SCANNING | rows=7 | claims=0
2026-07-03 10:28:32 [INFO] [loop_tick] state=SCANNING | rows=7 | claims=0
2026-07-03 10:28:34 [INFO] [loop_tick] state=SCANNING | rows=7 | claims=0
2026-07-03 10:28:37 [INFO] [loop_tick] state=SCANNING | rows=7 | claims=0
2026-07-03 10:28:39 [INFO] [row_detected] total_rows=9 | claim_rows=[1]
2026-07-03 10:28:41 [INFO] [row_detected] total_rows=9 | claim_rows=[1]
2026-07-03 10:28:44 [INFO] [row_detected] total_rows=9 | claim_rows=[1]
2026-07-03 10:28:46 [INFO] [row_detected] total_rows=9 | claim_rows=[1]
2026-07-03 10:28:47 [INFO] Automation DISABLED (F8)
2026-07-03 10:28:47 [INFO] [state_change] from_state=SCANNING | to_state=STOPPED
2026-07-03 10:28:47 [INFO] Automation ENABLED (F8)
2026-07-03 10:28:47 [INFO] [state_change] from_state=STOPPED | to_state=SCANNING
2026-07-03 10:28:48 [INFO] [row_detected] total_rows=9 | claim_rows=[1]
2026-07-03 10:28:48 [INFO] [claim_found] row_id=1 | text=CLAIM | confidence=0.999 | claim_cell=(1169, 649)
2026-07-03 10:28:48 [INFO] [state_change] from_state=SCANNING | to_state=CLAIM_FOUND
2026-07-03 10:28:48 [INFO] [state_change] from_state=CLAIM_FOUND | to_state=CLICK_CLAIM
2026-07-03 10:28:50 [INFO] [claim_cell_clicked] row_id=1 | x=1169 | y=649
2026-07-03 10:28:50 [INFO] [state_change] from_state=CLICK_CLAIM | to_state=WAIT_USERNAME
2026-07-03 10:28:50 [WARNING] Cell shows 'aiming' — claimed by someone else.
2026-07-03 10:28:50 [INFO] [claim_stolen] y_key=648 | cell_text=aiming
2026-07-03 10:28:50 [INFO] [state_change] from_state=WAIT_USERNAME | to_state=SCANNING
2026-07-03 10:28:51 [INFO] [loop_tick] state=SCANNING | rows=9 | claims=0
2026-07-03 10:28:51 [INFO] [loop_tick] state=SCANNING | rows=9 | claims=0
2026-07-03 10:28:53 [INFO] [loop_tick] state=SCANNING | rows=9 | claims=0
2026-07-03 10:28:55 [INFO] [loop_tick] state=SCANNING | rows=9 | claims=0
2026-07-03 10:28:56 [INFO] [loop_tick] state=SCANNING | rows=9 | claims=0
2026-07-03 10:28:58 [INFO] [loop_tick] state=SCANNING | rows=9 | claims=0
2026-07-03 10:29:00 [INFO] [loop_tick] state=SCANNING | rows=9 | claims=0
2026-07-03 10:29:03 [INFO] [loop_tick] state=SCANNING | rows=9 | claims=0
2026-07-03 10:29:05 [INFO] [loop_tick] state=SCANNING | rows=9 | claims=0
2026-07-03 10:29:07 [INFO] [loop_tick] state=SCANNING | rows=9 | claims=0
2026-07-03 10:29:10 [INFO] [loop_tick] state=SCANNING | rows=9 | claims=0
2026-07-03 10:29:12 [INFO] [loop_tick] state=SCANNING | rows=9 | claims=0
2026-07-03 10:29:14 [INFO] Clean exit requested (ESC).
2026-07-03 10:29:14 [INFO] WorkflowEngine shut down cleanly.
2026-07-03 10:29:26 [INFO] System Tray initialized. Application is running in the background.
2026-07-03 10:29:26 [INFO] All sub-systems initialised.
2026-07-03 10:29:26 [INFO] [state_change] from_state=IDLE | to_state=SCANNING
2026-07-03 10:29:26 [INFO] WorkflowEngine started — user='phan'  table={'left': 52, 'top': 601, 'width': 1491, 'height': 298}
2026-07-03 10:29:30 [INFO] [loop_tick] state=SCANNING | rows=7 | claims=0
2026-07-03 10:29:30 [INFO] [loop_tick] state=SCANNING | rows=7 | claims=0
2026-07-03 10:29:32 [INFO] [loop_tick] state=SCANNING | rows=7 | claims=0
2026-07-03 10:29:34 [INFO] [loop_tick] state=SCANNING | rows=7 | claims=0
2026-07-03 10:29:37 [INFO] [loop_tick] state=SCANNING | rows=7 | claims=0
2026-07-03 10:29:37 [INFO] Automation DISABLED (F8)
2026-07-03 10:29:37 [INFO] [state_change] from_state=SCANNING | to_state=STOPPED
2026-07-03 10:31:28 [INFO] Clean exit requested (ESC).
2026-07-03 10:31:28 [INFO] WorkflowEngine shut down cleanly.
2026-07-03 10:32:28 [INFO] System Tray initialized. Application is running in the background.
2026-07-03 10:32:28 [INFO] All sub-systems initialised.
2026-07-03 10:32:28 [INFO] [state_change] from_state=IDLE | to_state=SCANNING
2026-07-03 10:32:28 [INFO] WorkflowEngine started — user='phan'  table={'left': 52, 'top': 601, 'width': 1491, 'height': 298}
2026-07-03 10:32:32 [INFO] [row_detected] total_rows=10 | claim_rows=[0, 2]
2026-07-03 10:32:32 [INFO] [claim_found] row_id=0 | text=CLAIM | confidence=0.999 | claim_cell=(1169, 619)
2026-07-03 10:32:32 [INFO] [state_change] from_state=SCANNING | to_state=CLAIM_FOUND
2026-07-03 10:32:32 [INFO] [state_change] from_state=CLAIM_FOUND | to_state=CLICK_CLAIM
2026-07-03 10:32:34 [INFO] [claim_cell_clicked] row_id=0 | x=1169 | y=619
2026-07-03 10:32:34 [INFO] [state_change] from_state=CLICK_CLAIM | to_state=WAIT_USERNAME
2026-07-03 10:32:35 [INFO] [claim_verified] y_key=616 | cell_text=phan | elapsed_s=0.801
2026-07-03 10:32:35 [INFO] [state_change] from_state=WAIT_USERNAME | to_state=CLAIM_SUCCESS
2026-07-03 10:32:36 [INFO] [select_clicked] y_key=616 | x=1316 | y=619
2026-07-03 10:32:38 [INFO] [state_change] from_state=CLAIM_SUCCESS | to_state=CLICK_SELECT
2026-07-03 10:32:38 [INFO] [state_change] from_state=CLICK_SELECT | to_state=CLICK_CONNECT
2026-07-03 10:32:40 [INFO] [connect_clicked] y_key=616 | x=768 | y=88
2026-07-03 10:32:40 [INFO] [state_change] from_state=CLICK_CONNECT | to_state=CONNECTED
2026-07-03 10:32:40 [INFO] ✓ Connected! Waiting 1000ms then entering STOPPED state.
2026-07-03 10:32:41 [INFO] [state_change] from_state=CONNECTED | to_state=STOPPED
2026-07-03 10:32:46 [INFO] Automation ENABLED (F8)
2026-07-03 10:32:46 [INFO] [state_change] from_state=STOPPED | to_state=SCANNING
2026-07-03 10:32:46 [INFO] [row_detected] total_rows=10 | claim_rows=[2]
2026-07-03 10:32:46 [INFO] [claim_found] row_id=2 | text=CLAIM | confidence=0.999 | claim_cell=(1169, 679)
2026-07-03 10:32:46 [INFO] [state_change] from_state=SCANNING | to_state=CLAIM_FOUND
2026-07-03 10:32:46 [INFO] [state_change] from_state=CLAIM_FOUND | to_state=CLICK_CLAIM
2026-07-03 10:32:48 [INFO] [claim_cell_clicked] row_id=2 | x=1169 | y=679
2026-07-03 10:32:48 [INFO] [state_change] from_state=CLICK_CLAIM | to_state=WAIT_USERNAME
2026-07-03 10:32:49 [WARNING] Cell shows 'aiming' — claimed by someone else.
2026-07-03 10:32:49 [INFO] [claim_stolen] y_key=680 | cell_text=aiming
2026-07-03 10:32:49 [INFO] [state_change] from_state=WAIT_USERNAME | to_state=SCANNING
2026-07-03 10:32:49 [INFO] [loop_tick] state=SCANNING | rows=10 | claims=0
2026-07-03 10:32:50 [INFO] [row_detected] total_rows=10 | claim_rows=[3]
2026-07-03 10:32:50 [INFO] [claim_found] row_id=3 | text=CLAIM | confidence=0.999 | claim_cell=(1160, 709)
2026-07-03 10:32:50 [INFO] [state_change] from_state=SCANNING | to_state=CLAIM_FOUND
2026-07-03 10:32:50 [INFO] [state_change] from_state=CLAIM_FOUND | to_state=CLICK_CLAIM
2026-07-03 10:32:51 [INFO] [claim_cell_clicked] row_id=3 | x=1160 | y=709
2026-07-03 10:32:51 [INFO] [state_change] from_state=CLICK_CLAIM | to_state=WAIT_USERNAME
2026-07-03 10:32:54 [INFO] [claim_verified] y_key=712 | cell_text=phan | elapsed_s=2.605
2026-07-03 10:32:54 [INFO] [state_change] from_state=WAIT_USERNAME | to_state=CLAIM_SUCCESS
2026-07-03 10:32:55 [INFO] Automation DISABLED (F8)
2026-07-03 10:32:55 [INFO] [select_clicked] y_key=712 | x=1316 | y=709
2026-07-03 10:32:57 [INFO] [state_change] from_state=CLAIM_SUCCESS | to_state=CLICK_SELECT
2026-07-03 10:32:57 [WARNING] Illegal FSM transition CLICK_SELECT → STOPPED — ignored
2026-07-03 10:32:57 [WARNING] Illegal FSM transition CLICK_SELECT → STOPPED — ignored
2026-07-03 10:32:58 [WARNING] Illegal FSM transition CLICK_SELECT → STOPPED — ignored
2026-07-03 10:32:58 [WARNING] Illegal FSM transition CLICK_SELECT → STOPPED — ignored
2026-07-03 10:32:58 [WARNING] Illegal FSM transition CLICK_SELECT → STOPPED — ignored
2026-07-03 10:32:58 [WARNING] Illegal FSM transition CLICK_SELECT → STOPPED — ignored
2026-07-03 10:32:58 [WARNING] Illegal FSM transition CLICK_SELECT → STOPPED — ignored
2026-07-03 10:32:59 [WARNING] Illegal FSM transition CLICK_SELECT → STOPPED — ignored
2026-07-03 10:32:59 [WARNING] Illegal FSM transition CLICK_SELECT → STOPPED — ignored
2026-07-03 10:32:59 [WARNING] Illegal FSM transition CLICK_SELECT → STOPPED — ignored
2026-07-03 10:32:59 [WARNING] Illegal FSM transition CLICK_SELECT → STOPPED — ignored
2026-07-03 10:32:59 [WARNING] Illegal FSM transition CLICK_SELECT → STOPPED — ignored
2026-07-03 10:33:00 [WARNING] Illegal FSM transition CLICK_SELECT → STOPPED — ignored
2026-07-03 10:33:00 [WARNING] Illegal FSM transition CLICK_SELECT → STOPPED — ignored
2026-07-03 10:33:00 [WARNING] Illegal FSM transition CLICK_SELECT → STOPPED — ignored
2026-07-03 10:33:00 [WARNING] Illegal FSM transition CLICK_SELECT → STOPPED — ignored
2026-07-03 10:33:00 [WARNING] Illegal FSM transition CLICK_SELECT → STOPPED — ignored
2026-07-03 10:33:01 [WARNING] Illegal FSM transition CLICK_SELECT → STOPPED — ignored
2026-07-03 10:33:01 [WARNING] Illegal FSM transition CLICK_SELECT → STOPPED — ignored
2026-07-03 10:33:01 [WARNING] Illegal FSM transition CLICK_SELECT → STOPPED — ignored
2026-07-03 10:33:01 [WARNING] Illegal FSM transition CLICK_SELECT → STOPPED — ignored
2026-07-03 10:33:01 [WARNING] Illegal FSM transition CLICK_SELECT → STOPPED — ignored
2026-07-03 10:33:02 [WARNING] Illegal FSM transition CLICK_SELECT → STOPPED — ignored
2026-07-03 10:33:02 [WARNING] Illegal FSM transition CLICK_SELECT → STOPPED — ignored
2026-07-03 10:33:02 [WARNING] Illegal FSM transition CLICK_SELECT → STOPPED — ignored
2026-07-03 10:33:02 [WARNING] Illegal FSM transition CLICK_SELECT → STOPPED — ignored
2026-07-03 10:33:02 [WARNING] Illegal FSM transition CLICK_SELECT → STOPPED — ignored
2026-07-03 10:33:03 [WARNING] Illegal FSM transition CLICK_SELECT → STOPPED — ignored
2026-07-03 10:33:03 [WARNING] Illegal FSM transition CLICK_SELECT → STOPPED — ignored
2026-07-03 10:33:03 [WARNING] Illegal FSM transition CLICK_SELECT → STOPPED — ignored
2026-07-03 10:33:03 [WARNING] Illegal FSM transition CLICK_SELECT → STOPPED — ignored
2026-07-03 10:33:03 [WARNING] Illegal FSM transition CLICK_SELECT → STOPPED — ignored
2026-07-03 10:33:04 [WARNING] Illegal FSM transition CLICK_SELECT → STOPPED — ignored
2026-07-03 10:33:04 [WARNING] Illegal FSM transition CLICK_SELECT → STOPPED — ignored
2026-07-03 10:33:04 [WARNING] Illegal FSM transition CLICK_SELECT → STOPPED — ignored
2026-07-03 10:33:04 [WARNING] Illegal FSM transition CLICK_SELECT → STOPPED — ignored
2026-07-03 10:33:04 [WARNING] Illegal FSM transition CLICK_SELECT → STOPPED — ignored
2026-07-03 10:33:05 [WARNING] Illegal FSM transition CLICK_SELECT → STOPPED — ignored
2026-07-03 10:33:05 [WARNING] Illegal FSM transition CLICK_SELECT → STOPPED — ignored
2026-07-03 10:33:05 [WARNING] Illegal FSM transition CLICK_SELECT → STOPPED — ignored
2026-07-03 10:33:05 [WARNING] Illegal FSM transition CLICK_SELECT → STOPPED — ignored
2026-07-03 10:33:05 [WARNING] Illegal FSM transition CLICK_SELECT → STOPPED — ignored
2026-07-03 10:33:06 [WARNING] Illegal FSM transition CLICK_SELECT → STOPPED — ignored
2026-07-03 10:33:06 [WARNING] Illegal FSM transition CLICK_SELECT → STOPPED — ignored
2026-07-03 10:33:06 [WARNING] Illegal FSM transition CLICK_SELECT → STOPPED — ignored
2026-07-03 10:33:06 [WARNING] Illegal FSM transition CLICK_SELECT → STOPPED — ignored
2026-07-03 10:33:06 [WARNING] Illegal FSM transition CLICK_SELECT → STOPPED — ignored
2026-07-03 10:33:07 [WARNING] Illegal FSM transition CLICK_SELECT → STOPPED — ignored
2026-07-03 10:33:07 [WARNING] Illegal FSM transition CLICK_SELECT → STOPPED — ignored
2026-07-03 10:33:07 [WARNING] Illegal FSM transition CLICK_SELECT → STOPPED — ignored
2026-07-03 10:33:07 [WARNING] Illegal FSM transition CLICK_SELECT → STOPPED — ignored
2026-07-03 10:33:07 [WARNING] Illegal FSM transition CLICK_SELECT → STOPPED — ignored
2026-07-03 10:33:08 [WARNING] Illegal FSM transition CLICK_SELECT → STOPPED — ignored
2026-07-03 10:33:08 [WARNING] Illegal FSM transition CLICK_SELECT → STOPPED — ignored
2026-07-03 10:33:08 [WARNING] Illegal FSM transition CLICK_SELECT → STOPPED — ignored
2026-07-03 10:33:08 [WARNING] Illegal FSM transition CLICK_SELECT → STOPPED — ignored
2026-07-03 10:33:08 [WARNING] Illegal FSM transition CLICK_SELECT → STOPPED — ignored
2026-07-03 10:33:09 [WARNING] Illegal FSM transition CLICK_SELECT → STOPPED — ignored
2026-07-03 10:33:09 [WARNING] Illegal FSM transition CLICK_SELECT → STOPPED — ignored
2026-07-03 10:33:09 [WARNING] Illegal FSM transition CLICK_SELECT → STOPPED — ignored
2026-07-03 10:33:09 [WARNING] Illegal FSM transition CLICK_SELECT → STOPPED — ignored
2026-07-03 10:33:09 [WARNING] Illegal FSM transition CLICK_SELECT → STOPPED — ignored
2026-07-03 10:33:10 [WARNING] Illegal FSM transition CLICK_SELECT → STOPPED — ignored
2026-07-03 10:33:10 [WARNING] Illegal FSM transition CLICK_SELECT → STOPPED — ignored
2026-07-03 10:33:10 [WARNING] Illegal FSM transition CLICK_SELECT → STOPPED — ignored
2026-07-03 10:33:10 [WARNING] Illegal FSM transition CLICK_SELECT → STOPPED — ignored
2026-07-03 10:33:10 [WARNING] Illegal FSM transition CLICK_SELECT → STOPPED — ignored
2026-07-03 10:33:11 [WARNING] Illegal FSM transition CLICK_SELECT → STOPPED — ignored
2026-07-03 10:33:11 [WARNING] Illegal FSM transition CLICK_SELECT → STOPPED — ignored
2026-07-03 10:33:11 [WARNING] Illegal FSM transition CLICK_SELECT → STOPPED — ignored
2026-07-03 10:33:11 [WARNING] Illegal FSM transition CLICK_SELECT → STOPPED — ignored
2026-07-03 10:33:11 [WARNING] Illegal FSM transition CLICK_SELECT → STOPPED — ignored
2026-07-03 10:33:12 [WARNING] Illegal FSM transition CLICK_SELECT → STOPPED — ignored
2026-07-03 10:33:12 [WARNING] Illegal FSM transition CLICK_SELECT → STOPPED — ignored
2026-07-03 10:33:12 [WARNING] Illegal FSM transition CLICK_SELECT → STOPPED — ignored
2026-07-03 10:33:12 [WARNING] Illegal FSM transition CLICK_SELECT → STOPPED — ignored
2026-07-03 10:33:12 [WARNING] Illegal FSM transition CLICK_SELECT → STOPPED — ignored
2026-07-03 10:33:13 [WARNING] Illegal FSM transition CLICK_SELECT → STOPPED — ignored
2026-07-03 10:33:13 [WARNING] Illegal FSM transition CLICK_SELECT → STOPPED — ignored
2026-07-03 10:33:13 [WARNING] Illegal FSM transition CLICK_SELECT → STOPPED — ignored
2026-07-03 10:33:13 [WARNING] Illegal FSM transition CLICK_SELECT → STOPPED — ignored
2026-07-03 10:33:13 [WARNING] Illegal FSM transition CLICK_SELECT → STOPPED — ignored
2026-07-03 10:33:14 [WARNING] Illegal FSM transition CLICK_SELECT → STOPPED — ignored
2026-07-03 10:33:14 [WARNING] Illegal FSM transition CLICK_SELECT → STOPPED — ignored
2026-07-03 10:33:14 [WARNING] Illegal FSM transition CLICK_SELECT → STOPPED — ignored
2026-07-03 10:33:14 [WARNING] Illegal FSM transition CLICK_SELECT → STOPPED — ignored
2026-07-03 10:33:14 [WARNING] Illegal FSM transition CLICK_SELECT → STOPPED — ignored
2026-07-03 10:33:15 [WARNING] Illegal FSM transition CLICK_SELECT → STOPPED — ignored
2026-07-03 10:33:15 [WARNING] Illegal FSM transition CLICK_SELECT → STOPPED — ignored
2026-07-03 10:33:15 [WARNING] Illegal FSM transition CLICK_SELECT → STOPPED — ignored
2026-07-03 10:33:15 [WARNING] Illegal FSM transition CLICK_SELECT → STOPPED — ignored
2026-07-03 10:33:15 [WARNING] Illegal FSM transition CLICK_SELECT → STOPPED — ignored
2026-07-03 10:33:16 [WARNING] Illegal FSM transition CLICK_SELECT → STOPPED — ignored
2026-07-03 10:33:16 [WARNING] Illegal FSM transition CLICK_SELECT → STOPPED — ignored
2026-07-03 10:33:16 [WARNING] Illegal FSM transition CLICK_SELECT → STOPPED — ignored
2026-07-03 10:33:16 [WARNING] Illegal FSM transition CLICK_SELECT → STOPPED — ignored
2026-07-03 10:33:16 [WARNING] Illegal FSM transition CLICK_SELECT → STOPPED — ignored
2026-07-03 10:33:17 [WARNING] Illegal FSM transition CLICK_SELECT → STOPPED — ignored
2026-07-03 10:33:17 [WARNING] Illegal FSM transition CLICK_SELECT → STOPPED — ignored
2026-07-03 10:33:17 [WARNING] Illegal FSM transition CLICK_SELECT → STOPPED — ignored
2026-07-03 10:33:17 [WARNING] Illegal FSM transition CLICK_SELECT → STOPPED — ignored
2026-07-03 10:33:17 [WARNING] Illegal FSM transition CLICK_SELECT → STOPPED — ignored
2026-07-03 10:33:18 [WARNING] Illegal FSM transition CLICK_SELECT → STOPPED — ignored
2026-07-03 10:33:18 [WARNING] Illegal FSM transition CLICK_SELECT → STOPPED — ignored
2026-07-03 10:33:18 [WARNING] Illegal FSM transition CLICK_SELECT → STOPPED — ignored
2026-07-03 10:33:18 [WARNING] Illegal FSM transition CLICK_SELECT → STOPPED — ignored
2026-07-03 10:33:18 [WARNING] Illegal FSM transition CLICK_SELECT → STOPPED — ignored
2026-07-03 10:33:19 [WARNING] Illegal FSM transition CLICK_SELECT → STOPPED — ignored
2026-07-03 10:33:19 [WARNING] Illegal FSM transition CLICK_SELECT → STOPPED — ignored
2026-07-03 10:33:19 [WARNING] Illegal FSM transition CLICK_SELECT → STOPPED — ignored
2026-07-03 10:33:19 [WARNING] Illegal FSM transition CLICK_SELECT → STOPPED — ignored
2026-07-03 10:33:19 [WARNING] Illegal FSM transition CLICK_SELECT → STOPPED — ignored
2026-07-03 10:33:20 [WARNING] Illegal FSM transition CLICK_SELECT → STOPPED — ignored
2026-07-03 10:33:20 [WARNING] Illegal FSM transition CLICK_SELECT → STOPPED — ignored
2026-07-03 10:33:20 [WARNING] Illegal FSM transition CLICK_SELECT → STOPPED — ignored
2026-07-03 10:33:20 [WARNING] Illegal FSM transition CLICK_SELECT → STOPPED — ignored
2026-07-03 10:33:20 [WARNING] Illegal FSM transition CLICK_SELECT → STOPPED — ignored
2026-07-03 10:33:21 [WARNING] Illegal FSM transition CLICK_SELECT → STOPPED — ignored
2026-07-03 10:33:21 [WARNING] Illegal FSM transition CLICK_SELECT → STOPPED — ignored
2026-07-03 10:33:21 [INFO] Automation ENABLED (F8)
2026-07-03 10:33:21 [WARNING] Global timeout in CLICK_SELECT
2026-07-03 10:33:21 [INFO] [timeout] state=CLICK_SELECT
2026-07-03 10:33:21 [WARNING] Illegal FSM transition CLICK_SELECT → SCANNING — ignored
2026-07-03 10:33:21 [WARNING] Global timeout in CLICK_SELECT
2026-07-03 10:33:21 [INFO] [timeout] state=CLICK_SELECT
2026-07-03 10:33:21 [WARNING] Illegal FSM transition CLICK_SELECT → SCANNING — ignored
2026-07-03 10:33:21 [WARNING] Global timeout in CLICK_SELECT
2026-07-03 10:33:21 [INFO] [timeout] state=CLICK_SELECT
2026-07-03 10:33:21 [WARNING] Illegal FSM transition CLICK_SELECT → SCANNING — ignored
2026-07-03 10:33:22 [WARNING] Global timeout in CLICK_SELECT
2026-07-03 10:33:22 [INFO] [timeout] state=CLICK_SELECT
2026-07-03 10:33:22 [WARNING] Illegal FSM transition CLICK_SELECT → SCANNING — ignored
2026-07-03 10:33:22 [WARNING] Global timeout in CLICK_SELECT
2026-07-03 10:33:22 [INFO] [timeout] state=CLICK_SELECT
2026-07-03 10:33:22 [WARNING] Illegal FSM transition CLICK_SELECT → SCANNING — ignored
2026-07-03 10:33:22 [WARNING] Global timeout in CLICK_SELECT
2026-07-03 10:33:22 [INFO] [timeout] state=CLICK_SELECT
2026-07-03 10:33:22 [WARNING] Illegal FSM transition CLICK_SELECT → SCANNING — ignored
2026-07-03 10:33:22 [WARNING] Global timeout in CLICK_SELECT
2026-07-03 10:33:22 [INFO] [timeout] state=CLICK_SELECT
2026-07-03 10:33:22 [WARNING] Illegal FSM transition CLICK_SELECT → SCANNING — ignored
2026-07-03 10:33:22 [WARNING] Global timeout in CLICK_SELECT
2026-07-03 10:33:22 [INFO] [timeout] state=CLICK_SELECT
2026-07-03 10:33:22 [WARNING] Illegal FSM transition CLICK_SELECT → SCANNING — ignored
2026-07-03 10:33:23 [WARNING] Global timeout in CLICK_SELECT
2026-07-03 10:33:23 [INFO] [timeout] state=CLICK_SELECT
2026-07-03 10:33:23 [WARNING] Illegal FSM transition CLICK_SELECT → SCANNING — ignored
2026-07-03 10:33:23 [WARNING] Global timeout in CLICK_SELECT
2026-07-03 10:33:23 [INFO] [timeout] state=CLICK_SELECT
2026-07-03 10:33:23 [WARNING] Illegal FSM transition CLICK_SELECT → SCANNING — ignored
2026-07-03 10:33:23 [WARNING] Global timeout in CLICK_SELECT
2026-07-03 10:33:23 [INFO] [timeout] state=CLICK_SELECT
2026-07-03 10:33:23 [WARNING] Illegal FSM transition CLICK_SELECT → SCANNING — ignored
2026-07-03 10:33:23 [WARNING] Global timeout in CLICK_SELECT
2026-07-03 10:33:23 [INFO] [timeout] state=CLICK_SELECT
2026-07-03 10:33:23 [WARNING] Illegal FSM transition CLICK_SELECT → SCANNING — ignored
2026-07-03 10:33:23 [WARNING] Global timeout in CLICK_SELECT
2026-07-03 10:33:23 [INFO] [timeout] state=CLICK_SELECT
2026-07-03 10:33:23 [WARNING] Illegal FSM transition CLICK_SELECT → SCANNING — ignored
2026-07-03 10:33:24 [WARNING] Global timeout in CLICK_SELECT
2026-07-03 10:33:24 [INFO] [timeout] state=CLICK_SELECT
2026-07-03 10:33:24 [WARNING] Illegal FSM transition CLICK_SELECT → SCANNING — ignored
2026-07-03 10:33:24 [WARNING] Global timeout in CLICK_SELECT
2026-07-03 10:33:24 [INFO] [timeout] state=CLICK_SELECT
2026-07-03 10:33:24 [WARNING] Illegal FSM transition CLICK_SELECT → SCANNING — ignored
2026-07-03 10:33:24 [WARNING] Global timeout in CLICK_SELECT
2026-07-03 10:33:24 [INFO] [timeout] state=CLICK_SELECT
2026-07-03 10:33:24 [WARNING] Illegal FSM transition CLICK_SELECT → SCANNING — ignored
2026-07-03 10:33:24 [INFO] Automation DISABLED (F8)
2026-07-03 10:33:24 [WARNING] Illegal FSM transition CLICK_SELECT → STOPPED — ignored
2026-07-03 10:33:24 [WARNING] Illegal FSM transition CLICK_SELECT → STOPPED — ignored
2026-07-03 10:33:25 [WARNING] Illegal FSM transition CLICK_SELECT → STOPPED — ignored
2026-07-03 10:33:25 [WARNING] Illegal FSM transition CLICK_SELECT → STOPPED — ignored
2026-07-03 10:33:25 [WARNING] Illegal FSM transition CLICK_SELECT → STOPPED — ignored
2026-07-03 10:33:25 [WARNING] Illegal FSM transition CLICK_SELECT → STOPPED — ignored
2026-07-03 10:33:25 [WARNING] Illegal FSM transition CLICK_SELECT → STOPPED — ignored
2026-07-03 10:33:26 [WARNING] Illegal FSM transition CLICK_SELECT → STOPPED — ignored
2026-07-03 10:33:26 [WARNING] Illegal FSM transition CLICK_SELECT → STOPPED — ignored
2026-07-03 10:33:26 [WARNING] Illegal FSM transition CLICK_SELECT → STOPPED — ignored
2026-07-03 10:33:26 [WARNING] Illegal FSM transition CLICK_SELECT → STOPPED — ignored
2026-07-03 10:33:26 [INFO] Automation ENABLED (F8)
2026-07-03 10:33:26 [WARNING] Global timeout in CLICK_SELECT
2026-07-03 10:33:26 [INFO] [timeout] state=CLICK_SELECT
2026-07-03 10:33:26 [WARNING] Illegal FSM transition CLICK_SELECT → SCANNING — ignored
2026-07-03 10:33:27 [WARNING] Global timeout in CLICK_SELECT
2026-07-03 10:33:27 [INFO] [timeout] state=CLICK_SELECT
2026-07-03 10:33:27 [WARNING] Illegal FSM transition CLICK_SELECT → SCANNING — ignored
2026-07-03 10:33:27 [WARNING] Global timeout in CLICK_SELECT
2026-07-03 10:33:27 [INFO] [timeout] state=CLICK_SELECT
2026-07-03 10:33:27 [WARNING] Illegal FSM transition CLICK_SELECT → SCANNING — ignored
2026-07-03 10:33:27 [WARNING] Global timeout in CLICK_SELECT
2026-07-03 10:33:27 [INFO] [timeout] state=CLICK_SELECT
2026-07-03 10:33:27 [WARNING] Illegal FSM transition CLICK_SELECT → SCANNING — ignored
2026-07-03 10:33:27 [WARNING] Global timeout in CLICK_SELECT
2026-07-03 10:33:27 [INFO] [timeout] state=CLICK_SELECT
2026-07-03 10:33:27 [WARNING] Illegal FSM transition CLICK_SELECT → SCANNING — ignored
2026-07-03 10:33:27 [WARNING] Global timeout in CLICK_SELECT
2026-07-03 10:33:27 [INFO] [timeout] state=CLICK_SELECT
2026-07-03 10:33:27 [WARNING] Illegal FSM transition CLICK_SELECT → SCANNING — ignored
2026-07-03 10:33:28 [WARNING] Global timeout in CLICK_SELECT
2026-07-03 10:33:28 [INFO] [timeout] state=CLICK_SELECT
2026-07-03 10:33:28 [WARNING] Illegal FSM transition CLICK_SELECT → SCANNING — ignored
2026-07-03 10:33:28 [WARNING] Global timeout in CLICK_SELECT
2026-07-03 10:33:28 [INFO] [timeout] state=CLICK_SELECT
2026-07-03 10:33:28 [WARNING] Illegal FSM transition CLICK_SELECT → SCANNING — ignored
2026-07-03 10:33:28 [WARNING] Global timeout in CLICK_SELECT
2026-07-03 10:33:28 [INFO] [timeout] state=CLICK_SELECT
2026-07-03 10:33:28 [WARNING] Illegal FSM transition CLICK_SELECT → SCANNING — ignored
2026-07-03 10:33:28 [WARNING] Global timeout in CLICK_SELECT
2026-07-03 10:33:28 [INFO] [timeout] state=CLICK_SELECT
2026-07-03 10:33:28 [WARNING] Illegal FSM transition CLICK_SELECT → SCANNING — ignored
2026-07-03 10:33:28 [WARNING] Global timeout in CLICK_SELECT
2026-07-03 10:33:28 [INFO] [timeout] state=CLICK_SELECT
2026-07-03 10:33:28 [WARNING] Illegal FSM transition CLICK_SELECT → SCANNING — ignored
2026-07-03 10:33:29 [WARNING] Global timeout in CLICK_SELECT
2026-07-03 10:33:29 [INFO] [timeout] state=CLICK_SELECT
2026-07-03 10:33:29 [WARNING] Illegal FSM transition CLICK_SELECT → SCANNING — ignored
2026-07-03 10:33:29 [WARNING] Global timeout in CLICK_SELECT
2026-07-03 10:33:29 [INFO] [timeout] state=CLICK_SELECT
2026-07-03 10:33:29 [WARNING] Illegal FSM transition CLICK_SELECT → SCANNING — ignored
2026-07-03 10:33:29 [WARNING] Global timeout in CLICK_SELECT
2026-07-03 10:33:29 [INFO] [timeout] state=CLICK_SELECT
2026-07-03 10:33:29 [WARNING] Illegal FSM transition CLICK_SELECT → SCANNING — ignored
2026-07-03 10:33:29 [WARNING] Global timeout in CLICK_SELECT
2026-07-03 10:33:29 [INFO] [timeout] state=CLICK_SELECT
2026-07-03 10:33:29 [WARNING] Illegal FSM transition CLICK_SELECT → SCANNING — ignored
2026-07-03 10:33:29 [WARNING] Global timeout in CLICK_SELECT
2026-07-03 10:33:29 [INFO] [timeout] state=CLICK_SELECT
2026-07-03 10:33:29 [WARNING] Illegal FSM transition CLICK_SELECT → SCANNING — ignored
2026-07-03 10:33:30 [WARNING] Global timeout in CLICK_SELECT
2026-07-03 10:33:30 [INFO] [timeout] state=CLICK_SELECT
2026-07-03 10:33:30 [WARNING] Illegal FSM transition CLICK_SELECT → SCANNING — ignored
2026-07-03 10:33:30 [WARNING] Global timeout in CLICK_SELECT
2026-07-03 10:33:30 [INFO] [timeout] state=CLICK_SELECT
2026-07-03 10:33:30 [WARNING] Illegal FSM transition CLICK_SELECT → SCANNING — ignored
2026-07-03 10:33:30 [WARNING] Global timeout in CLICK_SELECT
2026-07-03 10:33:30 [INFO] [timeout] state=CLICK_SELECT
2026-07-03 10:33:30 [WARNING] Illegal FSM transition CLICK_SELECT → SCANNING — ignored
2026-07-03 10:33:30 [WARNING] Global timeout in CLICK_SELECT
2026-07-03 10:33:30 [INFO] [timeout] state=CLICK_SELECT
2026-07-03 10:33:30 [WARNING] Illegal FSM transition CLICK_SELECT → SCANNING — ignored
2026-07-03 10:33:30 [WARNING] Global timeout in CLICK_SELECT
2026-07-03 10:33:30 [INFO] [timeout] state=CLICK_SELECT
2026-07-03 10:33:30 [WARNING] Illegal FSM transition CLICK_SELECT → SCANNING — ignored
2026-07-03 10:33:31 [WARNING] Global timeout in CLICK_SELECT
2026-07-03 10:33:31 [INFO] [timeout] state=CLICK_SELECT
2026-07-03 10:33:31 [WARNING] Illegal FSM transition CLICK_SELECT → SCANNING — ignored
2026-07-03 10:33:31 [WARNING] Global timeout in CLICK_SELECT
2026-07-03 10:33:31 [INFO] [timeout] state=CLICK_SELECT
2026-07-03 10:33:31 [WARNING] Illegal FSM transition CLICK_SELECT → SCANNING — ignored
2026-07-03 10:33:31 [WARNING] Global timeout in CLICK_SELECT
2026-07-03 10:33:31 [INFO] [timeout] state=CLICK_SELECT
2026-07-03 10:33:31 [WARNING] Illegal FSM transition CLICK_SELECT → SCANNING — ignored
2026-07-03 10:33:31 [WARNING] Global timeout in CLICK_SELECT
2026-07-03 10:33:31 [INFO] [timeout] state=CLICK_SELECT
2026-07-03 10:33:31 [WARNING] Illegal FSM transition CLICK_SELECT → SCANNING — ignored
2026-07-03 10:33:31 [WARNING] Global timeout in CLICK_SELECT
2026-07-03 10:33:31 [INFO] [timeout] state=CLICK_SELECT
2026-07-03 10:33:31 [WARNING] Illegal FSM transition CLICK_SELECT → SCANNING — ignored
2026-07-03 10:33:32 [WARNING] Global timeout in CLICK_SELECT
2026-07-03 10:33:32 [INFO] [timeout] state=CLICK_SELECT
2026-07-03 10:33:32 [WARNING] Illegal FSM transition CLICK_SELECT → SCANNING — ignored
2026-07-03 10:33:32 [WARNING] Global timeout in CLICK_SELECT
2026-07-03 10:33:32 [INFO] [timeout] state=CLICK_SELECT
2026-07-03 10:33:32 [WARNING] Illegal FSM transition CLICK_SELECT → SCANNING — ignored
2026-07-03 10:33:32 [WARNING] Global timeout in CLICK_SELECT
2026-07-03 10:33:32 [INFO] [timeout] state=CLICK_SELECT
2026-07-03 10:33:32 [WARNING] Illegal FSM transition CLICK_SELECT → SCANNING — ignored
2026-07-03 10:33:32 [WARNING] Global timeout in CLICK_SELECT
2026-07-03 10:33:32 [INFO] [timeout] state=CLICK_SELECT
2026-07-03 10:33:32 [WARNING] Illegal FSM transition CLICK_SELECT → SCANNING — ignored
2026-07-03 10:33:32 [WARNING] Global timeout in CLICK_SELECT
2026-07-03 10:33:32 [INFO] [timeout] state=CLICK_SELECT
2026-07-03 10:33:32 [WARNING] Illegal FSM transition CLICK_SELECT → SCANNING — ignored
2026-07-03 10:33:33 [WARNING] Global timeout in CLICK_SELECT
2026-07-03 10:33:33 [INFO] [timeout] state=CLICK_SELECT
2026-07-03 10:33:33 [WARNING] Illegal FSM transition CLICK_SELECT → SCANNING — ignored
2026-07-03 10:33:33 [WARNING] Global timeout in CLICK_SELECT
2026-07-03 10:33:33 [INFO] [timeout] state=CLICK_SELECT
2026-07-03 10:33:33 [WARNING] Illegal FSM transition CLICK_SELECT → SCANNING — ignored
2026-07-03 10:33:33 [WARNING] Global timeout in CLICK_SELECT
2026-07-03 10:33:33 [INFO] [timeout] state=CLICK_SELECT
2026-07-03 10:33:33 [WARNING] Illegal FSM transition CLICK_SELECT → SCANNING — ignored
2026-07-03 10:33:33 [WARNING] Global timeout in CLICK_SELECT
2026-07-03 10:33:33 [INFO] [timeout] state=CLICK_SELECT
2026-07-03 10:33:33 [WARNING] Illegal FSM transition CLICK_SELECT → SCANNING — ignored
2026-07-03 10:33:33 [WARNING] Global timeout in CLICK_SELECT
2026-07-03 10:33:33 [INFO] [timeout] state=CLICK_SELECT
2026-07-03 10:33:33 [WARNING] Illegal FSM transition CLICK_SELECT → SCANNING — ignored
2026-07-03 10:33:34 [INFO] Automation DISABLED (F8)
2026-07-03 10:33:34 [WARNING] Illegal FSM transition CLICK_SELECT → STOPPED — ignored
2026-07-03 10:33:34 [WARNING] Illegal FSM transition CLICK_SELECT → STOPPED — ignored
2026-07-03 10:33:34 [INFO] Automation ENABLED (F8)
2026-07-03 10:33:34 [WARNING] Global timeout in CLICK_SELECT
2026-07-03 10:33:34 [INFO] [timeout] state=CLICK_SELECT
2026-07-03 10:33:34 [WARNING] Illegal FSM transition CLICK_SELECT → SCANNING — ignored
2026-07-03 10:33:34 [WARNING] Global timeout in CLICK_SELECT
2026-07-03 10:33:34 [INFO] [timeout] state=CLICK_SELECT
2026-07-03 10:33:34 [WARNING] Illegal FSM transition CLICK_SELECT → SCANNING — ignored
2026-07-03 10:33:34 [WARNING] Global timeout in CLICK_SELECT
2026-07-03 10:33:34 [INFO] [timeout] state=CLICK_SELECT
2026-07-03 10:33:34 [WARNING] Illegal FSM transition CLICK_SELECT → SCANNING — ignored
2026-07-03 10:33:35 [WARNING] Global timeout in CLICK_SELECT
2026-07-03 10:33:35 [INFO] [timeout] state=CLICK_SELECT
2026-07-03 10:33:35 [WARNING] Illegal FSM transition CLICK_SELECT → SCANNING — ignored
2026-07-03 10:33:35 [WARNING] Global timeout in CLICK_SELECT
2026-07-03 10:33:35 [INFO] [timeout] state=CLICK_SELECT
2026-07-03 10:33:35 [WARNING] Illegal FSM transition CLICK_SELECT → SCANNING — ignored
2026-07-03 10:33:35 [WARNING] Global timeout in CLICK_SELECT
2026-07-03 10:33:35 [INFO] [timeout] state=CLICK_SELECT
2026-07-03 10:33:35 [WARNING] Illegal FSM transition CLICK_SELECT → SCANNING — ignored
2026-07-03 10:33:35 [WARNING] Global timeout in CLICK_SELECT
2026-07-03 10:33:35 [INFO] [timeout] state=CLICK_SELECT
2026-07-03 10:33:35 [WARNING] Illegal FSM transition CLICK_SELECT → SCANNING — ignored
2026-07-03 10:33:35 [WARNING] Global timeout in CLICK_SELECT
2026-07-03 10:33:35 [INFO] [timeout] state=CLICK_SELECT
2026-07-03 10:33:35 [WARNING] Illegal FSM transition CLICK_SELECT → SCANNING — ignored
2026-07-03 10:33:36 [WARNING] Global timeout in CLICK_SELECT
2026-07-03 10:33:36 [INFO] [timeout] state=CLICK_SELECT
2026-07-03 10:33:36 [WARNING] Illegal FSM transition CLICK_SELECT → SCANNING — ignored
2026-07-03 10:33:36 [WARNING] Global timeout in CLICK_SELECT
2026-07-03 10:33:36 [INFO] [timeout] state=CLICK_SELECT
2026-07-03 10:33:36 [WARNING] Illegal FSM transition CLICK_SELECT → SCANNING — ignored
2026-07-03 10:33:36 [WARNING] Global timeout in CLICK_SELECT
2026-07-03 10:33:36 [INFO] [timeout] state=CLICK_SELECT
2026-07-03 10:33:36 [WARNING] Illegal FSM transition CLICK_SELECT → SCANNING — ignored
2026-07-03 10:33:36 [WARNING] Global timeout in CLICK_SELECT
2026-07-03 10:33:36 [INFO] [timeout] state=CLICK_SELECT
2026-07-03 10:33:36 [WARNING] Illegal FSM transition CLICK_SELECT → SCANNING — ignored
2026-07-03 10:33:36 [WARNING] Global timeout in CLICK_SELECT
2026-07-03 10:33:36 [INFO] [timeout] state=CLICK_SELECT
2026-07-03 10:33:36 [WARNING] Illegal FSM transition CLICK_SELECT → SCANNING — ignored
2026-07-03 10:33:37 [WARNING] Global timeout in CLICK_SELECT
2026-07-03 10:33:37 [INFO] [timeout] state=CLICK_SELECT
2026-07-03 10:33:37 [WARNING] Illegal FSM transition CLICK_SELECT → SCANNING — ignored
2026-07-03 10:33:37 [WARNING] Global timeout in CLICK_SELECT
2026-07-03 10:33:37 [INFO] [timeout] state=CLICK_SELECT
2026-07-03 10:33:37 [WARNING] Illegal FSM transition CLICK_SELECT → SCANNING — ignored
2026-07-03 10:33:37 [WARNING] Global timeout in CLICK_SELECT
2026-07-03 10:33:37 [INFO] [timeout] state=CLICK_SELECT
2026-07-03 10:33:37 [WARNING] Illegal FSM transition CLICK_SELECT → SCANNING — ignored
2026-07-03 10:33:37 [INFO] Automation DISABLED (F8)
2026-07-03 10:33:37 [WARNING] Illegal FSM transition CLICK_SELECT → STOPPED — ignored
2026-07-03 10:33:37 [WARNING] Illegal FSM transition CLICK_SELECT → STOPPED — ignored
2026-07-03 10:33:38 [WARNING] Illegal FSM transition CLICK_SELECT → STOPPED — ignored
2026-07-03 10:33:38 [WARNING] Illegal FSM transition CLICK_SELECT → STOPPED — ignored
2026-07-03 10:33:38 [WARNING] Illegal FSM transition CLICK_SELECT → STOPPED — ignored
2026-07-03 10:33:38 [WARNING] Illegal FSM transition CLICK_SELECT → STOPPED — ignored
2026-07-03 10:33:38 [WARNING] Illegal FSM transition CLICK_SELECT → STOPPED — ignored
2026-07-03 10:33:39 [WARNING] Illegal FSM transition CLICK_SELECT → STOPPED — ignored
2026-07-03 10:33:39 [WARNING] Illegal FSM transition CLICK_SELECT → STOPPED — ignored
2026-07-03 10:33:39 [WARNING] Illegal FSM transition CLICK_SELECT → STOPPED — ignored
2026-07-03 10:33:39 [WARNING] Illegal FSM transition CLICK_SELECT → STOPPED — ignored
2026-07-03 10:33:39 [WARNING] Illegal FSM transition CLICK_SELECT → STOPPED — ignored
2026-07-03 10:33:40 [WARNING] Illegal FSM transition CLICK_SELECT → STOPPED — ignored
2026-07-03 10:33:40 [WARNING] Illegal FSM transition CLICK_SELECT → STOPPED — ignored
2026-07-03 10:33:40 [WARNING] Illegal FSM transition CLICK_SELECT → STOPPED — ignored
2026-07-03 10:33:40 [WARNING] Illegal FSM transition CLICK_SELECT → STOPPED — ignored
2026-07-03 10:33:40 [WARNING] Illegal FSM transition CLICK_SELECT → STOPPED — ignored
2026-07-03 10:33:41 [WARNING] Illegal FSM transition CLICK_SELECT → STOPPED — ignored
2026-07-03 10:33:41 [WARNING] Illegal FSM transition CLICK_SELECT → STOPPED — ignored
2026-07-03 10:33:41 [WARNING] Illegal FSM transition CLICK_SELECT → STOPPED — ignored
2026-07-03 10:33:41 [WARNING] Illegal FSM transition CLICK_SELECT → STOPPED — ignored
2026-07-03 10:33:41 [WARNING] Illegal FSM transition CLICK_SELECT → STOPPED — ignored
2026-07-03 10:33:42 [WARNING] Illegal FSM transition CLICK_SELECT → STOPPED — ignored
2026-07-03 10:33:42 [WARNING] Illegal FSM transition CLICK_SELECT → STOPPED — ignored
2026-07-03 10:33:42 [WARNING] Illegal FSM transition CLICK_SELECT → STOPPED — ignored
2026-07-03 10:33:42 [WARNING] Illegal FSM transition CLICK_SELECT → STOPPED — ignored
2026-07-03 10:33:42 [WARNING] Illegal FSM transition CLICK_SELECT → STOPPED — ignored
2026-07-03 10:33:43 [WARNING] Illegal FSM transition CLICK_SELECT → STOPPED — ignored
2026-07-03 10:33:43 [WARNING] Illegal FSM transition CLICK_SELECT → STOPPED — ignored
2026-07-03 10:33:43 [WARNING] Illegal FSM transition CLICK_SELECT → STOPPED — ignored
2026-07-03 10:33:43 [WARNING] Illegal FSM transition CLICK_SELECT → STOPPED — ignored
2026-07-03 10:33:43 [WARNING] Illegal FSM transition CLICK_SELECT → STOPPED — ignored
2026-07-03 10:33:44 [WARNING] Illegal FSM transition CLICK_SELECT → STOPPED — ignored
2026-07-03 10:33:44 [WARNING] Illegal FSM transition CLICK_SELECT → STOPPED — ignored
2026-07-03 10:33:44 [WARNING] Illegal FSM transition CLICK_SELECT → STOPPED — ignored
2026-07-03 10:33:44 [WARNING] Illegal FSM transition CLICK_SELECT → STOPPED — ignored
2026-07-03 10:33:44 [WARNING] Illegal FSM transition CLICK_SELECT → STOPPED — ignored
2026-07-03 10:33:45 [WARNING] Illegal FSM transition CLICK_SELECT → STOPPED — ignored
2026-07-03 10:33:45 [WARNING] Illegal FSM transition CLICK_SELECT → STOPPED — ignored
2026-07-03 10:33:45 [WARNING] Illegal FSM transition CLICK_SELECT → STOPPED — ignored
2026-07-03 10:33:45 [WARNING] Illegal FSM transition CLICK_SELECT → STOPPED — ignored
2026-07-03 10:33:45 [WARNING] Illegal FSM transition CLICK_SELECT → STOPPED — ignored
2026-07-03 10:33:46 [WARNING] Illegal FSM transition CLICK_SELECT → STOPPED — ignored
2026-07-03 10:33:46 [WARNING] Illegal FSM transition CLICK_SELECT → STOPPED — ignored
2026-07-03 10:33:46 [WARNING] Illegal FSM transition CLICK_SELECT → STOPPED — ignored
2026-07-03 10:33:46 [WARNING] Illegal FSM transition CLICK_SELECT → STOPPED — ignored
2026-07-03 10:33:46 [WARNING] Illegal FSM transition CLICK_SELECT → STOPPED — ignored
2026-07-03 10:33:47 [WARNING] Illegal FSM transition CLICK_SELECT → STOPPED — ignored
2026-07-03 10:33:47 [WARNING] Illegal FSM transition CLICK_SELECT → STOPPED — ignored
2026-07-03 10:33:47 [WARNING] Illegal FSM transition CLICK_SELECT → STOPPED — ignored
2026-07-03 10:33:47 [WARNING] Illegal FSM transition CLICK_SELECT → STOPPED — ignored
2026-07-03 10:33:47 [WARNING] Illegal FSM transition CLICK_SELECT → STOPPED — ignored
2026-07-03 10:33:48 [WARNING] Illegal FSM transition CLICK_SELECT → STOPPED — ignored
2026-07-03 10:33:48 [WARNING] Illegal FSM transition CLICK_SELECT → STOPPED — ignored
2026-07-03 10:33:48 [WARNING] Illegal FSM transition CLICK_SELECT → STOPPED — ignored
2026-07-03 10:33:48 [WARNING] Illegal FSM transition CLICK_SELECT → STOPPED — ignored
2026-07-03 10:33:48 [WARNING] Illegal FSM transition CLICK_SELECT → STOPPED — ignored
2026-07-03 10:33:49 [WARNING] Illegal FSM transition CLICK_SELECT → STOPPED — ignored
2026-07-03 10:33:49 [WARNING] Illegal FSM transition CLICK_SELECT → STOPPED — ignored
2026-07-03 10:33:49 [WARNING] Illegal FSM transition CLICK_SELECT → STOPPED — ignored
2026-07-03 10:33:49 [WARNING] Illegal FSM transition CLICK_SELECT → STOPPED — ignored
2026-07-03 10:33:50 [WARNING] Illegal FSM transition CLICK_SELECT → STOPPED — ignored
2026-07-03 10:33:50 [WARNING] Illegal FSM transition CLICK_SELECT → STOPPED — ignored
2026-07-03 10:33:50 [WARNING] Illegal FSM transition CLICK_SELECT → STOPPED — ignored
2026-07-03 10:33:50 [WARNING] Illegal FSM transition CLICK_SELECT → STOPPED — ignored
2026-07-03 10:33:50 [WARNING] Illegal FSM transition CLICK_SELECT → STOPPED — ignored
2026-07-03 10:33:51 [WARNING] Illegal FSM transition CLICK_SELECT → STOPPED — ignored
2026-07-03 10:33:51 [WARNING] Illegal FSM transition CLICK_SELECT → STOPPED — ignored
2026-07-03 10:33:51 [WARNING] Illegal FSM transition CLICK_SELECT → STOPPED — ignored
2026-07-03 10:33:51 [WARNING] Illegal FSM transition CLICK_SELECT → STOPPED — ignored
2026-07-03 10:33:51 [WARNING] Illegal FSM transition CLICK_SELECT → STOPPED — ignored
2026-07-03 10:33:52 [WARNING] Illegal FSM transition CLICK_SELECT → STOPPED — ignored
2026-07-03 10:33:52 [WARNING] Illegal FSM transition CLICK_SELECT → STOPPED — ignored
2026-07-03 10:33:52 [INFO] Clean exit requested (ESC).
2026-07-03 10:33:52 [INFO] WorkflowEngine shut down cleanly.
2026-07-03 10:33:55 [INFO] System Tray initialized. Application is running in the background.
2026-07-03 10:33:55 [INFO] All sub-systems initialised.
2026-07-03 10:33:55 [INFO] [state_change] from_state=IDLE | to_state=SCANNING
2026-07-03 10:33:55 [INFO] WorkflowEngine started — user='phan'  table={'left': 52, 'top': 601, 'width': 1491, 'height': 298}
2026-07-03 10:33:59 [INFO] [loop_tick] state=SCANNING | rows=1 | claims=0
2026-07-03 10:33:59 [INFO] [loop_tick] state=SCANNING | rows=1 | claims=0
2026-07-03 10:34:00 [INFO] [loop_tick] state=SCANNING | rows=1 | claims=0
2026-07-03 10:34:01 [INFO] [loop_tick] state=SCANNING | rows=1 | claims=0
2026-07-03 10:34:02 [INFO] [loop_tick] state=SCANNING | rows=1 | claims=0
2026-07-03 10:34:02 [INFO] [loop_tick] state=SCANNING | rows=1 | claims=0
2026-07-03 10:34:02 [INFO] [loop_tick] state=SCANNING | rows=1 | claims=0
2026-07-03 10:34:02 [INFO] [loop_tick] state=SCANNING | rows=1 | claims=0
2026-07-03 10:34:03 [INFO] [loop_tick] state=SCANNING | rows=1 | claims=0
2026-07-03 10:34:03 [INFO] [loop_tick] state=SCANNING | rows=1 | claims=0
2026-07-03 10:34:03 [INFO] [loop_tick] state=SCANNING | rows=1 | claims=0
2026-07-03 10:34:04 [INFO] [loop_tick] state=SCANNING | rows=1 | claims=0
2026-07-03 10:34:04 [INFO] [loop_tick] state=SCANNING | rows=1 | claims=0
2026-07-03 10:34:07 [INFO] [loop_tick] state=SCANNING | rows=1 | claims=0
2026-07-03 10:34:07 [INFO] [loop_tick] state=SCANNING | rows=1 | claims=0
2026-07-03 10:34:07 [INFO] [loop_tick] state=SCANNING | rows=1 | claims=0
2026-07-03 10:34:07 [INFO] [loop_tick] state=SCANNING | rows=1 | claims=0
2026-07-03 10:34:08 [INFO] [loop_tick] state=SCANNING | rows=1 | claims=0
2026-07-03 10:34:08 [INFO] [loop_tick] state=SCANNING | rows=1 | claims=0
2026-07-03 10:34:09 [INFO] [loop_tick] state=SCANNING | rows=1 | claims=0
2026-07-03 10:34:09 [INFO] [loop_tick] state=SCANNING | rows=1 | claims=0
2026-07-03 10:34:09 [INFO] [loop_tick] state=SCANNING | rows=1 | claims=0
2026-07-03 10:34:09 [INFO] [loop_tick] state=SCANNING | rows=1 | claims=0
2026-07-03 10:34:10 [INFO] [loop_tick] state=SCANNING | rows=1 | claims=0
2026-07-03 10:34:10 [INFO] [loop_tick] state=SCANNING | rows=1 | claims=0
2026-07-03 10:34:10 [INFO] [loop_tick] state=SCANNING | rows=1 | claims=0
2026-07-03 10:34:11 [INFO] [loop_tick] state=SCANNING | rows=1 | claims=0
2026-07-03 10:34:11 [INFO] [loop_tick] state=SCANNING | rows=1 | claims=0
2026-07-03 10:34:11 [INFO] [loop_tick] state=SCANNING | rows=1 | claims=0
2026-07-03 10:34:11 [INFO] [loop_tick] state=SCANNING | rows=1 | claims=0
2026-07-03 10:34:11 [INFO] [loop_tick] state=SCANNING | rows=1 | claims=0
2026-07-03 10:34:12 [INFO] [loop_tick] state=SCANNING | rows=1 | claims=0
2026-07-03 10:34:12 [INFO] [loop_tick] state=SCANNING | rows=1 | claims=0
2026-07-03 10:34:12 [INFO] [loop_tick] state=SCANNING | rows=1 | claims=0
2026-07-03 10:34:12 [INFO] [loop_tick] state=SCANNING | rows=8 | claims=0
2026-07-03 10:34:13 [INFO] [loop_tick] state=SCANNING | rows=8 | claims=0
2026-07-03 10:34:13 [INFO] [loop_tick] state=SCANNING | rows=8 | claims=0
2026-07-03 10:34:14 [INFO] [loop_tick] state=SCANNING | rows=8 | claims=0
2026-07-03 10:34:52 [INFO] [loop_tick] state=SCANNING | rows=2 | claims=0
2026-07-03 10:34:52 [INFO] [loop_tick] state=SCANNING | rows=2 | claims=0
2026-07-03 10:34:53 [INFO] [loop_tick] state=SCANNING | rows=2 | claims=0
2026-07-03 10:34:53 [INFO] [loop_tick] state=SCANNING | rows=2 | claims=0
2026-07-03 10:34:53 [INFO] [loop_tick] state=SCANNING | rows=2 | claims=0
2026-07-03 10:34:53 [INFO] [loop_tick] state=SCANNING | rows=2 | claims=0
2026-07-03 10:34:54 [INFO] [loop_tick] state=SCANNING | rows=2 | claims=0
2026-07-03 10:34:54 [INFO] [loop_tick] state=SCANNING | rows=2 | claims=0
2026-07-03 10:34:54 [INFO] [loop_tick] state=SCANNING | rows=2 | claims=0
2026-07-03 10:34:54 [INFO] [loop_tick] state=SCANNING | rows=2 | claims=0
2026-07-03 10:34:55 [INFO] [loop_tick] state=SCANNING | rows=2 | claims=0
2026-07-03 10:34:55 [INFO] [loop_tick] state=SCANNING | rows=2 | claims=0
2026-07-03 10:34:55 [INFO] [loop_tick] state=SCANNING | rows=2 | claims=0
2026-07-03 10:34:55 [INFO] [loop_tick] state=SCANNING | rows=2 | claims=0
2026-07-03 10:34:55 [INFO] [loop_tick] state=SCANNING | rows=2 | claims=0
2026-07-03 10:34:56 [INFO] [loop_tick] state=SCANNING | rows=2 | claims=0
2026-07-03 10:34:56 [INFO] [loop_tick] state=SCANNING | rows=2 | claims=0
2026-07-03 10:34:56 [INFO] [loop_tick] state=SCANNING | rows=2 | claims=0
2026-07-03 10:34:57 [INFO] [loop_tick] state=SCANNING | rows=9 | claims=0
2026-07-03 10:34:58 [INFO] [loop_tick] state=SCANNING | rows=9 | claims=0
2026-07-03 10:34:59 [INFO] [loop_tick] state=SCANNING | rows=9 | claims=0
2026-07-03 10:35:02 [INFO] [loop_tick] state=SCANNING | rows=9 | claims=0
2026-07-03 10:35:04 [INFO] [loop_tick] state=SCANNING | rows=2 | claims=0
2026-07-03 10:35:04 [INFO] [loop_tick] state=SCANNING | rows=2 | claims=0
2026-07-03 10:35:04 [INFO] [loop_tick] state=SCANNING | rows=2 | claims=0
2026-07-03 10:35:05 [INFO] [loop_tick] state=SCANNING | rows=2 | claims=0
2026-07-03 10:35:05 [INFO] [loop_tick] state=SCANNING | rows=2 | claims=0
2026-07-03 10:35:05 [INFO] [loop_tick] state=SCANNING | rows=2 | claims=0
2026-07-03 10:35:05 [INFO] [loop_tick] state=SCANNING | rows=2 | claims=0
2026-07-03 10:35:06 [INFO] [loop_tick] state=SCANNING | rows=2 | claims=0
2026-07-03 10:35:06 [INFO] [loop_tick] state=SCANNING | rows=2 | claims=0
2026-07-03 10:35:06 [INFO] [loop_tick] state=SCANNING | rows=2 | claims=0
2026-07-03 10:35:06 [INFO] [loop_tick] state=SCANNING | rows=2 | claims=0
2026-07-03 10:35:07 [INFO] [loop_tick] state=SCANNING | rows=2 | claims=0
2026-07-03 10:35:07 [INFO] [loop_tick] state=SCANNING | rows=2 | claims=0
2026-07-03 10:35:07 [INFO] [loop_tick] state=SCANNING | rows=2 | claims=0
2026-07-03 10:35:07 [INFO] [loop_tick] state=SCANNING | rows=2 | claims=0
2026-07-03 10:35:08 [INFO] [loop_tick] state=SCANNING | rows=2 | claims=0
2026-07-03 10:35:08 [INFO] [loop_tick] state=SCANNING | rows=2 | claims=0
2026-07-03 10:35:09 [INFO] [loop_tick] state=SCANNING | rows=2 | claims=0
2026-07-03 10:35:09 [INFO] [loop_tick] state=SCANNING | rows=2 | claims=0
2026-07-03 10:35:09 [INFO] [loop_tick] state=SCANNING | rows=2 | claims=0
2026-07-03 10:35:09 [INFO] [loop_tick] state=SCANNING | rows=2 | claims=0
2026-07-03 10:35:10 [INFO] [loop_tick] state=SCANNING | rows=2 | claims=0
2026-07-03 10:35:10 [INFO] [loop_tick] state=SCANNING | rows=2 | claims=0
2026-07-03 10:35:11 [INFO] [loop_tick] state=SCANNING | rows=3 | claims=0
2026-07-03 10:35:11 [INFO] [loop_tick] state=SCANNING | rows=3 | claims=0
2026-07-03 10:35:11 [INFO] [loop_tick] state=SCANNING | rows=3 | claims=0
2026-07-03 10:35:11 [INFO] [loop_tick] state=SCANNING | rows=3 | claims=0
2026-07-03 10:35:12 [INFO] [loop_tick] state=SCANNING | rows=3 | claims=0
2026-07-03 10:35:12 [INFO] [loop_tick] state=SCANNING | rows=2 | claims=0
2026-07-03 10:35:12 [INFO] [loop_tick] state=SCANNING | rows=2 | claims=0
2026-07-03 10:35:13 [INFO] [loop_tick] state=SCANNING | rows=2 | claims=0
2026-07-03 10:35:13 [INFO] [loop_tick] state=SCANNING | rows=2 | claims=0
2026-07-03 10:35:13 [INFO] [loop_tick] state=SCANNING | rows=2 | claims=0
2026-07-03 10:35:13 [INFO] [loop_tick] state=SCANNING | rows=2 | claims=0
2026-07-03 10:35:15 [INFO] [loop_tick] state=SCANNING | rows=2 | claims=0
2026-07-03 10:35:15 [INFO] [loop_tick] state=SCANNING | rows=2 | claims=0
2026-07-03 10:35:15 [INFO] [loop_tick] state=SCANNING | rows=2 | claims=0
2026-07-03 10:35:15 [INFO] [loop_tick] state=SCANNING | rows=2 | claims=0
2026-07-03 10:35:16 [INFO] [loop_tick] state=SCANNING | rows=2 | claims=0
2026-07-03 10:35:16 [INFO] [loop_tick] state=SCANNING | rows=2 | claims=0
2026-07-03 10:35:16 [INFO] [loop_tick] state=SCANNING | rows=2 | claims=0
2026-07-03 10:35:16 [INFO] [loop_tick] state=SCANNING | rows=2 | claims=0
2026-07-03 10:35:17 [INFO] [loop_tick] state=SCANNING | rows=2 | claims=0
2026-07-03 10:35:17 [INFO] [loop_tick] state=SCANNING | rows=2 | claims=0
2026-07-03 10:35:17 [INFO] [loop_tick] state=SCANNING | rows=2 | claims=0
2026-07-03 10:35:17 [INFO] [loop_tick] state=SCANNING | rows=2 | claims=0
2026-07-03 10:35:18 [INFO] [loop_tick] state=SCANNING | rows=2 | claims=0
2026-07-03 10:35:18 [INFO] [loop_tick] state=SCANNING | rows=2 | claims=0
2026-07-03 10:35:18 [INFO] [loop_tick] state=SCANNING | rows=2 | claims=0
2026-07-03 10:35:18 [INFO] [loop_tick] state=SCANNING | rows=2 | claims=0
2026-07-03 10:35:19 [INFO] [loop_tick] state=SCANNING | rows=2 | claims=0
2026-07-03 10:35:19 [INFO] [loop_tick] state=SCANNING | rows=2 | claims=0
2026-07-03 10:35:19 [INFO] [loop_tick] state=SCANNING | rows=2 | claims=0
2026-07-03 10:35:20 [INFO] [loop_tick] state=SCANNING | rows=2 | claims=0
2026-07-03 10:35:20 [INFO] [loop_tick] state=SCANNING | rows=2 | claims=0
2026-07-03 10:35:20 [INFO] [loop_tick] state=SCANNING | rows=2 | claims=0
2026-07-03 10:35:20 [INFO] [loop_tick] state=SCANNING | rows=2 | claims=0
2026-07-03 10:35:21 [INFO] [loop_tick] state=SCANNING | rows=2 | claims=0
2026-07-03 10:35:21 [INFO] [loop_tick] state=SCANNING | rows=2 | claims=0
2026-07-03 10:35:21 [INFO] [loop_tick] state=SCANNING | rows=2 | claims=0
2026-07-03 10:35:22 [INFO] [loop_tick] state=SCANNING | rows=2 | claims=0
2026-07-03 10:35:22 [INFO] [loop_tick] state=SCANNING | rows=2 | claims=0
2026-07-03 10:35:22 [INFO] [loop_tick] state=SCANNING | rows=2 | claims=0
2026-07-03 10:35:23 [INFO] [loop_tick] state=SCANNING | rows=2 | claims=0
2026-07-03 10:35:23 [INFO] [loop_tick] state=SCANNING | rows=2 | claims=0
2026-07-03 10:35:23 [INFO] [loop_tick] state=SCANNING | rows=2 | claims=0
2026-07-03 10:35:23 [INFO] [loop_tick] state=SCANNING | rows=2 | claims=0
2026-07-03 10:35:24 [INFO] [loop_tick] state=SCANNING | rows=2 | claims=0
2026-07-03 10:35:24 [INFO] [loop_tick] state=SCANNING | rows=2 | claims=0
2026-07-03 10:35:24 [INFO] [loop_tick] state=SCANNING | rows=2 | claims=0
2026-07-03 10:35:25 [INFO] [loop_tick] state=SCANNING | rows=2 | claims=0
2026-07-03 10:35:25 [INFO] [loop_tick] state=SCANNING | rows=2 | claims=0
2026-07-03 10:35:25 [INFO] [loop_tick] state=SCANNING | rows=2 | claims=0
2026-07-03 10:35:25 [INFO] [loop_tick] state=SCANNING | rows=2 | claims=0
2026-07-03 10:35:25 [INFO] [loop_tick] state=SCANNING | rows=2 | claims=0
2026-07-03 10:35:26 [INFO] [loop_tick] state=SCANNING | rows=2 | claims=0
2026-07-03 10:35:26 [INFO] [loop_tick] state=SCANNING | rows=2 | claims=0
2026-07-03 10:35:27 [INFO] [loop_tick] state=SCANNING | rows=2 | claims=0
2026-07-03 10:35:27 [INFO] [loop_tick] state=SCANNING | rows=2 | claims=0
2026-07-03 10:35:27 [INFO] [loop_tick] state=SCANNING | rows=2 | claims=0
2026-07-03 10:35:27 [INFO] [loop_tick] state=SCANNING | rows=2 | claims=0
2026-07-03 10:35:27 [INFO] [loop_tick] state=SCANNING | rows=2 | claims=0
2026-07-03 10:35:28 [INFO] [loop_tick] state=SCANNING | rows=2 | claims=0
2026-07-03 10:35:28 [INFO] [loop_tick] state=SCANNING | rows=2 | claims=0
2026-07-03 10:35:28 [INFO] [loop_tick] state=SCANNING | rows=2 | claims=0
2026-07-03 10:35:28 [INFO] [loop_tick] state=SCANNING | rows=2 | claims=0
2026-07-03 10:35:29 [INFO] [loop_tick] state=SCANNING | rows=2 | claims=0
2026-07-03 10:35:29 [INFO] [loop_tick] state=SCANNING | rows=2 | claims=0
2026-07-03 10:35:29 [INFO] [loop_tick] state=SCANNING | rows=2 | claims=0
2026-07-03 10:35:30 [INFO] [loop_tick] state=SCANNING | rows=2 | claims=0
2026-07-03 10:35:30 [INFO] [loop_tick] state=SCANNING | rows=2 | claims=0
2026-07-03 10:35:30 [INFO] [loop_tick] state=SCANNING | rows=2 | claims=0
2026-07-03 10:35:30 [INFO] [loop_tick] state=SCANNING | rows=2 | claims=0
2026-07-03 10:35:31 [INFO] [loop_tick] state=SCANNING | rows=2 | claims=0
2026-07-03 10:35:31 [INFO] [loop_tick] state=SCANNING | rows=2 | claims=0
2026-07-03 10:35:31 [INFO] [loop_tick] state=SCANNING | rows=2 | claims=0
2026-07-03 10:35:32 [INFO] [loop_tick] state=SCANNING | rows=2 | claims=0
2026-07-03 10:35:32 [INFO] [loop_tick] state=SCANNING | rows=2 | claims=0
2026-07-03 10:35:32 [INFO] [loop_tick] state=SCANNING | rows=2 | claims=0
2026-07-03 10:35:32 [INFO] [loop_tick] state=SCANNING | rows=2 | claims=0
2026-07-03 10:35:33 [INFO] [loop_tick] state=SCANNING | rows=1 | claims=0
2026-07-03 10:35:33 [INFO] [loop_tick] state=SCANNING | rows=1 | claims=0
2026-07-03 10:35:34 [INFO] [loop_tick] state=SCANNING | rows=1 | claims=0
2026-07-03 10:35:34 [INFO] [loop_tick] state=SCANNING | rows=2 | claims=0
2026-07-03 10:35:34 [INFO] [loop_tick] state=SCANNING | rows=2 | claims=0
2026-07-03 10:35:35 [INFO] [loop_tick] state=SCANNING | rows=2 | claims=0
2026-07-03 10:35:35 [INFO] [loop_tick] state=SCANNING | rows=2 | claims=0
2026-07-03 10:35:35 [INFO] [loop_tick] state=SCANNING | rows=2 | claims=0
2026-07-03 10:35:35 [INFO] [loop_tick] state=SCANNING | rows=2 | claims=0
2026-07-03 10:35:36 [INFO] [loop_tick] state=SCANNING | rows=2 | claims=0
2026-07-03 10:35:36 [INFO] [loop_tick] state=SCANNING | rows=1 | claims=0
2026-07-03 10:35:36 [INFO] [loop_tick] state=SCANNING | rows=2 | claims=0
2026-07-03 10:35:36 [INFO] [loop_tick] state=SCANNING | rows=2 | claims=0
2026-07-03 10:35:37 [INFO] [loop_tick] state=SCANNING | rows=2 | claims=0
2026-07-03 10:35:37 [INFO] [loop_tick] state=SCANNING | rows=2 | claims=0
2026-07-03 10:35:38 [INFO] [loop_tick] state=SCANNING | rows=2 | claims=0
2026-07-03 10:35:38 [INFO] [loop_tick] state=SCANNING | rows=2 | claims=0
2026-07-03 10:35:38 [INFO] [loop_tick] state=SCANNING | rows=2 | claims=0
2026-07-03 10:35:38 [INFO] [loop_tick] state=SCANNING | rows=2 | claims=0
2026-07-03 10:35:38 [INFO] [loop_tick] state=SCANNING | rows=2 | claims=0
2026-07-03 10:35:39 [INFO] [loop_tick] state=SCANNING | rows=2 | claims=0
2026-07-03 10:35:39 [INFO] [loop_tick] state=SCANNING | rows=2 | claims=0
2026-07-03 10:35:39 [INFO] [loop_tick] state=SCANNING | rows=2 | claims=0
2026-07-03 10:35:40 [INFO] [loop_tick] state=SCANNING | rows=2 | claims=0
2026-07-03 10:35:40 [INFO] [loop_tick] state=SCANNING | rows=2 | claims=0
2026-07-03 10:35:41 [INFO] [loop_tick] state=SCANNING | rows=2 | claims=0
2026-07-03 10:35:41 [INFO] [loop_tick] state=SCANNING | rows=2 | claims=0
2026-07-03 10:35:41 [INFO] [loop_tick] state=SCANNING | rows=2 | claims=0
2026-07-03 10:35:41 [INFO] [loop_tick] state=SCANNING | rows=2 | claims=0
2026-07-03 10:35:42 [INFO] [loop_tick] state=SCANNING | rows=2 | claims=0
2026-07-03 10:35:42 [INFO] [loop_tick] state=SCANNING | rows=2 | claims=0
2026-07-03 10:35:42 [INFO] [loop_tick] state=SCANNING | rows=2 | claims=0
2026-07-03 10:35:43 [INFO] [loop_tick] state=SCANNING | rows=2 | claims=0
2026-07-03 10:35:43 [INFO] [loop_tick] state=SCANNING | rows=2 | claims=0
2026-07-03 10:35:44 [INFO] [loop_tick] state=SCANNING | rows=2 | claims=0
2026-07-03 10:35:44 [INFO] [loop_tick] state=SCANNING | rows=2 | claims=0
2026-07-03 10:35:44 [INFO] [loop_tick] state=SCANNING | rows=2 | claims=0
2026-07-03 10:35:44 [INFO] [loop_tick] state=SCANNING | rows=2 | claims=0
2026-07-03 10:35:45 [INFO] [loop_tick] state=SCANNING | rows=2 | claims=0
2026-07-03 10:35:45 [INFO] [loop_tick] state=SCANNING | rows=2 | claims=0
2026-07-03 10:35:45 [INFO] [loop_tick] state=SCANNING | rows=2 | claims=0
2026-07-03 10:35:45 [INFO] [loop_tick] state=SCANNING | rows=2 | claims=0
2026-07-03 10:35:46 [INFO] [loop_tick] state=SCANNING | rows=2 | claims=0
2026-07-03 10:35:46 [INFO] [loop_tick] state=SCANNING | rows=2 | claims=0
2026-07-03 10:35:46 [INFO] [loop_tick] state=SCANNING | rows=2 | claims=0
2026-07-03 10:35:46 [INFO] [loop_tick] state=SCANNING | rows=2 | claims=0
2026-07-03 10:35:47 [INFO] [loop_tick] state=SCANNING | rows=2 | claims=0
2026-07-03 10:35:47 [INFO] [loop_tick] state=SCANNING | rows=2 | claims=0
2026-07-03 10:35:47 [INFO] [loop_tick] state=SCANNING | rows=2 | claims=0
2026-07-03 10:35:47 [INFO] [loop_tick] state=SCANNING | rows=2 | claims=0
2026-07-03 10:35:48 [INFO] [loop_tick] state=SCANNING | rows=2 | claims=0
2026-07-03 10:35:48 [INFO] [loop_tick] state=SCANNING | rows=2 | claims=0
2026-07-03 10:35:48 [INFO] [loop_tick] state=SCANNING | rows=2 | claims=0
2026-07-03 10:35:49 [INFO] [loop_tick] state=SCANNING | rows=2 | claims=0
2026-07-03 10:35:49 [INFO] [loop_tick] state=SCANNING | rows=2 | claims=0
2026-07-03 10:35:49 [INFO] [loop_tick] state=SCANNING | rows=2 | claims=0
2026-07-03 10:35:49 [INFO] [loop_tick] state=SCANNING | rows=2 | claims=0
2026-07-03 10:35:50 [INFO] [loop_tick] state=SCANNING | rows=2 | claims=0
2026-07-03 10:35:50 [INFO] [loop_tick] state=SCANNING | rows=2 | claims=0
2026-07-03 10:35:50 [INFO] [loop_tick] state=SCANNING | rows=2 | claims=0
2026-07-03 10:35:51 [INFO] [loop_tick] state=SCANNING | rows=2 | claims=0
2026-07-03 10:35:51 [INFO] [loop_tick] state=SCANNING | rows=2 | claims=0
2026-07-03 10:35:51 [INFO] [loop_tick] state=SCANNING | rows=2 | claims=0
2026-07-03 10:35:52 [INFO] [loop_tick] state=SCANNING | rows=2 | claims=0
2026-07-03 10:35:52 [INFO] [loop_tick] state=SCANNING | rows=2 | claims=0
2026-07-03 10:35:52 [INFO] [loop_tick] state=SCANNING | rows=2 | claims=0
2026-07-03 10:35:52 [INFO] [loop_tick] state=SCANNING | rows=2 | claims=0
2026-07-03 10:35:52 [INFO] [loop_tick] state=SCANNING | rows=2 | claims=0
2026-07-03 10:35:53 [INFO] [loop_tick] state=SCANNING | rows=2 | claims=0
2026-07-03 10:35:53 [INFO] [loop_tick] state=SCANNING | rows=2 | claims=0
2026-07-03 10:35:53 [INFO] [loop_tick] state=SCANNING | rows=2 | claims=0
2026-07-03 10:35:53 [INFO] [loop_tick] state=SCANNING | rows=2 | claims=0
2026-07-03 10:35:54 [INFO] [loop_tick] state=SCANNING | rows=2 | claims=0
2026-07-03 10:35:54 [INFO] [loop_tick] state=SCANNING | rows=2 | claims=0
2026-07-03 10:35:54 [INFO] [loop_tick] state=SCANNING | rows=2 | claims=0
2026-07-03 10:35:54 [INFO] [loop_tick] state=SCANNING | rows=2 | claims=0
2026-07-03 10:35:55 [INFO] [loop_tick] state=SCANNING | rows=2 | claims=0
2026-07-03 10:35:55 [INFO] [loop_tick] state=SCANNING | rows=2 | claims=0
2026-07-03 10:35:55 [INFO] [loop_tick] state=SCANNING | rows=2 | claims=0
2026-07-03 10:35:56 [INFO] [loop_tick] state=SCANNING | rows=2 | claims=0
2026-07-03 10:35:56 [INFO] [loop_tick] state=SCANNING | rows=2 | claims=0
2026-07-03 10:35:57 [INFO] [loop_tick] state=SCANNING | rows=2 | claims=0
2026-07-03 10:35:57 [INFO] [loop_tick] state=SCANNING | rows=2 | claims=0
2026-07-03 10:35:57 [INFO] [loop_tick] state=SCANNING | rows=2 | claims=0
2026-07-03 10:35:58 [INFO] [loop_tick] state=SCANNING | rows=2 | claims=0
2026-07-03 10:35:58 [INFO] [loop_tick] state=SCANNING | rows=2 | claims=0
2026-07-03 10:35:58 [INFO] [loop_tick] state=SCANNING | rows=2 | claims=0
2026-07-03 10:35:58 [INFO] [loop_tick] state=SCANNING | rows=2 | claims=0
2026-07-03 10:35:59 [INFO] [loop_tick] state=SCANNING | rows=2 | claims=0
2026-07-03 10:35:59 [INFO] [loop_tick] state=SCANNING | rows=2 | claims=0
2026-07-03 10:35:59 [INFO] [loop_tick] state=SCANNING | rows=2 | claims=0
2026-07-03 10:36:00 [INFO] [loop_tick] state=SCANNING | rows=2 | claims=0
2026-07-03 10:36:00 [INFO] [loop_tick] state=SCANNING | rows=2 | claims=0
2026-07-03 10:36:00 [INFO] [loop_tick] state=SCANNING | rows=2 | claims=0
2026-07-03 10:36:00 [INFO] [loop_tick] state=SCANNING | rows=2 | claims=0
2026-07-03 10:36:00 [INFO] [loop_tick] state=SCANNING | rows=2 | claims=0
2026-07-03 10:36:01 [INFO] [loop_tick] state=SCANNING | rows=2 | claims=0
2026-07-03 10:36:01 [INFO] [loop_tick] state=SCANNING | rows=2 | claims=0
2026-07-03 10:36:01 [INFO] [loop_tick] state=SCANNING | rows=2 | claims=0
2026-07-03 10:36:01 [INFO] [loop_tick] state=SCANNING | rows=2 | claims=0
2026-07-03 10:36:02 [INFO] [loop_tick] state=SCANNING | rows=2 | claims=0
2026-07-03 10:36:02 [INFO] [loop_tick] state=SCANNING | rows=2 | claims=0
2026-07-03 10:36:02 [INFO] [loop_tick] state=SCANNING | rows=2 | claims=0
2026-07-03 10:36:02 [INFO] [loop_tick] state=SCANNING | rows=2 | claims=0
2026-07-03 10:36:03 [INFO] [loop_tick] state=SCANNING | rows=2 | claims=0
2026-07-03 10:36:03 [INFO] [loop_tick] state=SCANNING | rows=2 | claims=0
2026-07-03 10:36:03 [INFO] [loop_tick] state=SCANNING | rows=2 | claims=0
2026-07-03 10:36:03 [INFO] [loop_tick] state=SCANNING | rows=2 | claims=0
2026-07-03 10:36:04 [INFO] [loop_tick] state=SCANNING | rows=2 | claims=0
2026-07-03 10:36:04 [INFO] [loop_tick] state=SCANNING | rows=2 | claims=0
2026-07-03 10:36:04 [INFO] [loop_tick] state=SCANNING | rows=2 | claims=0
2026-07-03 10:36:04 [INFO] [loop_tick] state=SCANNING | rows=2 | claims=0
2026-07-03 10:36:05 [INFO] [loop_tick] state=SCANNING | rows=3 | claims=0
2026-07-03 10:36:05 [INFO] [loop_tick] state=SCANNING | rows=3 | claims=0
2026-07-03 10:36:05 [INFO] [loop_tick] state=SCANNING | rows=3 | claims=0
2026-07-03 10:36:07 [INFO] [loop_tick] state=SCANNING | rows=3 | claims=0
2026-07-03 10:36:07 [INFO] [loop_tick] state=SCANNING | rows=3 | claims=0
2026-07-03 10:36:07 [INFO] [loop_tick] state=SCANNING | rows=3 | claims=0
2026-07-03 10:36:08 [INFO] [loop_tick] state=SCANNING | rows=3 | claims=0
2026-07-03 10:36:08 [INFO] [loop_tick] state=SCANNING | rows=3 | claims=0
2026-07-03 10:36:08 [INFO] [loop_tick] state=SCANNING | rows=2 | claims=0
2026-07-03 10:36:08 [INFO] [loop_tick] state=SCANNING | rows=3 | claims=0
2026-07-03 10:36:09 [INFO] [loop_tick] state=SCANNING | rows=3 | claims=0
2026-07-03 10:36:09 [INFO] [loop_tick] state=SCANNING | rows=3 | claims=0
2026-07-03 10:36:09 [INFO] [loop_tick] state=SCANNING | rows=4 | claims=0
2026-07-03 10:36:09 [INFO] [loop_tick] state=SCANNING | rows=5 | claims=0
2026-07-03 10:36:09 [INFO] [loop_tick] state=SCANNING | rows=5 | claims=0
2026-07-03 10:36:10 [INFO] [loop_tick] state=SCANNING | rows=5 | claims=0
2026-07-03 10:36:10 [INFO] [loop_tick] state=SCANNING | rows=3 | claims=0
2026-07-03 10:36:10 [INFO] [loop_tick] state=SCANNING | rows=1 | claims=0
2026-07-03 10:36:11 [INFO] [loop_tick] state=SCANNING | rows=1 | claims=0
2026-07-03 10:36:11 [INFO] [loop_tick] state=SCANNING | rows=5 | claims=0
2026-07-03 10:36:11 [INFO] [loop_tick] state=SCANNING | rows=5 | claims=0
2026-07-03 10:36:12 [INFO] [loop_tick] state=SCANNING | rows=1 | claims=0
2026-07-03 10:36:12 [INFO] [loop_tick] state=SCANNING | rows=1 | claims=0
2026-07-03 10:36:12 [INFO] [loop_tick] state=SCANNING | rows=1 | claims=0
2026-07-03 10:36:13 [INFO] [loop_tick] state=SCANNING | rows=3 | claims=0
2026-07-03 10:36:13 [INFO] [loop_tick] state=SCANNING | rows=3 | claims=0
2026-07-03 10:36:19 [INFO] [loop_tick] state=SCANNING | rows=3 | claims=0
2026-07-03 10:36:24 [INFO] [loop_tick] state=SCANNING | rows=2 | claims=0
2026-07-03 10:36:24 [INFO] [loop_tick] state=SCANNING | rows=6 | claims=0
2026-07-03 10:36:25 [INFO] [loop_tick] state=SCANNING | rows=6 | claims=0
2026-07-03 10:36:27 [INFO] [loop_tick] state=SCANNING | rows=3 | claims=0
2026-07-03 10:36:28 [INFO] [row_detected] total_rows=4 | claim_rows=[0]
2026-07-03 10:36:28 [INFO] [claim_found] row_id=0 | text=CLAIM | confidence=0.999 | claim_cell=(1169, 619)
2026-07-03 10:36:28 [INFO] [state_change] from_state=SCANNING | to_state=CLAIM_FOUND
2026-07-03 10:36:28 [INFO] [state_change] from_state=CLAIM_FOUND | to_state=CLICK_CLAIM
2026-07-03 10:36:29 [INFO] [claim_cell_clicked] row_id=0 | x=1169 | y=619
2026-07-03 10:36:29 [INFO] [state_change] from_state=CLICK_CLAIM | to_state=WAIT_USERNAME
2026-07-03 10:36:30 [WARNING] Cell shows 'aiming' — claimed by someone else.
2026-07-03 10:36:30 [INFO] [claim_stolen] y_key=616 | cell_text=aiming
2026-07-03 10:36:30 [INFO] [state_change] from_state=WAIT_USERNAME | to_state=SCANNING
2026-07-03 10:36:30 [INFO] [loop_tick] state=SCANNING | rows=4 | claims=0
2026-07-03 10:36:30 [INFO] [loop_tick] state=SCANNING | rows=4 | claims=0
2026-07-03 10:36:31 [INFO] [loop_tick] state=SCANNING | rows=4 | claims=0
2026-07-03 10:36:33 [INFO] [loop_tick] state=SCANNING | rows=4 | claims=0
2026-07-03 10:36:35 [INFO] [loop_tick] state=SCANNING | rows=4 | claims=0
2026-07-03 10:36:36 [INFO] Automation DISABLED (F8)
2026-07-03 10:36:36 [INFO] [state_change] from_state=SCANNING | to_state=STOPPED
2026-07-03 10:37:05 [INFO] Automation ENABLED (F8)
2026-07-03 10:37:05 [INFO] [state_change] from_state=STOPPED | to_state=SCANNING
2026-07-03 10:37:06 [INFO] [row_detected] total_rows=5 | claim_rows=[2]
2026-07-03 10:37:06 [INFO] [claim_found] row_id=2 | text=CLAIM | confidence=0.999 | claim_cell=(1169, 679)
2026-07-03 10:37:06 [INFO] [state_change] from_state=SCANNING | to_state=CLAIM_FOUND
2026-07-03 10:37:06 [INFO] [state_change] from_state=CLAIM_FOUND | to_state=CLICK_CLAIM
2026-07-03 10:37:07 [INFO] [claim_cell_clicked] row_id=2 | x=1169 | y=679
2026-07-03 10:37:07 [INFO] [state_change] from_state=CLICK_CLAIM | to_state=WAIT_USERNAME
2026-07-03 10:37:08 [WARNING] Cell shows 'aiming' — claimed by someone else.
2026-07-03 10:37:08 [INFO] [claim_stolen] y_key=680 | cell_text=aiming
2026-07-03 10:37:08 [INFO] [state_change] from_state=WAIT_USERNAME | to_state=SCANNING
2026-07-03 10:37:08 [INFO] [loop_tick] state=SCANNING | rows=5 | claims=0
2026-07-03 10:37:09 [INFO] Automation DISABLED (F8)
2026-07-03 10:37:09 [INFO] [state_change] from_state=SCANNING | to_state=STOPPED
2026-07-03 10:37:42 [INFO] Clean exit requested (ESC).
2026-07-03 10:37:42 [INFO] WorkflowEngine shut down cleanly.
2026-07-03 10:41:03 [INFO] Clean exit requested (ESC).
2026-07-03 10:41:19 [INFO] System Tray initialized. Application is running in the background.
2026-07-03 10:41:19 [INFO] All sub-systems initialised.
2026-07-03 10:41:19 [INFO] [state_change] from_state=IDLE | to_state=SCANNING
2026-07-03 10:41:19 [INFO] WorkflowEngine started — user='phan'  table={'left': 52, 'top': 601, 'width': 1491, 'height': 298}
2026-07-03 10:41:22 [INFO] Clean exit requested (ESC).
2026-07-03 10:41:22 [INFO] WorkflowEngine shut down cleanly.
2026-07-03 10:41:24 [INFO] System Tray initialized. Application is running in the background.
2026-07-03 10:41:24 [INFO] All sub-systems initialised.
2026-07-03 10:41:24 [INFO] [state_change] from_state=IDLE | to_state=SCANNING
2026-07-03 10:41:24 [INFO] WorkflowEngine started — user='phan'  table={'left': 52, 'top': 601, 'width': 1491, 'height': 298}
2026-07-03 10:42:16 [INFO] [row_detected] total_rows=1 | claim_rows=[0]
2026-07-03 10:42:16 [INFO] [claim_found] row_id=0 | text=CLAIM | confidence=0.999 | claim_cell=(1169, 619)
2026-07-03 10:42:16 [INFO] [state_change] from_state=SCANNING | to_state=CLAIM_FOUND
2026-07-03 10:42:16 [INFO] [state_change] from_state=CLAIM_FOUND | to_state=CLICK_CLAIM
2026-07-03 10:42:17 [INFO] [claim_cell_clicked] row_id=0 | x=1169 | y=619
2026-07-03 10:42:17 [INFO] [state_change] from_state=CLICK_CLAIM | to_state=WAIT_USERNAME
2026-07-03 10:42:18 [WARNING] Cell shows 'inguyen' — claimed by someone else.
2026-07-03 10:42:18 [INFO] [claim_stolen] y_key=616 | cell_text=inguyen
2026-07-03 10:42:18 [INFO] [state_change] from_state=WAIT_USERNAME | to_state=SCANNING
2026-07-03 10:42:18 [INFO] [loop_tick] state=SCANNING | rows=1 | claims=0
2026-07-03 10:42:21 [INFO] [loop_tick] state=SCANNING | rows=1 | claims=0
2026-07-03 10:42:23 [INFO] [loop_tick] state=SCANNING | rows=1 | claims=0
2026-07-03 10:42:25 [INFO] [loop_tick] state=SCANNING | rows=1 | claims=0
2026-07-03 10:42:27 [INFO] Automation DISABLED (F8)
2026-07-03 10:42:27 [INFO] [state_change] from_state=SCANNING | to_state=STOPPED
2026-07-03 10:42:53 [INFO] Clean exit requested (ESC).
2026-07-03 10:42:53 [INFO] WorkflowEngine shut down cleanly.
2026-07-03 10:42:56 [INFO] System Tray initialized. Application is running in the background.
2026-07-03 10:42:56 [INFO] All sub-systems initialised.
2026-07-03 10:42:56 [INFO] [state_change] from_state=IDLE | to_state=SCANNING
2026-07-03 10:42:56 [INFO] WorkflowEngine started — user='phan'  table={'left': 52, 'top': 601, 'width': 1491, 'height': 298}
2026-07-03 10:43:00 [INFO] [row_detected] total_rows=2 | claim_rows=[1]
2026-07-03 10:43:00 [INFO] [claim_found] row_id=1 | text=CLAIM | confidence=0.999 | claim_cell=(1169, 649)
2026-07-03 10:43:00 [INFO] [state_change] from_state=SCANNING | to_state=CLAIM_FOUND
2026-07-03 10:43:00 [INFO] [state_change] from_state=CLAIM_FOUND | to_state=CLICK_CLAIM
2026-07-03 10:43:00 [INFO] [claim_cell_clicked] row_id=1 | x=1169 | y=649
2026-07-03 10:43:00 [INFO] [state_change] from_state=CLICK_CLAIM | to_state=WAIT_USERNAME
2026-07-03 10:43:02 [WARNING] Cell shows 'aiming' — claimed by someone else.
2026-07-03 10:43:02 [INFO] [claim_stolen] y_key=648 | cell_text=aiming
2026-07-03 10:43:02 [INFO] [state_change] from_state=WAIT_USERNAME | to_state=SCANNING
2026-07-03 10:43:02 [INFO] [loop_tick] state=SCANNING | rows=2 | claims=0
2026-07-03 10:43:02 [INFO] [loop_tick] state=SCANNING | rows=2 | claims=0
2026-07-03 10:43:05 [INFO] [loop_tick] state=SCANNING | rows=2 | claims=0
2026-07-03 10:43:07 [INFO] [loop_tick] state=SCANNING | rows=2 | claims=0
2026-07-03 10:43:08 [INFO] Clean exit requested (ESC).
2026-07-03 10:43:08 [INFO] WorkflowEngine shut down cleanly.
2026-07-03 10:44:09 [INFO] System Tray initialized. Application is running in the background.
2026-07-03 10:44:09 [INFO] All sub-systems initialised.
2026-07-03 10:44:09 [INFO] [state_change] from_state=IDLE | to_state=SCANNING
2026-07-03 10:44:09 [INFO] WorkflowEngine started — user='phan'  table={'left': 52, 'top': 601, 'width': 1491, 'height': 298}
2026-07-03 10:44:13 [INFO] [loop_tick] state=SCANNING | rows=6 | claims=0
2026-07-03 10:44:13 [INFO] [row_detected] total_rows=6 | claim_rows=[1, 2]
2026-07-03 10:44:14 [INFO] [claim_found] row_id=1 | text=CLAIM | confidence=0.999 | claim_cell=(1169, 649)
2026-07-03 10:44:14 [INFO] [state_change] from_state=SCANNING | to_state=CLAIM_FOUND
2026-07-03 10:44:14 [INFO] [state_change] from_state=CLAIM_FOUND | to_state=CLICK_CLAIM
2026-07-03 10:44:14 [INFO] [claim_cell_clicked] row_id=1 | x=1169 | y=649
2026-07-03 10:44:14 [INFO] [state_change] from_state=CLICK_CLAIM | to_state=WAIT_USERNAME
2026-07-03 10:44:16 [WARNING] Cell shows 'aiming' — claimed by someone else.
2026-07-03 10:44:16 [INFO] [claim_stolen] y_key=648 | cell_text=aiming
2026-07-03 10:44:16 [INFO] [state_change] from_state=WAIT_USERNAME | to_state=SCANNING
2026-07-03 10:44:16 [INFO] [row_detected] total_rows=6 | claim_rows=[2]
2026-07-03 10:44:16 [INFO] [claim_found] row_id=2 | text=CLAIM | confidence=0.999 | claim_cell=(1169, 679)
2026-07-03 10:44:16 [INFO] [state_change] from_state=SCANNING | to_state=CLAIM_FOUND
2026-07-03 10:44:16 [INFO] [state_change] from_state=CLAIM_FOUND | to_state=CLICK_CLAIM
2026-07-03 10:44:16 [INFO] [claim_cell_clicked] row_id=2 | x=1169 | y=679
2026-07-03 10:44:16 [INFO] [state_change] from_state=CLICK_CLAIM | to_state=WAIT_USERNAME
2026-07-03 10:44:18 [WARNING] Cell shows 'aiming' — claimed by someone else.
2026-07-03 10:44:18 [INFO] [claim_stolen] y_key=680 | cell_text=aiming
2026-07-03 10:44:18 [INFO] [state_change] from_state=WAIT_USERNAME | to_state=SCANNING
2026-07-03 10:44:18 [INFO] [loop_tick] state=SCANNING | rows=6 | claims=0
2026-07-03 10:44:18 [INFO] [row_detected] total_rows=7 | claim_rows=[3]
2026-07-03 10:44:18 [INFO] [claim_found] row_id=3 | text=CLAIM | confidence=0.998 | claim_cell=(1168, 709)
2026-07-03 10:44:18 [INFO] [state_change] from_state=SCANNING | to_state=CLAIM_FOUND
2026-07-03 10:44:18 [INFO] [state_change] from_state=CLAIM_FOUND | to_state=CLICK_CLAIM
2026-07-03 10:44:19 [INFO] [claim_cell_clicked] row_id=3 | x=1168 | y=709
2026-07-03 10:44:19 [INFO] [state_change] from_state=CLICK_CLAIM | to_state=WAIT_USERNAME
2026-07-03 10:44:20 [WARNING] Cell shows 'aiming' — claimed by someone else.
2026-07-03 10:44:20 [INFO] [claim_stolen] y_key=712 | cell_text=aiming
2026-07-03 10:44:20 [INFO] [state_change] from_state=WAIT_USERNAME | to_state=SCANNING
2026-07-03 10:44:20 [INFO] Automation DISABLED (F8)
2026-07-03 10:44:20 [INFO] [loop_tick] state=SCANNING | rows=7 | claims=0
2026-07-03 10:44:20 [INFO] [state_change] from_state=SCANNING | to_state=STOPPED
2026-07-03 10:44:41 [INFO] Clean exit requested (ESC).
2026-07-03 10:44:41 [INFO] WorkflowEngine shut down cleanly.
2026-07-03 10:57:24 [INFO] System Tray initialized. Application is running in the background.
2026-07-03 10:57:24 [INFO] All sub-systems initialised.
2026-07-03 10:57:24 [INFO] [state_change] from_state=IDLE | to_state=SCANNING
2026-07-03 10:57:24 [INFO] WorkflowEngine started — user='phan'  table={'left': 52, 'top': 601, 'width': 1491, 'height': 298}
2026-07-03 10:57:28 [INFO] [row_detected] total_rows=10 | claim_rows=[3]
2026-07-03 10:57:28 [INFO] [claim_found] row_id=3 | text=CLAIM | confidence=0.999 | claim_cell=(1169, 709)
2026-07-03 10:57:28 [INFO] [state_change] from_state=SCANNING | to_state=CLAIM_FOUND
2026-07-03 10:57:28 [INFO] [state_change] from_state=CLAIM_FOUND | to_state=CLICK_CLAIM
2026-07-03 10:57:28 [INFO] [claim_cell_clicked] row_id=3 | x=1169 | y=709
2026-07-03 10:57:28 [INFO] [state_change] from_state=CLICK_CLAIM | to_state=WAIT_USERNAME
2026-07-03 10:57:30 [INFO] [claim_verified] y_key=712 | cell_text=phan | elapsed_s=1.504
2026-07-03 10:57:30 [INFO] [state_change] from_state=WAIT_USERNAME | to_state=CLAIM_SUCCESS
2026-07-03 10:57:30 [INFO] [select_clicked] y_key=712 | x=1316 | y=709
2026-07-03 10:57:31 [INFO] [state_change] from_state=CLAIM_SUCCESS | to_state=CLICK_SELECT
2026-07-03 10:57:31 [INFO] [state_change] from_state=CLICK_SELECT | to_state=CLICK_CONNECT
2026-07-03 10:57:32 [INFO] [connect_clicked] y_key=712 | x=768 | y=88
2026-07-03 10:57:32 [INFO] [state_change] from_state=CLICK_CONNECT | to_state=CONNECTED
2026-07-03 10:57:32 [INFO] ✓ Connected! Waiting 1000ms then entering STOPPED state.
2026-07-03 10:57:33 [INFO] [state_change] from_state=CONNECTED | to_state=STOPPED
2026-07-03 10:59:10 [INFO] Automation ENABLED (F8)
2026-07-03 10:59:10 [INFO] [state_change] from_state=STOPPED | to_state=SCANNING
2026-07-03 10:59:10 [INFO] [loop_tick] state=SCANNING | rows=9 | claims=0
2026-07-03 10:59:11 [INFO] [loop_tick] state=SCANNING | rows=7 | claims=0
2026-07-03 10:59:13 [INFO] [loop_tick] state=SCANNING | rows=7 | claims=0
2026-07-03 10:59:15 [INFO] [loop_tick] state=SCANNING | rows=7 | claims=0
2026-07-03 10:59:17 [INFO] [loop_tick] state=SCANNING | rows=7 | claims=0
2026-07-03 10:59:19 [INFO] [loop_tick] state=SCANNING | rows=5 | claims=0
2026-07-03 10:59:21 [INFO] [loop_tick] state=SCANNING | rows=5 | claims=0
2026-07-03 10:59:24 [INFO] [loop_tick] state=SCANNING | rows=5 | claims=0
2026-07-03 10:59:26 [INFO] [loop_tick] state=SCANNING | rows=5 | claims=0
2026-07-03 10:59:29 [INFO] [loop_tick] state=SCANNING | rows=5 | claims=0
2026-07-03 10:59:31 [INFO] [loop_tick] state=SCANNING | rows=5 | claims=0
2026-07-03 10:59:33 [INFO] [loop_tick] state=SCANNING | rows=5 | claims=0
2026-07-03 10:59:36 [INFO] [loop_tick] state=SCANNING | rows=5 | claims=0
2026-07-03 10:59:38 [INFO] [loop_tick] state=SCANNING | rows=5 | claims=0
2026-07-03 10:59:41 [INFO] [loop_tick] state=SCANNING | rows=4 | claims=0
2026-07-03 10:59:43 [INFO] [loop_tick] state=SCANNING | rows=4 | claims=0
2026-07-03 10:59:46 [INFO] [loop_tick] state=SCANNING | rows=4 | claims=0
2026-07-03 10:59:48 [INFO] [loop_tick] state=SCANNING | rows=4 | claims=0
2026-07-03 10:59:50 [INFO] [loop_tick] state=SCANNING | rows=4 | claims=0
2026-07-03 10:59:53 [INFO] [loop_tick] state=SCANNING | rows=4 | claims=0
2026-07-03 10:59:55 [INFO] [loop_tick] state=SCANNING | rows=4 | claims=0
2026-07-03 10:59:57 [INFO] [loop_tick] state=SCANNING | rows=4 | claims=0
2026-07-03 10:59:59 [INFO] [loop_tick] state=SCANNING | rows=4 | claims=0
2026-07-03 11:00:02 [INFO] [loop_tick] state=SCANNING | rows=4 | claims=0
2026-07-03 11:00:04 [INFO] [loop_tick] state=SCANNING | rows=4 | claims=0
2026-07-03 11:00:07 [INFO] [row_detected] total_rows=5 | claim_rows=[0]
2026-07-03 11:00:07 [INFO] [claim_found] row_id=0 | text=CLAIM | confidence=0.999 | claim_cell=(1169, 619)
2026-07-03 11:00:07 [INFO] [state_change] from_state=SCANNING | to_state=CLAIM_FOUND
2026-07-03 11:00:07 [INFO] [state_change] from_state=CLAIM_FOUND | to_state=CLICK_CLAIM
2026-07-03 11:00:08 [INFO] [claim_cell_clicked] row_id=0 | x=1169 | y=619
2026-07-03 11:00:08 [INFO] [state_change] from_state=CLICK_CLAIM | to_state=WAIT_USERNAME
2026-07-03 11:00:09 [WARNING] Cell shows 'aiming' — claimed by someone else.
2026-07-03 11:00:09 [INFO] [claim_stolen] y_key=616 | cell_text=aiming
2026-07-03 11:00:09 [INFO] [state_change] from_state=WAIT_USERNAME | to_state=SCANNING
2026-07-03 11:00:09 [INFO] [loop_tick] state=SCANNING | rows=5 | claims=0
2026-07-03 11:00:09 [INFO] [loop_tick] state=SCANNING | rows=5 | claims=0
2026-07-03 11:00:12 [INFO] [loop_tick] state=SCANNING | rows=5 | claims=0
2026-07-03 11:00:14 [INFO] [loop_tick] state=SCANNING | rows=5 | claims=0
2026-07-03 11:00:15 [INFO] [loop_tick] state=SCANNING | rows=5 | claims=0
2026-07-03 11:00:15 [INFO] [loop_tick] state=SCANNING | rows=5 | claims=0
2026-07-03 11:00:15 [INFO] Automation DISABLED (F8)
2026-07-03 11:00:15 [INFO] [state_change] from_state=SCANNING | to_state=STOPPED
2026-07-03 11:01:46 [INFO] Clean exit requested (ESC).
2026-07-03 11:01:46 [INFO] WorkflowEngine shut down cleanly.
2026-07-03 11:05:16 [INFO] System Tray initialized. Application is running in the background.
2026-07-03 11:05:16 [INFO] All sub-systems initialised.
2026-07-03 11:05:16 [INFO] [state_change] from_state=IDLE | to_state=SCANNING
2026-07-03 11:05:16 [INFO] WorkflowEngine started — user='phan'  table={'left': 52, 'top': 601, 'width': 1491, 'height': 298}
2026-07-03 11:05:20 [INFO] [row_detected] total_rows=4 | claim_rows=[0]
2026-07-03 11:05:20 [INFO] [row_detected] total_rows=4 | claim_rows=[0]
2026-07-03 11:05:21 [INFO] [row_detected] total_rows=4 | claim_rows=[0]
2026-07-03 11:05:23 [INFO] [row_detected] total_rows=4 | claim_rows=[0]
2026-07-03 11:05:25 [INFO] [row_detected] total_rows=4 | claim_rows=[0]
2026-07-03 11:05:28 [INFO] [loop_tick] state=SCANNING | rows=3 | claims=0
2026-07-03 11:05:30 [INFO] [loop_tick] state=SCANNING | rows=3 | claims=0
2026-07-03 11:05:32 [INFO] [loop_tick] state=SCANNING | rows=3 | claims=0
2026-07-03 11:05:35 [INFO] [loop_tick] state=SCANNING | rows=3 | claims=0
2026-07-03 11:05:37 [INFO] [loop_tick] state=SCANNING | rows=3 | claims=0
2026-07-03 11:05:40 [INFO] [loop_tick] state=SCANNING | rows=3 | claims=0
2026-07-03 11:05:42 [INFO] [loop_tick] state=SCANNING | rows=3 | claims=0
2026-07-03 11:05:45 [INFO] [row_detected] total_rows=4 | claim_rows=[1]
2026-07-03 11:05:45 [INFO] [claim_found] row_id=1 | text=CLAIM | confidence=0.999 | claim_cell=(1169, 649)
2026-07-03 11:05:45 [INFO] [state_change] from_state=SCANNING | to_state=CLAIM_FOUND
2026-07-03 11:05:45 [INFO] [state_change] from_state=CLAIM_FOUND | to_state=CLICK_CLAIM
2026-07-03 11:05:45 [INFO] [claim_cell_clicked] row_id=1 | x=1169 | y=649
2026-07-03 11:05:45 [INFO] [state_change] from_state=CLICK_CLAIM | to_state=WAIT_USERNAME
2026-07-03 11:05:47 [INFO] [claim_verified] y_key=648 | cell_text=phan | elapsed_s=1.606
2026-07-03 11:05:47 [INFO] [state_change] from_state=WAIT_USERNAME | to_state=CLAIM_SUCCESS
2026-07-03 11:05:48 [INFO] [select_clicked] y_key=648 | x=1316 | y=649
2026-07-03 11:05:49 [INFO] [state_change] from_state=CLAIM_SUCCESS | to_state=CLICK_SELECT
2026-07-03 11:05:49 [INFO] [state_change] from_state=CLICK_SELECT | to_state=CLICK_CONNECT
2026-07-03 11:05:49 [INFO] [connect_clicked] y_key=648 | x=768 | y=88
2026-07-03 11:05:49 [INFO] [state_change] from_state=CLICK_CONNECT | to_state=CONNECTED
2026-07-03 11:05:49 [INFO] ✓ Connected! Waiting 1000ms then entering STOPPED state.
2026-07-03 11:05:50 [INFO] [state_change] from_state=CONNECTED | to_state=STOPPED
2026-07-03 11:07:12 [INFO] Automation ENABLED (F8)
2026-07-03 11:07:12 [INFO] [state_change] from_state=STOPPED | to_state=SCANNING
2026-07-03 11:07:13 [INFO] [row_detected] total_rows=2 | claim_rows=[1]
2026-07-03 11:07:13 [INFO] [claim_found] row_id=1 | text=CLAIM | confidence=0.999 | claim_cell=(1169, 649)
2026-07-03 11:07:13 [INFO] [state_change] from_state=SCANNING | to_state=CLAIM_FOUND
2026-07-03 11:07:13 [INFO] [state_change] from_state=CLAIM_FOUND | to_state=CLICK_CLAIM
2026-07-03 11:07:13 [INFO] [claim_cell_clicked] row_id=1 | x=1169 | y=649
2026-07-03 11:07:13 [INFO] [state_change] from_state=CLICK_CLAIM | to_state=WAIT_USERNAME
2026-07-03 11:07:15 [INFO] [claim_verified] y_key=648 | cell_text=phan | elapsed_s=1.305
2026-07-03 11:07:15 [INFO] [state_change] from_state=WAIT_USERNAME | to_state=CLAIM_SUCCESS
2026-07-03 11:07:15 [INFO] [select_clicked] y_key=648 | x=1316 | y=649
2026-07-03 11:07:16 [INFO] Automation DISABLED (F8)
2026-07-03 11:07:16 [INFO] [state_change] from_state=CLAIM_SUCCESS | to_state=CLICK_SELECT
2026-07-03 11:07:16 [WARNING] Illegal FSM transition CLICK_SELECT → STOPPED — ignored
2026-07-03 11:07:16 [WARNING] Illegal FSM transition CLICK_SELECT → STOPPED — ignored
2026-07-03 11:07:17 [WARNING] Illegal FSM transition CLICK_SELECT → STOPPED — ignored
2026-07-03 11:07:17 [WARNING] Illegal FSM transition CLICK_SELECT → STOPPED — ignored
2026-07-03 11:07:17 [WARNING] Illegal FSM transition CLICK_SELECT → STOPPED — ignored
2026-07-03 11:07:17 [WARNING] Illegal FSM transition CLICK_SELECT → STOPPED — ignored
2026-07-03 11:07:17 [WARNING] Illegal FSM transition CLICK_SELECT → STOPPED — ignored
2026-07-03 11:07:17 [WARNING] Illegal FSM transition CLICK_SELECT → STOPPED — ignored
2026-07-03 11:07:17 [WARNING] Illegal FSM transition CLICK_SELECT → STOPPED — ignored
2026-07-03 11:07:17 [WARNING] Illegal FSM transition CLICK_SELECT → STOPPED — ignored
2026-07-03 11:07:17 [WARNING] Illegal FSM transition CLICK_SELECT → STOPPED — ignored
2026-07-03 11:07:17 [WARNING] Illegal FSM transition CLICK_SELECT → STOPPED — ignored
2026-07-03 11:07:18 [WARNING] Illegal FSM transition CLICK_SELECT → STOPPED — ignored
2026-07-03 11:07:18 [WARNING] Illegal FSM transition CLICK_SELECT → STOPPED — ignored
2026-07-03 11:07:18 [WARNING] Illegal FSM transition CLICK_SELECT → STOPPED — ignored
2026-07-03 11:07:18 [WARNING] Illegal FSM transition CLICK_SELECT → STOPPED — ignored
2026-07-03 11:07:18 [WARNING] Illegal FSM transition CLICK_SELECT → STOPPED — ignored
2026-07-03 11:07:18 [WARNING] Illegal FSM transition CLICK_SELECT → STOPPED — ignored
2026-07-03 11:07:18 [WARNING] Illegal FSM transition CLICK_SELECT → STOPPED — ignored
2026-07-03 11:07:18 [WARNING] Illegal FSM transition CLICK_SELECT → STOPPED — ignored
2026-07-03 11:07:18 [WARNING] Illegal FSM transition CLICK_SELECT → STOPPED — ignored
2026-07-03 11:07:18 [WARNING] Illegal FSM transition CLICK_SELECT → STOPPED — ignored
2026-07-03 11:07:19 [WARNING] Illegal FSM transition CLICK_SELECT → STOPPED — ignored
2026-07-03 11:07:19 [WARNING] Illegal FSM transition CLICK_SELECT → STOPPED — ignored
2026-07-03 11:07:19 [WARNING] Illegal FSM transition CLICK_SELECT → STOPPED — ignored
2026-07-03 11:07:19 [WARNING] Illegal FSM transition CLICK_SELECT → STOPPED — ignored
2026-07-03 11:07:19 [WARNING] Illegal FSM transition CLICK_SELECT → STOPPED — ignored
2026-07-03 11:07:19 [WARNING] Illegal FSM transition CLICK_SELECT → STOPPED — ignored
2026-07-03 11:07:19 [WARNING] Illegal FSM transition CLICK_SELECT → STOPPED — ignored
2026-07-03 11:07:19 [WARNING] Illegal FSM transition CLICK_SELECT → STOPPED — ignored
2026-07-03 11:07:19 [WARNING] Illegal FSM transition CLICK_SELECT → STOPPED — ignored
2026-07-03 11:07:19 [WARNING] Illegal FSM transition CLICK_SELECT → STOPPED — ignored
2026-07-03 11:07:20 [WARNING] Illegal FSM transition CLICK_SELECT → STOPPED — ignored
2026-07-03 11:07:20 [WARNING] Illegal FSM transition CLICK_SELECT → STOPPED — ignored
2026-07-03 11:07:20 [WARNING] Illegal FSM transition CLICK_SELECT → STOPPED — ignored
2026-07-03 11:07:20 [WARNING] Illegal FSM transition CLICK_SELECT → STOPPED — ignored
2026-07-03 11:07:20 [WARNING] Illegal FSM transition CLICK_SELECT → STOPPED — ignored
2026-07-03 11:07:20 [WARNING] Illegal FSM transition CLICK_SELECT → STOPPED — ignored
2026-07-03 11:07:20 [WARNING] Illegal FSM transition CLICK_SELECT → STOPPED — ignored
2026-07-03 11:07:20 [WARNING] Illegal FSM transition CLICK_SELECT → STOPPED — ignored
2026-07-03 11:07:20 [WARNING] Illegal FSM transition CLICK_SELECT → STOPPED — ignored
2026-07-03 11:07:20 [WARNING] Illegal FSM transition CLICK_SELECT → STOPPED — ignored
2026-07-03 11:07:21 [WARNING] Illegal FSM transition CLICK_SELECT → STOPPED — ignored
2026-07-03 11:07:21 [WARNING] Illegal FSM transition CLICK_SELECT → STOPPED — ignored
2026-07-03 11:07:21 [WARNING] Illegal FSM transition CLICK_SELECT → STOPPED — ignored
2026-07-03 11:07:21 [WARNING] Illegal FSM transition CLICK_SELECT → STOPPED — ignored
2026-07-03 11:07:21 [WARNING] Illegal FSM transition CLICK_SELECT → STOPPED — ignored
2026-07-03 11:07:21 [WARNING] Illegal FSM transition CLICK_SELECT → STOPPED — ignored
2026-07-03 11:07:21 [WARNING] Illegal FSM transition CLICK_SELECT → STOPPED — ignored
2026-07-03 11:07:21 [WARNING] Illegal FSM transition CLICK_SELECT → STOPPED — ignored
2026-07-03 11:07:21 [WARNING] Illegal FSM transition CLICK_SELECT → STOPPED — ignored
2026-07-03 11:07:21 [WARNING] Illegal FSM transition CLICK_SELECT → STOPPED — ignored
2026-07-03 11:07:22 [WARNING] Illegal FSM transition CLICK_SELECT → STOPPED — ignored
2026-07-03 11:07:22 [WARNING] Illegal FSM transition CLICK_SELECT → STOPPED — ignored
2026-07-03 11:07:22 [WARNING] Illegal FSM transition CLICK_SELECT → STOPPED — ignored
2026-07-03 11:07:22 [WARNING] Illegal FSM transition CLICK_SELECT → STOPPED — ignored
2026-07-03 11:07:22 [WARNING] Illegal FSM transition CLICK_SELECT → STOPPED — ignored
2026-07-03 11:07:22 [WARNING] Illegal FSM transition CLICK_SELECT → STOPPED — ignored
2026-07-03 11:07:22 [WARNING] Illegal FSM transition CLICK_SELECT → STOPPED — ignored
2026-07-03 11:07:22 [WARNING] Illegal FSM transition CLICK_SELECT → STOPPED — ignored
2026-07-03 11:07:22 [WARNING] Illegal FSM transition CLICK_SELECT → STOPPED — ignored
2026-07-03 11:07:22 [WARNING] Illegal FSM transition CLICK_SELECT → STOPPED — ignored
2026-07-03 11:07:23 [WARNING] Illegal FSM transition CLICK_SELECT → STOPPED — ignored
2026-07-03 11:07:23 [WARNING] Illegal FSM transition CLICK_SELECT → STOPPED — ignored
2026-07-03 11:07:23 [WARNING] Illegal FSM transition CLICK_SELECT → STOPPED — ignored
2026-07-03 11:07:23 [WARNING] Illegal FSM transition CLICK_SELECT → STOPPED — ignored
2026-07-03 11:07:23 [WARNING] Illegal FSM transition CLICK_SELECT → STOPPED — ignored
2026-07-03 11:07:23 [WARNING] Illegal FSM transition CLICK_SELECT → STOPPED — ignored
2026-07-03 11:07:23 [WARNING] Illegal FSM transition CLICK_SELECT → STOPPED — ignored
2026-07-03 11:07:23 [WARNING] Illegal FSM transition CLICK_SELECT → STOPPED — ignored
2026-07-03 11:07:23 [WARNING] Illegal FSM transition CLICK_SELECT → STOPPED — ignored
2026-07-03 11:07:23 [WARNING] Illegal FSM transition CLICK_SELECT → STOPPED — ignored
2026-07-03 11:07:24 [WARNING] Illegal FSM transition CLICK_SELECT → STOPPED — ignored
2026-07-03 11:07:24 [WARNING] Illegal FSM transition CLICK_SELECT → STOPPED — ignored
2026-07-03 11:07:24 [WARNING] Illegal FSM transition CLICK_SELECT → STOPPED — ignored
2026-07-03 11:07:24 [WARNING] Illegal FSM transition CLICK_SELECT → STOPPED — ignored
2026-07-03 11:07:24 [WARNING] Illegal FSM transition CLICK_SELECT → STOPPED — ignored
2026-07-03 11:07:24 [WARNING] Illegal FSM transition CLICK_SELECT → STOPPED — ignored
2026-07-03 11:07:24 [WARNING] Illegal FSM transition CLICK_SELECT → STOPPED — ignored
2026-07-03 11:07:24 [WARNING] Illegal FSM transition CLICK_SELECT → STOPPED — ignored
2026-07-03 11:07:24 [WARNING] Illegal FSM transition CLICK_SELECT → STOPPED — ignored
2026-07-03 11:07:24 [WARNING] Illegal FSM transition CLICK_SELECT → STOPPED — ignored
2026-07-03 11:07:25 [WARNING] Illegal FSM transition CLICK_SELECT → STOPPED — ignored
2026-07-03 11:07:25 [WARNING] Illegal FSM transition CLICK_SELECT → STOPPED — ignored
2026-07-03 11:07:25 [WARNING] Illegal FSM transition CLICK_SELECT → STOPPED — ignored
2026-07-03 11:07:25 [WARNING] Illegal FSM transition CLICK_SELECT → STOPPED — ignored
2026-07-03 11:07:25 [WARNING] Illegal FSM transition CLICK_SELECT → STOPPED — ignored
2026-07-03 11:07:25 [WARNING] Illegal FSM transition CLICK_SELECT → STOPPED — ignored
2026-07-03 11:07:25 [WARNING] Illegal FSM transition CLICK_SELECT → STOPPED — ignored
2026-07-03 11:07:25 [WARNING] Illegal FSM transition CLICK_SELECT → STOPPED — ignored
2026-07-03 11:07:25 [WARNING] Illegal FSM transition CLICK_SELECT → STOPPED — ignored
2026-07-03 11:07:25 [WARNING] Illegal FSM transition CLICK_SELECT → STOPPED — ignored
2026-07-03 11:07:26 [WARNING] Illegal FSM transition CLICK_SELECT → STOPPED — ignored
2026-07-03 11:07:26 [WARNING] Illegal FSM transition CLICK_SELECT → STOPPED — ignored
2026-07-03 11:07:26 [WARNING] Illegal FSM transition CLICK_SELECT → STOPPED — ignored
2026-07-03 11:07:26 [WARNING] Illegal FSM transition CLICK_SELECT → STOPPED — ignored
2026-07-03 11:07:26 [WARNING] Illegal FSM transition CLICK_SELECT → STOPPED — ignored
2026-07-03 11:07:26 [WARNING] Illegal FSM transition CLICK_SELECT → STOPPED — ignored
2026-07-03 11:07:26 [WARNING] Illegal FSM transition CLICK_SELECT → STOPPED — ignored
2026-07-03 11:07:26 [WARNING] Illegal FSM transition CLICK_SELECT → STOPPED — ignored
2026-07-03 11:07:26 [WARNING] Illegal FSM transition CLICK_SELECT → STOPPED — ignored
2026-07-03 11:07:26 [WARNING] Illegal FSM transition CLICK_SELECT → STOPPED — ignored
2026-07-03 11:07:27 [WARNING] Illegal FSM transition CLICK_SELECT → STOPPED — ignored
2026-07-03 11:07:27 [WARNING] Illegal FSM transition CLICK_SELECT → STOPPED — ignored
2026-07-03 11:07:27 [WARNING] Illegal FSM transition CLICK_SELECT → STOPPED — ignored
2026-07-03 11:07:27 [WARNING] Illegal FSM transition CLICK_SELECT → STOPPED — ignored
2026-07-03 11:07:27 [WARNING] Illegal FSM transition CLICK_SELECT → STOPPED — ignored
2026-07-03 11:07:27 [WARNING] Illegal FSM transition CLICK_SELECT → STOPPED — ignored
2026-07-03 11:07:27 [WARNING] Illegal FSM transition CLICK_SELECT → STOPPED — ignored
2026-07-03 11:07:27 [WARNING] Illegal FSM transition CLICK_SELECT → STOPPED — ignored
2026-07-03 11:07:27 [WARNING] Illegal FSM transition CLICK_SELECT → STOPPED — ignored
2026-07-03 11:07:27 [WARNING] Illegal FSM transition CLICK_SELECT → STOPPED — ignored
2026-07-03 11:07:28 [WARNING] Illegal FSM transition CLICK_SELECT → STOPPED — ignored
2026-07-03 11:07:28 [WARNING] Illegal FSM transition CLICK_SELECT → STOPPED — ignored
2026-07-03 11:07:28 [WARNING] Illegal FSM transition CLICK_SELECT → STOPPED — ignored
2026-07-03 11:07:28 [WARNING] Illegal FSM transition CLICK_SELECT → STOPPED — ignored
2026-07-03 11:07:28 [WARNING] Illegal FSM transition CLICK_SELECT → STOPPED — ignored
2026-07-03 11:07:28 [WARNING] Illegal FSM transition CLICK_SELECT → STOPPED — ignored
2026-07-03 11:07:28 [WARNING] Illegal FSM transition CLICK_SELECT → STOPPED — ignored
2026-07-03 11:07:28 [WARNING] Illegal FSM transition CLICK_SELECT → STOPPED — ignored
2026-07-03 11:07:28 [WARNING] Illegal FSM transition CLICK_SELECT → STOPPED — ignored
2026-07-03 11:07:28 [WARNING] Illegal FSM transition CLICK_SELECT → STOPPED — ignored
2026-07-03 11:07:29 [WARNING] Illegal FSM transition CLICK_SELECT → STOPPED — ignored
2026-07-03 11:07:29 [WARNING] Illegal FSM transition CLICK_SELECT → STOPPED — ignored
2026-07-03 11:07:29 [WARNING] Illegal FSM transition CLICK_SELECT → STOPPED — ignored
2026-07-03 11:07:29 [WARNING] Illegal FSM transition CLICK_SELECT → STOPPED — ignored
2026-07-03 11:07:29 [WARNING] Illegal FSM transition CLICK_SELECT → STOPPED — ignored
2026-07-03 11:07:29 [WARNING] Illegal FSM transition CLICK_SELECT → STOPPED — ignored
2026-07-03 11:07:29 [WARNING] Illegal FSM transition CLICK_SELECT → STOPPED — ignored
2026-07-03 11:07:29 [WARNING] Illegal FSM transition CLICK_SELECT → STOPPED — ignored
2026-07-03 11:07:29 [WARNING] Illegal FSM transition CLICK_SELECT → STOPPED — ignored
2026-07-03 11:07:29 [WARNING] Illegal FSM transition CLICK_SELECT → STOPPED — ignored
2026-07-03 11:07:30 [WARNING] Illegal FSM transition CLICK_SELECT → STOPPED — ignored
2026-07-03 11:07:30 [WARNING] Illegal FSM transition CLICK_SELECT → STOPPED — ignored
2026-07-03 11:07:30 [WARNING] Illegal FSM transition CLICK_SELECT → STOPPED — ignored
2026-07-03 11:07:30 [WARNING] Illegal FSM transition CLICK_SELECT → STOPPED — ignored
2026-07-03 11:07:30 [WARNING] Illegal FSM transition CLICK_SELECT → STOPPED — ignored
2026-07-03 11:07:30 [WARNING] Illegal FSM transition CLICK_SELECT → STOPPED — ignored
2026-07-03 11:07:30 [WARNING] Illegal FSM transition CLICK_SELECT → STOPPED — ignored
2026-07-03 11:07:30 [WARNING] Illegal FSM transition CLICK_SELECT → STOPPED — ignored
2026-07-03 11:07:30 [WARNING] Illegal FSM transition CLICK_SELECT → STOPPED — ignored
2026-07-03 11:07:30 [WARNING] Illegal FSM transition CLICK_SELECT → STOPPED — ignored
2026-07-03 11:07:31 [WARNING] Illegal FSM transition CLICK_SELECT → STOPPED — ignored
2026-07-03 11:07:31 [WARNING] Illegal FSM transition CLICK_SELECT → STOPPED — ignored
2026-07-03 11:07:31 [WARNING] Illegal FSM transition CLICK_SELECT → STOPPED — ignored
2026-07-03 11:07:31 [WARNING] Illegal FSM transition CLICK_SELECT → STOPPED — ignored
2026-07-03 11:07:31 [WARNING] Illegal FSM transition CLICK_SELECT → STOPPED — ignored
2026-07-03 11:07:31 [WARNING] Illegal FSM transition CLICK_SELECT → STOPPED — ignored
2026-07-03 11:07:31 [WARNING] Illegal FSM transition CLICK_SELECT → STOPPED — ignored
2026-07-03 11:07:31 [WARNING] Illegal FSM transition CLICK_SELECT → STOPPED — ignored
2026-07-03 11:07:31 [WARNING] Illegal FSM transition CLICK_SELECT → STOPPED — ignored
2026-07-03 11:07:31 [WARNING] Illegal FSM transition CLICK_SELECT → STOPPED — ignored
2026-07-03 11:07:32 [WARNING] Illegal FSM transition CLICK_SELECT → STOPPED — ignored
2026-07-03 11:07:32 [WARNING] Illegal FSM transition CLICK_SELECT → STOPPED — ignored
2026-07-03 11:07:32 [WARNING] Illegal FSM transition CLICK_SELECT → STOPPED — ignored
2026-07-03 11:07:32 [WARNING] Illegal FSM transition CLICK_SELECT → STOPPED — ignored
2026-07-03 11:07:32 [WARNING] Illegal FSM transition CLICK_SELECT → STOPPED — ignored
2026-07-03 11:07:32 [WARNING] Illegal FSM transition CLICK_SELECT → STOPPED — ignored
2026-07-03 11:07:32 [WARNING] Illegal FSM transition CLICK_SELECT → STOPPED — ignored
2026-07-03 11:07:32 [WARNING] Illegal FSM transition CLICK_SELECT → STOPPED — ignored
2026-07-03 11:07:32 [WARNING] Illegal FSM transition CLICK_SELECT → STOPPED — ignored
2026-07-03 11:07:33 [WARNING] Illegal FSM transition CLICK_SELECT → STOPPED — ignored
2026-07-03 11:07:33 [WARNING] Illegal FSM transition CLICK_SELECT → STOPPED — ignored
2026-07-03 11:07:33 [WARNING] Illegal FSM transition CLICK_SELECT → STOPPED — ignored
2026-07-03 11:07:33 [WARNING] Illegal FSM transition CLICK_SELECT → STOPPED — ignored
2026-07-03 11:07:33 [WARNING] Illegal FSM transition CLICK_SELECT → STOPPED — ignored
2026-07-03 11:07:33 [WARNING] Illegal FSM transition CLICK_SELECT → STOPPED — ignored
2026-07-03 11:07:33 [WARNING] Illegal FSM transition CLICK_SELECT → STOPPED — ignored
2026-07-03 11:07:33 [WARNING] Illegal FSM transition CLICK_SELECT → STOPPED — ignored
2026-07-03 11:07:33 [WARNING] Illegal FSM transition CLICK_SELECT → STOPPED — ignored
2026-07-03 11:07:33 [WARNING] Illegal FSM transition CLICK_SELECT → STOPPED — ignored
2026-07-03 11:07:34 [WARNING] Illegal FSM transition CLICK_SELECT → STOPPED — ignored
2026-07-03 11:07:34 [WARNING] Illegal FSM transition CLICK_SELECT → STOPPED — ignored
2026-07-03 11:07:34 [WARNING] Illegal FSM transition CLICK_SELECT → STOPPED — ignored
2026-07-03 11:07:34 [WARNING] Illegal FSM transition CLICK_SELECT → STOPPED — ignored
2026-07-03 11:07:34 [WARNING] Illegal FSM transition CLICK_SELECT → STOPPED — ignored
2026-07-03 11:07:34 [WARNING] Illegal FSM transition CLICK_SELECT → STOPPED — ignored
2026-07-03 11:07:34 [WARNING] Illegal FSM transition CLICK_SELECT → STOPPED — ignored
2026-07-03 11:07:34 [WARNING] Illegal FSM transition CLICK_SELECT → STOPPED — ignored
2026-07-03 11:07:34 [WARNING] Illegal FSM transition CLICK_SELECT → STOPPED — ignored
2026-07-03 11:07:34 [WARNING] Illegal FSM transition CLICK_SELECT → STOPPED — ignored
2026-07-03 11:07:35 [WARNING] Illegal FSM transition CLICK_SELECT → STOPPED — ignored
2026-07-03 11:07:35 [WARNING] Illegal FSM transition CLICK_SELECT → STOPPED — ignored
2026-07-03 11:07:35 [WARNING] Illegal FSM transition CLICK_SELECT → STOPPED — ignored
2026-07-03 11:07:35 [WARNING] Illegal FSM transition CLICK_SELECT → STOPPED — ignored
2026-07-03 11:07:35 [WARNING] Illegal FSM transition CLICK_SELECT → STOPPED — ignored
2026-07-03 11:07:35 [WARNING] Illegal FSM transition CLICK_SELECT → STOPPED — ignored
2026-07-03 11:07:35 [WARNING] Illegal FSM transition CLICK_SELECT → STOPPED — ignored
2026-07-03 11:07:35 [WARNING] Illegal FSM transition CLICK_SELECT → STOPPED — ignored
2026-07-03 11:07:35 [WARNING] Illegal FSM transition CLICK_SELECT → STOPPED — ignored
2026-07-03 11:07:35 [WARNING] Illegal FSM transition CLICK_SELECT → STOPPED — ignored
2026-07-03 11:07:36 [WARNING] Illegal FSM transition CLICK_SELECT → STOPPED — ignored
2026-07-03 11:07:36 [WARNING] Illegal FSM transition CLICK_SELECT → STOPPED — ignored
2026-07-03 11:07:36 [WARNING] Illegal FSM transition CLICK_SELECT → STOPPED — ignored
2026-07-03 11:07:36 [WARNING] Illegal FSM transition CLICK_SELECT → STOPPED — ignored
2026-07-03 11:07:36 [WARNING] Illegal FSM transition CLICK_SELECT → STOPPED — ignored
2026-07-03 11:07:36 [WARNING] Illegal FSM transition CLICK_SELECT → STOPPED — ignored
2026-07-03 11:07:36 [WARNING] Illegal FSM transition CLICK_SELECT → STOPPED — ignored
2026-07-03 11:07:36 [WARNING] Illegal FSM transition CLICK_SELECT → STOPPED — ignored
2026-07-03 11:07:36 [WARNING] Illegal FSM transition CLICK_SELECT → STOPPED — ignored
2026-07-03 11:07:36 [WARNING] Illegal FSM transition CLICK_SELECT → STOPPED — ignored
2026-07-03 11:07:37 [WARNING] Illegal FSM transition CLICK_SELECT → STOPPED — ignored
2026-07-03 11:07:37 [WARNING] Illegal FSM transition CLICK_SELECT → STOPPED — ignored
2026-07-03 11:07:37 [WARNING] Illegal FSM transition CLICK_SELECT → STOPPED — ignored
2026-07-03 11:07:37 [WARNING] Illegal FSM transition CLICK_SELECT → STOPPED — ignored
2026-07-03 11:07:37 [WARNING] Illegal FSM transition CLICK_SELECT → STOPPED — ignored
2026-07-03 11:07:37 [WARNING] Illegal FSM transition CLICK_SELECT → STOPPED — ignored
2026-07-03 11:07:37 [WARNING] Illegal FSM transition CLICK_SELECT → STOPPED — ignored
2026-07-03 11:07:37 [WARNING] Illegal FSM transition CLICK_SELECT → STOPPED — ignored
2026-07-03 11:07:37 [WARNING] Illegal FSM transition CLICK_SELECT → STOPPED — ignored
2026-07-03 11:07:37 [WARNING] Illegal FSM transition CLICK_SELECT → STOPPED — ignored
2026-07-03 11:07:38 [WARNING] Illegal FSM transition CLICK_SELECT → STOPPED — ignored
2026-07-03 11:07:38 [WARNING] Illegal FSM transition CLICK_SELECT → STOPPED — ignored
2026-07-03 11:07:38 [WARNING] Illegal FSM transition CLICK_SELECT → STOPPED — ignored
2026-07-03 11:07:38 [WARNING] Illegal FSM transition CLICK_SELECT → STOPPED — ignored
2026-07-03 11:07:38 [WARNING] Illegal FSM transition CLICK_SELECT → STOPPED — ignored
2026-07-03 11:07:38 [WARNING] Illegal FSM transition CLICK_SELECT → STOPPED — ignored
2026-07-03 11:07:38 [WARNING] Illegal FSM transition CLICK_SELECT → STOPPED — ignored
2026-07-03 11:07:38 [WARNING] Illegal FSM transition CLICK_SELECT → STOPPED — ignored
2026-07-03 11:07:38 [WARNING] Illegal FSM transition CLICK_SELECT → STOPPED — ignored
2026-07-03 11:07:38 [WARNING] Illegal FSM transition CLICK_SELECT → STOPPED — ignored
2026-07-03 11:07:39 [WARNING] Illegal FSM transition CLICK_SELECT → STOPPED — ignored
2026-07-03 11:07:39 [WARNING] Illegal FSM transition CLICK_SELECT → STOPPED — ignored
2026-07-03 11:07:39 [WARNING] Illegal FSM transition CLICK_SELECT → STOPPED — ignored
2026-07-03 11:07:39 [WARNING] Illegal FSM transition CLICK_SELECT → STOPPED — ignored
2026-07-03 11:07:39 [WARNING] Illegal FSM transition CLICK_SELECT → STOPPED — ignored
2026-07-03 11:07:39 [WARNING] Illegal FSM transition CLICK_SELECT → STOPPED — ignored
2026-07-03 11:07:39 [WARNING] Illegal FSM transition CLICK_SELECT → STOPPED — ignored
2026-07-03 11:07:39 [WARNING] Illegal FSM transition CLICK_SELECT → STOPPED — ignored
2026-07-03 11:07:39 [WARNING] Illegal FSM transition CLICK_SELECT → STOPPED — ignored
2026-07-03 11:07:39 [WARNING] Illegal FSM transition CLICK_SELECT → STOPPED — ignored
2026-07-03 11:07:40 [WARNING] Illegal FSM transition CLICK_SELECT → STOPPED — ignored
2026-07-03 11:07:40 [WARNING] Illegal FSM transition CLICK_SELECT → STOPPED — ignored
2026-07-03 11:07:40 [WARNING] Illegal FSM transition CLICK_SELECT → STOPPED — ignored
2026-07-03 11:07:40 [WARNING] Illegal FSM transition CLICK_SELECT → STOPPED — ignored
2026-07-03 11:07:40 [WARNING] Illegal FSM transition CLICK_SELECT → STOPPED — ignored
2026-07-03 11:07:40 [WARNING] Illegal FSM transition CLICK_SELECT → STOPPED — ignored
2026-07-03 11:07:40 [WARNING] Illegal FSM transition CLICK_SELECT → STOPPED — ignored
2026-07-03 11:07:40 [WARNING] Illegal FSM transition CLICK_SELECT → STOPPED — ignored
2026-07-03 11:07:40 [WARNING] Illegal FSM transition CLICK_SELECT → STOPPED — ignored
2026-07-03 11:07:40 [WARNING] Illegal FSM transition CLICK_SELECT → STOPPED — ignored
2026-07-03 11:07:41 [WARNING] Illegal FSM transition CLICK_SELECT → STOPPED — ignored
2026-07-03 11:07:41 [WARNING] Illegal FSM transition CLICK_SELECT → STOPPED — ignored
2026-07-03 11:07:41 [WARNING] Illegal FSM transition CLICK_SELECT → STOPPED — ignored
2026-07-03 11:07:41 [WARNING] Illegal FSM transition CLICK_SELECT → STOPPED — ignored
2026-07-03 11:07:41 [WARNING] Illegal FSM transition CLICK_SELECT → STOPPED — ignored
2026-07-03 11:07:41 [WARNING] Illegal FSM transition CLICK_SELECT → STOPPED — ignored
2026-07-03 11:07:41 [WARNING] Illegal FSM transition CLICK_SELECT → STOPPED — ignored
2026-07-03 11:07:41 [WARNING] Illegal FSM transition CLICK_SELECT → STOPPED — ignored
2026-07-03 11:07:41 [WARNING] Illegal FSM transition CLICK_SELECT → STOPPED — ignored
2026-07-03 11:07:41 [WARNING] Illegal FSM transition CLICK_SELECT → STOPPED — ignored
2026-07-03 11:07:42 [WARNING] Illegal FSM transition CLICK_SELECT → STOPPED — ignored
2026-07-03 11:07:42 [WARNING] Illegal FSM transition CLICK_SELECT → STOPPED — ignored
2026-07-03 11:07:42 [WARNING] Illegal FSM transition CLICK_SELECT → STOPPED — ignored
2026-07-03 11:07:42 [WARNING] Illegal FSM transition CLICK_SELECT → STOPPED — ignored
2026-07-03 11:07:42 [WARNING] Illegal FSM transition CLICK_SELECT → STOPPED — ignored
2026-07-03 11:07:42 [WARNING] Illegal FSM transition CLICK_SELECT → STOPPED — ignored
2026-07-03 11:07:42 [WARNING] Illegal FSM transition CLICK_SELECT → STOPPED — ignored
2026-07-03 11:07:42 [WARNING] Illegal FSM transition CLICK_SELECT → STOPPED — ignored
2026-07-03 11:07:42 [WARNING] Illegal FSM transition CLICK_SELECT → STOPPED — ignored
2026-07-03 11:07:42 [WARNING] Illegal FSM transition CLICK_SELECT → STOPPED — ignored
2026-07-03 11:07:43 [WARNING] Illegal FSM transition CLICK_SELECT → STOPPED — ignored
2026-07-03 11:07:43 [WARNING] Illegal FSM transition CLICK_SELECT → STOPPED — ignored
2026-07-03 11:07:43 [WARNING] Illegal FSM transition CLICK_SELECT → STOPPED — ignored
2026-07-03 11:07:43 [WARNING] Illegal FSM transition CLICK_SELECT → STOPPED — ignored
2026-07-03 11:07:43 [WARNING] Illegal FSM transition CLICK_SELECT → STOPPED — ignored
2026-07-03 11:07:43 [WARNING] Illegal FSM transition CLICK_SELECT → STOPPED — ignored
2026-07-03 11:07:43 [WARNING] Illegal FSM transition CLICK_SELECT → STOPPED — ignored
2026-07-03 11:07:43 [WARNING] Illegal FSM transition CLICK_SELECT → STOPPED — ignored
2026-07-03 11:07:43 [WARNING] Illegal FSM transition CLICK_SELECT → STOPPED — ignored
2026-07-03 11:07:43 [WARNING] Illegal FSM transition CLICK_SELECT → STOPPED — ignored
2026-07-03 11:07:44 [WARNING] Illegal FSM transition CLICK_SELECT → STOPPED — ignored
2026-07-03 11:07:44 [WARNING] Illegal FSM transition CLICK_SELECT → STOPPED — ignored
2026-07-03 11:07:44 [WARNING] Illegal FSM transition CLICK_SELECT → STOPPED — ignored
2026-07-03 11:07:44 [WARNING] Illegal FSM transition CLICK_SELECT → STOPPED — ignored
2026-07-03 11:07:44 [WARNING] Illegal FSM transition CLICK_SELECT → STOPPED — ignored
2026-07-03 11:07:44 [WARNING] Illegal FSM transition CLICK_SELECT → STOPPED — ignored
2026-07-03 11:07:44 [WARNING] Illegal FSM transition CLICK_SELECT → STOPPED — ignored
2026-07-03 11:07:44 [WARNING] Illegal FSM transition CLICK_SELECT → STOPPED — ignored
2026-07-03 11:07:44 [WARNING] Illegal FSM transition CLICK_SELECT → STOPPED — ignored
2026-07-03 11:07:44 [WARNING] Illegal FSM transition CLICK_SELECT → STOPPED — ignored
2026-07-03 11:07:45 [WARNING] Illegal FSM transition CLICK_SELECT → STOPPED — ignored
2026-07-03 11:07:45 [WARNING] Illegal FSM transition CLICK_SELECT → STOPPED — ignored
2026-07-03 11:07:45 [WARNING] Illegal FSM transition CLICK_SELECT → STOPPED — ignored
2026-07-03 11:07:45 [WARNING] Illegal FSM transition CLICK_SELECT → STOPPED — ignored
2026-07-03 11:07:45 [WARNING] Illegal FSM transition CLICK_SELECT → STOPPED — ignored
2026-07-03 11:07:45 [WARNING] Illegal FSM transition CLICK_SELECT → STOPPED — ignored
2026-07-03 11:07:45 [WARNING] Illegal FSM transition CLICK_SELECT → STOPPED — ignored
2026-07-03 11:07:45 [WARNING] Illegal FSM transition CLICK_SELECT → STOPPED — ignored
2026-07-03 11:07:45 [WARNING] Illegal FSM transition CLICK_SELECT → STOPPED — ignored
2026-07-03 11:07:45 [WARNING] Illegal FSM transition CLICK_SELECT → STOPPED — ignored
2026-07-03 11:07:46 [WARNING] Illegal FSM transition CLICK_SELECT → STOPPED — ignored
2026-07-03 11:07:46 [WARNING] Illegal FSM transition CLICK_SELECT → STOPPED — ignored
2026-07-03 11:07:46 [WARNING] Illegal FSM transition CLICK_SELECT → STOPPED — ignored
2026-07-03 11:07:46 [WARNING] Illegal FSM transition CLICK_SELECT → STOPPED — ignored
2026-07-03 11:07:46 [WARNING] Illegal FSM transition CLICK_SELECT → STOPPED — ignored
2026-07-03 11:07:46 [WARNING] Illegal FSM transition CLICK_SELECT → STOPPED — ignored
2026-07-03 11:07:46 [WARNING] Illegal FSM transition CLICK_SELECT → STOPPED — ignored
2026-07-03 11:07:46 [WARNING] Illegal FSM transition CLICK_SELECT → STOPPED — ignored
2026-07-03 11:07:46 [WARNING] Illegal FSM transition CLICK_SELECT → STOPPED — ignored
2026-07-03 11:07:46 [WARNING] Illegal FSM transition CLICK_SELECT → STOPPED — ignored
2026-07-03 11:07:47 [WARNING] Illegal FSM transition CLICK_SELECT → STOPPED — ignored
2026-07-03 11:07:47 [WARNING] Illegal FSM transition CLICK_SELECT → STOPPED — ignored
2026-07-03 11:07:47 [WARNING] Illegal FSM transition CLICK_SELECT → STOPPED — ignored
2026-07-03 11:07:47 [WARNING] Illegal FSM transition CLICK_SELECT → STOPPED — ignored
2026-07-03 11:07:47 [WARNING] Illegal FSM transition CLICK_SELECT → STOPPED — ignored
2026-07-03 11:07:47 [WARNING] Illegal FSM transition CLICK_SELECT → STOPPED — ignored
2026-07-03 11:07:47 [WARNING] Illegal FSM transition CLICK_SELECT → STOPPED — ignored
2026-07-03 11:07:47 [WARNING] Illegal FSM transition CLICK_SELECT → STOPPED — ignored
2026-07-03 11:07:47 [WARNING] Illegal FSM transition CLICK_SELECT → STOPPED — ignored
2026-07-03 11:07:47 [WARNING] Illegal FSM transition CLICK_SELECT → STOPPED — ignored
2026-07-03 11:07:48 [WARNING] Illegal FSM transition CLICK_SELECT → STOPPED — ignored
2026-07-03 11:07:48 [WARNING] Illegal FSM transition CLICK_SELECT → STOPPED — ignored
2026-07-03 11:07:48 [WARNING] Illegal FSM transition CLICK_SELECT → STOPPED — ignored
2026-07-03 11:07:48 [WARNING] Illegal FSM transition CLICK_SELECT → STOPPED — ignored
2026-07-03 11:07:48 [WARNING] Illegal FSM transition CLICK_SELECT → STOPPED — ignored
2026-07-03 11:07:48 [WARNING] Illegal FSM transition CLICK_SELECT → STOPPED — ignored
2026-07-03 11:07:48 [WARNING] Illegal FSM transition CLICK_SELECT → STOPPED — ignored
2026-07-03 11:07:48 [WARNING] Illegal FSM transition CLICK_SELECT → STOPPED — ignored
2026-07-03 11:07:48 [WARNING] Illegal FSM transition CLICK_SELECT → STOPPED — ignored
2026-07-03 11:07:48 [WARNING] Illegal FSM transition CLICK_SELECT → STOPPED — ignored
2026-07-03 11:07:49 [WARNING] Illegal FSM transition CLICK_SELECT → STOPPED — ignored
2026-07-03 11:07:49 [WARNING] Illegal FSM transition CLICK_SELECT → STOPPED — ignored
2026-07-03 11:07:49 [WARNING] Illegal FSM transition CLICK_SELECT → STOPPED — ignored
2026-07-03 11:07:49 [WARNING] Illegal FSM transition CLICK_SELECT → STOPPED — ignored
2026-07-03 11:07:49 [WARNING] Illegal FSM transition CLICK_SELECT → STOPPED — ignored
2026-07-03 11:07:49 [WARNING] Illegal FSM transition CLICK_SELECT → STOPPED — ignored
2026-07-03 11:07:49 [WARNING] Illegal FSM transition CLICK_SELECT → STOPPED — ignored
2026-07-03 11:07:49 [WARNING] Illegal FSM transition CLICK_SELECT → STOPPED — ignored
2026-07-03 11:07:49 [WARNING] Illegal FSM transition CLICK_SELECT → STOPPED — ignored
2026-07-03 11:07:49 [WARNING] Illegal FSM transition CLICK_SELECT → STOPPED — ignored
2026-07-03 11:07:50 [WARNING] Illegal FSM transition CLICK_SELECT → STOPPED — ignored
2026-07-03 11:07:50 [WARNING] Illegal FSM transition CLICK_SELECT → STOPPED — ignored
2026-07-03 11:07:50 [WARNING] Illegal FSM transition CLICK_SELECT → STOPPED — ignored
2026-07-03 11:07:50 [WARNING] Illegal FSM transition CLICK_SELECT → STOPPED — ignored
2026-07-03 11:07:50 [WARNING] Illegal FSM transition CLICK_SELECT → STOPPED — ignored
2026-07-03 11:07:50 [WARNING] Illegal FSM transition CLICK_SELECT → STOPPED — ignored
2026-07-03 11:07:50 [WARNING] Illegal FSM transition CLICK_SELECT → STOPPED — ignored
2026-07-03 11:07:50 [WARNING] Illegal FSM transition CLICK_SELECT → STOPPED — ignored
2026-07-03 11:07:50 [WARNING] Illegal FSM transition CLICK_SELECT → STOPPED — ignored
2026-07-03 11:07:50 [WARNING] Illegal FSM transition CLICK_SELECT → STOPPED — ignored
2026-07-03 11:07:51 [WARNING] Illegal FSM transition CLICK_SELECT → STOPPED — ignored
2026-07-03 11:07:51 [WARNING] Illegal FSM transition CLICK_SELECT → STOPPED — ignored
2026-07-03 11:07:51 [WARNING] Illegal FSM transition CLICK_SELECT → STOPPED — ignored
2026-07-03 11:07:51 [WARNING] Illegal FSM transition CLICK_SELECT → STOPPED — ignored
2026-07-03 11:07:51 [WARNING] Illegal FSM transition CLICK_SELECT → STOPPED — ignored
2026-07-03 11:07:51 [WARNING] Illegal FSM transition CLICK_SELECT → STOPPED — ignored
2026-07-03 11:07:51 [WARNING] Illegal FSM transition CLICK_SELECT → STOPPED — ignored
2026-07-03 11:07:51 [WARNING] Illegal FSM transition CLICK_SELECT → STOPPED — ignored
2026-07-03 11:07:51 [WARNING] Illegal FSM transition CLICK_SELECT → STOPPED — ignored
2026-07-03 11:07:51 [WARNING] Illegal FSM transition CLICK_SELECT → STOPPED — ignored
2026-07-03 11:07:52 [WARNING] Illegal FSM transition CLICK_SELECT → STOPPED — ignored
2026-07-03 11:07:52 [WARNING] Illegal FSM transition CLICK_SELECT → STOPPED — ignored
2026-07-03 11:07:52 [WARNING] Illegal FSM transition CLICK_SELECT → STOPPED — ignored
2026-07-03 11:07:52 [WARNING] Illegal FSM transition CLICK_SELECT → STOPPED — ignored
2026-07-03 11:07:52 [WARNING] Illegal FSM transition CLICK_SELECT → STOPPED — ignored
2026-07-03 11:07:52 [WARNING] Illegal FSM transition CLICK_SELECT → STOPPED — ignored
2026-07-03 11:07:52 [WARNING] Illegal FSM transition CLICK_SELECT → STOPPED — ignored
2026-07-03 11:07:52 [WARNING] Illegal FSM transition CLICK_SELECT → STOPPED — ignored
2026-07-03 11:07:52 [WARNING] Illegal FSM transition CLICK_SELECT → STOPPED — ignored
2026-07-03 11:07:52 [WARNING] Illegal FSM transition CLICK_SELECT → STOPPED — ignored
2026-07-03 11:07:53 [WARNING] Illegal FSM transition CLICK_SELECT → STOPPED — ignored
2026-07-03 11:07:53 [WARNING] Illegal FSM transition CLICK_SELECT → STOPPED — ignored
2026-07-03 11:07:53 [WARNING] Illegal FSM transition CLICK_SELECT → STOPPED — ignored
2026-07-03 11:07:53 [WARNING] Illegal FSM transition CLICK_SELECT → STOPPED — ignored
2026-07-03 11:07:53 [WARNING] Illegal FSM transition CLICK_SELECT → STOPPED — ignored
2026-07-03 11:07:53 [WARNING] Illegal FSM transition CLICK_SELECT → STOPPED — ignored
2026-07-03 11:07:53 [WARNING] Illegal FSM transition CLICK_SELECT → STOPPED — ignored
2026-07-03 11:07:53 [WARNING] Illegal FSM transition CLICK_SELECT → STOPPED — ignored
2026-07-03 11:07:53 [WARNING] Illegal FSM transition CLICK_SELECT → STOPPED — ignored
2026-07-03 11:07:53 [WARNING] Illegal FSM transition CLICK_SELECT → STOPPED — ignored
2026-07-03 11:07:54 [WARNING] Illegal FSM transition CLICK_SELECT → STOPPED — ignored
2026-07-03 11:07:54 [WARNING] Illegal FSM transition CLICK_SELECT → STOPPED — ignored
2026-07-03 11:07:54 [WARNING] Illegal FSM transition CLICK_SELECT → STOPPED — ignored
2026-07-03 11:07:54 [WARNING] Illegal FSM transition CLICK_SELECT → STOPPED — ignored
2026-07-03 11:07:54 [WARNING] Illegal FSM transition CLICK_SELECT → STOPPED — ignored
2026-07-03 11:07:54 [WARNING] Illegal FSM transition CLICK_SELECT → STOPPED — ignored
2026-07-03 11:07:54 [WARNING] Illegal FSM transition CLICK_SELECT → STOPPED — ignored
2026-07-03 11:07:54 [WARNING] Illegal FSM transition CLICK_SELECT → STOPPED — ignored
2026-07-03 11:07:54 [WARNING] Illegal FSM transition CLICK_SELECT → STOPPED — ignored
2026-07-03 11:07:54 [WARNING] Illegal FSM transition CLICK_SELECT → STOPPED — ignored
2026-07-03 11:07:55 [WARNING] Illegal FSM transition CLICK_SELECT → STOPPED — ignored
2026-07-03 11:07:55 [WARNING] Illegal FSM transition CLICK_SELECT → STOPPED — ignored
2026-07-03 11:07:55 [WARNING] Illegal FSM transition CLICK_SELECT → STOPPED — ignored
2026-07-03 11:07:55 [WARNING] Illegal FSM transition CLICK_SELECT → STOPPED — ignored
2026-07-03 11:07:55 [WARNING] Illegal FSM transition CLICK_SELECT → STOPPED — ignored
2026-07-03 11:07:55 [WARNING] Illegal FSM transition CLICK_SELECT → STOPPED — ignored
2026-07-03 11:07:55 [WARNING] Illegal FSM transition CLICK_SELECT → STOPPED — ignored
2026-07-03 11:07:55 [WARNING] Illegal FSM transition CLICK_SELECT → STOPPED — ignored
2026-07-03 11:07:55 [WARNING] Illegal FSM transition CLICK_SELECT → STOPPED — ignored
2026-07-03 11:07:55 [WARNING] Illegal FSM transition CLICK_SELECT → STOPPED — ignored
2026-07-03 11:07:56 [WARNING] Illegal FSM transition CLICK_SELECT → STOPPED — ignored
2026-07-03 11:07:56 [WARNING] Illegal FSM transition CLICK_SELECT → STOPPED — ignored
2026-07-03 11:07:56 [WARNING] Illegal FSM transition CLICK_SELECT → STOPPED — ignored
2026-07-03 11:07:56 [WARNING] Illegal FSM transition CLICK_SELECT → STOPPED — ignored
2026-07-03 11:07:56 [WARNING] Illegal FSM transition CLICK_SELECT → STOPPED — ignored
2026-07-03 11:07:56 [WARNING] Illegal FSM transition CLICK_SELECT → STOPPED — ignored
2026-07-03 11:07:56 [WARNING] Illegal FSM transition CLICK_SELECT → STOPPED — ignored
2026-07-03 11:07:56 [WARNING] Illegal FSM transition CLICK_SELECT → STOPPED — ignored
2026-07-03 11:07:56 [WARNING] Illegal FSM transition CLICK_SELECT → STOPPED — ignored
2026-07-03 11:07:56 [WARNING] Illegal FSM transition CLICK_SELECT → STOPPED — ignored
2026-07-03 11:07:57 [WARNING] Illegal FSM transition CLICK_SELECT → STOPPED — ignored
2026-07-03 11:07:57 [WARNING] Illegal FSM transition CLICK_SELECT → STOPPED — ignored
2026-07-03 11:07:57 [WARNING] Illegal FSM transition CLICK_SELECT → STOPPED — ignored
2026-07-03 11:07:57 [WARNING] Illegal FSM transition CLICK_SELECT → STOPPED — ignored
2026-07-03 11:07:57 [WARNING] Illegal FSM transition CLICK_SELECT → STOPPED — ignored
2026-07-03 11:07:57 [WARNING] Illegal FSM transition CLICK_SELECT → STOPPED — ignored
2026-07-03 11:07:57 [WARNING] Illegal FSM transition CLICK_SELECT → STOPPED — ignored
2026-07-03 11:07:57 [WARNING] Illegal FSM transition CLICK_SELECT → STOPPED — ignored
2026-07-03 11:07:57 [WARNING] Illegal FSM transition CLICK_SELECT → STOPPED — ignored
2026-07-03 11:07:57 [WARNING] Illegal FSM transition CLICK_SELECT → STOPPED — ignored
2026-07-03 11:07:58 [WARNING] Illegal FSM transition CLICK_SELECT → STOPPED — ignored
2026-07-03 11:07:58 [WARNING] Illegal FSM transition CLICK_SELECT → STOPPED — ignored
2026-07-03 11:07:58 [WARNING] Illegal FSM transition CLICK_SELECT → STOPPED — ignored
2026-07-03 11:07:58 [WARNING] Illegal FSM transition CLICK_SELECT → STOPPED — ignored
2026-07-03 11:07:58 [WARNING] Illegal FSM transition CLICK_SELECT → STOPPED — ignored
2026-07-03 11:07:58 [WARNING] Illegal FSM transition CLICK_SELECT → STOPPED — ignored
2026-07-03 11:07:58 [WARNING] Illegal FSM transition CLICK_SELECT → STOPPED — ignored
2026-07-03 11:07:58 [WARNING] Illegal FSM transition CLICK_SELECT → STOPPED — ignored
2026-07-03 11:07:58 [WARNING] Illegal FSM transition CLICK_SELECT → STOPPED — ignored
2026-07-03 11:07:58 [WARNING] Illegal FSM transition CLICK_SELECT → STOPPED — ignored
2026-07-03 11:07:59 [WARNING] Illegal FSM transition CLICK_SELECT → STOPPED — ignored
2026-07-03 11:07:59 [WARNING] Illegal FSM transition CLICK_SELECT → STOPPED — ignored
2026-07-03 11:07:59 [WARNING] Illegal FSM transition CLICK_SELECT → STOPPED — ignored
2026-07-03 11:07:59 [WARNING] Illegal FSM transition CLICK_SELECT → STOPPED — ignored
2026-07-03 11:07:59 [WARNING] Illegal FSM transition CLICK_SELECT → STOPPED — ignored
2026-07-03 11:07:59 [WARNING] Illegal FSM transition CLICK_SELECT → STOPPED — ignored
2026-07-03 11:07:59 [WARNING] Illegal FSM transition CLICK_SELECT → STOPPED — ignored
2026-07-03 11:07:59 [WARNING] Illegal FSM transition CLICK_SELECT → STOPPED — ignored
2026-07-03 11:07:59 [WARNING] Illegal FSM transition CLICK_SELECT → STOPPED — ignored
2026-07-03 11:07:59 [WARNING] Illegal FSM transition CLICK_SELECT → STOPPED — ignored
2026-07-03 11:08:00 [WARNING] Illegal FSM transition CLICK_SELECT → STOPPED — ignored
2026-07-03 11:08:00 [WARNING] Illegal FSM transition CLICK_SELECT → STOPPED — ignored
2026-07-03 11:08:00 [WARNING] Illegal FSM transition CLICK_SELECT → STOPPED — ignored
2026-07-03 11:08:00 [WARNING] Illegal FSM transition CLICK_SELECT → STOPPED — ignored
2026-07-03 11:08:00 [WARNING] Illegal FSM transition CLICK_SELECT → STOPPED — ignored
2026-07-03 11:08:00 [WARNING] Illegal FSM transition CLICK_SELECT → STOPPED — ignored
2026-07-03 11:08:00 [WARNING] Illegal FSM transition CLICK_SELECT → STOPPED — ignored
2026-07-03 11:08:00 [WARNING] Illegal FSM transition CLICK_SELECT → STOPPED — ignored
2026-07-03 11:08:00 [WARNING] Illegal FSM transition CLICK_SELECT → STOPPED — ignored
2026-07-03 11:08:01 [WARNING] Illegal FSM transition CLICK_SELECT → STOPPED — ignored
2026-07-03 11:08:01 [WARNING] Illegal FSM transition CLICK_SELECT → STOPPED — ignored
2026-07-03 11:08:01 [WARNING] Illegal FSM transition CLICK_SELECT → STOPPED — ignored
2026-07-03 11:08:01 [WARNING] Illegal FSM transition CLICK_SELECT → STOPPED — ignored
2026-07-03 11:08:01 [WARNING] Illegal FSM transition CLICK_SELECT → STOPPED — ignored
2026-07-03 11:08:01 [WARNING] Illegal FSM transition CLICK_SELECT → STOPPED — ignored
2026-07-03 11:08:01 [WARNING] Illegal FSM transition CLICK_SELECT → STOPPED — ignored
2026-07-03 11:08:01 [WARNING] Illegal FSM transition CLICK_SELECT → STOPPED — ignored
2026-07-03 11:08:01 [WARNING] Illegal FSM transition CLICK_SELECT → STOPPED — ignored
2026-07-03 11:08:01 [WARNING] Illegal FSM transition CLICK_SELECT → STOPPED — ignored
2026-07-03 11:08:02 [WARNING] Illegal FSM transition CLICK_SELECT → STOPPED — ignored
2026-07-03 11:08:02 [WARNING] Illegal FSM transition CLICK_SELECT → STOPPED — ignored
2026-07-03 11:08:02 [WARNING] Illegal FSM transition CLICK_SELECT → STOPPED — ignored
2026-07-03 11:08:02 [WARNING] Illegal FSM transition CLICK_SELECT → STOPPED — ignored
2026-07-03 11:08:02 [WARNING] Illegal FSM transition CLICK_SELECT → STOPPED — ignored
2026-07-03 11:08:02 [WARNING] Illegal FSM transition CLICK_SELECT → STOPPED — ignored
2026-07-03 11:08:02 [WARNING] Illegal FSM transition CLICK_SELECT → STOPPED — ignored
2026-07-03 11:08:02 [WARNING] Illegal FSM transition CLICK_SELECT → STOPPED — ignored
2026-07-03 11:08:02 [WARNING] Illegal FSM transition CLICK_SELECT → STOPPED — ignored
2026-07-03 11:08:02 [WARNING] Illegal FSM transition CLICK_SELECT → STOPPED — ignored
2026-07-03 11:08:03 [WARNING] Illegal FSM transition CLICK_SELECT → STOPPED — ignored
2026-07-03 11:08:03 [WARNING] Illegal FSM transition CLICK_SELECT → STOPPED — ignored
2026-07-03 11:08:03 [WARNING] Illegal FSM transition CLICK_SELECT → STOPPED — ignored
2026-07-03 11:08:03 [WARNING] Illegal FSM transition CLICK_SELECT → STOPPED — ignored
2026-07-03 11:08:03 [WARNING] Illegal FSM transition CLICK_SELECT → STOPPED — ignored
2026-07-03 11:08:03 [WARNING] Illegal FSM transition CLICK_SELECT → STOPPED — ignored
2026-07-03 11:08:03 [WARNING] Illegal FSM transition CLICK_SELECT → STOPPED — ignored
2026-07-03 11:08:03 [WARNING] Illegal FSM transition CLICK_SELECT → STOPPED — ignored
2026-07-03 11:08:03 [WARNING] Illegal FSM transition CLICK_SELECT → STOPPED — ignored
2026-07-03 11:08:03 [WARNING] Illegal FSM transition CLICK_SELECT → STOPPED — ignored
2026-07-03 11:08:04 [WARNING] Illegal FSM transition CLICK_SELECT → STOPPED — ignored
2026-07-03 11:08:04 [WARNING] Illegal FSM transition CLICK_SELECT → STOPPED — ignored
2026-07-03 11:08:04 [WARNING] Illegal FSM transition CLICK_SELECT → STOPPED — ignored
2026-07-03 11:08:04 [WARNING] Illegal FSM transition CLICK_SELECT → STOPPED — ignored
2026-07-03 11:08:04 [WARNING] Illegal FSM transition CLICK_SELECT → STOPPED — ignored
2026-07-03 11:08:04 [WARNING] Illegal FSM transition CLICK_SELECT → STOPPED — ignored
2026-07-03 11:08:04 [WARNING] Illegal FSM transition CLICK_SELECT → STOPPED — ignored
2026-07-03 11:08:04 [WARNING] Illegal FSM transition CLICK_SELECT → STOPPED — ignored
2026-07-03 11:08:04 [WARNING] Illegal FSM transition CLICK_SELECT → STOPPED — ignored
2026-07-03 11:08:04 [WARNING] Illegal FSM transition CLICK_SELECT → STOPPED — ignored
2026-07-03 11:08:05 [WARNING] Illegal FSM transition CLICK_SELECT → STOPPED — ignored
2026-07-03 11:08:05 [WARNING] Illegal FSM transition CLICK_SELECT → STOPPED — ignored
2026-07-03 11:08:05 [WARNING] Illegal FSM transition CLICK_SELECT → STOPPED — ignored
2026-07-03 11:08:05 [WARNING] Illegal FSM transition CLICK_SELECT → STOPPED — ignored
2026-07-03 11:08:05 [WARNING] Illegal FSM transition CLICK_SELECT → STOPPED — ignored
2026-07-03 11:08:05 [WARNING] Illegal FSM transition CLICK_SELECT → STOPPED — ignored
2026-07-03 11:08:05 [WARNING] Illegal FSM transition CLICK_SELECT → STOPPED — ignored
2026-07-03 11:08:05 [WARNING] Illegal FSM transition CLICK_SELECT → STOPPED — ignored
2026-07-03 11:08:05 [WARNING] Illegal FSM transition CLICK_SELECT → STOPPED — ignored
2026-07-03 11:08:05 [WARNING] Illegal FSM transition CLICK_SELECT → STOPPED — ignored
2026-07-03 11:08:06 [WARNING] Illegal FSM transition CLICK_SELECT → STOPPED — ignored
2026-07-03 11:08:06 [WARNING] Illegal FSM transition CLICK_SELECT → STOPPED — ignored
2026-07-03 11:08:06 [WARNING] Illegal FSM transition CLICK_SELECT → STOPPED — ignored
2026-07-03 11:08:06 [WARNING] Illegal FSM transition CLICK_SELECT → STOPPED — ignored
2026-07-03 11:08:06 [WARNING] Illegal FSM transition CLICK_SELECT → STOPPED — ignored
2026-07-03 11:08:06 [WARNING] Illegal FSM transition CLICK_SELECT → STOPPED — ignored
2026-07-03 11:08:06 [WARNING] Illegal FSM transition CLICK_SELECT → STOPPED — ignored
2026-07-03 11:08:06 [WARNING] Illegal FSM transition CLICK_SELECT → STOPPED — ignored
2026-07-03 11:08:06 [WARNING] Illegal FSM transition CLICK_SELECT → STOPPED — ignored
2026-07-03 11:08:06 [WARNING] Illegal FSM transition CLICK_SELECT → STOPPED — ignored
2026-07-03 11:08:07 [WARNING] Illegal FSM transition CLICK_SELECT → STOPPED — ignored
2026-07-03 11:08:07 [WARNING] Illegal FSM transition CLICK_SELECT → STOPPED — ignored
2026-07-03 11:08:07 [WARNING] Illegal FSM transition CLICK_SELECT → STOPPED — ignored
2026-07-03 11:08:07 [WARNING] Illegal FSM transition CLICK_SELECT → STOPPED — ignored
2026-07-03 11:08:07 [WARNING] Illegal FSM transition CLICK_SELECT → STOPPED — ignored
2026-07-03 11:08:07 [WARNING] Illegal FSM transition CLICK_SELECT → STOPPED — ignored
2026-07-03 11:08:07 [WARNING] Illegal FSM transition CLICK_SELECT → STOPPED — ignored
2026-07-03 11:08:07 [WARNING] Illegal FSM transition CLICK_SELECT → STOPPED — ignored
2026-07-03 11:08:07 [WARNING] Illegal FSM transition CLICK_SELECT → STOPPED — ignored
2026-07-03 11:08:07 [WARNING] Illegal FSM transition CLICK_SELECT → STOPPED — ignored
2026-07-03 11:08:08 [WARNING] Illegal FSM transition CLICK_SELECT → STOPPED — ignored
2026-07-03 11:08:08 [WARNING] Illegal FSM transition CLICK_SELECT → STOPPED — ignored
2026-07-03 11:08:08 [WARNING] Illegal FSM transition CLICK_SELECT → STOPPED — ignored
2026-07-03 11:08:08 [WARNING] Illegal FSM transition CLICK_SELECT → STOPPED — ignored
2026-07-03 11:08:08 [WARNING] Illegal FSM transition CLICK_SELECT → STOPPED — ignored
2026-07-03 11:08:08 [WARNING] Illegal FSM transition CLICK_SELECT → STOPPED — ignored
2026-07-03 11:08:08 [WARNING] Illegal FSM transition CLICK_SELECT → STOPPED — ignored
2026-07-03 11:08:08 [WARNING] Illegal FSM transition CLICK_SELECT → STOPPED — ignored
2026-07-03 11:08:08 [WARNING] Illegal FSM transition CLICK_SELECT → STOPPED — ignored
2026-07-03 11:08:08 [WARNING] Illegal FSM transition CLICK_SELECT → STOPPED — ignored
2026-07-03 11:08:09 [WARNING] Illegal FSM transition CLICK_SELECT → STOPPED — ignored
2026-07-03 11:08:09 [WARNING] Illegal FSM transition CLICK_SELECT → STOPPED — ignored
2026-07-03 11:08:09 [WARNING] Illegal FSM transition CLICK_SELECT → STOPPED — ignored
2026-07-03 11:08:09 [WARNING] Illegal FSM transition CLICK_SELECT → STOPPED — ignored
2026-07-03 11:08:09 [WARNING] Illegal FSM transition CLICK_SELECT → STOPPED — ignored
2026-07-03 11:08:09 [WARNING] Illegal FSM transition CLICK_SELECT → STOPPED — ignored
2026-07-03 11:08:09 [WARNING] Illegal FSM transition CLICK_SELECT → STOPPED — ignored
2026-07-03 11:08:09 [WARNING] Illegal FSM transition CLICK_SELECT → STOPPED — ignored
2026-07-03 11:08:09 [WARNING] Illegal FSM transition CLICK_SELECT → STOPPED — ignored
2026-07-03 11:08:09 [WARNING] Illegal FSM transition CLICK_SELECT → STOPPED — ignored
2026-07-03 11:08:10 [WARNING] Illegal FSM transition CLICK_SELECT → STOPPED — ignored
2026-07-03 11:08:10 [WARNING] Illegal FSM transition CLICK_SELECT → STOPPED — ignored
2026-07-03 11:08:10 [WARNING] Illegal FSM transition CLICK_SELECT → STOPPED — ignored
2026-07-03 11:08:10 [WARNING] Illegal FSM transition CLICK_SELECT → STOPPED — ignored
2026-07-03 11:08:10 [WARNING] Illegal FSM transition CLICK_SELECT → STOPPED — ignored
2026-07-03 11:08:10 [WARNING] Illegal FSM transition CLICK_SELECT → STOPPED — ignored
2026-07-03 11:08:10 [WARNING] Illegal FSM transition CLICK_SELECT → STOPPED — ignored
2026-07-03 11:08:10 [WARNING] Illegal FSM transition CLICK_SELECT → STOPPED — ignored
2026-07-03 11:08:10 [WARNING] Illegal FSM transition CLICK_SELECT → STOPPED — ignored
2026-07-03 11:08:10 [WARNING] Illegal FSM transition CLICK_SELECT → STOPPED — ignored
2026-07-03 11:08:11 [WARNING] Illegal FSM transition CLICK_SELECT → STOPPED — ignored
2026-07-03 11:08:11 [WARNING] Illegal FSM transition CLICK_SELECT → STOPPED — ignored
2026-07-03 11:08:11 [WARNING] Illegal FSM transition CLICK_SELECT → STOPPED — ignored
2026-07-03 11:08:11 [WARNING] Illegal FSM transition CLICK_SELECT → STOPPED — ignored
2026-07-03 11:08:11 [WARNING] Illegal FSM transition CLICK_SELECT → STOPPED — ignored
2026-07-03 11:08:11 [WARNING] Illegal FSM transition CLICK_SELECT → STOPPED — ignored
2026-07-03 11:08:11 [WARNING] Illegal FSM transition CLICK_SELECT → STOPPED — ignored
2026-07-03 11:08:11 [WARNING] Illegal FSM transition CLICK_SELECT → STOPPED — ignored
2026-07-03 11:08:11 [WARNING] Illegal FSM transition CLICK_SELECT → STOPPED — ignored
2026-07-03 11:08:11 [WARNING] Illegal FSM transition CLICK_SELECT → STOPPED — ignored
2026-07-03 11:08:12 [WARNING] Illegal FSM transition CLICK_SELECT → STOPPED — ignored
2026-07-03 11:08:12 [WARNING] Illegal FSM transition CLICK_SELECT → STOPPED — ignored
2026-07-03 11:08:12 [WARNING] Illegal FSM transition CLICK_SELECT → STOPPED — ignored
2026-07-03 11:08:12 [WARNING] Illegal FSM transition CLICK_SELECT → STOPPED — ignored
2026-07-03 11:08:12 [WARNING] Illegal FSM transition CLICK_SELECT → STOPPED — ignored
2026-07-03 11:08:12 [WARNING] Illegal FSM transition CLICK_SELECT → STOPPED — ignored
2026-07-03 11:08:12 [WARNING] Illegal FSM transition CLICK_SELECT → STOPPED — ignored
2026-07-03 11:08:12 [WARNING] Illegal FSM transition CLICK_SELECT → STOPPED — ignored
2026-07-03 11:08:12 [WARNING] Illegal FSM transition CLICK_SELECT → STOPPED — ignored
2026-07-03 11:08:12 [WARNING] Illegal FSM transition CLICK_SELECT → STOPPED — ignored
2026-07-03 11:08:13 [WARNING] Illegal FSM transition CLICK_SELECT → STOPPED — ignored
2026-07-03 11:08:13 [WARNING] Illegal FSM transition CLICK_SELECT → STOPPED — ignored
2026-07-03 11:08:13 [WARNING] Illegal FSM transition CLICK_SELECT → STOPPED — ignored
2026-07-03 11:08:13 [WARNING] Illegal FSM transition CLICK_SELECT → STOPPED — ignored
2026-07-03 11:08:13 [WARNING] Illegal FSM transition CLICK_SELECT → STOPPED — ignored
2026-07-03 11:08:13 [WARNING] Illegal FSM transition CLICK_SELECT → STOPPED — ignored
2026-07-03 11:08:13 [WARNING] Illegal FSM transition CLICK_SELECT → STOPPED — ignored
2026-07-03 11:08:13 [WARNING] Illegal FSM transition CLICK_SELECT → STOPPED — ignored
2026-07-03 11:08:13 [WARNING] Illegal FSM transition CLICK_SELECT → STOPPED — ignored
2026-07-03 11:08:13 [WARNING] Illegal FSM transition CLICK_SELECT → STOPPED — ignored
2026-07-03 11:08:14 [WARNING] Illegal FSM transition CLICK_SELECT → STOPPED — ignored
2026-07-03 11:08:14 [WARNING] Illegal FSM transition CLICK_SELECT → STOPPED — ignored
2026-07-03 11:08:14 [WARNING] Illegal FSM transition CLICK_SELECT → STOPPED — ignored
2026-07-03 11:08:14 [WARNING] Illegal FSM transition CLICK_SELECT → STOPPED — ignored
2026-07-03 11:08:14 [WARNING] Illegal FSM transition CLICK_SELECT → STOPPED — ignored
2026-07-03 11:08:14 [WARNING] Illegal FSM transition CLICK_SELECT → STOPPED — ignored
2026-07-03 11:08:14 [WARNING] Illegal FSM transition CLICK_SELECT → STOPPED — ignored
2026-07-03 11:08:14 [WARNING] Illegal FSM transition CLICK_SELECT → STOPPED — ignored
2026-07-03 11:08:14 [WARNING] Illegal FSM transition CLICK_SELECT → STOPPED — ignored
2026-07-03 11:08:14 [WARNING] Illegal FSM transition CLICK_SELECT → STOPPED — ignored
2026-07-03 11:08:15 [WARNING] Illegal FSM transition CLICK_SELECT → STOPPED — ignored
2026-07-03 11:08:15 [WARNING] Illegal FSM transition CLICK_SELECT → STOPPED — ignored
2026-07-03 11:08:15 [WARNING] Illegal FSM transition CLICK_SELECT → STOPPED — ignored
2026-07-03 11:08:15 [WARNING] Illegal FSM transition CLICK_SELECT → STOPPED — ignored
2026-07-03 11:08:15 [WARNING] Illegal FSM transition CLICK_SELECT → STOPPED — ignored
2026-07-03 11:08:15 [WARNING] Illegal FSM transition CLICK_SELECT → STOPPED — ignored
2026-07-03 11:08:15 [WARNING] Illegal FSM transition CLICK_SELECT → STOPPED — ignored
2026-07-03 11:08:15 [WARNING] Illegal FSM transition CLICK_SELECT → STOPPED — ignored
2026-07-03 11:08:15 [WARNING] Illegal FSM transition CLICK_SELECT → STOPPED — ignored
2026-07-03 11:08:15 [WARNING] Illegal FSM transition CLICK_SELECT → STOPPED — ignored
2026-07-03 11:08:16 [WARNING] Illegal FSM transition CLICK_SELECT → STOPPED — ignored
2026-07-03 11:08:16 [WARNING] Illegal FSM transition CLICK_SELECT → STOPPED — ignored
2026-07-03 11:08:16 [WARNING] Illegal FSM transition CLICK_SELECT → STOPPED — ignored
2026-07-03 11:08:16 [WARNING] Illegal FSM transition CLICK_SELECT → STOPPED — ignored
2026-07-03 11:08:16 [WARNING] Illegal FSM transition CLICK_SELECT → STOPPED — ignored
2026-07-03 11:08:16 [WARNING] Illegal FSM transition CLICK_SELECT → STOPPED — ignored
2026-07-03 11:08:16 [WARNING] Illegal FSM transition CLICK_SELECT → STOPPED — ignored
2026-07-03 11:08:16 [WARNING] Illegal FSM transition CLICK_SELECT → STOPPED — ignored
2026-07-03 11:08:16 [WARNING] Illegal FSM transition CLICK_SELECT → STOPPED — ignored
2026-07-03 11:08:16 [WARNING] Illegal FSM transition CLICK_SELECT → STOPPED — ignored
2026-07-03 11:08:17 [WARNING] Illegal FSM transition CLICK_SELECT → STOPPED — ignored
2026-07-03 11:08:17 [WARNING] Illegal FSM transition CLICK_SELECT → STOPPED — ignored
2026-07-03 11:08:17 [WARNING] Illegal FSM transition CLICK_SELECT → STOPPED — ignored
2026-07-03 11:08:17 [WARNING] Illegal FSM transition CLICK_SELECT → STOPPED — ignored
2026-07-03 11:08:17 [WARNING] Illegal FSM transition CLICK_SELECT → STOPPED — ignored
2026-07-03 11:08:17 [WARNING] Illegal FSM transition CLICK_SELECT → STOPPED — ignored
2026-07-03 11:08:17 [WARNING] Illegal FSM transition CLICK_SELECT → STOPPED — ignored
2026-07-03 11:08:17 [WARNING] Illegal FSM transition CLICK_SELECT → STOPPED — ignored
2026-07-03 11:08:17 [WARNING] Illegal FSM transition CLICK_SELECT → STOPPED — ignored
2026-07-03 11:08:17 [WARNING] Illegal FSM transition CLICK_SELECT → STOPPED — ignored
2026-07-03 11:08:18 [WARNING] Illegal FSM transition CLICK_SELECT → STOPPED — ignored
2026-07-03 11:08:18 [WARNING] Illegal FSM transition CLICK_SELECT → STOPPED — ignored
2026-07-03 11:08:18 [WARNING] Illegal FSM transition CLICK_SELECT → STOPPED — ignored
2026-07-03 11:08:18 [WARNING] Illegal FSM transition CLICK_SELECT → STOPPED — ignored
2026-07-03 11:08:18 [WARNING] Illegal FSM transition CLICK_SELECT → STOPPED — ignored
2026-07-03 11:08:18 [WARNING] Illegal FSM transition CLICK_SELECT → STOPPED — ignored
2026-07-03 11:08:18 [WARNING] Illegal FSM transition CLICK_SELECT → STOPPED — ignored
2026-07-03 11:08:18 [WARNING] Illegal FSM transition CLICK_SELECT → STOPPED — ignored
2026-07-03 11:08:18 [WARNING] Illegal FSM transition CLICK_SELECT → STOPPED — ignored
2026-07-03 11:08:18 [WARNING] Illegal FSM transition CLICK_SELECT → STOPPED — ignored
2026-07-03 11:08:19 [WARNING] Illegal FSM transition CLICK_SELECT → STOPPED — ignored
2026-07-03 11:08:19 [WARNING] Illegal FSM transition CLICK_SELECT → STOPPED — ignored
2026-07-03 11:08:19 [WARNING] Illegal FSM transition CLICK_SELECT → STOPPED — ignored
2026-07-03 11:08:19 [WARNING] Illegal FSM transition CLICK_SELECT → STOPPED — ignored
2026-07-03 11:08:19 [WARNING] Illegal FSM transition CLICK_SELECT → STOPPED — ignored
2026-07-03 11:08:19 [WARNING] Illegal FSM transition CLICK_SELECT → STOPPED — ignored
2026-07-03 11:08:19 [WARNING] Illegal FSM transition CLICK_SELECT → STOPPED — ignored
2026-07-03 11:08:19 [WARNING] Illegal FSM transition CLICK_SELECT → STOPPED — ignored
2026-07-03 11:08:19 [WARNING] Illegal FSM transition CLICK_SELECT → STOPPED — ignored
2026-07-03 11:08:19 [WARNING] Illegal FSM transition CLICK_SELECT → STOPPED — ignored
2026-07-03 11:08:20 [WARNING] Illegal FSM transition CLICK_SELECT → STOPPED — ignored
2026-07-03 11:08:20 [WARNING] Illegal FSM transition CLICK_SELECT → STOPPED — ignored
2026-07-03 11:08:20 [WARNING] Illegal FSM transition CLICK_SELECT → STOPPED — ignored
2026-07-03 11:08:20 [WARNING] Illegal FSM transition CLICK_SELECT → STOPPED — ignored
2026-07-03 11:08:20 [WARNING] Illegal FSM transition CLICK_SELECT → STOPPED — ignored
2026-07-03 11:08:20 [WARNING] Illegal FSM transition CLICK_SELECT → STOPPED — ignored
2026-07-03 11:08:20 [WARNING] Illegal FSM transition CLICK_SELECT → STOPPED — ignored
2026-07-03 11:08:20 [WARNING] Illegal FSM transition CLICK_SELECT → STOPPED — ignored
2026-07-03 11:08:20 [WARNING] Illegal FSM transition CLICK_SELECT → STOPPED — ignored
2026-07-03 11:08:20 [WARNING] Illegal FSM transition CLICK_SELECT → STOPPED — ignored
2026-07-03 11:08:21 [WARNING] Illegal FSM transition CLICK_SELECT → STOPPED — ignored
2026-07-03 11:08:21 [WARNING] Illegal FSM transition CLICK_SELECT → STOPPED — ignored
2026-07-03 11:08:21 [WARNING] Illegal FSM transition CLICK_SELECT → STOPPED — ignored
2026-07-03 11:08:21 [WARNING] Illegal FSM transition CLICK_SELECT → STOPPED — ignored
2026-07-03 11:08:21 [WARNING] Illegal FSM transition CLICK_SELECT → STOPPED — ignored
2026-07-03 11:08:21 [WARNING] Illegal FSM transition CLICK_SELECT → STOPPED — ignored
2026-07-03 11:08:21 [WARNING] Illegal FSM transition CLICK_SELECT → STOPPED — ignored
2026-07-03 11:08:21 [WARNING] Illegal FSM transition CLICK_SELECT → STOPPED — ignored
2026-07-03 11:08:21 [WARNING] Illegal FSM transition CLICK_SELECT → STOPPED — ignored
2026-07-03 11:08:21 [WARNING] Illegal FSM transition CLICK_SELECT → STOPPED — ignored
2026-07-03 11:08:22 [WARNING] Illegal FSM transition CLICK_SELECT → STOPPED — ignored
2026-07-03 11:08:22 [WARNING] Illegal FSM transition CLICK_SELECT → STOPPED — ignored
2026-07-03 11:08:22 [WARNING] Illegal FSM transition CLICK_SELECT → STOPPED — ignored
2026-07-03 11:08:22 [WARNING] Illegal FSM transition CLICK_SELECT → STOPPED — ignored
2026-07-03 11:08:22 [WARNING] Illegal FSM transition CLICK_SELECT → STOPPED — ignored
2026-07-03 11:08:22 [WARNING] Illegal FSM transition CLICK_SELECT → STOPPED — ignored
2026-07-03 11:08:22 [WARNING] Illegal FSM transition CLICK_SELECT → STOPPED — ignored
2026-07-03 11:08:22 [WARNING] Illegal FSM transition CLICK_SELECT → STOPPED — ignored
2026-07-03 11:08:22 [WARNING] Illegal FSM transition CLICK_SELECT → STOPPED — ignored
2026-07-03 11:08:22 [WARNING] Illegal FSM transition CLICK_SELECT → STOPPED — ignored
2026-07-03 11:08:23 [WARNING] Illegal FSM transition CLICK_SELECT → STOPPED — ignored
2026-07-03 11:08:23 [WARNING] Illegal FSM transition CLICK_SELECT → STOPPED — ignored
2026-07-03 11:08:23 [WARNING] Illegal FSM transition CLICK_SELECT → STOPPED — ignored
2026-07-03 11:08:23 [WARNING] Illegal FSM transition CLICK_SELECT → STOPPED — ignored
2026-07-03 11:08:23 [WARNING] Illegal FSM transition CLICK_SELECT → STOPPED — ignored
2026-07-03 11:08:23 [WARNING] Illegal FSM transition CLICK_SELECT → STOPPED — ignored
2026-07-03 11:08:23 [WARNING] Illegal FSM transition CLICK_SELECT → STOPPED — ignored
2026-07-03 11:08:23 [WARNING] Illegal FSM transition CLICK_SELECT → STOPPED — ignored
2026-07-03 11:08:23 [WARNING] Illegal FSM transition CLICK_SELECT → STOPPED — ignored
2026-07-03 11:08:23 [WARNING] Illegal FSM transition CLICK_SELECT → STOPPED — ignored
2026-07-03 11:08:24 [WARNING] Illegal FSM transition CLICK_SELECT → STOPPED — ignored
2026-07-03 11:08:24 [WARNING] Illegal FSM transition CLICK_SELECT → STOPPED — ignored
2026-07-03 11:08:24 [WARNING] Illegal FSM transition CLICK_SELECT → STOPPED — ignored
2026-07-03 11:08:24 [WARNING] Illegal FSM transition CLICK_SELECT → STOPPED — ignored
2026-07-03 11:08:24 [WARNING] Illegal FSM transition CLICK_SELECT → STOPPED — ignored
2026-07-03 11:08:24 [WARNING] Illegal FSM transition CLICK_SELECT → STOPPED — ignored
2026-07-03 11:08:24 [WARNING] Illegal FSM transition CLICK_SELECT → STOPPED — ignored
2026-07-03 11:08:24 [WARNING] Illegal FSM transition CLICK_SELECT → STOPPED — ignored
2026-07-03 11:08:24 [WARNING] Illegal FSM transition CLICK_SELECT → STOPPED — ignored
2026-07-03 11:08:24 [WARNING] Illegal FSM transition CLICK_SELECT → STOPPED — ignored
2026-07-03 11:08:25 [WARNING] Illegal FSM transition CLICK_SELECT → STOPPED — ignored
2026-07-03 11:08:25 [WARNING] Illegal FSM transition CLICK_SELECT → STOPPED — ignored
2026-07-03 11:08:25 [WARNING] Illegal FSM transition CLICK_SELECT → STOPPED — ignored
2026-07-03 11:08:25 [WARNING] Illegal FSM transition CLICK_SELECT → STOPPED — ignored
2026-07-03 11:08:25 [WARNING] Illegal FSM transition CLICK_SELECT → STOPPED — ignored
2026-07-03 11:08:25 [WARNING] Illegal FSM transition CLICK_SELECT → STOPPED — ignored
2026-07-03 11:08:25 [WARNING] Illegal FSM transition CLICK_SELECT → STOPPED — ignored
2026-07-03 11:08:25 [WARNING] Illegal FSM transition CLICK_SELECT → STOPPED — ignored
2026-07-03 11:08:25 [WARNING] Illegal FSM transition CLICK_SELECT → STOPPED — ignored
2026-07-03 11:08:25 [WARNING] Illegal FSM transition CLICK_SELECT → STOPPED — ignored
2026-07-03 11:08:26 [WARNING] Illegal FSM transition CLICK_SELECT → STOPPED — ignored
2026-07-03 11:08:26 [WARNING] Illegal FSM transition CLICK_SELECT → STOPPED — ignored
2026-07-03 11:08:26 [WARNING] Illegal FSM transition CLICK_SELECT → STOPPED — ignored
2026-07-03 11:08:26 [WARNING] Illegal FSM transition CLICK_SELECT → STOPPED — ignored
2026-07-03 11:08:26 [WARNING] Illegal FSM transition CLICK_SELECT → STOPPED — ignored
2026-07-03 11:08:26 [WARNING] Illegal FSM transition CLICK_SELECT → STOPPED — ignored
2026-07-03 11:08:26 [WARNING] Illegal FSM transition CLICK_SELECT → STOPPED — ignored
2026-07-03 11:08:26 [WARNING] Illegal FSM transition CLICK_SELECT → STOPPED — ignored
2026-07-03 11:08:26 [WARNING] Illegal FSM transition CLICK_SELECT → STOPPED — ignored
2026-07-03 11:08:26 [WARNING] Illegal FSM transition CLICK_SELECT → STOPPED — ignored
2026-07-03 11:08:27 [WARNING] Illegal FSM transition CLICK_SELECT → STOPPED — ignored
2026-07-03 11:08:27 [WARNING] Illegal FSM transition CLICK_SELECT → STOPPED — ignored
2026-07-03 11:08:27 [WARNING] Illegal FSM transition CLICK_SELECT → STOPPED — ignored
2026-07-03 11:08:27 [WARNING] Illegal FSM transition CLICK_SELECT → STOPPED — ignored
2026-07-03 11:08:27 [WARNING] Illegal FSM transition CLICK_SELECT → STOPPED — ignored
2026-07-03 11:08:27 [WARNING] Illegal FSM transition CLICK_SELECT → STOPPED — ignored
2026-07-03 11:08:27 [WARNING] Illegal FSM transition CLICK_SELECT → STOPPED — ignored
2026-07-03 11:08:27 [WARNING] Illegal FSM transition CLICK_SELECT → STOPPED — ignored
2026-07-03 11:08:27 [WARNING] Illegal FSM transition CLICK_SELECT → STOPPED — ignored
2026-07-03 11:08:27 [WARNING] Illegal FSM transition CLICK_SELECT → STOPPED — ignored
2026-07-03 11:08:28 [WARNING] Illegal FSM transition CLICK_SELECT → STOPPED — ignored
2026-07-03 11:08:28 [WARNING] Illegal FSM transition CLICK_SELECT → STOPPED — ignored
2026-07-03 11:08:28 [WARNING] Illegal FSM transition CLICK_SELECT → STOPPED — ignored
2026-07-03 11:08:28 [WARNING] Illegal FSM transition CLICK_SELECT → STOPPED — ignored
2026-07-03 11:08:28 [WARNING] Illegal FSM transition CLICK_SELECT → STOPPED — ignored
2026-07-03 11:08:28 [WARNING] Illegal FSM transition CLICK_SELECT → STOPPED — ignored
2026-07-03 11:08:28 [WARNING] Illegal FSM transition CLICK_SELECT → STOPPED — ignored
2026-07-03 11:08:28 [WARNING] Illegal FSM transition CLICK_SELECT → STOPPED — ignored
2026-07-03 11:08:28 [WARNING] Illegal FSM transition CLICK_SELECT → STOPPED — ignored
2026-07-03 11:08:28 [WARNING] Illegal FSM transition CLICK_SELECT → STOPPED — ignored
2026-07-03 11:08:29 [WARNING] Illegal FSM transition CLICK_SELECT → STOPPED — ignored
2026-07-03 11:08:29 [WARNING] Illegal FSM transition CLICK_SELECT → STOPPED — ignored
2026-07-03 11:08:29 [WARNING] Illegal FSM transition CLICK_SELECT → STOPPED — ignored
2026-07-03 11:08:29 [WARNING] Illegal FSM transition CLICK_SELECT → STOPPED — ignored
2026-07-03 11:08:29 [WARNING] Illegal FSM transition CLICK_SELECT → STOPPED — ignored
2026-07-03 11:08:29 [WARNING] Illegal FSM transition CLICK_SELECT → STOPPED — ignored
2026-07-03 11:08:29 [WARNING] Illegal FSM transition CLICK_SELECT → STOPPED — ignored
2026-07-03 11:08:29 [WARNING] Illegal FSM transition CLICK_SELECT → STOPPED — ignored
2026-07-03 11:08:29 [WARNING] Illegal FSM transition CLICK_SELECT → STOPPED — ignored
2026-07-03 11:08:30 [WARNING] Illegal FSM transition CLICK_SELECT → STOPPED — ignored
2026-07-03 11:08:30 [WARNING] Illegal FSM transition CLICK_SELECT → STOPPED — ignored
2026-07-03 11:08:30 [WARNING] Illegal FSM transition CLICK_SELECT → STOPPED — ignored
2026-07-03 11:08:30 [WARNING] Illegal FSM transition CLICK_SELECT → STOPPED — ignored
2026-07-03 11:08:30 [WARNING] Illegal FSM transition CLICK_SELECT → STOPPED — ignored
2026-07-03 11:08:30 [WARNING] Illegal FSM transition CLICK_SELECT → STOPPED — ignored
2026-07-03 11:08:30 [WARNING] Illegal FSM transition CLICK_SELECT → STOPPED — ignored
2026-07-03 11:08:30 [WARNING] Illegal FSM transition CLICK_SELECT → STOPPED — ignored
2026-07-03 11:08:30 [WARNING] Illegal FSM transition CLICK_SELECT → STOPPED — ignored
2026-07-03 11:08:30 [WARNING] Illegal FSM transition CLICK_SELECT → STOPPED — ignored
2026-07-03 11:08:31 [WARNING] Illegal FSM transition CLICK_SELECT → STOPPED — ignored
2026-07-03 11:08:31 [WARNING] Illegal FSM transition CLICK_SELECT → STOPPED — ignored
2026-07-03 11:08:31 [WARNING] Illegal FSM transition CLICK_SELECT → STOPPED — ignored
2026-07-03 11:08:31 [WARNING] Illegal FSM transition CLICK_SELECT → STOPPED — ignored
2026-07-03 11:08:31 [WARNING] Illegal FSM transition CLICK_SELECT → STOPPED — ignored
2026-07-03 11:08:31 [WARNING] Illegal FSM transition CLICK_SELECT → STOPPED — ignored
2026-07-03 11:08:31 [WARNING] Illegal FSM transition CLICK_SELECT → STOPPED — ignored
2026-07-03 11:08:31 [WARNING] Illegal FSM transition CLICK_SELECT → STOPPED — ignored
2026-07-03 11:08:31 [WARNING] Illegal FSM transition CLICK_SELECT → STOPPED — ignored
2026-07-03 11:08:31 [WARNING] Illegal FSM transition CLICK_SELECT → STOPPED — ignored
2026-07-03 11:08:32 [WARNING] Illegal FSM transition CLICK_SELECT → STOPPED — ignored
2026-07-03 11:08:32 [WARNING] Illegal FSM transition CLICK_SELECT → STOPPED — ignored
2026-07-03 11:08:32 [WARNING] Illegal FSM transition CLICK_SELECT → STOPPED — ignored
2026-07-03 11:08:32 [WARNING] Illegal FSM transition CLICK_SELECT → STOPPED — ignored
2026-07-03 11:08:32 [WARNING] Illegal FSM transition CLICK_SELECT → STOPPED — ignored
2026-07-03 11:08:32 [WARNING] Illegal FSM transition CLICK_SELECT → STOPPED — ignored
2026-07-03 11:08:32 [WARNING] Illegal FSM transition CLICK_SELECT → STOPPED — ignored
2026-07-03 11:08:32 [WARNING] Illegal FSM transition CLICK_SELECT → STOPPED — ignored
2026-07-03 11:08:32 [WARNING] Illegal FSM transition CLICK_SELECT → STOPPED — ignored
2026-07-03 11:08:32 [WARNING] Illegal FSM transition CLICK_SELECT → STOPPED — ignored
2026-07-03 11:08:33 [WARNING] Illegal FSM transition CLICK_SELECT → STOPPED — ignored
2026-07-03 11:08:33 [WARNING] Illegal FSM transition CLICK_SELECT → STOPPED — ignored
2026-07-03 11:08:33 [WARNING] Illegal FSM transition CLICK_SELECT → STOPPED — ignored
2026-07-03 11:08:33 [WARNING] Illegal FSM transition CLICK_SELECT → STOPPED — ignored
2026-07-03 11:08:33 [WARNING] Illegal FSM transition CLICK_SELECT → STOPPED — ignored
2026-07-03 11:08:33 [WARNING] Illegal FSM transition CLICK_SELECT → STOPPED — ignored
2026-07-03 11:08:33 [WARNING] Illegal FSM transition CLICK_SELECT → STOPPED — ignored
2026-07-03 11:08:33 [WARNING] Illegal FSM transition CLICK_SELECT → STOPPED — ignored
2026-07-03 11:08:33 [WARNING] Illegal FSM transition CLICK_SELECT → STOPPED — ignored
2026-07-03 11:08:33 [WARNING] Illegal FSM transition CLICK_SELECT → STOPPED — ignored
2026-07-03 11:08:34 [WARNING] Illegal FSM transition CLICK_SELECT → STOPPED — ignored
2026-07-03 11:08:34 [WARNING] Illegal FSM transition CLICK_SELECT → STOPPED — ignored
2026-07-03 11:08:34 [WARNING] Illegal FSM transition CLICK_SELECT → STOPPED — ignored
2026-07-03 11:08:34 [WARNING] Illegal FSM transition CLICK_SELECT → STOPPED — ignored
2026-07-03 11:08:34 [WARNING] Illegal FSM transition CLICK_SELECT → STOPPED — ignored
2026-07-03 11:08:34 [WARNING] Illegal FSM transition CLICK_SELECT → STOPPED — ignored
2026-07-03 11:08:34 [WARNING] Illegal FSM transition CLICK_SELECT → STOPPED — ignored
2026-07-03 11:08:34 [WARNING] Illegal FSM transition CLICK_SELECT → STOPPED — ignored
2026-07-03 11:08:34 [WARNING] Illegal FSM transition CLICK_SELECT → STOPPED — ignored
2026-07-03 11:08:34 [WARNING] Illegal FSM transition CLICK_SELECT → STOPPED — ignored
2026-07-03 11:08:35 [WARNING] Illegal FSM transition CLICK_SELECT → STOPPED — ignored
2026-07-03 11:08:35 [WARNING] Illegal FSM transition CLICK_SELECT → STOPPED — ignored
2026-07-03 11:08:35 [WARNING] Illegal FSM transition CLICK_SELECT → STOPPED — ignored
2026-07-03 11:08:35 [WARNING] Illegal FSM transition CLICK_SELECT → STOPPED — ignored
2026-07-03 11:08:35 [WARNING] Illegal FSM transition CLICK_SELECT → STOPPED — ignored
2026-07-03 11:08:35 [WARNING] Illegal FSM transition CLICK_SELECT → STOPPED — ignored
2026-07-03 11:08:35 [WARNING] Illegal FSM transition CLICK_SELECT → STOPPED — ignored
2026-07-03 11:08:35 [WARNING] Illegal FSM transition CLICK_SELECT → STOPPED — ignored
2026-07-03 11:08:35 [WARNING] Illegal FSM transition CLICK_SELECT → STOPPED — ignored
2026-07-03 11:08:35 [WARNING] Illegal FSM transition CLICK_SELECT → STOPPED — ignored
2026-07-03 11:08:36 [WARNING] Illegal FSM transition CLICK_SELECT → STOPPED — ignored
2026-07-03 11:08:36 [WARNING] Illegal FSM transition CLICK_SELECT → STOPPED — ignored
2026-07-03 11:08:36 [WARNING] Illegal FSM transition CLICK_SELECT → STOPPED — ignored
2026-07-03 11:08:36 [WARNING] Illegal FSM transition CLICK_SELECT → STOPPED — ignored
2026-07-03 11:08:36 [WARNING] Illegal FSM transition CLICK_SELECT → STOPPED — ignored
2026-07-03 11:08:36 [WARNING] Illegal FSM transition CLICK_SELECT → STOPPED — ignored
2026-07-03 11:08:36 [WARNING] Illegal FSM transition CLICK_SELECT → STOPPED — ignored
2026-07-03 11:08:36 [WARNING] Illegal FSM transition CLICK_SELECT → STOPPED — ignored
2026-07-03 11:08:36 [WARNING] Illegal FSM transition CLICK_SELECT → STOPPED — ignored
2026-07-03 11:08:36 [WARNING] Illegal FSM transition CLICK_SELECT → STOPPED — ignored
2026-07-03 11:08:37 [WARNING] Illegal FSM transition CLICK_SELECT → STOPPED — ignored
2026-07-03 11:08:37 [WARNING] Illegal FSM transition CLICK_SELECT → STOPPED — ignored
2026-07-03 11:08:37 [WARNING] Illegal FSM transition CLICK_SELECT → STOPPED — ignored
2026-07-03 11:08:37 [WARNING] Illegal FSM transition CLICK_SELECT → STOPPED — ignored
2026-07-03 11:08:37 [WARNING] Illegal FSM transition CLICK_SELECT → STOPPED — ignored
2026-07-03 11:08:37 [WARNING] Illegal FSM transition CLICK_SELECT → STOPPED — ignored
2026-07-03 11:08:37 [WARNING] Illegal FSM transition CLICK_SELECT → STOPPED — ignored
2026-07-03 11:08:37 [WARNING] Illegal FSM transition CLICK_SELECT → STOPPED — ignored
2026-07-03 11:08:37 [WARNING] Illegal FSM transition CLICK_SELECT → STOPPED — ignored
2026-07-03 11:08:37 [WARNING] Illegal FSM transition CLICK_SELECT → STOPPED — ignored
2026-07-03 11:08:38 [WARNING] Illegal FSM transition CLICK_SELECT → STOPPED — ignored
2026-07-03 11:08:38 [WARNING] Illegal FSM transition CLICK_SELECT → STOPPED — ignored
2026-07-03 11:08:38 [WARNING] Illegal FSM transition CLICK_SELECT → STOPPED — ignored
2026-07-03 11:08:38 [WARNING] Illegal FSM transition CLICK_SELECT → STOPPED — ignored
2026-07-03 11:08:38 [WARNING] Illegal FSM transition CLICK_SELECT → STOPPED — ignored
2026-07-03 11:08:38 [WARNING] Illegal FSM transition CLICK_SELECT → STOPPED — ignored
2026-07-03 11:08:38 [WARNING] Illegal FSM transition CLICK_SELECT → STOPPED — ignored
2026-07-03 11:08:38 [WARNING] Illegal FSM transition CLICK_SELECT → STOPPED — ignored
2026-07-03 11:08:38 [WARNING] Illegal FSM transition CLICK_SELECT → STOPPED — ignored
2026-07-03 11:08:38 [WARNING] Illegal FSM transition CLICK_SELECT → STOPPED — ignored
2026-07-03 11:08:39 [WARNING] Illegal FSM transition CLICK_SELECT → STOPPED — ignored
2026-07-03 11:08:39 [WARNING] Illegal FSM transition CLICK_SELECT → STOPPED — ignored
2026-07-03 11:08:39 [WARNING] Illegal FSM transition CLICK_SELECT → STOPPED — ignored
2026-07-03 11:08:39 [WARNING] Illegal FSM transition CLICK_SELECT → STOPPED — ignored
2026-07-03 11:08:39 [WARNING] Illegal FSM transition CLICK_SELECT → STOPPED — ignored
2026-07-03 11:08:39 [WARNING] Illegal FSM transition CLICK_SELECT → STOPPED — ignored
2026-07-03 11:08:39 [WARNING] Illegal FSM transition CLICK_SELECT → STOPPED — ignored
2026-07-03 11:08:39 [WARNING] Illegal FSM transition CLICK_SELECT → STOPPED — ignored
2026-07-03 11:08:39 [WARNING] Illegal FSM transition CLICK_SELECT → STOPPED — ignored
2026-07-03 11:08:39 [WARNING] Illegal FSM transition CLICK_SELECT → STOPPED — ignored
2026-07-03 11:08:40 [WARNING] Illegal FSM transition CLICK_SELECT → STOPPED — ignored
2026-07-03 11:08:40 [WARNING] Illegal FSM transition CLICK_SELECT → STOPPED — ignored
2026-07-03 11:08:40 [WARNING] Illegal FSM transition CLICK_SELECT → STOPPED — ignored
2026-07-03 11:08:40 [WARNING] Illegal FSM transition CLICK_SELECT → STOPPED — ignored
2026-07-03 11:08:40 [WARNING] Illegal FSM transition CLICK_SELECT → STOPPED — ignored
2026-07-03 11:08:40 [WARNING] Illegal FSM transition CLICK_SELECT → STOPPED — ignored
2026-07-03 11:08:40 [WARNING] Illegal FSM transition CLICK_SELECT → STOPPED — ignored
2026-07-03 11:08:40 [WARNING] Illegal FSM transition CLICK_SELECT → STOPPED — ignored
2026-07-03 11:08:40 [WARNING] Illegal FSM transition CLICK_SELECT → STOPPED — ignored
2026-07-03 11:08:40 [WARNING] Illegal FSM transition CLICK_SELECT → STOPPED — ignored
2026-07-03 11:08:41 [WARNING] Illegal FSM transition CLICK_SELECT → STOPPED — ignored
2026-07-03 11:08:41 [WARNING] Illegal FSM transition CLICK_SELECT → STOPPED — ignored
2026-07-03 11:08:41 [WARNING] Illegal FSM transition CLICK_SELECT → STOPPED — ignored
2026-07-03 11:08:41 [WARNING] Illegal FSM transition CLICK_SELECT → STOPPED — ignored
2026-07-03 11:08:41 [WARNING] Illegal FSM transition CLICK_SELECT → STOPPED — ignored
2026-07-03 11:08:41 [WARNING] Illegal FSM transition CLICK_SELECT → STOPPED — ignored
2026-07-03 11:08:41 [WARNING] Illegal FSM transition CLICK_SELECT → STOPPED — ignored
2026-07-03 11:08:41 [WARNING] Illegal FSM transition CLICK_SELECT → STOPPED — ignored
2026-07-03 11:08:41 [WARNING] Illegal FSM transition CLICK_SELECT → STOPPED — ignored
2026-07-03 11:08:41 [WARNING] Illegal FSM transition CLICK_SELECT → STOPPED — ignored
2026-07-03 11:08:42 [WARNING] Illegal FSM transition CLICK_SELECT → STOPPED — ignored
2026-07-03 11:08:42 [WARNING] Illegal FSM transition CLICK_SELECT → STOPPED — ignored
2026-07-03 11:08:42 [WARNING] Illegal FSM transition CLICK_SELECT → STOPPED — ignored
2026-07-03 11:08:42 [WARNING] Illegal FSM transition CLICK_SELECT → STOPPED — ignored
2026-07-03 11:08:42 [WARNING] Illegal FSM transition CLICK_SELECT → STOPPED — ignored
2026-07-03 11:08:42 [WARNING] Illegal FSM transition CLICK_SELECT → STOPPED — ignored
2026-07-03 11:08:42 [WARNING] Illegal FSM transition CLICK_SELECT → STOPPED — ignored
2026-07-03 11:08:42 [WARNING] Illegal FSM transition CLICK_SELECT → STOPPED — ignored
2026-07-03 11:08:42 [WARNING] Illegal FSM transition CLICK_SELECT → STOPPED — ignored
2026-07-03 11:08:42 [WARNING] Illegal FSM transition CLICK_SELECT → STOPPED — ignored
2026-07-03 11:08:43 [WARNING] Illegal FSM transition CLICK_SELECT → STOPPED — ignored
2026-07-03 11:08:43 [WARNING] Illegal FSM transition CLICK_SELECT → STOPPED — ignored
2026-07-03 11:08:43 [WARNING] Illegal FSM transition CLICK_SELECT → STOPPED — ignored
2026-07-03 11:08:43 [WARNING] Illegal FSM transition CLICK_SELECT → STOPPED — ignored
2026-07-03 11:08:43 [WARNING] Illegal FSM transition CLICK_SELECT → STOPPED — ignored
2026-07-03 11:08:43 [WARNING] Illegal FSM transition CLICK_SELECT → STOPPED — ignored
2026-07-03 11:08:43 [WARNING] Illegal FSM transition CLICK_SELECT → STOPPED — ignored
2026-07-03 11:08:43 [WARNING] Illegal FSM transition CLICK_SELECT → STOPPED — ignored
2026-07-03 11:08:43 [WARNING] Illegal FSM transition CLICK_SELECT → STOPPED — ignored
2026-07-03 11:08:43 [WARNING] Illegal FSM transition CLICK_SELECT → STOPPED — ignored
2026-07-03 11:08:44 [WARNING] Illegal FSM transition CLICK_SELECT → STOPPED — ignored
2026-07-03 11:08:44 [WARNING] Illegal FSM transition CLICK_SELECT → STOPPED — ignored
2026-07-03 11:08:44 [WARNING] Illegal FSM transition CLICK_SELECT → STOPPED — ignored
2026-07-03 11:08:44 [WARNING] Illegal FSM transition CLICK_SELECT → STOPPED — ignored
2026-07-03 11:08:44 [WARNING] Illegal FSM transition CLICK_SELECT → STOPPED — ignored
2026-07-03 11:08:44 [WARNING] Illegal FSM transition CLICK_SELECT → STOPPED — ignored
2026-07-03 11:08:44 [WARNING] Illegal FSM transition CLICK_SELECT → STOPPED — ignored
2026-07-03 11:08:44 [WARNING] Illegal FSM transition CLICK_SELECT → STOPPED — ignored
2026-07-03 11:08:44 [WARNING] Illegal FSM transition CLICK_SELECT → STOPPED — ignored
2026-07-03 11:08:44 [WARNING] Illegal FSM transition CLICK_SELECT → STOPPED — ignored
2026-07-03 11:08:45 [WARNING] Illegal FSM transition CLICK_SELECT → STOPPED — ignored
2026-07-03 11:08:45 [WARNING] Illegal FSM transition CLICK_SELECT → STOPPED — ignored
2026-07-03 11:08:45 [WARNING] Illegal FSM transition CLICK_SELECT → STOPPED — ignored
2026-07-03 11:08:45 [WARNING] Illegal FSM transition CLICK_SELECT → STOPPED — ignored
2026-07-03 11:08:45 [WARNING] Illegal FSM transition CLICK_SELECT → STOPPED — ignored
2026-07-03 11:08:45 [WARNING] Illegal FSM transition CLICK_SELECT → STOPPED — ignored
2026-07-03 11:08:45 [WARNING] Illegal FSM transition CLICK_SELECT → STOPPED — ignored
2026-07-03 11:08:45 [WARNING] Illegal FSM transition CLICK_SELECT → STOPPED — ignored
2026-07-03 11:08:45 [WARNING] Illegal FSM transition CLICK_SELECT → STOPPED — ignored
2026-07-03 11:08:45 [WARNING] Illegal FSM transition CLICK_SELECT → STOPPED — ignored
2026-07-03 11:08:46 [WARNING] Illegal FSM transition CLICK_SELECT → STOPPED — ignored
2026-07-03 11:08:46 [WARNING] Illegal FSM transition CLICK_SELECT → STOPPED — ignored
2026-07-03 11:08:46 [WARNING] Illegal FSM transition CLICK_SELECT → STOPPED — ignored
2026-07-03 11:08:46 [WARNING] Illegal FSM transition CLICK_SELECT → STOPPED — ignored
2026-07-03 11:08:46 [WARNING] Illegal FSM transition CLICK_SELECT → STOPPED — ignored
2026-07-03 11:08:46 [WARNING] Illegal FSM transition CLICK_SELECT → STOPPED — ignored
2026-07-03 11:08:46 [WARNING] Illegal FSM transition CLICK_SELECT → STOPPED — ignored
2026-07-03 11:08:46 [WARNING] Illegal FSM transition CLICK_SELECT → STOPPED — ignored
2026-07-03 11:08:46 [WARNING] Illegal FSM transition CLICK_SELECT → STOPPED — ignored
2026-07-03 11:08:46 [WARNING] Illegal FSM transition CLICK_SELECT → STOPPED — ignored
2026-07-03 11:08:47 [WARNING] Illegal FSM transition CLICK_SELECT → STOPPED — ignored
2026-07-03 11:08:47 [WARNING] Illegal FSM transition CLICK_SELECT → STOPPED — ignored
2026-07-03 11:08:47 [WARNING] Illegal FSM transition CLICK_SELECT → STOPPED — ignored
2026-07-03 11:08:47 [WARNING] Illegal FSM transition CLICK_SELECT → STOPPED — ignored
2026-07-03 11:08:47 [WARNING] Illegal FSM transition CLICK_SELECT → STOPPED — ignored
2026-07-03 11:08:47 [WARNING] Illegal FSM transition CLICK_SELECT → STOPPED — ignored
2026-07-03 11:08:47 [WARNING] Illegal FSM transition CLICK_SELECT → STOPPED — ignored
2026-07-03 11:08:47 [WARNING] Illegal FSM transition CLICK_SELECT → STOPPED — ignored
2026-07-03 11:08:47 [WARNING] Illegal FSM transition CLICK_SELECT → STOPPED — ignored
2026-07-03 11:08:47 [WARNING] Illegal FSM transition CLICK_SELECT → STOPPED — ignored
2026-07-03 11:08:48 [WARNING] Illegal FSM transition CLICK_SELECT → STOPPED — ignored
2026-07-03 11:08:48 [WARNING] Illegal FSM transition CLICK_SELECT → STOPPED — ignored
2026-07-03 11:08:48 [WARNING] Illegal FSM transition CLICK_SELECT → STOPPED — ignored
2026-07-03 11:08:48 [WARNING] Illegal FSM transition CLICK_SELECT → STOPPED — ignored
2026-07-03 11:08:48 [WARNING] Illegal FSM transition CLICK_SELECT → STOPPED — ignored
2026-07-03 11:08:48 [WARNING] Illegal FSM transition CLICK_SELECT → STOPPED — ignored
2026-07-03 11:08:48 [WARNING] Illegal FSM transition CLICK_SELECT → STOPPED — ignored
2026-07-03 11:08:48 [WARNING] Illegal FSM transition CLICK_SELECT → STOPPED — ignored
2026-07-03 11:08:48 [WARNING] Illegal FSM transition CLICK_SELECT → STOPPED — ignored
2026-07-03 11:08:48 [WARNING] Illegal FSM transition CLICK_SELECT → STOPPED — ignored
2026-07-03 11:08:49 [WARNING] Illegal FSM transition CLICK_SELECT → STOPPED — ignored
2026-07-03 11:08:49 [WARNING] Illegal FSM transition CLICK_SELECT → STOPPED — ignored
2026-07-03 11:08:49 [WARNING] Illegal FSM transition CLICK_SELECT → STOPPED — ignored
2026-07-03 11:08:49 [WARNING] Illegal FSM transition CLICK_SELECT → STOPPED — ignored
2026-07-03 11:08:49 [WARNING] Illegal FSM transition CLICK_SELECT → STOPPED — ignored
2026-07-03 11:08:49 [WARNING] Illegal FSM transition CLICK_SELECT → STOPPED — ignored
2026-07-03 11:08:49 [WARNING] Illegal FSM transition CLICK_SELECT → STOPPED — ignored
2026-07-03 11:08:49 [WARNING] Illegal FSM transition CLICK_SELECT → STOPPED — ignored
2026-07-03 11:08:49 [WARNING] Illegal FSM transition CLICK_SELECT → STOPPED — ignored
2026-07-03 11:08:49 [WARNING] Illegal FSM transition CLICK_SELECT → STOPPED — ignored
2026-07-03 11:08:50 [WARNING] Illegal FSM transition CLICK_SELECT → STOPPED — ignored
2026-07-03 11:08:50 [WARNING] Illegal FSM transition CLICK_SELECT → STOPPED — ignored
2026-07-03 11:08:50 [WARNING] Illegal FSM transition CLICK_SELECT → STOPPED — ignored
2026-07-03 11:08:50 [WARNING] Illegal FSM transition CLICK_SELECT → STOPPED — ignored
2026-07-03 11:08:50 [WARNING] Illegal FSM transition CLICK_SELECT → STOPPED — ignored
2026-07-03 11:08:50 [WARNING] Illegal FSM transition CLICK_SELECT → STOPPED — ignored
2026-07-03 11:08:50 [WARNING] Illegal FSM transition CLICK_SELECT → STOPPED — ignored
2026-07-03 11:08:50 [WARNING] Illegal FSM transition CLICK_SELECT → STOPPED — ignored
2026-07-03 11:08:50 [WARNING] Illegal FSM transition CLICK_SELECT → STOPPED — ignored
2026-07-03 11:08:50 [WARNING] Illegal FSM transition CLICK_SELECT → STOPPED — ignored
2026-07-03 11:08:51 [WARNING] Illegal FSM transition CLICK_SELECT → STOPPED — ignored
2026-07-03 11:08:51 [WARNING] Illegal FSM transition CLICK_SELECT → STOPPED — ignored
2026-07-03 11:08:51 [WARNING] Illegal FSM transition CLICK_SELECT → STOPPED — ignored
2026-07-03 11:08:51 [WARNING] Illegal FSM transition CLICK_SELECT → STOPPED — ignored
2026-07-03 11:08:51 [WARNING] Illegal FSM transition CLICK_SELECT → STOPPED — ignored
2026-07-03 11:08:51 [WARNING] Illegal FSM transition CLICK_SELECT → STOPPED — ignored
2026-07-03 11:08:51 [WARNING] Illegal FSM transition CLICK_SELECT → STOPPED — ignored
2026-07-03 11:08:51 [WARNING] Illegal FSM transition CLICK_SELECT → STOPPED — ignored
2026-07-03 11:08:51 [WARNING] Illegal FSM transition CLICK_SELECT → STOPPED — ignored
2026-07-03 11:08:51 [WARNING] Illegal FSM transition CLICK_SELECT → STOPPED — ignored
2026-07-03 11:08:52 [WARNING] Illegal FSM transition CLICK_SELECT → STOPPED — ignored
2026-07-03 11:08:52 [WARNING] Illegal FSM transition CLICK_SELECT → STOPPED — ignored
2026-07-03 11:08:52 [WARNING] Illegal FSM transition CLICK_SELECT → STOPPED — ignored
2026-07-03 11:08:52 [WARNING] Illegal FSM transition CLICK_SELECT → STOPPED — ignored
2026-07-03 11:08:52 [WARNING] Illegal FSM transition CLICK_SELECT → STOPPED — ignored
2026-07-03 11:08:52 [WARNING] Illegal FSM transition CLICK_SELECT → STOPPED — ignored
2026-07-03 11:08:52 [WARNING] Illegal FSM transition CLICK_SELECT → STOPPED — ignored
2026-07-03 11:08:52 [WARNING] Illegal FSM transition CLICK_SELECT → STOPPED — ignored
2026-07-03 11:08:52 [WARNING] Illegal FSM transition CLICK_SELECT → STOPPED — ignored
2026-07-03 11:08:52 [WARNING] Illegal FSM transition CLICK_SELECT → STOPPED — ignored
2026-07-03 11:08:53 [WARNING] Illegal FSM transition CLICK_SELECT → STOPPED — ignored
2026-07-03 11:08:53 [WARNING] Illegal FSM transition CLICK_SELECT → STOPPED — ignored
2026-07-03 11:08:53 [WARNING] Illegal FSM transition CLICK_SELECT → STOPPED — ignored
2026-07-03 11:08:53 [WARNING] Illegal FSM transition CLICK_SELECT → STOPPED — ignored
2026-07-03 11:08:53 [WARNING] Illegal FSM transition CLICK_SELECT → STOPPED — ignored
2026-07-03 11:08:53 [WARNING] Illegal FSM transition CLICK_SELECT → STOPPED — ignored
2026-07-03 11:08:53 [WARNING] Illegal FSM transition CLICK_SELECT → STOPPED — ignored
2026-07-03 11:08:53 [WARNING] Illegal FSM transition CLICK_SELECT → STOPPED — ignored
2026-07-03 11:08:53 [WARNING] Illegal FSM transition CLICK_SELECT → STOPPED — ignored
2026-07-03 11:08:53 [WARNING] Illegal FSM transition CLICK_SELECT → STOPPED — ignored
2026-07-03 11:08:54 [WARNING] Illegal FSM transition CLICK_SELECT → STOPPED — ignored
2026-07-03 11:08:54 [WARNING] Illegal FSM transition CLICK_SELECT → STOPPED — ignored
2026-07-03 11:08:54 [WARNING] Illegal FSM transition CLICK_SELECT → STOPPED — ignored
2026-07-03 11:08:54 [WARNING] Illegal FSM transition CLICK_SELECT → STOPPED — ignored
2026-07-03 11:08:54 [WARNING] Illegal FSM transition CLICK_SELECT → STOPPED — ignored
2026-07-03 11:08:54 [WARNING] Illegal FSM transition CLICK_SELECT → STOPPED — ignored
2026-07-03 11:08:54 [WARNING] Illegal FSM transition CLICK_SELECT → STOPPED — ignored
2026-07-03 11:08:54 [WARNING] Illegal FSM transition CLICK_SELECT → STOPPED — ignored
2026-07-03 11:08:54 [WARNING] Illegal FSM transition CLICK_SELECT → STOPPED — ignored
2026-07-03 11:08:54 [WARNING] Illegal FSM transition CLICK_SELECT → STOPPED — ignored
2026-07-03 11:08:55 [WARNING] Illegal FSM transition CLICK_SELECT → STOPPED — ignored
2026-07-03 11:08:55 [WARNING] Illegal FSM transition CLICK_SELECT → STOPPED — ignored
2026-07-03 11:08:55 [WARNING] Illegal FSM transition CLICK_SELECT → STOPPED — ignored
2026-07-03 11:08:55 [WARNING] Illegal FSM transition CLICK_SELECT → STOPPED — ignored
2026-07-03 11:08:55 [WARNING] Illegal FSM transition CLICK_SELECT → STOPPED — ignored
2026-07-03 11:08:55 [WARNING] Illegal FSM transition CLICK_SELECT → STOPPED — ignored
2026-07-03 11:08:55 [WARNING] Illegal FSM transition CLICK_SELECT → STOPPED — ignored
2026-07-03 11:08:55 [WARNING] Illegal FSM transition CLICK_SELECT → STOPPED — ignored
2026-07-03 11:08:55 [WARNING] Illegal FSM transition CLICK_SELECT → STOPPED — ignored
2026-07-03 11:08:55 [WARNING] Illegal FSM transition CLICK_SELECT → STOPPED — ignored
2026-07-03 11:08:56 [WARNING] Illegal FSM transition CLICK_SELECT → STOPPED — ignored
2026-07-03 11:08:56 [WARNING] Illegal FSM transition CLICK_SELECT → STOPPED — ignored
2026-07-03 11:08:56 [WARNING] Illegal FSM transition CLICK_SELECT → STOPPED — ignored
2026-07-03 11:08:56 [WARNING] Illegal FSM transition CLICK_SELECT → STOPPED — ignored
2026-07-03 11:08:56 [WARNING] Illegal FSM transition CLICK_SELECT → STOPPED — ignored
2026-07-03 11:08:56 [WARNING] Illegal FSM transition CLICK_SELECT → STOPPED — ignored
2026-07-03 11:08:56 [WARNING] Illegal FSM transition CLICK_SELECT → STOPPED — ignored
2026-07-03 11:08:56 [WARNING] Illegal FSM transition CLICK_SELECT → STOPPED — ignored
2026-07-03 11:08:56 [WARNING] Illegal FSM transition CLICK_SELECT → STOPPED — ignored
2026-07-03 11:08:56 [WARNING] Illegal FSM transition CLICK_SELECT → STOPPED — ignored
2026-07-03 11:08:57 [WARNING] Illegal FSM transition CLICK_SELECT → STOPPED — ignored
2026-07-03 11:08:57 [WARNING] Illegal FSM transition CLICK_SELECT → STOPPED — ignored
2026-07-03 11:08:57 [WARNING] Illegal FSM transition CLICK_SELECT → STOPPED — ignored
2026-07-03 11:08:57 [WARNING] Illegal FSM transition CLICK_SELECT → STOPPED — ignored
2026-07-03 11:08:57 [INFO] Automation ENABLED (F8)
2026-07-03 11:08:57 [WARNING] Global timeout in CLICK_SELECT
2026-07-03 11:08:57 [INFO] [timeout] state=CLICK_SELECT
2026-07-03 11:08:57 [WARNING] Illegal FSM transition CLICK_SELECT → SCANNING — ignored
2026-07-03 11:08:57 [WARNING] Global timeout in CLICK_SELECT
2026-07-03 11:08:57 [INFO] [timeout] state=CLICK_SELECT
2026-07-03 11:08:57 [WARNING] Illegal FSM transition CLICK_SELECT → SCANNING — ignored
2026-07-03 11:08:57 [WARNING] Global timeout in CLICK_SELECT
2026-07-03 11:08:57 [INFO] [timeout] state=CLICK_SELECT
2026-07-03 11:08:57 [WARNING] Illegal FSM transition CLICK_SELECT → SCANNING — ignored
2026-07-03 11:08:57 [WARNING] Global timeout in CLICK_SELECT
2026-07-03 11:08:57 [INFO] [timeout] state=CLICK_SELECT
2026-07-03 11:08:57 [WARNING] Illegal FSM transition CLICK_SELECT → SCANNING — ignored
2026-07-03 11:08:57 [WARNING] Global timeout in CLICK_SELECT
2026-07-03 11:08:57 [INFO] [timeout] state=CLICK_SELECT
2026-07-03 11:08:57 [WARNING] Illegal FSM transition CLICK_SELECT → SCANNING — ignored
2026-07-03 11:08:57 [WARNING] Global timeout in CLICK_SELECT
2026-07-03 11:08:57 [INFO] [timeout] state=CLICK_SELECT
2026-07-03 11:08:57 [WARNING] Illegal FSM transition CLICK_SELECT → SCANNING — ignored
2026-07-03 11:08:58 [WARNING] Global timeout in CLICK_SELECT
2026-07-03 11:08:58 [INFO] [timeout] state=CLICK_SELECT
2026-07-03 11:08:58 [WARNING] Illegal FSM transition CLICK_SELECT → SCANNING — ignored
2026-07-03 11:08:58 [WARNING] Global timeout in CLICK_SELECT
2026-07-03 11:08:58 [INFO] [timeout] state=CLICK_SELECT
2026-07-03 11:08:58 [WARNING] Illegal FSM transition CLICK_SELECT → SCANNING — ignored
2026-07-03 11:08:58 [WARNING] Global timeout in CLICK_SELECT
2026-07-03 11:08:58 [INFO] [timeout] state=CLICK_SELECT
2026-07-03 11:08:58 [WARNING] Illegal FSM transition CLICK_SELECT → SCANNING — ignored
2026-07-03 11:08:58 [WARNING] Global timeout in CLICK_SELECT
2026-07-03 11:08:58 [INFO] [timeout] state=CLICK_SELECT
2026-07-03 11:08:58 [WARNING] Illegal FSM transition CLICK_SELECT → SCANNING — ignored
2026-07-03 11:08:58 [WARNING] Global timeout in CLICK_SELECT
2026-07-03 11:08:58 [INFO] [timeout] state=CLICK_SELECT
2026-07-03 11:08:58 [WARNING] Illegal FSM transition CLICK_SELECT → SCANNING — ignored
2026-07-03 11:08:58 [WARNING] Global timeout in CLICK_SELECT
2026-07-03 11:08:58 [INFO] [timeout] state=CLICK_SELECT
2026-07-03 11:08:58 [WARNING] Illegal FSM transition CLICK_SELECT → SCANNING — ignored
2026-07-03 11:08:58 [WARNING] Global timeout in CLICK_SELECT
2026-07-03 11:08:58 [INFO] [timeout] state=CLICK_SELECT
2026-07-03 11:08:58 [WARNING] Illegal FSM transition CLICK_SELECT → SCANNING — ignored
2026-07-03 11:08:58 [WARNING] Global timeout in CLICK_SELECT
2026-07-03 11:08:58 [INFO] [timeout] state=CLICK_SELECT
2026-07-03 11:08:58 [WARNING] Illegal FSM transition CLICK_SELECT → SCANNING — ignored
2026-07-03 11:08:58 [WARNING] Global timeout in CLICK_SELECT
2026-07-03 11:08:58 [INFO] [timeout] state=CLICK_SELECT
2026-07-03 11:08:58 [WARNING] Illegal FSM transition CLICK_SELECT → SCANNING — ignored
2026-07-03 11:08:58 [WARNING] Global timeout in CLICK_SELECT
2026-07-03 11:08:58 [INFO] [timeout] state=CLICK_SELECT
2026-07-03 11:08:58 [WARNING] Illegal FSM transition CLICK_SELECT → SCANNING — ignored
2026-07-03 11:08:59 [WARNING] Global timeout in CLICK_SELECT
2026-07-03 11:08:59 [INFO] [timeout] state=CLICK_SELECT
2026-07-03 11:08:59 [WARNING] Illegal FSM transition CLICK_SELECT → SCANNING — ignored
2026-07-03 11:08:59 [WARNING] Global timeout in CLICK_SELECT
2026-07-03 11:08:59 [INFO] [timeout] state=CLICK_SELECT
2026-07-03 11:08:59 [WARNING] Illegal FSM transition CLICK_SELECT → SCANNING — ignored
2026-07-03 11:08:59 [WARNING] Global timeout in CLICK_SELECT
2026-07-03 11:08:59 [INFO] [timeout] state=CLICK_SELECT
2026-07-03 11:08:59 [WARNING] Illegal FSM transition CLICK_SELECT → SCANNING — ignored
2026-07-03 11:08:59 [WARNING] Global timeout in CLICK_SELECT
2026-07-03 11:08:59 [INFO] [timeout] state=CLICK_SELECT
2026-07-03 11:08:59 [WARNING] Illegal FSM transition CLICK_SELECT → SCANNING — ignored
2026-07-03 11:08:59 [WARNING] Global timeout in CLICK_SELECT
2026-07-03 11:08:59 [INFO] [timeout] state=CLICK_SELECT
2026-07-03 11:08:59 [WARNING] Illegal FSM transition CLICK_SELECT → SCANNING — ignored
2026-07-03 11:08:59 [WARNING] Global timeout in CLICK_SELECT
2026-07-03 11:08:59 [INFO] [timeout] state=CLICK_SELECT
2026-07-03 11:08:59 [WARNING] Illegal FSM transition CLICK_SELECT → SCANNING — ignored
2026-07-03 11:08:59 [WARNING] Global timeout in CLICK_SELECT
2026-07-03 11:08:59 [INFO] [timeout] state=CLICK_SELECT
2026-07-03 11:08:59 [WARNING] Illegal FSM transition CLICK_SELECT → SCANNING — ignored
2026-07-03 11:08:59 [WARNING] Global timeout in CLICK_SELECT
2026-07-03 11:08:59 [INFO] [timeout] state=CLICK_SELECT
2026-07-03 11:08:59 [WARNING] Illegal FSM transition CLICK_SELECT → SCANNING — ignored
2026-07-03 11:08:59 [WARNING] Global timeout in CLICK_SELECT
2026-07-03 11:08:59 [INFO] [timeout] state=CLICK_SELECT
2026-07-03 11:08:59 [WARNING] Illegal FSM transition CLICK_SELECT → SCANNING — ignored
2026-07-03 11:08:59 [WARNING] Global timeout in CLICK_SELECT
2026-07-03 11:08:59 [INFO] [timeout] state=CLICK_SELECT
2026-07-03 11:08:59 [WARNING] Illegal FSM transition CLICK_SELECT → SCANNING — ignored
2026-07-03 11:09:00 [WARNING] Global timeout in CLICK_SELECT
2026-07-03 11:09:00 [INFO] [timeout] state=CLICK_SELECT
2026-07-03 11:09:00 [WARNING] Illegal FSM transition CLICK_SELECT → SCANNING — ignored
2026-07-03 11:09:00 [WARNING] Global timeout in CLICK_SELECT
2026-07-03 11:09:00 [INFO] [timeout] state=CLICK_SELECT
2026-07-03 11:09:00 [WARNING] Illegal FSM transition CLICK_SELECT → SCANNING — ignored
2026-07-03 11:09:00 [WARNING] Global timeout in CLICK_SELECT
2026-07-03 11:09:00 [INFO] [timeout] state=CLICK_SELECT
2026-07-03 11:09:00 [WARNING] Illegal FSM transition CLICK_SELECT → SCANNING — ignored
2026-07-03 11:09:00 [WARNING] Global timeout in CLICK_SELECT
2026-07-03 11:09:00 [INFO] [timeout] state=CLICK_SELECT
2026-07-03 11:09:00 [WARNING] Illegal FSM transition CLICK_SELECT → SCANNING — ignored
2026-07-03 11:09:00 [WARNING] Global timeout in CLICK_SELECT
2026-07-03 11:09:00 [INFO] [timeout] state=CLICK_SELECT
2026-07-03 11:09:00 [WARNING] Illegal FSM transition CLICK_SELECT → SCANNING — ignored
2026-07-03 11:09:00 [WARNING] Global timeout in CLICK_SELECT
2026-07-03 11:09:00 [INFO] [timeout] state=CLICK_SELECT
2026-07-03 11:09:00 [WARNING] Illegal FSM transition CLICK_SELECT → SCANNING — ignored
2026-07-03 11:09:00 [WARNING] Global timeout in CLICK_SELECT
2026-07-03 11:09:00 [INFO] [timeout] state=CLICK_SELECT
2026-07-03 11:09:00 [WARNING] Illegal FSM transition CLICK_SELECT → SCANNING — ignored
2026-07-03 11:09:00 [WARNING] Global timeout in CLICK_SELECT
2026-07-03 11:09:00 [INFO] [timeout] state=CLICK_SELECT
2026-07-03 11:09:00 [WARNING] Illegal FSM transition CLICK_SELECT → SCANNING — ignored
2026-07-03 11:09:00 [WARNING] Global timeout in CLICK_SELECT
2026-07-03 11:09:00 [INFO] [timeout] state=CLICK_SELECT
2026-07-03 11:09:00 [WARNING] Illegal FSM transition CLICK_SELECT → SCANNING — ignored
2026-07-03 11:09:01 [WARNING] Global timeout in CLICK_SELECT
2026-07-03 11:09:01 [INFO] [timeout] state=CLICK_SELECT
2026-07-03 11:09:01 [WARNING] Illegal FSM transition CLICK_SELECT → SCANNING — ignored
2026-07-03 11:09:01 [WARNING] Global timeout in CLICK_SELECT
2026-07-03 11:09:01 [INFO] [timeout] state=CLICK_SELECT
2026-07-03 11:09:01 [WARNING] Illegal FSM transition CLICK_SELECT → SCANNING — ignored
2026-07-03 11:09:01 [WARNING] Global timeout in CLICK_SELECT
2026-07-03 11:09:01 [INFO] [timeout] state=CLICK_SELECT
2026-07-03 11:09:01 [WARNING] Illegal FSM transition CLICK_SELECT → SCANNING — ignored
2026-07-03 11:09:01 [WARNING] Global timeout in CLICK_SELECT
2026-07-03 11:09:01 [INFO] [timeout] state=CLICK_SELECT
2026-07-03 11:09:01 [WARNING] Illegal FSM transition CLICK_SELECT → SCANNING — ignored
2026-07-03 11:09:01 [WARNING] Global timeout in CLICK_SELECT
2026-07-03 11:09:01 [INFO] [timeout] state=CLICK_SELECT
2026-07-03 11:09:01 [WARNING] Illegal FSM transition CLICK_SELECT → SCANNING — ignored
2026-07-03 11:09:01 [WARNING] Global timeout in CLICK_SELECT
2026-07-03 11:09:01 [INFO] [timeout] state=CLICK_SELECT
2026-07-03 11:09:01 [WARNING] Illegal FSM transition CLICK_SELECT → SCANNING — ignored
2026-07-03 11:09:01 [WARNING] Global timeout in CLICK_SELECT
2026-07-03 11:09:01 [INFO] [timeout] state=CLICK_SELECT
2026-07-03 11:09:01 [WARNING] Illegal FSM transition CLICK_SELECT → SCANNING — ignored
2026-07-03 11:09:01 [WARNING] Global timeout in CLICK_SELECT
2026-07-03 11:09:01 [INFO] [timeout] state=CLICK_SELECT
2026-07-03 11:09:01 [WARNING] Illegal FSM transition CLICK_SELECT → SCANNING — ignored
2026-07-03 11:09:01 [WARNING] Global timeout in CLICK_SELECT
2026-07-03 11:09:01 [INFO] [timeout] state=CLICK_SELECT
2026-07-03 11:09:01 [WARNING] Illegal FSM transition CLICK_SELECT → SCANNING — ignored
2026-07-03 11:09:01 [WARNING] Global timeout in CLICK_SELECT
2026-07-03 11:09:01 [INFO] [timeout] state=CLICK_SELECT
2026-07-03 11:09:01 [WARNING] Illegal FSM transition CLICK_SELECT → SCANNING — ignored
2026-07-03 11:09:02 [WARNING] Global timeout in CLICK_SELECT
2026-07-03 11:09:02 [INFO] [timeout] state=CLICK_SELECT
2026-07-03 11:09:02 [WARNING] Illegal FSM transition CLICK_SELECT → SCANNING — ignored
2026-07-03 11:09:02 [WARNING] Global timeout in CLICK_SELECT
2026-07-03 11:09:02 [INFO] [timeout] state=CLICK_SELECT
2026-07-03 11:09:02 [WARNING] Illegal FSM transition CLICK_SELECT → SCANNING — ignored
2026-07-03 11:09:02 [WARNING] Global timeout in CLICK_SELECT
2026-07-03 11:09:02 [INFO] [timeout] state=CLICK_SELECT
2026-07-03 11:09:02 [WARNING] Illegal FSM transition CLICK_SELECT → SCANNING — ignored
2026-07-03 11:09:02 [WARNING] Global timeout in CLICK_SELECT
2026-07-03 11:09:02 [INFO] [timeout] state=CLICK_SELECT
2026-07-03 11:09:02 [WARNING] Illegal FSM transition CLICK_SELECT → SCANNING — ignored
2026-07-03 11:09:02 [WARNING] Global timeout in CLICK_SELECT
2026-07-03 11:09:02 [INFO] [timeout] state=CLICK_SELECT
2026-07-03 11:09:02 [WARNING] Illegal FSM transition CLICK_SELECT → SCANNING — ignored
2026-07-03 11:09:02 [WARNING] Global timeout in CLICK_SELECT
2026-07-03 11:09:02 [INFO] [timeout] state=CLICK_SELECT
2026-07-03 11:09:02 [WARNING] Illegal FSM transition CLICK_SELECT → SCANNING — ignored
2026-07-03 11:09:02 [WARNING] Global timeout in CLICK_SELECT
2026-07-03 11:09:02 [INFO] [timeout] state=CLICK_SELECT
2026-07-03 11:09:02 [WARNING] Illegal FSM transition CLICK_SELECT → SCANNING — ignored
2026-07-03 11:09:02 [WARNING] Global timeout in CLICK_SELECT
2026-07-03 11:09:02 [INFO] [timeout] state=CLICK_SELECT
2026-07-03 11:09:02 [WARNING] Illegal FSM transition CLICK_SELECT → SCANNING — ignored
2026-07-03 11:09:02 [WARNING] Global timeout in CLICK_SELECT
2026-07-03 11:09:02 [INFO] [timeout] state=CLICK_SELECT
2026-07-03 11:09:02 [WARNING] Illegal FSM transition CLICK_SELECT → SCANNING — ignored
2026-07-03 11:09:02 [WARNING] Global timeout in CLICK_SELECT
2026-07-03 11:09:02 [INFO] [timeout] state=CLICK_SELECT
2026-07-03 11:09:02 [WARNING] Illegal FSM transition CLICK_SELECT → SCANNING — ignored
2026-07-03 11:09:03 [WARNING] Global timeout in CLICK_SELECT
2026-07-03 11:09:03 [INFO] [timeout] state=CLICK_SELECT
2026-07-03 11:09:03 [WARNING] Illegal FSM transition CLICK_SELECT → SCANNING — ignored
2026-07-03 11:09:03 [WARNING] Global timeout in CLICK_SELECT
2026-07-03 11:09:03 [INFO] [timeout] state=CLICK_SELECT
2026-07-03 11:09:03 [WARNING] Illegal FSM transition CLICK_SELECT → SCANNING — ignored
2026-07-03 11:09:03 [WARNING] Global timeout in CLICK_SELECT
2026-07-03 11:09:03 [INFO] [timeout] state=CLICK_SELECT
2026-07-03 11:09:03 [WARNING] Illegal FSM transition CLICK_SELECT → SCANNING — ignored
2026-07-03 11:09:03 [WARNING] Global timeout in CLICK_SELECT
2026-07-03 11:09:03 [INFO] [timeout] state=CLICK_SELECT
2026-07-03 11:09:03 [WARNING] Illegal FSM transition CLICK_SELECT → SCANNING — ignored
2026-07-03 11:09:03 [WARNING] Global timeout in CLICK_SELECT
2026-07-03 11:09:03 [INFO] [timeout] state=CLICK_SELECT
2026-07-03 11:09:03 [WARNING] Illegal FSM transition CLICK_SELECT → SCANNING — ignored
2026-07-03 11:09:03 [WARNING] Global timeout in CLICK_SELECT
2026-07-03 11:09:03 [INFO] [timeout] state=CLICK_SELECT
2026-07-03 11:09:03 [WARNING] Illegal FSM transition CLICK_SELECT → SCANNING — ignored
2026-07-03 11:09:03 [WARNING] Global timeout in CLICK_SELECT
2026-07-03 11:09:03 [INFO] [timeout] state=CLICK_SELECT
2026-07-03 11:09:03 [WARNING] Illegal FSM transition CLICK_SELECT → SCANNING — ignored
2026-07-03 11:09:03 [WARNING] Global timeout in CLICK_SELECT
2026-07-03 11:09:03 [INFO] [timeout] state=CLICK_SELECT
2026-07-03 11:09:03 [WARNING] Illegal FSM transition CLICK_SELECT → SCANNING — ignored
2026-07-03 11:09:03 [WARNING] Global timeout in CLICK_SELECT
2026-07-03 11:09:03 [INFO] [timeout] state=CLICK_SELECT
2026-07-03 11:09:03 [WARNING] Illegal FSM transition CLICK_SELECT → SCANNING — ignored
2026-07-03 11:09:03 [WARNING] Global timeout in CLICK_SELECT
2026-07-03 11:09:03 [INFO] [timeout] state=CLICK_SELECT
2026-07-03 11:09:03 [WARNING] Illegal FSM transition CLICK_SELECT → SCANNING — ignored
2026-07-03 11:09:04 [WARNING] Global timeout in CLICK_SELECT
2026-07-03 11:09:04 [INFO] [timeout] state=CLICK_SELECT
2026-07-03 11:09:04 [WARNING] Illegal FSM transition CLICK_SELECT → SCANNING — ignored
2026-07-03 11:09:04 [WARNING] Global timeout in CLICK_SELECT
2026-07-03 11:09:04 [INFO] [timeout] state=CLICK_SELECT
2026-07-03 11:09:04 [WARNING] Illegal FSM transition CLICK_SELECT → SCANNING — ignored
2026-07-03 11:09:04 [WARNING] Global timeout in CLICK_SELECT
2026-07-03 11:09:04 [INFO] [timeout] state=CLICK_SELECT
2026-07-03 11:09:04 [WARNING] Illegal FSM transition CLICK_SELECT → SCANNING — ignored
2026-07-03 11:09:04 [WARNING] Global timeout in CLICK_SELECT
2026-07-03 11:09:04 [INFO] [timeout] state=CLICK_SELECT
2026-07-03 11:09:04 [WARNING] Illegal FSM transition CLICK_SELECT → SCANNING — ignored
2026-07-03 11:09:04 [WARNING] Global timeout in CLICK_SELECT
2026-07-03 11:09:04 [INFO] [timeout] state=CLICK_SELECT
2026-07-03 11:09:04 [WARNING] Illegal FSM transition CLICK_SELECT → SCANNING — ignored
2026-07-03 11:09:04 [WARNING] Global timeout in CLICK_SELECT
2026-07-03 11:09:04 [INFO] [timeout] state=CLICK_SELECT
2026-07-03 11:09:04 [WARNING] Illegal FSM transition CLICK_SELECT → SCANNING — ignored
2026-07-03 11:09:04 [WARNING] Global timeout in CLICK_SELECT
2026-07-03 11:09:04 [INFO] [timeout] state=CLICK_SELECT
2026-07-03 11:09:04 [WARNING] Illegal FSM transition CLICK_SELECT → SCANNING — ignored
2026-07-03 11:09:04 [WARNING] Global timeout in CLICK_SELECT
2026-07-03 11:09:04 [INFO] [timeout] state=CLICK_SELECT
2026-07-03 11:09:04 [WARNING] Illegal FSM transition CLICK_SELECT → SCANNING — ignored
2026-07-03 11:09:04 [WARNING] Global timeout in CLICK_SELECT
2026-07-03 11:09:04 [INFO] [timeout] state=CLICK_SELECT
2026-07-03 11:09:04 [WARNING] Illegal FSM transition CLICK_SELECT → SCANNING — ignored
2026-07-03 11:09:04 [WARNING] Global timeout in CLICK_SELECT
2026-07-03 11:09:04 [INFO] [timeout] state=CLICK_SELECT
2026-07-03 11:09:04 [WARNING] Illegal FSM transition CLICK_SELECT → SCANNING — ignored
2026-07-03 11:09:05 [WARNING] Global timeout in CLICK_SELECT
2026-07-03 11:09:05 [INFO] [timeout] state=CLICK_SELECT
2026-07-03 11:09:05 [WARNING] Illegal FSM transition CLICK_SELECT → SCANNING — ignored
2026-07-03 11:09:05 [WARNING] Global timeout in CLICK_SELECT
2026-07-03 11:09:05 [INFO] [timeout] state=CLICK_SELECT
2026-07-03 11:09:05 [WARNING] Illegal FSM transition CLICK_SELECT → SCANNING — ignored
2026-07-03 11:09:05 [WARNING] Global timeout in CLICK_SELECT
2026-07-03 11:09:05 [INFO] [timeout] state=CLICK_SELECT
2026-07-03 11:09:05 [WARNING] Illegal FSM transition CLICK_SELECT → SCANNING — ignored
2026-07-03 11:09:05 [WARNING] Global timeout in CLICK_SELECT
2026-07-03 11:09:05 [INFO] [timeout] state=CLICK_SELECT
2026-07-03 11:09:05 [WARNING] Illegal FSM transition CLICK_SELECT → SCANNING — ignored
2026-07-03 11:09:05 [WARNING] Global timeout in CLICK_SELECT
2026-07-03 11:09:05 [INFO] [timeout] state=CLICK_SELECT
2026-07-03 11:09:05 [WARNING] Illegal FSM transition CLICK_SELECT → SCANNING — ignored
2026-07-03 11:09:05 [WARNING] Global timeout in CLICK_SELECT
2026-07-03 11:09:05 [INFO] [timeout] state=CLICK_SELECT
2026-07-03 11:09:05 [WARNING] Illegal FSM transition CLICK_SELECT → SCANNING — ignored
2026-07-03 11:09:05 [WARNING] Global timeout in CLICK_SELECT
2026-07-03 11:09:05 [INFO] [timeout] state=CLICK_SELECT
2026-07-03 11:09:05 [WARNING] Illegal FSM transition CLICK_SELECT → SCANNING — ignored
2026-07-03 11:09:05 [WARNING] Global timeout in CLICK_SELECT
2026-07-03 11:09:05 [INFO] [timeout] state=CLICK_SELECT
2026-07-03 11:09:05 [WARNING] Illegal FSM transition CLICK_SELECT → SCANNING — ignored
2026-07-03 11:09:05 [WARNING] Global timeout in CLICK_SELECT
2026-07-03 11:09:05 [INFO] [timeout] state=CLICK_SELECT
2026-07-03 11:09:05 [WARNING] Illegal FSM transition CLICK_SELECT → SCANNING — ignored
2026-07-03 11:09:05 [WARNING] Global timeout in CLICK_SELECT
2026-07-03 11:09:05 [INFO] [timeout] state=CLICK_SELECT
2026-07-03 11:09:05 [WARNING] Illegal FSM transition CLICK_SELECT → SCANNING — ignored
2026-07-03 11:09:06 [WARNING] Global timeout in CLICK_SELECT
2026-07-03 11:09:06 [INFO] [timeout] state=CLICK_SELECT
2026-07-03 11:09:06 [WARNING] Illegal FSM transition CLICK_SELECT → SCANNING — ignored
2026-07-03 11:09:06 [WARNING] Global timeout in CLICK_SELECT
2026-07-03 11:09:06 [INFO] [timeout] state=CLICK_SELECT
2026-07-03 11:09:06 [WARNING] Illegal FSM transition CLICK_SELECT → SCANNING — ignored
2026-07-03 11:09:06 [WARNING] Global timeout in CLICK_SELECT
2026-07-03 11:09:06 [INFO] [timeout] state=CLICK_SELECT
2026-07-03 11:09:06 [WARNING] Illegal FSM transition CLICK_SELECT → SCANNING — ignored
2026-07-03 11:09:06 [WARNING] Global timeout in CLICK_SELECT
2026-07-03 11:09:06 [INFO] [timeout] state=CLICK_SELECT
2026-07-03 11:09:06 [WARNING] Illegal FSM transition CLICK_SELECT → SCANNING — ignored
2026-07-03 11:09:06 [WARNING] Global timeout in CLICK_SELECT
2026-07-03 11:09:06 [INFO] [timeout] state=CLICK_SELECT
2026-07-03 11:09:06 [WARNING] Illegal FSM transition CLICK_SELECT → SCANNING — ignored
2026-07-03 11:09:06 [WARNING] Global timeout in CLICK_SELECT
2026-07-03 11:09:06 [INFO] [timeout] state=CLICK_SELECT
2026-07-03 11:09:06 [WARNING] Illegal FSM transition CLICK_SELECT → SCANNING — ignored
2026-07-03 11:09:06 [WARNING] Global timeout in CLICK_SELECT
2026-07-03 11:09:06 [INFO] [timeout] state=CLICK_SELECT
2026-07-03 11:09:06 [WARNING] Illegal FSM transition CLICK_SELECT → SCANNING — ignored
2026-07-03 11:09:06 [WARNING] Global timeout in CLICK_SELECT
2026-07-03 11:09:06 [INFO] [timeout] state=CLICK_SELECT
2026-07-03 11:09:06 [WARNING] Illegal FSM transition CLICK_SELECT → SCANNING — ignored
2026-07-03 11:09:06 [WARNING] Global timeout in CLICK_SELECT
2026-07-03 11:09:06 [INFO] [timeout] state=CLICK_SELECT
2026-07-03 11:09:06 [WARNING] Illegal FSM transition CLICK_SELECT → SCANNING — ignored
2026-07-03 11:09:06 [WARNING] Global timeout in CLICK_SELECT
2026-07-03 11:09:06 [INFO] [timeout] state=CLICK_SELECT
2026-07-03 11:09:06 [WARNING] Illegal FSM transition CLICK_SELECT → SCANNING — ignored
2026-07-03 11:09:07 [WARNING] Global timeout in CLICK_SELECT
2026-07-03 11:09:07 [INFO] [timeout] state=CLICK_SELECT
2026-07-03 11:09:07 [WARNING] Illegal FSM transition CLICK_SELECT → SCANNING — ignored
2026-07-03 11:09:07 [WARNING] Global timeout in CLICK_SELECT
2026-07-03 11:09:07 [INFO] [timeout] state=CLICK_SELECT
2026-07-03 11:09:07 [WARNING] Illegal FSM transition CLICK_SELECT → SCANNING — ignored
2026-07-03 11:09:07 [WARNING] Global timeout in CLICK_SELECT
2026-07-03 11:09:07 [INFO] [timeout] state=CLICK_SELECT
2026-07-03 11:09:07 [WARNING] Illegal FSM transition CLICK_SELECT → SCANNING — ignored
2026-07-03 11:09:07 [WARNING] Global timeout in CLICK_SELECT
2026-07-03 11:09:07 [INFO] [timeout] state=CLICK_SELECT
2026-07-03 11:09:07 [WARNING] Illegal FSM transition CLICK_SELECT → SCANNING — ignored
2026-07-03 11:09:07 [WARNING] Global timeout in CLICK_SELECT
2026-07-03 11:09:07 [INFO] [timeout] state=CLICK_SELECT
2026-07-03 11:09:07 [WARNING] Illegal FSM transition CLICK_SELECT → SCANNING — ignored
2026-07-03 11:09:07 [WARNING] Global timeout in CLICK_SELECT
2026-07-03 11:09:07 [INFO] [timeout] state=CLICK_SELECT
2026-07-03 11:09:07 [WARNING] Illegal FSM transition CLICK_SELECT → SCANNING — ignored
2026-07-03 11:09:07 [WARNING] Global timeout in CLICK_SELECT
2026-07-03 11:09:07 [INFO] [timeout] state=CLICK_SELECT
2026-07-03 11:09:07 [WARNING] Illegal FSM transition CLICK_SELECT → SCANNING — ignored
2026-07-03 11:09:07 [WARNING] Global timeout in CLICK_SELECT
2026-07-03 11:09:07 [INFO] [timeout] state=CLICK_SELECT
2026-07-03 11:09:07 [WARNING] Illegal FSM transition CLICK_SELECT → SCANNING — ignored
2026-07-03 11:09:07 [WARNING] Global timeout in CLICK_SELECT
2026-07-03 11:09:07 [INFO] [timeout] state=CLICK_SELECT
2026-07-03 11:09:07 [WARNING] Illegal FSM transition CLICK_SELECT → SCANNING — ignored
2026-07-03 11:09:07 [WARNING] Global timeout in CLICK_SELECT
2026-07-03 11:09:07 [INFO] [timeout] state=CLICK_SELECT
2026-07-03 11:09:07 [WARNING] Illegal FSM transition CLICK_SELECT → SCANNING — ignored
2026-07-03 11:09:08 [WARNING] Global timeout in CLICK_SELECT
2026-07-03 11:09:08 [INFO] [timeout] state=CLICK_SELECT
2026-07-03 11:09:08 [WARNING] Illegal FSM transition CLICK_SELECT → SCANNING — ignored
2026-07-03 11:09:08 [WARNING] Global timeout in CLICK_SELECT
2026-07-03 11:09:08 [INFO] [timeout] state=CLICK_SELECT
2026-07-03 11:09:08 [WARNING] Illegal FSM transition CLICK_SELECT → SCANNING — ignored
2026-07-03 11:09:08 [WARNING] Global timeout in CLICK_SELECT
2026-07-03 11:09:08 [INFO] [timeout] state=CLICK_SELECT
2026-07-03 11:09:08 [WARNING] Illegal FSM transition CLICK_SELECT → SCANNING — ignored
2026-07-03 11:09:08 [WARNING] Global timeout in CLICK_SELECT
2026-07-03 11:09:08 [INFO] [timeout] state=CLICK_SELECT
2026-07-03 11:09:08 [WARNING] Illegal FSM transition CLICK_SELECT → SCANNING — ignored
2026-07-03 11:09:08 [WARNING] Global timeout in CLICK_SELECT
2026-07-03 11:09:08 [INFO] [timeout] state=CLICK_SELECT
2026-07-03 11:09:08 [WARNING] Illegal FSM transition CLICK_SELECT → SCANNING — ignored
2026-07-03 11:09:08 [WARNING] Global timeout in CLICK_SELECT
2026-07-03 11:09:08 [INFO] [timeout] state=CLICK_SELECT
2026-07-03 11:09:08 [WARNING] Illegal FSM transition CLICK_SELECT → SCANNING — ignored
2026-07-03 11:09:08 [WARNING] Global timeout in CLICK_SELECT
2026-07-03 11:09:08 [INFO] [timeout] state=CLICK_SELECT
2026-07-03 11:09:08 [WARNING] Illegal FSM transition CLICK_SELECT → SCANNING — ignored
2026-07-03 11:09:08 [WARNING] Global timeout in CLICK_SELECT
2026-07-03 11:09:08 [INFO] [timeout] state=CLICK_SELECT
2026-07-03 11:09:08 [WARNING] Illegal FSM transition CLICK_SELECT → SCANNING — ignored
2026-07-03 11:09:08 [WARNING] Global timeout in CLICK_SELECT
2026-07-03 11:09:08 [INFO] [timeout] state=CLICK_SELECT
2026-07-03 11:09:08 [WARNING] Illegal FSM transition CLICK_SELECT → SCANNING — ignored
2026-07-03 11:09:08 [WARNING] Global timeout in CLICK_SELECT
2026-07-03 11:09:08 [INFO] [timeout] state=CLICK_SELECT
2026-07-03 11:09:08 [WARNING] Illegal FSM transition CLICK_SELECT → SCANNING — ignored
2026-07-03 11:09:09 [WARNING] Global timeout in CLICK_SELECT
2026-07-03 11:09:09 [INFO] [timeout] state=CLICK_SELECT
2026-07-03 11:09:09 [WARNING] Illegal FSM transition CLICK_SELECT → SCANNING — ignored
2026-07-03 11:09:09 [WARNING] Global timeout in CLICK_SELECT
2026-07-03 11:09:09 [INFO] [timeout] state=CLICK_SELECT
2026-07-03 11:09:09 [WARNING] Illegal FSM transition CLICK_SELECT → SCANNING — ignored
2026-07-03 11:09:09 [WARNING] Global timeout in CLICK_SELECT
2026-07-03 11:09:09 [INFO] [timeout] state=CLICK_SELECT
2026-07-03 11:09:09 [WARNING] Illegal FSM transition CLICK_SELECT → SCANNING — ignored
2026-07-03 11:09:09 [WARNING] Global timeout in CLICK_SELECT
2026-07-03 11:09:09 [INFO] [timeout] state=CLICK_SELECT
2026-07-03 11:09:09 [WARNING] Illegal FSM transition CLICK_SELECT → SCANNING — ignored
2026-07-03 11:09:09 [WARNING] Global timeout in CLICK_SELECT
2026-07-03 11:09:09 [INFO] [timeout] state=CLICK_SELECT
2026-07-03 11:09:09 [WARNING] Illegal FSM transition CLICK_SELECT → SCANNING — ignored
2026-07-03 11:09:09 [WARNING] Global timeout in CLICK_SELECT
2026-07-03 11:09:09 [INFO] [timeout] state=CLICK_SELECT
2026-07-03 11:09:09 [WARNING] Illegal FSM transition CLICK_SELECT → SCANNING — ignored
2026-07-03 11:09:09 [WARNING] Global timeout in CLICK_SELECT
2026-07-03 11:09:09 [INFO] [timeout] state=CLICK_SELECT
2026-07-03 11:09:09 [WARNING] Illegal FSM transition CLICK_SELECT → SCANNING — ignored
2026-07-03 11:09:09 [WARNING] Global timeout in CLICK_SELECT
2026-07-03 11:09:09 [INFO] [timeout] state=CLICK_SELECT
2026-07-03 11:09:09 [WARNING] Illegal FSM transition CLICK_SELECT → SCANNING — ignored
2026-07-03 11:09:09 [WARNING] Global timeout in CLICK_SELECT
2026-07-03 11:09:09 [INFO] [timeout] state=CLICK_SELECT
2026-07-03 11:09:09 [WARNING] Illegal FSM transition CLICK_SELECT → SCANNING — ignored
2026-07-03 11:09:09 [WARNING] Global timeout in CLICK_SELECT
2026-07-03 11:09:09 [INFO] [timeout] state=CLICK_SELECT
2026-07-03 11:09:09 [WARNING] Illegal FSM transition CLICK_SELECT → SCANNING — ignored
2026-07-03 11:09:10 [WARNING] Global timeout in CLICK_SELECT
2026-07-03 11:09:10 [INFO] [timeout] state=CLICK_SELECT
2026-07-03 11:09:10 [WARNING] Illegal FSM transition CLICK_SELECT → SCANNING — ignored
2026-07-03 11:09:10 [WARNING] Global timeout in CLICK_SELECT
2026-07-03 11:09:10 [INFO] [timeout] state=CLICK_SELECT
2026-07-03 11:09:10 [WARNING] Illegal FSM transition CLICK_SELECT → SCANNING — ignored
2026-07-03 11:09:10 [WARNING] Global timeout in CLICK_SELECT
2026-07-03 11:09:10 [INFO] [timeout] state=CLICK_SELECT
2026-07-03 11:09:10 [WARNING] Illegal FSM transition CLICK_SELECT → SCANNING — ignored
2026-07-03 11:09:10 [WARNING] Global timeout in CLICK_SELECT
2026-07-03 11:09:10 [INFO] [timeout] state=CLICK_SELECT
2026-07-03 11:09:10 [WARNING] Illegal FSM transition CLICK_SELECT → SCANNING — ignored
2026-07-03 11:09:10 [WARNING] Global timeout in CLICK_SELECT
2026-07-03 11:09:10 [INFO] [timeout] state=CLICK_SELECT
2026-07-03 11:09:10 [WARNING] Illegal FSM transition CLICK_SELECT → SCANNING — ignored
2026-07-03 11:09:10 [WARNING] Global timeout in CLICK_SELECT
2026-07-03 11:09:10 [INFO] [timeout] state=CLICK_SELECT
2026-07-03 11:09:10 [WARNING] Illegal FSM transition CLICK_SELECT → SCANNING — ignored
2026-07-03 11:09:10 [WARNING] Global timeout in CLICK_SELECT
2026-07-03 11:09:10 [INFO] [timeout] state=CLICK_SELECT
2026-07-03 11:09:10 [WARNING] Illegal FSM transition CLICK_SELECT → SCANNING — ignored
2026-07-03 11:09:10 [WARNING] Global timeout in CLICK_SELECT
2026-07-03 11:09:10 [INFO] [timeout] state=CLICK_SELECT
2026-07-03 11:09:10 [WARNING] Illegal FSM transition CLICK_SELECT → SCANNING — ignored
2026-07-03 11:09:10 [WARNING] Global timeout in CLICK_SELECT
2026-07-03 11:09:10 [INFO] [timeout] state=CLICK_SELECT
2026-07-03 11:09:10 [WARNING] Illegal FSM transition CLICK_SELECT → SCANNING — ignored
2026-07-03 11:09:10 [WARNING] Global timeout in CLICK_SELECT
2026-07-03 11:09:10 [INFO] [timeout] state=CLICK_SELECT
2026-07-03 11:09:10 [WARNING] Illegal FSM transition CLICK_SELECT → SCANNING — ignored
2026-07-03 11:09:11 [WARNING] Global timeout in CLICK_SELECT
2026-07-03 11:09:11 [INFO] [timeout] state=CLICK_SELECT
2026-07-03 11:09:11 [WARNING] Illegal FSM transition CLICK_SELECT → SCANNING — ignored
2026-07-03 11:09:11 [WARNING] Global timeout in CLICK_SELECT
2026-07-03 11:09:11 [INFO] [timeout] state=CLICK_SELECT
2026-07-03 11:09:11 [WARNING] Illegal FSM transition CLICK_SELECT → SCANNING — ignored
2026-07-03 11:09:11 [WARNING] Global timeout in CLICK_SELECT
2026-07-03 11:09:11 [INFO] [timeout] state=CLICK_SELECT
2026-07-03 11:09:11 [WARNING] Illegal FSM transition CLICK_SELECT → SCANNING — ignored
2026-07-03 11:09:11 [WARNING] Global timeout in CLICK_SELECT
2026-07-03 11:09:11 [INFO] [timeout] state=CLICK_SELECT
2026-07-03 11:09:11 [WARNING] Illegal FSM transition CLICK_SELECT → SCANNING — ignored
2026-07-03 11:09:11 [WARNING] Global timeout in CLICK_SELECT
2026-07-03 11:09:11 [INFO] [timeout] state=CLICK_SELECT
2026-07-03 11:09:11 [WARNING] Illegal FSM transition CLICK_SELECT → SCANNING — ignored
2026-07-03 11:09:11 [WARNING] Global timeout in CLICK_SELECT
2026-07-03 11:09:11 [INFO] [timeout] state=CLICK_SELECT
2026-07-03 11:09:11 [WARNING] Illegal FSM transition CLICK_SELECT → SCANNING — ignored
2026-07-03 11:09:11 [WARNING] Global timeout in CLICK_SELECT
2026-07-03 11:09:11 [INFO] [timeout] state=CLICK_SELECT
2026-07-03 11:09:11 [WARNING] Illegal FSM transition CLICK_SELECT → SCANNING — ignored
2026-07-03 11:09:11 [WARNING] Global timeout in CLICK_SELECT
2026-07-03 11:09:11 [INFO] [timeout] state=CLICK_SELECT
2026-07-03 11:09:11 [WARNING] Illegal FSM transition CLICK_SELECT → SCANNING — ignored
2026-07-03 11:09:11 [WARNING] Global timeout in CLICK_SELECT
2026-07-03 11:09:11 [INFO] [timeout] state=CLICK_SELECT
2026-07-03 11:09:11 [WARNING] Illegal FSM transition CLICK_SELECT → SCANNING — ignored
2026-07-03 11:09:11 [WARNING] Global timeout in CLICK_SELECT
2026-07-03 11:09:11 [INFO] [timeout] state=CLICK_SELECT
2026-07-03 11:09:11 [WARNING] Illegal FSM transition CLICK_SELECT → SCANNING — ignored
2026-07-03 11:09:12 [WARNING] Global timeout in CLICK_SELECT
2026-07-03 11:09:12 [INFO] [timeout] state=CLICK_SELECT
2026-07-03 11:09:12 [WARNING] Illegal FSM transition CLICK_SELECT → SCANNING — ignored
2026-07-03 11:09:12 [WARNING] Global timeout in CLICK_SELECT
2026-07-03 11:09:12 [INFO] [timeout] state=CLICK_SELECT
2026-07-03 11:09:12 [WARNING] Illegal FSM transition CLICK_SELECT → SCANNING — ignored
2026-07-03 11:09:12 [WARNING] Global timeout in CLICK_SELECT
2026-07-03 11:09:12 [INFO] [timeout] state=CLICK_SELECT
2026-07-03 11:09:12 [WARNING] Illegal FSM transition CLICK_SELECT → SCANNING — ignored
2026-07-03 11:09:12 [WARNING] Global timeout in CLICK_SELECT
2026-07-03 11:09:12 [INFO] [timeout] state=CLICK_SELECT
2026-07-03 11:09:12 [WARNING] Illegal FSM transition CLICK_SELECT → SCANNING — ignored
2026-07-03 11:09:12 [WARNING] Global timeout in CLICK_SELECT
2026-07-03 11:09:12 [INFO] [timeout] state=CLICK_SELECT
2026-07-03 11:09:12 [WARNING] Illegal FSM transition CLICK_SELECT → SCANNING — ignored
2026-07-03 11:09:12 [WARNING] Global timeout in CLICK_SELECT
2026-07-03 11:09:12 [INFO] [timeout] state=CLICK_SELECT
2026-07-03 11:09:12 [WARNING] Illegal FSM transition CLICK_SELECT → SCANNING — ignored
2026-07-03 11:09:12 [WARNING] Global timeout in CLICK_SELECT
2026-07-03 11:09:12 [INFO] [timeout] state=CLICK_SELECT
2026-07-03 11:09:12 [WARNING] Illegal FSM transition CLICK_SELECT → SCANNING — ignored
2026-07-03 11:09:12 [WARNING] Global timeout in CLICK_SELECT
2026-07-03 11:09:12 [INFO] [timeout] state=CLICK_SELECT
2026-07-03 11:09:12 [WARNING] Illegal FSM transition CLICK_SELECT → SCANNING — ignored
2026-07-03 11:09:12 [WARNING] Global timeout in CLICK_SELECT
2026-07-03 11:09:12 [INFO] [timeout] state=CLICK_SELECT
2026-07-03 11:09:12 [WARNING] Illegal FSM transition CLICK_SELECT → SCANNING — ignored
2026-07-03 11:09:12 [WARNING] Global timeout in CLICK_SELECT
2026-07-03 11:09:12 [INFO] [timeout] state=CLICK_SELECT
2026-07-03 11:09:12 [WARNING] Illegal FSM transition CLICK_SELECT → SCANNING — ignored
2026-07-03 11:09:13 [WARNING] Global timeout in CLICK_SELECT
2026-07-03 11:09:13 [INFO] [timeout] state=CLICK_SELECT
2026-07-03 11:09:13 [WARNING] Illegal FSM transition CLICK_SELECT → SCANNING — ignored
2026-07-03 11:09:13 [WARNING] Global timeout in CLICK_SELECT
2026-07-03 11:09:13 [INFO] [timeout] state=CLICK_SELECT
2026-07-03 11:09:13 [WARNING] Illegal FSM transition CLICK_SELECT → SCANNING — ignored
2026-07-03 11:09:13 [WARNING] Global timeout in CLICK_SELECT
2026-07-03 11:09:13 [INFO] [timeout] state=CLICK_SELECT
2026-07-03 11:09:13 [WARNING] Illegal FSM transition CLICK_SELECT → SCANNING — ignored
2026-07-03 11:09:13 [WARNING] Global timeout in CLICK_SELECT
2026-07-03 11:09:13 [INFO] [timeout] state=CLICK_SELECT
2026-07-03 11:09:13 [WARNING] Illegal FSM transition CLICK_SELECT → SCANNING — ignored
2026-07-03 11:09:13 [WARNING] Global timeout in CLICK_SELECT
2026-07-03 11:09:13 [INFO] [timeout] state=CLICK_SELECT
2026-07-03 11:09:13 [WARNING] Illegal FSM transition CLICK_SELECT → SCANNING — ignored
2026-07-03 11:09:13 [WARNING] Global timeout in CLICK_SELECT
2026-07-03 11:09:13 [INFO] [timeout] state=CLICK_SELECT
2026-07-03 11:09:13 [WARNING] Illegal FSM transition CLICK_SELECT → SCANNING — ignored
2026-07-03 11:09:13 [WARNING] Global timeout in CLICK_SELECT
2026-07-03 11:09:13 [INFO] [timeout] state=CLICK_SELECT
2026-07-03 11:09:13 [WARNING] Illegal FSM transition CLICK_SELECT → SCANNING — ignored
2026-07-03 11:09:13 [WARNING] Global timeout in CLICK_SELECT
2026-07-03 11:09:13 [INFO] [timeout] state=CLICK_SELECT
2026-07-03 11:09:13 [WARNING] Illegal FSM transition CLICK_SELECT → SCANNING — ignored
2026-07-03 11:09:13 [WARNING] Global timeout in CLICK_SELECT
2026-07-03 11:09:13 [INFO] [timeout] state=CLICK_SELECT
2026-07-03 11:09:13 [WARNING] Illegal FSM transition CLICK_SELECT → SCANNING — ignored
2026-07-03 11:09:13 [WARNING] Global timeout in CLICK_SELECT
2026-07-03 11:09:13 [INFO] [timeout] state=CLICK_SELECT
2026-07-03 11:09:13 [WARNING] Illegal FSM transition CLICK_SELECT → SCANNING — ignored
2026-07-03 11:09:14 [WARNING] Global timeout in CLICK_SELECT
2026-07-03 11:09:14 [INFO] [timeout] state=CLICK_SELECT
2026-07-03 11:09:14 [WARNING] Illegal FSM transition CLICK_SELECT → SCANNING — ignored
2026-07-03 11:09:14 [WARNING] Global timeout in CLICK_SELECT
2026-07-03 11:09:14 [INFO] [timeout] state=CLICK_SELECT
2026-07-03 11:09:14 [WARNING] Illegal FSM transition CLICK_SELECT → SCANNING — ignored
2026-07-03 11:09:14 [WARNING] Global timeout in CLICK_SELECT
2026-07-03 11:09:14 [INFO] [timeout] state=CLICK_SELECT
2026-07-03 11:09:14 [WARNING] Illegal FSM transition CLICK_SELECT → SCANNING — ignored
2026-07-03 11:09:14 [WARNING] Global timeout in CLICK_SELECT
2026-07-03 11:09:14 [INFO] [timeout] state=CLICK_SELECT
2026-07-03 11:09:14 [WARNING] Illegal FSM transition CLICK_SELECT → SCANNING — ignored
2026-07-03 11:09:14 [WARNING] Global timeout in CLICK_SELECT
2026-07-03 11:09:14 [INFO] [timeout] state=CLICK_SELECT
2026-07-03 11:09:14 [WARNING] Illegal FSM transition CLICK_SELECT → SCANNING — ignored
2026-07-03 11:09:14 [WARNING] Global timeout in CLICK_SELECT
2026-07-03 11:09:14 [INFO] [timeout] state=CLICK_SELECT
2026-07-03 11:09:14 [WARNING] Illegal FSM transition CLICK_SELECT → SCANNING — ignored
2026-07-03 11:09:14 [WARNING] Global timeout in CLICK_SELECT
2026-07-03 11:09:14 [INFO] [timeout] state=CLICK_SELECT
2026-07-03 11:09:14 [WARNING] Illegal FSM transition CLICK_SELECT → SCANNING — ignored
2026-07-03 11:09:14 [WARNING] Global timeout in CLICK_SELECT
2026-07-03 11:09:14 [INFO] [timeout] state=CLICK_SELECT
2026-07-03 11:09:14 [WARNING] Illegal FSM transition CLICK_SELECT → SCANNING — ignored
2026-07-03 11:09:14 [WARNING] Global timeout in CLICK_SELECT
2026-07-03 11:09:14 [INFO] [timeout] state=CLICK_SELECT
2026-07-03 11:09:14 [WARNING] Illegal FSM transition CLICK_SELECT → SCANNING — ignored
2026-07-03 11:09:14 [WARNING] Global timeout in CLICK_SELECT
2026-07-03 11:09:14 [INFO] [timeout] state=CLICK_SELECT
2026-07-03 11:09:14 [WARNING] Illegal FSM transition CLICK_SELECT → SCANNING — ignored
2026-07-03 11:09:15 [WARNING] Global timeout in CLICK_SELECT
2026-07-03 11:09:15 [INFO] [timeout] state=CLICK_SELECT
2026-07-03 11:09:15 [WARNING] Illegal FSM transition CLICK_SELECT → SCANNING — ignored
2026-07-03 11:09:15 [WARNING] Global timeout in CLICK_SELECT
2026-07-03 11:09:15 [INFO] [timeout] state=CLICK_SELECT
2026-07-03 11:09:15 [WARNING] Illegal FSM transition CLICK_SELECT → SCANNING — ignored
2026-07-03 11:09:15 [WARNING] Global timeout in CLICK_SELECT
2026-07-03 11:09:15 [INFO] [timeout] state=CLICK_SELECT
2026-07-03 11:09:15 [WARNING] Illegal FSM transition CLICK_SELECT → SCANNING — ignored
2026-07-03 11:09:15 [WARNING] Global timeout in CLICK_SELECT
2026-07-03 11:09:15 [INFO] [timeout] state=CLICK_SELECT
2026-07-03 11:09:15 [WARNING] Illegal FSM transition CLICK_SELECT → SCANNING — ignored
2026-07-03 11:09:15 [WARNING] Global timeout in CLICK_SELECT
2026-07-03 11:09:15 [INFO] [timeout] state=CLICK_SELECT
2026-07-03 11:09:15 [WARNING] Illegal FSM transition CLICK_SELECT → SCANNING — ignored
2026-07-03 11:09:15 [WARNING] Global timeout in CLICK_SELECT
2026-07-03 11:09:15 [INFO] [timeout] state=CLICK_SELECT
2026-07-03 11:09:15 [WARNING] Illegal FSM transition CLICK_SELECT → SCANNING — ignored
2026-07-03 11:09:15 [WARNING] Global timeout in CLICK_SELECT
2026-07-03 11:09:15 [INFO] [timeout] state=CLICK_SELECT
2026-07-03 11:09:15 [WARNING] Illegal FSM transition CLICK_SELECT → SCANNING — ignored
2026-07-03 11:09:15 [WARNING] Global timeout in CLICK_SELECT
2026-07-03 11:09:15 [INFO] [timeout] state=CLICK_SELECT
2026-07-03 11:09:15 [WARNING] Illegal FSM transition CLICK_SELECT → SCANNING — ignored
2026-07-03 11:09:15 [WARNING] Global timeout in CLICK_SELECT
2026-07-03 11:09:15 [INFO] [timeout] state=CLICK_SELECT
2026-07-03 11:09:15 [WARNING] Illegal FSM transition CLICK_SELECT → SCANNING — ignored
2026-07-03 11:09:15 [WARNING] Global timeout in CLICK_SELECT
2026-07-03 11:09:15 [INFO] [timeout] state=CLICK_SELECT
2026-07-03 11:09:15 [WARNING] Illegal FSM transition CLICK_SELECT → SCANNING — ignored
2026-07-03 11:09:16 [WARNING] Global timeout in CLICK_SELECT
2026-07-03 11:09:16 [INFO] [timeout] state=CLICK_SELECT
2026-07-03 11:09:16 [WARNING] Illegal FSM transition CLICK_SELECT → SCANNING — ignored
2026-07-03 11:09:16 [WARNING] Global timeout in CLICK_SELECT
2026-07-03 11:09:16 [INFO] [timeout] state=CLICK_SELECT
2026-07-03 11:09:16 [WARNING] Illegal FSM transition CLICK_SELECT → SCANNING — ignored
2026-07-03 11:09:16 [WARNING] Global timeout in CLICK_SELECT
2026-07-03 11:09:16 [INFO] [timeout] state=CLICK_SELECT
2026-07-03 11:09:16 [WARNING] Illegal FSM transition CLICK_SELECT → SCANNING — ignored
2026-07-03 11:09:16 [WARNING] Global timeout in CLICK_SELECT
2026-07-03 11:09:16 [INFO] [timeout] state=CLICK_SELECT
2026-07-03 11:09:16 [WARNING] Illegal FSM transition CLICK_SELECT → SCANNING — ignored
2026-07-03 11:09:16 [WARNING] Global timeout in CLICK_SELECT
2026-07-03 11:09:16 [INFO] [timeout] state=CLICK_SELECT
2026-07-03 11:09:16 [WARNING] Illegal FSM transition CLICK_SELECT → SCANNING — ignored
2026-07-03 11:09:16 [WARNING] Global timeout in CLICK_SELECT
2026-07-03 11:09:16 [INFO] [timeout] state=CLICK_SELECT
2026-07-03 11:09:16 [WARNING] Illegal FSM transition CLICK_SELECT → SCANNING — ignored
2026-07-03 11:09:16 [WARNING] Global timeout in CLICK_SELECT
2026-07-03 11:09:16 [INFO] [timeout] state=CLICK_SELECT
2026-07-03 11:09:16 [WARNING] Illegal FSM transition CLICK_SELECT → SCANNING — ignored
2026-07-03 11:09:16 [WARNING] Global timeout in CLICK_SELECT
2026-07-03 11:09:16 [INFO] [timeout] state=CLICK_SELECT
2026-07-03 11:09:16 [WARNING] Illegal FSM transition CLICK_SELECT → SCANNING — ignored
2026-07-03 11:09:16 [WARNING] Global timeout in CLICK_SELECT
2026-07-03 11:09:16 [INFO] [timeout] state=CLICK_SELECT
2026-07-03 11:09:16 [WARNING] Illegal FSM transition CLICK_SELECT → SCANNING — ignored
2026-07-03 11:09:16 [WARNING] Global timeout in CLICK_SELECT
2026-07-03 11:09:16 [INFO] [timeout] state=CLICK_SELECT
2026-07-03 11:09:16 [WARNING] Illegal FSM transition CLICK_SELECT → SCANNING — ignored
2026-07-03 11:09:17 [WARNING] Global timeout in CLICK_SELECT
2026-07-03 11:09:17 [INFO] [timeout] state=CLICK_SELECT
2026-07-03 11:09:17 [WARNING] Illegal FSM transition CLICK_SELECT → SCANNING — ignored
2026-07-03 11:09:17 [WARNING] Global timeout in CLICK_SELECT
2026-07-03 11:09:17 [INFO] [timeout] state=CLICK_SELECT
2026-07-03 11:09:17 [WARNING] Illegal FSM transition CLICK_SELECT → SCANNING — ignored
2026-07-03 11:09:17 [WARNING] Global timeout in CLICK_SELECT
2026-07-03 11:09:17 [INFO] [timeout] state=CLICK_SELECT
2026-07-03 11:09:17 [WARNING] Illegal FSM transition CLICK_SELECT → SCANNING — ignored
2026-07-03 11:09:17 [WARNING] Global timeout in CLICK_SELECT
2026-07-03 11:09:17 [INFO] [timeout] state=CLICK_SELECT
2026-07-03 11:09:17 [WARNING] Illegal FSM transition CLICK_SELECT → SCANNING — ignored
2026-07-03 11:09:17 [WARNING] Global timeout in CLICK_SELECT
2026-07-03 11:09:17 [INFO] [timeout] state=CLICK_SELECT
2026-07-03 11:09:17 [WARNING] Illegal FSM transition CLICK_SELECT → SCANNING — ignored
2026-07-03 11:09:17 [INFO] Automation DISABLED (F8)
2026-07-03 11:09:17 [WARNING] Illegal FSM transition CLICK_SELECT → STOPPED — ignored
2026-07-03 11:09:17 [WARNING] Illegal FSM transition CLICK_SELECT → STOPPED — ignored
2026-07-03 11:09:17 [WARNING] Illegal FSM transition CLICK_SELECT → STOPPED — ignored
2026-07-03 11:09:17 [INFO] Automation ENABLED (F8)
2026-07-03 11:09:17 [WARNING] Global timeout in CLICK_SELECT
2026-07-03 11:09:17 [INFO] [timeout] state=CLICK_SELECT
2026-07-03 11:09:17 [WARNING] Illegal FSM transition CLICK_SELECT → SCANNING — ignored
2026-07-03 11:09:17 [WARNING] Global timeout in CLICK_SELECT
2026-07-03 11:09:17 [INFO] [timeout] state=CLICK_SELECT
2026-07-03 11:09:17 [WARNING] Illegal FSM transition CLICK_SELECT → SCANNING — ignored
2026-07-03 11:09:18 [WARNING] Global timeout in CLICK_SELECT
2026-07-03 11:09:18 [INFO] [timeout] state=CLICK_SELECT
2026-07-03 11:09:18 [WARNING] Illegal FSM transition CLICK_SELECT → SCANNING — ignored
2026-07-03 11:09:18 [WARNING] Global timeout in CLICK_SELECT
2026-07-03 11:09:18 [INFO] [timeout] state=CLICK_SELECT
2026-07-03 11:09:18 [WARNING] Illegal FSM transition CLICK_SELECT → SCANNING — ignored
2026-07-03 11:09:18 [WARNING] Global timeout in CLICK_SELECT
2026-07-03 11:09:18 [INFO] [timeout] state=CLICK_SELECT
2026-07-03 11:09:18 [WARNING] Illegal FSM transition CLICK_SELECT → SCANNING — ignored
2026-07-03 11:09:18 [WARNING] Global timeout in CLICK_SELECT
2026-07-03 11:09:18 [INFO] [timeout] state=CLICK_SELECT
2026-07-03 11:09:18 [WARNING] Illegal FSM transition CLICK_SELECT → SCANNING — ignored
2026-07-03 11:09:18 [WARNING] Global timeout in CLICK_SELECT
2026-07-03 11:09:18 [INFO] [timeout] state=CLICK_SELECT
2026-07-03 11:09:18 [WARNING] Illegal FSM transition CLICK_SELECT → SCANNING — ignored
2026-07-03 11:09:18 [WARNING] Global timeout in CLICK_SELECT
2026-07-03 11:09:18 [INFO] [timeout] state=CLICK_SELECT
2026-07-03 11:09:18 [WARNING] Illegal FSM transition CLICK_SELECT → SCANNING — ignored
2026-07-03 11:09:18 [WARNING] Global timeout in CLICK_SELECT
2026-07-03 11:09:18 [INFO] [timeout] state=CLICK_SELECT
2026-07-03 11:09:18 [WARNING] Illegal FSM transition CLICK_SELECT → SCANNING — ignored
2026-07-03 11:09:18 [WARNING] Global timeout in CLICK_SELECT
2026-07-03 11:09:18 [INFO] [timeout] state=CLICK_SELECT
2026-07-03 11:09:18 [WARNING] Illegal FSM transition CLICK_SELECT → SCANNING — ignored
2026-07-03 11:09:18 [WARNING] Global timeout in CLICK_SELECT
2026-07-03 11:09:18 [INFO] [timeout] state=CLICK_SELECT
2026-07-03 11:09:18 [WARNING] Illegal FSM transition CLICK_SELECT → SCANNING — ignored
2026-07-03 11:09:18 [WARNING] Global timeout in CLICK_SELECT
2026-07-03 11:09:18 [INFO] [timeout] state=CLICK_SELECT
2026-07-03 11:09:18 [WARNING] Illegal FSM transition CLICK_SELECT → SCANNING — ignored
2026-07-03 11:09:19 [WARNING] Global timeout in CLICK_SELECT
2026-07-03 11:09:19 [INFO] [timeout] state=CLICK_SELECT
2026-07-03 11:09:19 [WARNING] Illegal FSM transition CLICK_SELECT → SCANNING — ignored
2026-07-03 11:09:19 [WARNING] Global timeout in CLICK_SELECT
2026-07-03 11:09:19 [INFO] [timeout] state=CLICK_SELECT
2026-07-03 11:09:19 [WARNING] Illegal FSM transition CLICK_SELECT → SCANNING — ignored
2026-07-03 11:09:19 [WARNING] Global timeout in CLICK_SELECT
2026-07-03 11:09:19 [INFO] [timeout] state=CLICK_SELECT
2026-07-03 11:09:19 [WARNING] Illegal FSM transition CLICK_SELECT → SCANNING — ignored
2026-07-03 11:09:19 [WARNING] Global timeout in CLICK_SELECT
2026-07-03 11:09:19 [INFO] [timeout] state=CLICK_SELECT
2026-07-03 11:09:19 [WARNING] Illegal FSM transition CLICK_SELECT → SCANNING — ignored
2026-07-03 11:09:19 [WARNING] Global timeout in CLICK_SELECT
2026-07-03 11:09:19 [INFO] [timeout] state=CLICK_SELECT
2026-07-03 11:09:19 [WARNING] Illegal FSM transition CLICK_SELECT → SCANNING — ignored
2026-07-03 11:09:19 [WARNING] Global timeout in CLICK_SELECT
2026-07-03 11:09:19 [INFO] [timeout] state=CLICK_SELECT
2026-07-03 11:09:19 [WARNING] Illegal FSM transition CLICK_SELECT → SCANNING — ignored
2026-07-03 11:09:19 [WARNING] Global timeout in CLICK_SELECT
2026-07-03 11:09:19 [INFO] [timeout] state=CLICK_SELECT
2026-07-03 11:09:19 [WARNING] Illegal FSM transition CLICK_SELECT → SCANNING — ignored
2026-07-03 11:09:19 [WARNING] Global timeout in CLICK_SELECT
2026-07-03 11:09:19 [INFO] [timeout] state=CLICK_SELECT
2026-07-03 11:09:19 [WARNING] Illegal FSM transition CLICK_SELECT → SCANNING — ignored
2026-07-03 11:09:19 [INFO] Automation DISABLED (F8)
2026-07-03 11:09:19 [WARNING] Illegal FSM transition CLICK_SELECT → STOPPED — ignored
2026-07-03 11:09:19 [WARNING] Illegal FSM transition CLICK_SELECT → STOPPED — ignored
2026-07-03 11:09:20 [WARNING] Illegal FSM transition CLICK_SELECT → STOPPED — ignored
2026-07-03 11:09:20 [WARNING] Illegal FSM transition CLICK_SELECT → STOPPED — ignored
2026-07-03 11:09:20 [WARNING] Illegal FSM transition CLICK_SELECT → STOPPED — ignored
2026-07-03 11:09:20 [WARNING] Illegal FSM transition CLICK_SELECT → STOPPED — ignored
2026-07-03 11:09:20 [WARNING] Illegal FSM transition CLICK_SELECT → STOPPED — ignored
2026-07-03 11:09:20 [WARNING] Illegal FSM transition CLICK_SELECT → STOPPED — ignored
2026-07-03 11:09:20 [WARNING] Illegal FSM transition CLICK_SELECT → STOPPED — ignored
2026-07-03 11:09:20 [WARNING] Illegal FSM transition CLICK_SELECT → STOPPED — ignored
2026-07-03 11:09:20 [WARNING] Illegal FSM transition CLICK_SELECT → STOPPED — ignored
2026-07-03 11:09:20 [WARNING] Illegal FSM transition CLICK_SELECT → STOPPED — ignored
2026-07-03 11:09:21 [WARNING] Illegal FSM transition CLICK_SELECT → STOPPED — ignored
2026-07-03 11:09:21 [WARNING] Illegal FSM transition CLICK_SELECT → STOPPED — ignored
2026-07-03 11:09:21 [WARNING] Illegal FSM transition CLICK_SELECT → STOPPED — ignored
2026-07-03 11:09:21 [WARNING] Illegal FSM transition CLICK_SELECT → STOPPED — ignored
2026-07-03 11:09:21 [WARNING] Illegal FSM transition CLICK_SELECT → STOPPED — ignored
2026-07-03 11:09:21 [WARNING] Illegal FSM transition CLICK_SELECT → STOPPED — ignored
2026-07-03 11:09:21 [INFO] Clean exit requested (ESC).
2026-07-03 11:09:21 [INFO] WorkflowEngine shut down cleanly.
2026-07-03 11:12:32 [INFO] System Tray initialized. Application is running in the background.
2026-07-03 11:12:32 [INFO] All sub-systems initialised.
2026-07-03 11:12:32 [INFO] [state_change] from_state=IDLE | to_state=SCANNING
2026-07-03 11:12:32 [INFO] WorkflowEngine started — user='phan'  table={'left': 52, 'top': 601, 'width': 1491, 'height': 298}
2026-07-03 11:12:36 [INFO] [row_detected] total_rows=4 | claim_rows=[1, 2]
2026-07-03 11:12:36 [INFO] [claim_found] row_id=1 | text=CLAIM | confidence=0.999 | claim_cell=(1169, 649)
2026-07-03 11:12:36 [INFO] [state_change] from_state=SCANNING | to_state=CLAIM_FOUND
2026-07-03 11:12:36 [INFO] [state_change] from_state=CLAIM_FOUND | to_state=CLICK_CLAIM
2026-07-03 11:12:37 [INFO] [claim_cell_clicked] row_id=1 | x=1169 | y=649
2026-07-03 11:12:37 [INFO] [state_change] from_state=CLICK_CLAIM | to_state=WAIT_USERNAME
2026-07-03 11:12:38 [INFO] [claim_verified] y_key=648 | cell_text=phan | elapsed_s=1.405
2026-07-03 11:12:38 [INFO] [state_change] from_state=WAIT_USERNAME | to_state=CLAIM_SUCCESS
2026-07-03 11:12:39 [INFO] [select_clicked] y_key=648 | x=1316 | y=649
2026-07-03 11:12:40 [INFO] [state_change] from_state=CLAIM_SUCCESS | to_state=CLICK_SELECT
2026-07-03 11:12:40 [INFO] [state_change] from_state=CLICK_SELECT | to_state=CLICK_CONNECT
2026-07-03 11:12:40 [INFO] [connect_clicked] y_key=648 | x=768 | y=88
2026-07-03 11:12:40 [INFO] [state_change] from_state=CLICK_CONNECT | to_state=CONNECTED
2026-07-03 11:12:40 [INFO] ✓ Connected! Waiting 1000ms then entering STOPPED state.
2026-07-03 11:12:41 [INFO] [state_change] from_state=CONNECTED | to_state=STOPPED
2026-07-03 11:14:06 [INFO] Automation ENABLED (F8)
2026-07-03 11:14:06 [INFO] [state_change] from_state=STOPPED | to_state=SCANNING
2026-07-03 11:14:06 [INFO] [row_detected] total_rows=7 | claim_rows=[0]
2026-07-03 11:14:06 [INFO] [claim_found] row_id=0 | text=CLAIM | confidence=0.999 | claim_cell=(1169, 619)
2026-07-03 11:14:06 [INFO] [state_change] from_state=SCANNING | to_state=CLAIM_FOUND
2026-07-03 11:14:06 [INFO] [state_change] from_state=CLAIM_FOUND | to_state=CLICK_CLAIM
2026-07-03 11:14:07 [INFO] [claim_cell_clicked] row_id=0 | x=1169 | y=619
2026-07-03 11:14:07 [INFO] [state_change] from_state=CLICK_CLAIM | to_state=WAIT_USERNAME
2026-07-03 11:14:08 [INFO] [claim_verified] y_key=616 | cell_text=phan | elapsed_s=1.505
2026-07-03 11:14:08 [INFO] [state_change] from_state=WAIT_USERNAME | to_state=CLAIM_SUCCESS
2026-07-03 11:14:09 [INFO] [select_clicked] y_key=616 | x=1316 | y=619
2026-07-03 11:14:10 [INFO] Automation DISABLED (F8)
2026-07-03 11:14:10 [INFO] [state_change] from_state=CLAIM_SUCCESS | to_state=CLICK_SELECT
2026-07-03 11:14:10 [INFO] [state_change] from_state=CLICK_SELECT | to_state=STOPPED
2026-07-03 11:15:33 [INFO] Automation ENABLED (F8)
2026-07-03 11:15:33 [INFO] [state_change] from_state=STOPPED | to_state=SCANNING
2026-07-03 11:15:33 [INFO] [row_detected] total_rows=5 | claim_rows=[1]
2026-07-03 11:15:33 [INFO] [claim_found] row_id=1 | text=CLAIM | confidence=0.999 | claim_cell=(1169, 649)
2026-07-03 11:15:33 [INFO] [state_change] from_state=SCANNING | to_state=CLAIM_FOUND
2026-07-03 11:15:33 [INFO] [state_change] from_state=CLAIM_FOUND | to_state=CLICK_CLAIM
2026-07-03 11:15:34 [INFO] [claim_cell_clicked] row_id=1 | x=1169 | y=649
2026-07-03 11:15:34 [INFO] [state_change] from_state=CLICK_CLAIM | to_state=WAIT_USERNAME
2026-07-03 11:15:36 [INFO] [claim_verified] y_key=648 | cell_text=phan | elapsed_s=1.405
2026-07-03 11:15:36 [INFO] [state_change] from_state=WAIT_USERNAME | to_state=CLAIM_SUCCESS
2026-07-03 11:15:36 [INFO] [select_clicked] y_key=648 | x=1316 | y=649
2026-07-03 11:15:37 [INFO] [state_change] from_state=CLAIM_SUCCESS | to_state=CLICK_SELECT
2026-07-03 11:15:37 [INFO] [state_change] from_state=CLICK_SELECT | to_state=CLICK_CONNECT
2026-07-03 11:15:38 [INFO] [connect_clicked] y_key=648 | x=768 | y=88
2026-07-03 11:15:38 [INFO] [state_change] from_state=CLICK_CONNECT | to_state=CONNECTED
2026-07-03 11:15:38 [INFO] ✓ Connected! Waiting 1000ms then entering STOPPED state.
2026-07-03 11:15:39 [INFO] Automation DISABLED (F8)
2026-07-03 11:15:39 [INFO] [state_change] from_state=CONNECTED | to_state=STOPPED
2026-07-03 11:21:15 [INFO] System Tray initialized. Application is running in the background.
2026-07-03 11:21:15 [INFO] All sub-systems initialised.
2026-07-03 11:21:15 [INFO] [state_change] from_state=IDLE | to_state=SCANNING
2026-07-03 11:21:15 [INFO] WorkflowEngine started — user='phan'  table={'left': 52, 'top': 601, 'width': 1491, 'height': 298}
2026-07-03 11:21:21 [INFO] [row_detected] total_rows=3 | claim_rows=[0]
2026-07-03 11:21:21 [INFO] [claim_found] row_id=0 | text=CLAIM | confidence=0.999 | claim_cell=(1169, 619)
2026-07-03 11:21:21 [INFO] [state_change] from_state=SCANNING | to_state=CLAIM_FOUND
2026-07-03 11:21:21 [INFO] [state_change] from_state=CLAIM_FOUND | to_state=CLICK_CLAIM
2026-07-03 11:21:21 [INFO] [claim_cell_clicked] row_id=0 | x=1169 | y=619
2026-07-03 11:21:21 [INFO] [state_change] from_state=CLICK_CLAIM | to_state=WAIT_USERNAME
2026-07-03 11:21:22 [WARNING] Cell shows 'inguyen' (not pending and not 'PHAN') — claimed by someone else.
2026-07-03 11:21:22 [INFO] [claim_stolen] y_key=616 | cell_text=inguyen
2026-07-03 11:21:22 [INFO] [state_change] from_state=WAIT_USERNAME | to_state=SCANNING
2026-07-03 11:21:22 [INFO] [loop_tick] state=SCANNING | rows=2 | claims=0
2026-07-03 11:21:23 [INFO] [row_detected] total_rows=3 | claim_rows=[1]
2026-07-03 11:21:23 [INFO] [claim_found] row_id=1 | text=CLAIM | confidence=0.999 | claim_cell=(1169, 649)
2026-07-03 11:21:23 [INFO] [state_change] from_state=SCANNING | to_state=CLAIM_FOUND
2026-07-03 11:21:23 [INFO] [state_change] from_state=CLAIM_FOUND | to_state=CLICK_CLAIM
2026-07-03 11:21:23 [INFO] [claim_cell_clicked] row_id=1 | x=1169 | y=649
2026-07-03 11:21:23 [INFO] [state_change] from_state=CLICK_CLAIM | to_state=WAIT_USERNAME
2026-07-03 11:21:25 [INFO] [claim_verified] y_key=648 | cell_text=phan | elapsed_s=1.406
2026-07-03 11:21:25 [INFO] [state_change] from_state=WAIT_USERNAME | to_state=CLAIM_SUCCESS
2026-07-03 11:21:25 [INFO] [select_clicked] y_key=648 | x=1316 | y=649
2026-07-03 11:21:26 [INFO] [state_change] from_state=CLAIM_SUCCESS | to_state=CLICK_SELECT
2026-07-03 11:21:26 [INFO] [state_change] from_state=CLICK_SELECT | to_state=CLICK_CONNECT
2026-07-03 11:21:27 [INFO] [connect_clicked] y_key=648 | x=768 | y=88
2026-07-03 11:21:27 [INFO] [state_change] from_state=CLICK_CONNECT | to_state=CONNECTED
2026-07-03 11:21:27 [INFO] ✓ Connected! Waiting 1000ms then entering STOPPED state.
2026-07-03 11:21:28 [INFO] [state_change] from_state=CONNECTED | to_state=STOPPED
2026-07-03 11:22:07 [INFO] Clean exit requested (ESC).
2026-07-03 11:22:07 [INFO] WorkflowEngine shut down cleanly.
2026-07-03 11:25:08 [INFO] System Tray initialized. Application is running in the background.
2026-07-03 11:25:08 [INFO] All sub-systems initialised.
2026-07-03 11:25:08 [INFO] [state_change] from_state=IDLE | to_state=SCANNING
2026-07-03 11:25:08 [INFO] WorkflowEngine started — user='phan'  table={'left': 52, 'top': 601, 'width': 1491, 'height': 298}
2026-07-03 11:25:12 [INFO] [loop_tick] state=SCANNING | rows=6 | claims=0
2026-07-03 11:25:12 [INFO] [loop_tick] state=SCANNING | rows=9 | claims=0
2026-07-03 11:25:14 [INFO] Automation DISABLED (F8)
2026-07-03 11:25:14 [INFO] [state_change] from_state=SCANNING | to_state=STOPPED
2026-07-03 11:29:03 [INFO] Automation ENABLED (F8)
2026-07-03 11:29:03 [INFO] [state_change] from_state=STOPPED | to_state=SCANNING
2026-07-03 11:29:03 [INFO] [row_detected] total_rows=3 | claim_rows=[0]
2026-07-03 11:29:03 [INFO] [claim_found] row_id=0 | text=CLAIM | confidence=0.999 | claim_cell=(1169, 619)
2026-07-03 11:29:03 [INFO] [state_change] from_state=SCANNING | to_state=CLAIM_FOUND
2026-07-03 11:29:03 [INFO] [state_change] from_state=CLAIM_FOUND | to_state=CLICK_CLAIM
2026-07-03 11:29:04 [INFO] [claim_cell_clicked] row_id=0 | x=1169 | y=619
2026-07-03 11:29:04 [INFO] [state_change] from_state=CLICK_CLAIM | to_state=WAIT_USERNAME
2026-07-03 11:29:05 [INFO] [claim_verified] y_key=616 | cell_text=phan | elapsed_s=1.305
2026-07-03 11:29:05 [INFO] [state_change] from_state=WAIT_USERNAME | to_state=CLAIM_SUCCESS
2026-07-03 11:29:06 [INFO] [select_clicked] y_key=616 | x=1316 | y=619
2026-07-03 11:29:06 [INFO] Automation DISABLED (F8)
2026-07-03 11:29:07 [INFO] [state_change] from_state=CLAIM_SUCCESS | to_state=CLICK_SELECT
2026-07-03 11:29:07 [INFO] [state_change] from_state=CLICK_SELECT | to_state=STOPPED
2026-07-03 11:45:25 [INFO] Automation ENABLED (F8)
2026-07-03 11:45:25 [INFO] [state_change] from_state=STOPPED | to_state=SCANNING
2026-07-03 11:45:25 [INFO] [row_detected] total_rows=2 | claim_rows=[0]
2026-07-03 11:45:25 [INFO] [claim_found] row_id=0 | text=CLAIM | confidence=0.999 | claim_cell=(1169, 619)
2026-07-03 11:45:25 [INFO] [state_change] from_state=SCANNING | to_state=CLAIM_FOUND
2026-07-03 11:45:25 [INFO] [state_change] from_state=CLAIM_FOUND | to_state=CLICK_CLAIM
2026-07-03 11:45:26 [INFO] [claim_cell_clicked] row_id=0 | x=1169 | y=619
2026-07-03 11:45:26 [INFO] [state_change] from_state=CLICK_CLAIM | to_state=WAIT_USERNAME
2026-07-03 11:45:27 [INFO] [claim_verified] y_key=616 | cell_text=phan | elapsed_s=1.406
2026-07-03 11:45:27 [INFO] [state_change] from_state=WAIT_USERNAME | to_state=CLAIM_SUCCESS
2026-07-03 11:45:28 [INFO] [select_clicked] y_key=616 | x=1316 | y=619
2026-07-03 11:45:29 [INFO] [state_change] from_state=CLAIM_SUCCESS | to_state=CLICK_SELECT
2026-07-03 11:45:29 [INFO] [state_change] from_state=CLICK_SELECT | to_state=CLICK_CONNECT
2026-07-03 11:45:29 [INFO] [connect_clicked] y_key=616 | x=768 | y=88
2026-07-03 11:45:29 [INFO] [state_change] from_state=CLICK_CONNECT | to_state=CONNECTED
2026-07-03 11:45:29 [INFO] ✓ Connected! Waiting 1000ms then entering STOPPED state.
2026-07-03 11:45:30 [INFO] [state_change] from_state=CONNECTED | to_state=STOPPED
2026-07-03 12:33:45 [INFO] Automation ENABLED (F8)
2026-07-03 12:33:45 [INFO] [state_change] from_state=STOPPED | to_state=SCANNING
2026-07-03 12:33:45 [INFO] [row_detected] total_rows=6 | claim_rows=[0]
2026-07-03 12:33:45 [INFO] [claim_found] row_id=0 | text=CLAIM | confidence=0.999 | claim_cell=(1169, 619)
2026-07-03 12:33:45 [INFO] [state_change] from_state=SCANNING | to_state=CLAIM_FOUND
2026-07-03 12:33:45 [INFO] [state_change] from_state=CLAIM_FOUND | to_state=CLICK_CLAIM
2026-07-03 12:33:46 [INFO] [claim_cell_clicked] row_id=0 | x=1169 | y=619
2026-07-03 12:33:46 [INFO] [state_change] from_state=CLICK_CLAIM | to_state=WAIT_USERNAME
2026-07-03 12:33:47 [INFO] [claim_verified] y_key=616 | cell_text=phan | elapsed_s=1.405
2026-07-03 12:33:47 [INFO] [state_change] from_state=WAIT_USERNAME | to_state=CLAIM_SUCCESS
2026-07-03 12:33:48 [INFO] [select_clicked] y_key=616 | x=1316 | y=619
2026-07-03 12:33:49 [INFO] [state_change] from_state=CLAIM_SUCCESS | to_state=CLICK_SELECT
2026-07-03 12:33:49 [INFO] [state_change] from_state=CLICK_SELECT | to_state=CLICK_CONNECT
2026-07-03 12:33:49 [INFO] [connect_clicked] y_key=616 | x=768 | y=88
2026-07-03 12:33:49 [INFO] [state_change] from_state=CLICK_CONNECT | to_state=CONNECTED
2026-07-03 12:33:49 [INFO] ✓ Connected! Waiting 1000ms then entering STOPPED state.
2026-07-03 12:33:50 [INFO] [state_change] from_state=CONNECTED | to_state=STOPPED
2026-07-03 12:41:43 [INFO] Automation ENABLED (F8)
2026-07-03 12:41:43 [INFO] [state_change] from_state=STOPPED | to_state=SCANNING
2026-07-03 12:41:43 [INFO] [loop_tick] state=SCANNING | rows=2 | claims=0
2026-07-03 12:41:45 [INFO] [loop_tick] state=SCANNING | rows=2 | claims=0
2026-07-03 12:41:47 [INFO] [loop_tick] state=SCANNING | rows=2 | claims=0
2026-07-03 12:41:49 [INFO] [loop_tick] state=SCANNING | rows=2 | claims=0
2026-07-03 12:41:52 [INFO] [loop_tick] state=SCANNING | rows=2 | claims=0
2026-07-03 12:41:54 [INFO] [loop_tick] state=SCANNING | rows=2 | claims=0
2026-07-03 12:41:56 [INFO] [loop_tick] state=SCANNING | rows=2 | claims=0
2026-07-03 12:41:58 [INFO] [loop_tick] state=SCANNING | rows=2 | claims=0
2026-07-03 12:42:01 [INFO] [loop_tick] state=SCANNING | rows=2 | claims=0
2026-07-03 12:42:03 [INFO] [loop_tick] state=SCANNING | rows=2 | claims=0
2026-07-03 12:42:06 [INFO] [loop_tick] state=SCANNING | rows=2 | claims=0
2026-07-03 12:42:08 [INFO] [loop_tick] state=SCANNING | rows=2 | claims=0
2026-07-03 12:42:11 [INFO] [loop_tick] state=SCANNING | rows=2 | claims=0
2026-07-03 12:42:13 [INFO] [loop_tick] state=SCANNING | rows=1 | claims=0
2026-07-03 12:42:16 [INFO] [loop_tick] state=SCANNING | rows=1 | claims=0
2026-07-03 12:42:18 [INFO] [loop_tick] state=SCANNING | rows=1 | claims=0
2026-07-03 12:42:20 [INFO] [loop_tick] state=SCANNING | rows=1 | claims=0
2026-07-03 12:42:23 [INFO] [loop_tick] state=SCANNING | rows=1 | claims=0
2026-07-03 12:42:26 [INFO] [loop_tick] state=SCANNING | rows=1 | claims=0
2026-07-03 12:42:28 [INFO] [loop_tick] state=SCANNING | rows=1 | claims=0
2026-07-03 12:42:30 [INFO] [loop_tick] state=SCANNING | rows=1 | claims=0
2026-07-03 12:42:32 [INFO] [loop_tick] state=SCANNING | rows=1 | claims=0
2026-07-03 12:42:34 [INFO] [loop_tick] state=SCANNING | rows=1 | claims=0
2026-07-03 12:42:36 [INFO] [loop_tick] state=SCANNING | rows=1 | claims=0
2026-07-03 12:42:39 [INFO] [loop_tick] state=SCANNING | rows=1 | claims=0
2026-07-03 12:42:41 [INFO] [loop_tick] state=SCANNING | rows=1 | claims=0
2026-07-03 12:42:44 [INFO] [loop_tick] state=SCANNING | rows=1 | claims=0
2026-07-03 12:42:46 [INFO] [loop_tick] state=SCANNING | rows=1 | claims=0
2026-07-03 12:42:49 [INFO] [loop_tick] state=SCANNING | rows=1 | claims=0
2026-07-03 12:42:51 [INFO] [loop_tick] state=SCANNING | rows=1 | claims=0
2026-07-03 12:42:53 [INFO] [loop_tick] state=SCANNING | rows=1 | claims=0
2026-07-03 12:42:55 [INFO] [loop_tick] state=SCANNING | rows=1 | claims=0
2026-07-03 12:42:58 [INFO] [loop_tick] state=SCANNING | rows=1 | claims=0
2026-07-03 12:43:00 [INFO] [loop_tick] state=SCANNING | rows=1 | claims=0
2026-07-03 12:43:02 [INFO] [loop_tick] state=SCANNING | rows=1 | claims=0
2026-07-03 12:43:04 [INFO] [loop_tick] state=SCANNING | rows=1 | claims=0
2026-07-03 12:43:06 [INFO] [loop_tick] state=SCANNING | rows=1 | claims=0
2026-07-03 12:43:09 [INFO] [loop_tick] state=SCANNING | rows=1 | claims=0
2026-07-03 12:43:11 [INFO] [loop_tick] state=SCANNING | rows=1 | claims=0
2026-07-03 12:43:14 [INFO] [loop_tick] state=SCANNING | rows=1 | claims=0
2026-07-03 12:43:16 [INFO] [loop_tick] state=SCANNING | rows=1 | claims=0
2026-07-03 12:43:18 [INFO] [loop_tick] state=SCANNING | rows=1 | claims=0
2026-07-03 12:43:20 [INFO] [loop_tick] state=SCANNING | rows=1 | claims=0
2026-07-03 12:43:23 [INFO] [loop_tick] state=SCANNING | rows=1 | claims=0
2026-07-03 12:43:25 [INFO] [loop_tick] state=SCANNING | rows=1 | claims=0
2026-07-03 12:43:28 [INFO] [loop_tick] state=SCANNING | rows=1 | claims=0
2026-07-03 12:43:30 [INFO] [loop_tick] state=SCANNING | rows=1 | claims=0
2026-07-03 12:43:33 [INFO] [loop_tick] state=SCANNING | rows=1 | claims=0
2026-07-03 12:43:35 [INFO] [loop_tick] state=SCANNING | rows=1 | claims=0
2026-07-03 12:43:37 [INFO] [loop_tick] state=SCANNING | rows=1 | claims=0
2026-07-03 12:43:39 [INFO] [loop_tick] state=SCANNING | rows=1 | claims=0
2026-07-03 12:43:42 [INFO] [loop_tick] state=SCANNING | rows=1 | claims=0
2026-07-03 12:43:44 [INFO] [loop_tick] state=SCANNING | rows=1 | claims=0
2026-07-03 12:43:46 [INFO] [loop_tick] state=SCANNING | rows=1 | claims=0
2026-07-03 12:43:49 [INFO] [loop_tick] state=SCANNING | rows=1 | claims=0
2026-07-03 12:43:51 [INFO] [loop_tick] state=SCANNING | rows=1 | claims=0
2026-07-03 12:43:53 [INFO] [loop_tick] state=SCANNING | rows=1 | claims=0
2026-07-03 12:43:56 [INFO] [loop_tick] state=SCANNING | rows=1 | claims=0
2026-07-03 12:43:58 [INFO] [loop_tick] state=SCANNING | rows=1 | claims=0
2026-07-03 12:44:01 [INFO] [loop_tick] state=SCANNING | rows=1 | claims=0
2026-07-03 12:44:03 [INFO] [loop_tick] state=SCANNING | rows=1 | claims=0
2026-07-03 12:44:06 [INFO] [loop_tick] state=SCANNING | rows=1 | claims=0
2026-07-03 12:44:08 [INFO] [loop_tick] state=SCANNING | rows=1 | claims=0
2026-07-03 12:44:10 [INFO] [loop_tick] state=SCANNING | rows=1 | claims=0
2026-07-03 12:44:12 [INFO] [loop_tick] state=SCANNING | rows=1 | claims=0
2026-07-03 12:44:15 [INFO] [loop_tick] state=SCANNING | rows=1 | claims=0
2026-07-03 12:44:17 [INFO] [loop_tick] state=SCANNING | rows=1 | claims=0
2026-07-03 12:44:19 [INFO] [row_detected] total_rows=2 | claim_rows=[0]
2026-07-03 12:44:19 [INFO] [claim_found] row_id=0 | text=CLAIM | confidence=0.999 | claim_cell=(1169, 619)
2026-07-03 12:44:19 [INFO] [state_change] from_state=SCANNING | to_state=CLAIM_FOUND
2026-07-03 12:44:19 [INFO] [state_change] from_state=CLAIM_FOUND | to_state=CLICK_CLAIM
2026-07-03 12:44:20 [INFO] [claim_cell_clicked] row_id=0 | x=1169 | y=619
2026-07-03 12:44:20 [INFO] [state_change] from_state=CLICK_CLAIM | to_state=WAIT_USERNAME
2026-07-03 12:44:22 [INFO] [claim_verified] y_key=616 | cell_text=phan | elapsed_s=1.606
2026-07-03 12:44:22 [INFO] [state_change] from_state=WAIT_USERNAME | to_state=CLAIM_SUCCESS
2026-07-03 12:44:22 [INFO] [select_clicked] y_key=616 | x=1316 | y=619
2026-07-03 12:44:23 [INFO] [state_change] from_state=CLAIM_SUCCESS | to_state=CLICK_SELECT
2026-07-03 12:44:23 [INFO] [state_change] from_state=CLICK_SELECT | to_state=CLICK_CONNECT
2026-07-03 12:44:24 [INFO] [connect_clicked] y_key=616 | x=768 | y=88
2026-07-03 12:44:24 [INFO] [state_change] from_state=CLICK_CONNECT | to_state=CONNECTED
2026-07-03 12:44:24 [INFO] ✓ Connected! Waiting 1000ms then entering STOPPED state.
2026-07-03 12:44:25 [INFO] [state_change] from_state=CONNECTED | to_state=STOPPED
2026-07-03 12:44:25 [INFO] Automation ENABLED (F8)
2026-07-03 12:44:25 [INFO] [state_change] from_state=STOPPED | to_state=SCANNING
2026-07-03 12:44:25 [INFO] [loop_tick] state=SCANNING | rows=2 | claims=0
2026-07-03 12:44:26 [INFO] [loop_tick] state=SCANNING | rows=2 | claims=0
2026-07-03 12:44:27 [INFO] [loop_tick] state=SCANNING | rows=2 | claims=0
2026-07-03 12:44:29 [INFO] [loop_tick] state=SCANNING | rows=2 | claims=0
2026-07-03 12:44:32 [INFO] [loop_tick] state=SCANNING | rows=2 | claims=0
2026-07-03 12:44:34 [INFO] [loop_tick] state=SCANNING | rows=2 | claims=0
2026-07-03 12:44:37 [INFO] [loop_tick] state=SCANNING | rows=2 | claims=0
2026-07-03 12:44:39 [INFO] [loop_tick] state=SCANNING | rows=2 | claims=0
2026-07-03 12:44:42 [INFO] [loop_tick] state=SCANNING | rows=2 | claims=0
2026-07-03 12:44:43 [INFO] Automation DISABLED (F8)
2026-07-03 12:44:43 [INFO] [state_change] from_state=SCANNING | to_state=STOPPED
2026-07-03 12:46:24 [INFO] Automation ENABLED (F8)
2026-07-03 12:46:24 [INFO] [state_change] from_state=STOPPED | to_state=SCANNING
2026-07-03 12:46:25 [INFO] [loop_tick] state=SCANNING | rows=2 | claims=0
2026-07-03 12:46:25 [INFO] [loop_tick] state=SCANNING | rows=3 | claims=0
2026-07-03 12:46:25 [INFO] [loop_tick] state=SCANNING | rows=2 | claims=0
2026-07-03 12:46:25 [INFO] [loop_tick] state=SCANNING | rows=2 | claims=0
2026-07-03 12:46:25 [INFO] [loop_tick] state=SCANNING | rows=2 | claims=0
2026-07-03 12:46:25 [INFO] [loop_tick] state=SCANNING | rows=2 | claims=0
2026-07-03 12:46:25 [INFO] [loop_tick] state=SCANNING | rows=2 | claims=0
2026-07-03 12:46:25 [INFO] [loop_tick] state=SCANNING | rows=2 | claims=0
2026-07-03 12:46:25 [INFO] [loop_tick] state=SCANNING | rows=2 | claims=0
2026-07-03 12:46:25 [INFO] [loop_tick] state=SCANNING | rows=2 | claims=0
2026-07-03 12:46:26 [INFO] [loop_tick] state=SCANNING | rows=2 | claims=0
2026-07-03 12:46:26 [INFO] [loop_tick] state=SCANNING | rows=2 | claims=0
2026-07-03 12:46:26 [INFO] [loop_tick] state=SCANNING | rows=2 | claims=0
2026-07-03 12:46:26 [INFO] [loop_tick] state=SCANNING | rows=3 | claims=0
2026-07-03 12:46:26 [INFO] [loop_tick] state=SCANNING | rows=2 | claims=0
2026-07-03 12:46:27 [INFO] [loop_tick] state=SCANNING | rows=3 | claims=0
2026-07-03 12:46:27 [INFO] [loop_tick] state=SCANNING | rows=1 | claims=0
2026-07-03 12:46:27 [INFO] [loop_tick] state=SCANNING | rows=3 | claims=0
2026-07-03 12:46:27 [INFO] [loop_tick] state=SCANNING | rows=2 | claims=0
2026-07-03 12:46:27 [INFO] [loop_tick] state=SCANNING | rows=3 | claims=0
2026-07-03 12:46:28 [INFO] [loop_tick] state=SCANNING | rows=2 | claims=0
2026-07-03 12:46:28 [INFO] [loop_tick] state=SCANNING | rows=3 | claims=0
2026-07-03 12:46:28 [INFO] [loop_tick] state=SCANNING | rows=3 | claims=0
2026-07-03 12:46:28 [INFO] [loop_tick] state=SCANNING | rows=3 | claims=0
2026-07-03 12:46:28 [INFO] [loop_tick] state=SCANNING | rows=3 | claims=0
2026-07-03 12:46:28 [INFO] [loop_tick] state=SCANNING | rows=1 | claims=0
2026-07-03 12:46:28 [INFO] [loop_tick] state=SCANNING | rows=2 | claims=0
2026-07-03 12:46:29 [INFO] [loop_tick] state=SCANNING | rows=1 | claims=0
2026-07-03 12:46:29 [INFO] [loop_tick] state=SCANNING | rows=1 | claims=0
2026-07-03 12:46:29 [INFO] [loop_tick] state=SCANNING | rows=2 | claims=0
2026-07-03 12:46:30 [INFO] [loop_tick] state=SCANNING | rows=1 | claims=0
2026-07-03 12:46:31 [INFO] [loop_tick] state=SCANNING | rows=2 | claims=0
2026-07-03 12:46:31 [INFO] [loop_tick] state=SCANNING | rows=1 | claims=0
2026-07-03 12:46:32 [INFO] [loop_tick] state=SCANNING | rows=1 | claims=0
2026-07-03 12:46:33 [INFO] [loop_tick] state=SCANNING | rows=2 | claims=0
2026-07-03 12:46:34 [INFO] [loop_tick] state=SCANNING | rows=1 | claims=0
2026-07-03 12:46:34 [INFO] [loop_tick] state=SCANNING | rows=2 | claims=0
2026-07-03 12:46:35 [INFO] [loop_tick] state=SCANNING | rows=2 | claims=0
2026-07-03 12:46:35 [INFO] [loop_tick] state=SCANNING | rows=4 | claims=0
2026-07-03 12:46:38 [INFO] [loop_tick] state=SCANNING | rows=4 | claims=0
2026-07-03 12:46:39 [INFO] [loop_tick] state=SCANNING | rows=4 | claims=0
2026-07-03 12:46:42 [INFO] [loop_tick] state=SCANNING | rows=4 | claims=0
2026-07-03 12:46:44 [INFO] [loop_tick] state=SCANNING | rows=4 | claims=0
2026-07-03 12:46:47 [INFO] [loop_tick] state=SCANNING | rows=4 | claims=0
2026-07-03 12:46:49 [INFO] [loop_tick] state=SCANNING | rows=4 | claims=0
2026-07-03 12:46:51 [INFO] [loop_tick] state=SCANNING | rows=4 | claims=0
2026-07-03 12:46:54 [INFO] [loop_tick] state=SCANNING | rows=4 | claims=0
2026-07-03 12:46:56 [INFO] [loop_tick] state=SCANNING | rows=4 | claims=0
2026-07-03 12:46:58 [INFO] [loop_tick] state=SCANNING | rows=4 | claims=0
2026-07-03 12:47:01 [INFO] [loop_tick] state=SCANNING | rows=4 | claims=0
2026-07-03 12:47:03 [INFO] [loop_tick] state=SCANNING | rows=3 | claims=0
2026-07-03 12:47:05 [INFO] [loop_tick] state=SCANNING | rows=3 | claims=0
2026-07-03 12:47:08 [INFO] [loop_tick] state=SCANNING | rows=3 | claims=0
2026-07-03 12:47:10 [INFO] [loop_tick] state=SCANNING | rows=3 | claims=0
2026-07-03 12:47:12 [INFO] [loop_tick] state=SCANNING | rows=3 | claims=0
2026-07-03 12:47:15 [INFO] [loop_tick] state=SCANNING | rows=3 | claims=0
2026-07-03 12:47:17 [INFO] [loop_tick] state=SCANNING | rows=2 | claims=0
2026-07-03 12:47:20 [INFO] [loop_tick] state=SCANNING | rows=2 | claims=0
2026-07-03 12:47:22 [INFO] [loop_tick] state=SCANNING | rows=2 | claims=0
2026-07-03 12:47:25 [INFO] [loop_tick] state=SCANNING | rows=2 | claims=0
2026-07-03 12:47:27 [INFO] [row_detected] total_rows=3 | claim_rows=[0]
2026-07-03 12:47:27 [INFO] [claim_found] row_id=0 | text=CLAIM | confidence=0.999 | claim_cell=(1169, 619)
2026-07-03 12:47:27 [INFO] [state_change] from_state=SCANNING | to_state=CLAIM_FOUND
2026-07-03 12:47:27 [INFO] [state_change] from_state=CLAIM_FOUND | to_state=CLICK_CLAIM
2026-07-03 12:47:28 [INFO] [claim_cell_clicked] row_id=0 | x=1169 | y=619
2026-07-03 12:47:28 [INFO] [state_change] from_state=CLICK_CLAIM | to_state=WAIT_USERNAME
2026-07-03 12:47:30 [INFO] [claim_verified] y_key=616 | cell_text=phan | elapsed_s=1.606
2026-07-03 12:47:30 [INFO] [state_change] from_state=WAIT_USERNAME | to_state=CLAIM_SUCCESS
2026-07-03 12:47:30 [INFO] [select_clicked] y_key=616 | x=1316 | y=619
2026-07-03 12:47:31 [INFO] [state_change] from_state=CLAIM_SUCCESS | to_state=CLICK_SELECT
2026-07-03 12:47:31 [INFO] [state_change] from_state=CLICK_SELECT | to_state=CLICK_CONNECT
2026-07-03 12:47:32 [INFO] [connect_clicked] y_key=616 | x=768 | y=88
2026-07-03 12:47:32 [INFO] [state_change] from_state=CLICK_CONNECT | to_state=CONNECTED
2026-07-03 12:47:32 [INFO] ✓ Connected! Waiting 1000ms then entering STOPPED state.
2026-07-03 12:47:33 [INFO] [state_change] from_state=CONNECTED | to_state=STOPPED
2026-07-03 12:47:34 [INFO] Automation ENABLED (F8)
2026-07-03 12:47:34 [INFO] [state_change] from_state=STOPPED | to_state=SCANNING
2026-07-03 12:47:34 [INFO] [loop_tick] state=SCANNING | rows=3 | claims=0
2026-07-03 12:47:35 [INFO] [loop_tick] state=SCANNING | rows=3 | claims=0
2026-07-03 12:47:37 [INFO] [loop_tick] state=SCANNING | rows=3 | claims=0
2026-07-03 12:47:40 [INFO] [loop_tick] state=SCANNING | rows=3 | claims=0
2026-07-03 12:47:42 [INFO] [loop_tick] state=SCANNING | rows=3 | claims=0
2026-07-03 12:47:45 [INFO] [loop_tick] state=SCANNING | rows=3 | claims=0
2026-07-03 12:47:47 [INFO] [loop_tick] state=SCANNING | rows=3 | claims=0
2026-07-03 12:47:50 [INFO] [loop_tick] state=SCANNING | rows=3 | claims=0
2026-07-03 12:47:52 [INFO] [loop_tick] state=SCANNING | rows=3 | claims=0
2026-07-03 12:47:54 [INFO] [loop_tick] state=SCANNING | rows=3 | claims=0
2026-07-03 12:47:57 [INFO] [loop_tick] state=SCANNING | rows=3 | claims=0
2026-07-03 12:47:59 [INFO] [loop_tick] state=SCANNING | rows=3 | claims=0
2026-07-03 12:48:01 [INFO] [loop_tick] state=SCANNING | rows=3 | claims=0
2026-07-03 12:48:02 [INFO] [loop_tick] state=SCANNING | rows=2 | claims=0
2026-07-03 12:48:02 [INFO] [loop_tick] state=SCANNING | rows=2 | claims=0
2026-07-03 12:48:04 [INFO] [loop_tick] state=SCANNING | rows=6 | claims=0
2026-07-03 12:48:04 [INFO] [loop_tick] state=SCANNING | rows=6 | claims=0
2026-07-03 12:48:04 [INFO] [loop_tick] state=SCANNING | rows=6 | claims=0
2026-07-03 12:48:04 [INFO] [loop_tick] state=SCANNING | rows=6 | claims=0
2026-07-03 12:48:04 [INFO] [loop_tick] state=SCANNING | rows=6 | claims=0
2026-07-03 12:48:04 [INFO] [loop_tick] state=SCANNING | rows=4 | claims=0
2026-07-03 12:48:05 [INFO] [loop_tick] state=SCANNING | rows=5 | claims=0
2026-07-03 12:48:05 [INFO] [loop_tick] state=SCANNING | rows=6 | claims=0
2026-07-03 12:48:05 [INFO] [loop_tick] state=SCANNING | rows=3 | claims=0
2026-07-03 12:48:05 [INFO] [loop_tick] state=SCANNING | rows=4 | claims=0
2026-07-03 12:48:05 [INFO] [loop_tick] state=SCANNING | rows=3 | claims=0
2026-07-03 12:48:05 [INFO] [loop_tick] state=SCANNING | rows=4 | claims=0
2026-07-03 12:48:05 [INFO] [loop_tick] state=SCANNING | rows=5 | claims=0
2026-07-03 12:48:06 [INFO] [loop_tick] state=SCANNING | rows=4 | claims=0
2026-07-03 12:48:06 [INFO] [loop_tick] state=SCANNING | rows=4 | claims=0
2026-07-03 12:48:06 [INFO] [loop_tick] state=SCANNING | rows=6 | claims=0
2026-07-03 12:48:06 [INFO] [loop_tick] state=SCANNING | rows=5 | claims=0
2026-07-03 12:48:06 [INFO] [loop_tick] state=SCANNING | rows=3 | claims=0
2026-07-03 12:48:06 [INFO] [loop_tick] state=SCANNING | rows=5 | claims=0
2026-07-03 12:48:06 [INFO] [loop_tick] state=SCANNING | rows=5 | claims=0
2026-07-03 12:48:06 [INFO] [loop_tick] state=SCANNING | rows=5 | claims=0
2026-07-03 12:48:06 [INFO] [loop_tick] state=SCANNING | rows=7 | claims=0
2026-07-03 12:48:07 [INFO] [loop_tick] state=SCANNING | rows=5 | claims=0
2026-07-03 12:48:07 [INFO] [loop_tick] state=SCANNING | rows=5 | claims=0
2026-07-03 12:48:07 [INFO] [loop_tick] state=SCANNING | rows=6 | claims=0
2026-07-03 12:48:07 [INFO] [loop_tick] state=SCANNING | rows=5 | claims=0
2026-07-03 12:48:07 [INFO] [loop_tick] state=SCANNING | rows=5 | claims=0
2026-07-03 12:48:07 [INFO] [loop_tick] state=SCANNING | rows=5 | claims=0
2026-07-03 12:48:07 [INFO] [loop_tick] state=SCANNING | rows=4 | claims=0
2026-07-03 12:48:08 [INFO] [loop_tick] state=SCANNING | rows=6 | claims=0
2026-07-03 12:48:08 [INFO] [loop_tick] state=SCANNING | rows=4 | claims=0
2026-07-03 12:48:08 [INFO] [loop_tick] state=SCANNING | rows=5 | claims=0
2026-07-03 12:48:08 [INFO] [loop_tick] state=SCANNING | rows=5 | claims=0
2026-07-03 12:48:08 [INFO] [loop_tick] state=SCANNING | rows=5 | claims=0
2026-07-03 12:48:08 [INFO] [loop_tick] state=SCANNING | rows=6 | claims=0
2026-07-03 12:48:08 [INFO] [loop_tick] state=SCANNING | rows=6 | claims=0
2026-07-03 12:48:08 [INFO] [loop_tick] state=SCANNING | rows=6 | claims=0
2026-07-03 12:48:08 [INFO] [loop_tick] state=SCANNING | rows=2 | claims=0
2026-07-03 12:48:09 [INFO] [loop_tick] state=SCANNING | rows=2 | claims=0
2026-07-03 12:48:10 [INFO] [loop_tick] state=SCANNING | rows=2 | claims=0
2026-07-03 12:48:10 [INFO] [loop_tick] state=SCANNING | rows=2 | claims=0
2026-07-03 12:48:10 [INFO] [loop_tick] state=SCANNING | rows=1 | claims=0
2026-07-03 12:48:10 [INFO] [loop_tick] state=SCANNING | rows=1 | claims=0
2026-07-03 12:48:11 [INFO] [loop_tick] state=SCANNING | rows=1 | claims=0
2026-07-03 12:48:11 [INFO] [loop_tick] state=SCANNING | rows=1 | claims=0
2026-07-03 12:48:11 [INFO] [loop_tick] state=SCANNING | rows=1 | claims=0
2026-07-03 12:48:11 [INFO] [loop_tick] state=SCANNING | rows=1 | claims=0
2026-07-03 12:48:11 [INFO] [loop_tick] state=SCANNING | rows=1 | claims=0
2026-07-03 12:48:11 [INFO] [loop_tick] state=SCANNING | rows=1 | claims=0
2026-07-03 12:48:11 [INFO] [loop_tick] state=SCANNING | rows=1 | claims=0
2026-07-03 12:48:12 [INFO] [loop_tick] state=SCANNING | rows=1 | claims=0
2026-07-03 12:48:12 [INFO] [loop_tick] state=SCANNING | rows=1 | claims=0
2026-07-03 12:48:12 [INFO] [loop_tick] state=SCANNING | rows=1 | claims=0
2026-07-03 12:48:12 [INFO] [loop_tick] state=SCANNING | rows=1 | claims=0
2026-07-03 12:48:12 [INFO] [loop_tick] state=SCANNING | rows=1 | claims=0
2026-07-03 12:48:12 [INFO] [loop_tick] state=SCANNING | rows=1 | claims=0
2026-07-03 12:48:12 [INFO] [loop_tick] state=SCANNING | rows=1 | claims=0
2026-07-03 12:48:13 [INFO] [loop_tick] state=SCANNING | rows=1 | claims=0
2026-07-03 12:48:13 [INFO] [loop_tick] state=SCANNING | rows=1 | claims=0
2026-07-03 12:48:13 [INFO] [loop_tick] state=SCANNING | rows=1 | claims=0
2026-07-03 12:48:13 [INFO] [loop_tick] state=SCANNING | rows=1 | claims=0
2026-07-03 12:48:13 [INFO] [loop_tick] state=SCANNING | rows=1 | claims=0
2026-07-03 12:48:13 [INFO] [loop_tick] state=SCANNING | rows=1 | claims=0
2026-07-03 12:48:13 [INFO] [loop_tick] state=SCANNING | rows=1 | claims=0
2026-07-03 12:48:13 [INFO] [loop_tick] state=SCANNING | rows=1 | claims=0
2026-07-03 12:48:13 [INFO] [loop_tick] state=SCANNING | rows=1 | claims=0
2026-07-03 12:48:15 [INFO] [loop_tick] state=SCANNING | rows=5 | claims=0
2026-07-03 12:48:15 [INFO] [loop_tick] state=SCANNING | rows=5 | claims=0
2026-07-03 12:48:15 [INFO] [loop_tick] state=SCANNING | rows=5 | claims=0
2026-07-03 12:48:15 [INFO] [loop_tick] state=SCANNING | rows=6 | claims=0
2026-07-03 12:48:15 [INFO] [loop_tick] state=SCANNING | rows=6 | claims=0
2026-07-03 12:48:15 [INFO] [loop_tick] state=SCANNING | rows=5 | claims=0
2026-07-03 12:48:16 [INFO] [loop_tick] state=SCANNING | rows=5 | claims=0
2026-07-03 12:48:16 [INFO] [loop_tick] state=SCANNING | rows=5 | claims=0
2026-07-03 12:48:16 [INFO] [loop_tick] state=SCANNING | rows=6 | claims=0
2026-07-03 12:48:16 [INFO] [loop_tick] state=SCANNING | rows=6 | claims=0
2026-07-03 12:48:16 [INFO] [loop_tick] state=SCANNING | rows=4 | claims=0
2026-07-03 12:48:16 [INFO] [loop_tick] state=SCANNING | rows=6 | claims=0
2026-07-03 12:48:16 [INFO] [loop_tick] state=SCANNING | rows=5 | claims=0
2026-07-03 12:48:16 [INFO] [loop_tick] state=SCANNING | rows=4 | claims=0
2026-07-03 12:48:17 [INFO] [loop_tick] state=SCANNING | rows=6 | claims=0
2026-07-03 12:48:17 [INFO] [loop_tick] state=SCANNING | rows=6 | claims=0
2026-07-03 12:48:17 [INFO] [loop_tick] state=SCANNING | rows=6 | claims=0
2026-07-03 12:48:17 [INFO] [loop_tick] state=SCANNING | rows=6 | claims=0
2026-07-03 12:48:17 [INFO] [loop_tick] state=SCANNING | rows=5 | claims=0
2026-07-03 12:48:17 [INFO] [loop_tick] state=SCANNING | rows=5 | claims=0
2026-07-03 12:48:17 [INFO] [loop_tick] state=SCANNING | rows=6 | claims=0
2026-07-03 12:48:17 [INFO] [loop_tick] state=SCANNING | rows=5 | claims=0
2026-07-03 12:48:18 [INFO] [loop_tick] state=SCANNING | rows=7 | claims=0
2026-07-03 12:48:18 [INFO] [loop_tick] state=SCANNING | rows=6 | claims=0
2026-07-03 12:48:18 [INFO] [loop_tick] state=SCANNING | rows=6 | claims=0
2026-07-03 12:48:18 [INFO] [loop_tick] state=SCANNING | rows=4 | claims=0
2026-07-03 12:48:18 [INFO] [loop_tick] state=SCANNING | rows=4 | claims=0
2026-07-03 12:48:18 [INFO] [loop_tick] state=SCANNING | rows=6 | claims=0
2026-07-03 12:48:18 [INFO] [loop_tick] state=SCANNING | rows=1 | claims=0
2026-07-03 12:48:19 [INFO] [loop_tick] state=SCANNING | rows=3 | claims=0
2026-07-03 12:48:19 [INFO] [loop_tick] state=SCANNING | rows=3 | claims=0
2026-07-03 12:48:19 [INFO] [loop_tick] state=SCANNING | rows=4 | claims=0
2026-07-03 12:48:19 [INFO] [loop_tick] state=SCANNING | rows=3 | claims=0
2026-07-03 12:48:19 [INFO] [loop_tick] state=SCANNING | rows=3 | claims=0
2026-07-03 12:48:19 [INFO] [loop_tick] state=SCANNING | rows=2 | claims=0
2026-07-03 12:48:19 [INFO] [loop_tick] state=SCANNING | rows=2 | claims=0
2026-07-03 12:48:19 [INFO] [loop_tick] state=SCANNING | rows=3 | claims=0
2026-07-03 12:48:19 [INFO] [loop_tick] state=SCANNING | rows=3 | claims=0
2026-07-03 12:48:20 [INFO] [loop_tick] state=SCANNING | rows=4 | claims=0
2026-07-03 12:48:20 [INFO] [loop_tick] state=SCANNING | rows=3 | claims=0
2026-07-03 12:48:20 [INFO] [loop_tick] state=SCANNING | rows=4 | claims=0
2026-07-03 12:48:20 [INFO] [loop_tick] state=SCANNING | rows=5 | claims=0
2026-07-03 12:48:20 [INFO] [loop_tick] state=SCANNING | rows=4 | claims=0
2026-07-03 12:48:20 [INFO] [loop_tick] state=SCANNING | rows=3 | claims=0
2026-07-03 12:48:20 [INFO] [loop_tick] state=SCANNING | rows=6 | claims=0
2026-07-03 12:48:20 [INFO] [loop_tick] state=SCANNING | rows=5 | claims=0
2026-07-03 12:48:21 [INFO] [loop_tick] state=SCANNING | rows=4 | claims=0
2026-07-03 12:48:21 [INFO] [loop_tick] state=SCANNING | rows=5 | claims=0
2026-07-03 12:48:21 [INFO] [loop_tick] state=SCANNING | rows=6 | claims=0
2026-07-03 12:48:21 [INFO] [loop_tick] state=SCANNING | rows=6 | claims=0
2026-07-03 12:48:21 [INFO] [loop_tick] state=SCANNING | rows=4 | claims=0
2026-07-03 12:48:21 [INFO] [loop_tick] state=SCANNING | rows=4 | claims=0
2026-07-03 12:48:21 [INFO] [loop_tick] state=SCANNING | rows=4 | claims=0
2026-07-03 12:48:21 [INFO] [loop_tick] state=SCANNING | rows=5 | claims=0
2026-07-03 12:48:21 [INFO] [loop_tick] state=SCANNING | rows=4 | claims=0
2026-07-03 12:48:22 [INFO] [loop_tick] state=SCANNING | rows=5 | claims=0
2026-07-03 12:48:22 [INFO] [loop_tick] state=SCANNING | rows=5 | claims=0
2026-07-03 12:48:22 [INFO] [loop_tick] state=SCANNING | rows=4 | claims=0
2026-07-03 12:48:22 [INFO] [loop_tick] state=SCANNING | rows=5 | claims=0
2026-07-03 12:48:22 [INFO] [loop_tick] state=SCANNING | rows=5 | claims=0
2026-07-03 12:48:22 [INFO] [loop_tick] state=SCANNING | rows=5 | claims=0
2026-07-03 12:48:22 [INFO] [loop_tick] state=SCANNING | rows=5 | claims=0
2026-07-03 12:48:22 [INFO] [loop_tick] state=SCANNING | rows=5 | claims=0
2026-07-03 12:48:23 [INFO] [loop_tick] state=SCANNING | rows=5 | claims=0
2026-07-03 12:48:23 [INFO] [loop_tick] state=SCANNING | rows=5 | claims=0
2026-07-03 12:48:23 [INFO] [loop_tick] state=SCANNING | rows=5 | claims=0
2026-07-03 12:48:23 [INFO] [loop_tick] state=SCANNING | rows=5 | claims=0
2026-07-03 12:48:23 [INFO] [loop_tick] state=SCANNING | rows=5 | claims=0
2026-07-03 12:48:23 [INFO] [loop_tick] state=SCANNING | rows=5 | claims=0
2026-07-03 12:48:24 [INFO] [loop_tick] state=SCANNING | rows=5 | claims=0
2026-07-03 12:48:24 [INFO] [loop_tick] state=SCANNING | rows=5 | claims=0
2026-07-03 12:48:24 [INFO] [loop_tick] state=SCANNING | rows=1 | claims=0
2026-07-03 12:48:24 [INFO] [loop_tick] state=SCANNING | rows=1 | claims=0
2026-07-03 12:48:24 [INFO] [loop_tick] state=SCANNING | rows=1 | claims=0
2026-07-03 12:48:25 [INFO] [loop_tick] state=SCANNING | rows=1 | claims=0
2026-07-03 12:48:25 [INFO] [loop_tick] state=SCANNING | rows=1 | claims=0
2026-07-03 12:48:25 [INFO] [loop_tick] state=SCANNING | rows=1 | claims=0
2026-07-03 12:48:25 [INFO] [loop_tick] state=SCANNING | rows=1 | claims=0
2026-07-03 12:48:25 [INFO] [loop_tick] state=SCANNING | rows=1 | claims=0
2026-07-03 12:48:26 [INFO] [loop_tick] state=SCANNING | rows=2 | claims=0
2026-07-03 12:48:26 [INFO] [loop_tick] state=SCANNING | rows=1 | claims=0
2026-07-03 12:48:26 [INFO] [loop_tick] state=SCANNING | rows=2 | claims=0
2026-07-03 12:48:26 [INFO] [loop_tick] state=SCANNING | rows=2 | claims=0
2026-07-03 12:48:26 [INFO] [loop_tick] state=SCANNING | rows=2 | claims=0
2026-07-03 12:48:27 [INFO] [loop_tick] state=SCANNING | rows=1 | claims=0
2026-07-03 12:48:27 [INFO] [loop_tick] state=SCANNING | rows=1 | claims=0
2026-07-03 12:48:27 [INFO] [loop_tick] state=SCANNING | rows=1 | claims=0
2026-07-03 12:48:27 [INFO] [loop_tick] state=SCANNING | rows=1 | claims=0
2026-07-03 12:48:28 [INFO] [loop_tick] state=SCANNING | rows=1 | claims=0
2026-07-03 12:48:28 [INFO] [loop_tick] state=SCANNING | rows=1 | claims=0
2026-07-03 12:48:28 [INFO] [loop_tick] state=SCANNING | rows=1 | claims=0
2026-07-03 12:48:28 [INFO] [loop_tick] state=SCANNING | rows=1 | claims=0
2026-07-03 12:48:32 [INFO] [loop_tick] state=SCANNING | rows=1 | claims=0
2026-07-03 12:48:32 [INFO] [loop_tick] state=SCANNING | rows=1 | claims=0
2026-07-03 12:48:32 [INFO] [loop_tick] state=SCANNING | rows=1 | claims=0
2026-07-03 12:48:32 [INFO] [loop_tick] state=SCANNING | rows=1 | claims=0
2026-07-03 12:48:33 [INFO] [loop_tick] state=SCANNING | rows=1 | claims=0
2026-07-03 12:48:34 [INFO] [loop_tick] state=SCANNING | rows=3 | claims=0
2026-07-03 12:48:35 [INFO] [loop_tick] state=SCANNING | rows=3 | claims=0
2026-07-03 12:48:35 [INFO] [loop_tick] state=SCANNING | rows=5 | claims=0
2026-07-03 12:48:35 [INFO] [loop_tick] state=SCANNING | rows=4 | claims=0
2026-07-03 12:48:35 [INFO] [loop_tick] state=SCANNING | rows=5 | claims=0
2026-07-03 12:48:35 [INFO] [loop_tick] state=SCANNING | rows=5 | claims=0
2026-07-03 12:48:35 [INFO] [loop_tick] state=SCANNING | rows=3 | claims=0
2026-07-03 12:48:36 [INFO] [loop_tick] state=SCANNING | rows=5 | claims=0
2026-07-03 12:48:36 [INFO] [loop_tick] state=SCANNING | rows=5 | claims=0
2026-07-03 12:48:36 [INFO] [loop_tick] state=SCANNING | rows=5 | claims=0
2026-07-03 12:48:36 [INFO] [loop_tick] state=SCANNING | rows=5 | claims=0
2026-07-03 12:48:36 [INFO] [loop_tick] state=SCANNING | rows=5 | claims=0
2026-07-03 12:48:36 [INFO] [loop_tick] state=SCANNING | rows=3 | claims=0
2026-07-03 12:48:36 [INFO] [loop_tick] state=SCANNING | rows=5 | claims=0
2026-07-03 12:48:37 [INFO] [loop_tick] state=SCANNING | rows=5 | claims=0
2026-07-03 12:48:37 [INFO] [loop_tick] state=SCANNING | rows=5 | claims=0
2026-07-03 12:48:37 [INFO] [loop_tick] state=SCANNING | rows=4 | claims=0
2026-07-03 12:48:37 [INFO] [loop_tick] state=SCANNING | rows=5 | claims=0
2026-07-03 12:48:37 [INFO] [loop_tick] state=SCANNING | rows=5 | claims=0
2026-07-03 12:48:37 [INFO] [loop_tick] state=SCANNING | rows=6 | claims=0
2026-07-03 12:48:38 [INFO] [loop_tick] state=SCANNING | rows=6 | claims=0
2026-07-03 12:48:38 [INFO] [loop_tick] state=SCANNING | rows=6 | claims=0
2026-07-03 12:48:38 [INFO] [loop_tick] state=SCANNING | rows=3 | claims=0
2026-07-03 12:48:38 [INFO] [loop_tick] state=SCANNING | rows=3 | claims=0
2026-07-03 12:48:38 [INFO] [loop_tick] state=SCANNING | rows=6 | claims=0
2026-07-03 12:48:38 [INFO] [loop_tick] state=SCANNING | rows=4 | claims=0
2026-07-03 12:48:38 [INFO] [loop_tick] state=SCANNING | rows=3 | claims=0
2026-07-03 12:48:39 [INFO] [loop_tick] state=SCANNING | rows=5 | claims=0
2026-07-03 12:48:39 [INFO] [loop_tick] state=SCANNING | rows=5 | claims=0
2026-07-03 12:48:39 [INFO] [loop_tick] state=SCANNING | rows=3 | claims=0
2026-07-03 12:48:39 [INFO] [loop_tick] state=SCANNING | rows=4 | claims=0
2026-07-03 12:48:39 [INFO] [loop_tick] state=SCANNING | rows=4 | claims=0
2026-07-03 12:48:39 [INFO] [loop_tick] state=SCANNING | rows=4 | claims=0
2026-07-03 12:48:40 [INFO] [loop_tick] state=SCANNING | rows=6 | claims=0
2026-07-03 12:48:40 [INFO] [loop_tick] state=SCANNING | rows=4 | claims=0
2026-07-03 12:48:40 [INFO] [loop_tick] state=SCANNING | rows=4 | claims=0
2026-07-03 12:48:40 [INFO] [loop_tick] state=SCANNING | rows=3 | claims=0
2026-07-03 12:48:40 [INFO] [loop_tick] state=SCANNING | rows=2 | claims=0
2026-07-03 12:48:40 [INFO] [loop_tick] state=SCANNING | rows=2 | claims=0
2026-07-03 12:48:40 [INFO] [loop_tick] state=SCANNING | rows=3 | claims=0
2026-07-03 12:48:41 [INFO] [loop_tick] state=SCANNING | rows=4 | claims=0
2026-07-03 12:48:41 [INFO] [loop_tick] state=SCANNING | rows=3 | claims=0
2026-07-03 12:48:41 [INFO] [loop_tick] state=SCANNING | rows=3 | claims=0
2026-07-03 12:48:41 [INFO] [loop_tick] state=SCANNING | rows=4 | claims=0
2026-07-03 12:48:41 [INFO] [loop_tick] state=SCANNING | rows=4 | claims=0
2026-07-03 12:48:41 [INFO] [loop_tick] state=SCANNING | rows=4 | claims=0
2026-07-03 12:48:42 [INFO] [loop_tick] state=SCANNING | rows=5 | claims=0
2026-07-03 12:48:42 [INFO] [loop_tick] state=SCANNING | rows=4 | claims=0
2026-07-03 12:48:42 [INFO] [loop_tick] state=SCANNING | rows=6 | claims=0
2026-07-03 12:48:42 [INFO] [loop_tick] state=SCANNING | rows=5 | claims=0
2026-07-03 12:48:42 [INFO] [loop_tick] state=SCANNING | rows=6 | claims=0
2026-07-03 12:48:42 [INFO] [loop_tick] state=SCANNING | rows=6 | claims=0
2026-07-03 12:48:42 [INFO] [loop_tick] state=SCANNING | rows=5 | claims=0
2026-07-03 12:48:43 [INFO] [loop_tick] state=SCANNING | rows=5 | claims=0
2026-07-03 12:48:43 [INFO] [loop_tick] state=SCANNING | rows=6 | claims=0
2026-07-03 12:48:43 [INFO] [loop_tick] state=SCANNING | rows=6 | claims=0
2026-07-03 12:48:43 [INFO] [loop_tick] state=SCANNING | rows=6 | claims=0
2026-07-03 12:48:43 [INFO] [loop_tick] state=SCANNING | rows=5 | claims=0
2026-07-03 12:48:43 [INFO] [loop_tick] state=SCANNING | rows=6 | claims=0
2026-07-03 12:48:44 [INFO] [loop_tick] state=SCANNING | rows=6 | claims=0
2026-07-03 12:48:44 [INFO] [loop_tick] state=SCANNING | rows=1 | claims=0
2026-07-03 12:48:44 [INFO] [loop_tick] state=SCANNING | rows=1 | claims=0
2026-07-03 12:48:45 [INFO] [loop_tick] state=SCANNING | rows=1 | claims=0
2026-07-03 12:48:45 [INFO] [loop_tick] state=SCANNING | rows=1 | claims=0
2026-07-03 12:48:45 [INFO] [loop_tick] state=SCANNING | rows=1 | claims=0
2026-07-03 12:48:45 [INFO] [loop_tick] state=SCANNING | rows=1 | claims=0
2026-07-03 12:48:45 [INFO] [loop_tick] state=SCANNING | rows=1 | claims=0
2026-07-03 12:48:45 [INFO] [loop_tick] state=SCANNING | rows=1 | claims=0
2026-07-03 12:48:46 [INFO] [loop_tick] state=SCANNING | rows=2 | claims=0
2026-07-03 12:48:46 [INFO] [loop_tick] state=SCANNING | rows=1 | claims=0
2026-07-03 12:48:46 [INFO] [loop_tick] state=SCANNING | rows=1 | claims=0
2026-07-03 12:48:46 [INFO] [loop_tick] state=SCANNING | rows=1 | claims=0
2026-07-03 12:48:47 [INFO] [loop_tick] state=SCANNING | rows=1 | claims=0
2026-07-03 12:48:47 [INFO] [loop_tick] state=SCANNING | rows=1 | claims=0
2026-07-03 12:48:47 [INFO] [loop_tick] state=SCANNING | rows=1 | claims=0
2026-07-03 12:48:47 [INFO] [loop_tick] state=SCANNING | rows=1 | claims=0
2026-07-03 12:48:47 [INFO] [loop_tick] state=SCANNING | rows=1 | claims=0
2026-07-03 12:48:47 [INFO] [loop_tick] state=SCANNING | rows=1 | claims=0
2026-07-03 12:48:48 [INFO] [loop_tick] state=SCANNING | rows=1 | claims=0
2026-07-03 12:48:48 [INFO] [loop_tick] state=SCANNING | rows=1 | claims=0
2026-07-03 12:48:48 [INFO] [loop_tick] state=SCANNING | rows=1 | claims=0
2026-07-03 12:48:48 [INFO] [loop_tick] state=SCANNING | rows=1 | claims=0
2026-07-03 12:48:48 [INFO] [loop_tick] state=SCANNING | rows=1 | claims=0
2026-07-03 12:48:48 [INFO] [loop_tick] state=SCANNING | rows=1 | claims=0
2026-07-03 12:48:48 [INFO] [loop_tick] state=SCANNING | rows=1 | claims=0
2026-07-03 12:48:49 [INFO] [loop_tick] state=SCANNING | rows=1 | claims=0
2026-07-03 12:48:49 [INFO] [loop_tick] state=SCANNING | rows=1 | claims=0
2026-07-03 12:48:49 [INFO] [loop_tick] state=SCANNING | rows=1 | claims=0
2026-07-03 12:48:49 [INFO] [loop_tick] state=SCANNING | rows=1 | claims=0
2026-07-03 12:48:49 [INFO] [loop_tick] state=SCANNING | rows=1 | claims=0
2026-07-03 12:48:50 [INFO] [loop_tick] state=SCANNING | rows=1 | claims=0
2026-07-03 12:48:50 [INFO] [loop_tick] state=SCANNING | rows=1 | claims=0
2026-07-03 12:48:50 [INFO] [loop_tick] state=SCANNING | rows=1 | claims=0
2026-07-03 12:48:50 [INFO] [loop_tick] state=SCANNING | rows=1 | claims=0
2026-07-03 12:48:51 [INFO] [loop_tick] state=SCANNING | rows=1 | claims=0
2026-07-03 12:48:51 [INFO] [loop_tick] state=SCANNING | rows=1 | claims=0
2026-07-03 12:48:51 [INFO] [loop_tick] state=SCANNING | rows=1 | claims=0
2026-07-03 12:48:53 [INFO] [loop_tick] state=SCANNING | rows=2 | claims=0
2026-07-03 12:48:53 [INFO] [loop_tick] state=SCANNING | rows=2 | claims=0
2026-07-03 12:48:53 [INFO] [loop_tick] state=SCANNING | rows=2 | claims=0
2026-07-03 12:48:53 [INFO] [loop_tick] state=SCANNING | rows=2 | claims=0
2026-07-03 12:48:53 [INFO] [loop_tick] state=SCANNING | rows=2 | claims=0
2026-07-03 12:48:53 [INFO] [loop_tick] state=SCANNING | rows=6 | claims=0
2026-07-03 12:48:53 [INFO] [loop_tick] state=SCANNING | rows=7 | claims=0
2026-07-03 12:48:54 [INFO] [loop_tick] state=SCANNING | rows=2 | claims=0
2026-07-03 12:48:54 [INFO] [loop_tick] state=SCANNING | rows=2 | claims=0
2026-07-03 12:48:54 [INFO] [loop_tick] state=SCANNING | rows=2 | claims=0
2026-07-03 12:48:54 [INFO] [loop_tick] state=SCANNING | rows=2 | claims=0
2026-07-03 12:48:55 [INFO] [loop_tick] state=SCANNING | rows=2 | claims=0
2026-07-03 12:48:55 [INFO] [loop_tick] state=SCANNING | rows=3 | claims=0
2026-07-03 12:48:55 [INFO] [loop_tick] state=SCANNING | rows=1 | claims=0
2026-07-03 12:48:55 [INFO] [loop_tick] state=SCANNING | rows=3 | claims=0
2026-07-03 12:48:55 [INFO] [loop_tick] state=SCANNING | rows=3 | claims=0
2026-07-03 12:48:55 [INFO] [loop_tick] state=SCANNING | rows=2 | claims=0
2026-07-03 12:48:55 [INFO] [loop_tick] state=SCANNING | rows=3 | claims=0
2026-07-03 12:48:56 [INFO] [loop_tick] state=SCANNING | rows=3 | claims=0
2026-07-03 12:48:56 [INFO] [loop_tick] state=SCANNING | rows=2 | claims=0
2026-07-03 12:48:56 [INFO] [loop_tick] state=SCANNING | rows=3 | claims=0
2026-07-03 12:48:56 [INFO] [loop_tick] state=SCANNING | rows=2 | claims=0
2026-07-03 12:48:57 [INFO] [loop_tick] state=SCANNING | rows=2 | claims=0
2026-07-03 12:48:57 [INFO] [loop_tick] state=SCANNING | rows=1 | claims=0
2026-07-03 12:48:57 [INFO] [loop_tick] state=SCANNING | rows=2 | claims=0
2026-07-03 12:48:57 [INFO] [loop_tick] state=SCANNING | rows=2 | claims=0
2026-07-03 12:48:57 [INFO] [loop_tick] state=SCANNING | rows=2 | claims=0
2026-07-03 12:49:10 [INFO] [loop_tick] state=SCANNING | rows=2 | claims=0
2026-07-03 12:49:11 [INFO] [loop_tick] state=SCANNING | rows=2 | claims=0
2026-07-03 12:49:12 [INFO] [loop_tick] state=SCANNING | rows=2 | claims=0
2026-07-03 12:49:16 [INFO] [loop_tick] state=SCANNING | rows=2 | claims=0
2026-07-03 12:49:18 [INFO] [loop_tick] state=SCANNING | rows=2 | claims=0
2026-07-03 12:49:25 [INFO] [loop_tick] state=SCANNING | rows=2 | claims=0
2026-07-03 12:49:26 [INFO] [loop_tick] state=SCANNING | rows=1 | claims=0
2026-07-03 12:49:26 [INFO] [loop_tick] state=SCANNING | rows=4 | claims=0
2026-07-03 12:49:27 [INFO] [loop_tick] state=SCANNING | rows=4 | claims=0
2026-07-03 12:49:29 [INFO] [loop_tick] state=SCANNING | rows=2 | claims=0
2026-07-03 12:49:31 [INFO] [loop_tick] state=SCANNING | rows=2 | claims=0
2026-07-03 12:49:33 [INFO] [loop_tick] state=SCANNING | rows=2 | claims=0
2026-07-03 12:49:36 [INFO] [loop_tick] state=SCANNING | rows=2 | claims=0
2026-07-03 12:49:38 [INFO] [loop_tick] state=SCANNING | rows=2 | claims=0
2026-07-03 12:49:40 [INFO] [loop_tick] state=SCANNING | rows=2 | claims=0
2026-07-03 12:49:42 [INFO] [loop_tick] state=SCANNING | rows=2 | claims=0
2026-07-03 12:49:44 [INFO] [loop_tick] state=SCANNING | rows=2 | claims=0
2026-07-03 12:49:47 [INFO] [loop_tick] state=SCANNING | rows=2 | claims=0
2026-07-03 12:49:49 [INFO] [loop_tick] state=SCANNING | rows=2 | claims=0
2026-07-03 12:49:51 [INFO] [loop_tick] state=SCANNING | rows=1 | claims=0
2026-07-03 12:49:54 [INFO] [loop_tick] state=SCANNING | rows=1 | claims=0
2026-07-03 12:49:56 [INFO] [loop_tick] state=SCANNING | rows=1 | claims=0
2026-07-03 12:49:59 [INFO] [loop_tick] state=SCANNING | rows=1 | claims=0
2026-07-03 12:50:20 [INFO] [row_detected] total_rows=1 | claim_rows=[0]
2026-07-03 12:50:20 [INFO] [claim_found] row_id=0 | text=CLAIM | confidence=0.999 | claim_cell=(1169, 619)
2026-07-03 12:50:20 [INFO] [state_change] from_state=SCANNING | to_state=CLAIM_FOUND
2026-07-03 12:50:20 [INFO] [state_change] from_state=CLAIM_FOUND | to_state=CLICK_CLAIM
2026-07-03 12:50:21 [INFO] [claim_cell_clicked] row_id=0 | x=1169 | y=619
2026-07-03 12:50:21 [INFO] [state_change] from_state=CLICK_CLAIM | to_state=WAIT_USERNAME
2026-07-03 12:50:22 [INFO] [claim_verified] y_key=616 | cell_text=phan | elapsed_s=1.706
2026-07-03 12:50:22 [INFO] [state_change] from_state=WAIT_USERNAME | to_state=CLAIM_SUCCESS
2026-07-03 12:50:23 [INFO] [select_clicked] y_key=616 | x=1316 | y=619
2026-07-03 12:50:24 [INFO] [state_change] from_state=CLAIM_SUCCESS | to_state=CLICK_SELECT
2026-07-03 12:50:24 [INFO] [state_change] from_state=CLICK_SELECT | to_state=CLICK_CONNECT
2026-07-03 12:50:25 [INFO] [connect_clicked] y_key=616 | x=768 | y=88
2026-07-03 12:50:25 [INFO] [state_change] from_state=CLICK_CONNECT | to_state=CONNECTED
2026-07-03 12:50:25 [INFO] ✓ Connected! Waiting 1000ms then entering STOPPED state.
2026-07-03 12:50:26 [INFO] [state_change] from_state=CONNECTED | to_state=STOPPED
2026-07-03 12:51:59 [INFO] Automation ENABLED (F8)
2026-07-03 12:51:59 [INFO] [state_change] from_state=STOPPED | to_state=SCANNING
2026-07-03 12:51:59 [INFO] [loop_tick] state=SCANNING | rows=3 | claims=0
2026-07-03 12:51:59 [INFO] [loop_tick] state=SCANNING | rows=3 | claims=0
2026-07-03 12:52:02 [INFO] [loop_tick] state=SCANNING | rows=3 | claims=0
2026-07-03 12:52:04 [INFO] [loop_tick] state=SCANNING | rows=3 | claims=0
2026-07-03 12:52:07 [INFO] [loop_tick] state=SCANNING | rows=3 | claims=0
2026-07-03 12:52:09 [INFO] [loop_tick] state=SCANNING | rows=3 | claims=0
2026-07-03 12:52:12 [INFO] [loop_tick] state=SCANNING | rows=3 | claims=0
2026-07-03 12:52:14 [INFO] [loop_tick] state=SCANNING | rows=3 | claims=0
2026-07-03 12:52:17 [INFO] [loop_tick] state=SCANNING | rows=3 | claims=0
2026-07-03 12:52:19 [INFO] [loop_tick] state=SCANNING | rows=3 | claims=0
2026-07-03 12:52:21 [INFO] [row_detected] total_rows=4 | claim_rows=[0]
2026-07-03 12:52:21 [INFO] [claim_found] row_id=0 | text=CLAIM | confidence=0.999 | claim_cell=(1169, 619)
2026-07-03 12:52:21 [INFO] [state_change] from_state=SCANNING | to_state=CLAIM_FOUND
2026-07-03 12:52:21 [INFO] [state_change] from_state=CLAIM_FOUND | to_state=CLICK_CLAIM
2026-07-03 12:52:22 [INFO] [claim_cell_clicked] row_id=0 | x=1169 | y=619
2026-07-03 12:52:22 [INFO] [state_change] from_state=CLICK_CLAIM | to_state=WAIT_USERNAME
2026-07-03 12:52:24 [INFO] [claim_verified] y_key=616 | cell_text=phan | elapsed_s=1.505
2026-07-03 12:52:24 [INFO] [state_change] from_state=WAIT_USERNAME | to_state=CLAIM_SUCCESS
2026-07-03 12:52:24 [INFO] [select_clicked] y_key=616 | x=1316 | y=619
2026-07-03 12:52:25 [INFO] [state_change] from_state=CLAIM_SUCCESS | to_state=CLICK_SELECT
2026-07-03 12:52:25 [INFO] [state_change] from_state=CLICK_SELECT | to_state=CLICK_CONNECT
2026-07-03 12:52:26 [INFO] [connect_clicked] y_key=616 | x=768 | y=88
2026-07-03 12:52:26 [INFO] [state_change] from_state=CLICK_CONNECT | to_state=CONNECTED
2026-07-03 12:52:26 [INFO] ✓ Connected! Waiting 1000ms then entering STOPPED state.
2026-07-03 12:52:27 [INFO] [state_change] from_state=CONNECTED | to_state=STOPPED
2026-07-03 12:52:43 [INFO] Automation ENABLED (F8)
2026-07-03 12:52:43 [INFO] [state_change] from_state=STOPPED | to_state=SCANNING
2026-07-03 12:52:43 [INFO] [loop_tick] state=SCANNING | rows=3 | claims=0
2026-07-03 12:52:44 [INFO] [loop_tick] state=SCANNING | rows=3 | claims=0
2026-07-03 12:52:44 [INFO] [loop_tick] state=SCANNING | rows=3 | claims=0
2026-07-03 12:52:46 [INFO] [loop_tick] state=SCANNING | rows=3 | claims=0
2026-07-03 12:52:49 [INFO] [loop_tick] state=SCANNING | rows=3 | claims=0
2026-07-03 12:52:52 [INFO] [loop_tick] state=SCANNING | rows=3 | claims=0
2026-07-03 12:52:54 [INFO] [loop_tick] state=SCANNING | rows=3 | claims=0
2026-07-03 12:52:56 [INFO] [loop_tick] state=SCANNING | rows=3 | claims=0
2026-07-03 12:52:58 [INFO] [loop_tick] state=SCANNING | rows=3 | claims=0
2026-07-03 12:53:00 [INFO] [loop_tick] state=SCANNING | rows=3 | claims=0
2026-07-03 12:53:03 [INFO] [loop_tick] state=SCANNING | rows=3 | claims=0
2026-07-03 12:53:05 [INFO] [loop_tick] state=SCANNING | rows=3 | claims=0
2026-07-03 12:53:07 [INFO] [loop_tick] state=SCANNING | rows=3 | claims=0
2026-07-03 12:53:09 [INFO] [loop_tick] state=SCANNING | rows=3 | claims=0
2026-07-03 12:53:12 [INFO] [loop_tick] state=SCANNING | rows=3 | claims=0
2026-07-03 12:53:14 [INFO] [loop_tick] state=SCANNING | rows=3 | claims=0
2026-07-03 12:53:17 [INFO] [loop_tick] state=SCANNING | rows=3 | claims=0
2026-07-03 12:53:19 [INFO] [loop_tick] state=SCANNING | rows=3 | claims=0
2026-07-03 12:53:22 [INFO] [loop_tick] state=SCANNING | rows=3 | claims=0
2026-07-03 12:53:24 [INFO] [loop_tick] state=SCANNING | rows=3 | claims=0
2026-07-03 12:53:26 [INFO] [loop_tick] state=SCANNING | rows=3 | claims=0
2026-07-03 12:53:29 [INFO] [loop_tick] state=SCANNING | rows=3 | claims=0
2026-07-03 12:53:30 [INFO] [loop_tick] state=SCANNING | rows=3 | claims=0
2026-07-03 12:53:33 [INFO] [loop_tick] state=SCANNING | rows=3 | claims=0
2026-07-03 12:53:35 [INFO] [loop_tick] state=SCANNING | rows=3 | claims=0
2026-07-03 12:53:38 [INFO] [loop_tick] state=SCANNING | rows=3 | claims=0
2026-07-03 12:53:40 [INFO] [loop_tick] state=SCANNING | rows=3 | claims=0
2026-07-03 12:53:42 [INFO] [loop_tick] state=SCANNING | rows=3 | claims=0
2026-07-03 12:53:45 [INFO] [loop_tick] state=SCANNING | rows=3 | claims=0
2026-07-03 12:53:47 [INFO] [loop_tick] state=SCANNING | rows=3 | claims=0
2026-07-03 12:53:50 [INFO] [loop_tick] state=SCANNING | rows=3 | claims=0
2026-07-03 12:53:52 [INFO] [loop_tick] state=SCANNING | rows=3 | claims=0
2026-07-03 12:53:55 [INFO] [row_detected] total_rows=4 | claim_rows=[1]
2026-07-03 12:53:55 [INFO] [claim_found] row_id=1 | text=CLAIM | confidence=0.999 | claim_cell=(1169, 649)
2026-07-03 12:53:55 [INFO] [state_change] from_state=SCANNING | to_state=CLAIM_FOUND
2026-07-03 12:53:55 [INFO] [state_change] from_state=CLAIM_FOUND | to_state=CLICK_CLAIM
2026-07-03 12:53:55 [INFO] [claim_cell_clicked] row_id=1 | x=1169 | y=649
2026-07-03 12:53:55 [INFO] [state_change] from_state=CLICK_CLAIM | to_state=WAIT_USERNAME
2026-07-03 12:53:57 [INFO] [claim_verified] y_key=648 | cell_text=phan | elapsed_s=1.405
2026-07-03 12:53:57 [INFO] [state_change] from_state=WAIT_USERNAME | to_state=CLAIM_SUCCESS
2026-07-03 12:53:57 [INFO] [select_clicked] y_key=648 | x=1316 | y=649
2026-07-03 12:53:58 [INFO] [state_change] from_state=CLAIM_SUCCESS | to_state=CLICK_SELECT
2026-07-03 12:53:58 [INFO] [state_change] from_state=CLICK_SELECT | to_state=CLICK_CONNECT
2026-07-03 12:53:59 [INFO] [connect_clicked] y_key=648 | x=768 | y=88
2026-07-03 12:53:59 [INFO] [state_change] from_state=CLICK_CONNECT | to_state=CONNECTED
2026-07-03 12:53:59 [INFO] ✓ Connected! Waiting 1000ms then entering STOPPED state.
2026-07-03 12:54:00 [INFO] [state_change] from_state=CONNECTED | to_state=STOPPED
2026-07-03 12:54:11 [INFO] Automation ENABLED (F8)
2026-07-03 12:54:11 [INFO] [state_change] from_state=STOPPED | to_state=SCANNING
2026-07-03 12:54:11 [INFO] [loop_tick] state=SCANNING | rows=3 | claims=0
2026-07-03 12:54:13 [INFO] [loop_tick] state=SCANNING | rows=3 | claims=0
2026-07-03 12:54:15 [INFO] [loop_tick] state=SCANNING | rows=2 | claims=0
2026-07-03 12:54:16 [INFO] [loop_tick] state=SCANNING | rows=2 | claims=0
2026-07-03 12:54:16 [INFO] [loop_tick] state=SCANNING | rows=2 | claims=0
2026-07-03 12:54:17 [INFO] [loop_tick] state=SCANNING | rows=2 | claims=0
2026-07-03 12:54:17 [INFO] [loop_tick] state=SCANNING | rows=2 | claims=0
2026-07-03 12:54:17 [INFO] [loop_tick] state=SCANNING | rows=2 | claims=0
2026-07-03 12:54:19 [INFO] [loop_tick] state=SCANNING | rows=2 | claims=0
2026-07-03 12:54:19 [INFO] [loop_tick] state=SCANNING | rows=2 | claims=0
2026-07-03 12:54:19 [INFO] [loop_tick] state=SCANNING | rows=2 | claims=0
2026-07-03 12:54:19 [INFO] [loop_tick] state=SCANNING | rows=2 | claims=0
2026-07-03 12:54:19 [INFO] [loop_tick] state=SCANNING | rows=2 | claims=0
2026-07-03 12:54:20 [INFO] [loop_tick] state=SCANNING | rows=2 | claims=0
2026-07-03 12:54:20 [INFO] [loop_tick] state=SCANNING | rows=2 | claims=0
2026-07-03 12:54:20 [INFO] [loop_tick] state=SCANNING | rows=2 | claims=0
2026-07-03 12:54:20 [INFO] [loop_tick] state=SCANNING | rows=2 | claims=0
2026-07-03 12:54:20 [INFO] [loop_tick] state=SCANNING | rows=2 | claims=0
2026-07-03 12:54:21 [INFO] [loop_tick] state=SCANNING | rows=2 | claims=0
2026-07-03 12:54:21 [INFO] [loop_tick] state=SCANNING | rows=2 | claims=0
2026-07-03 12:54:22 [INFO] [loop_tick] state=SCANNING | rows=2 | claims=0
2026-07-03 12:54:23 [INFO] [loop_tick] state=SCANNING | rows=2 | claims=0
2026-07-03 12:54:24 [INFO] [loop_tick] state=SCANNING | rows=2 | claims=0
2026-07-03 12:54:24 [INFO] [loop_tick] state=SCANNING | rows=2 | claims=0
2026-07-03 12:54:24 [INFO] [loop_tick] state=SCANNING | rows=2 | claims=0
2026-07-03 12:54:24 [INFO] [loop_tick] state=SCANNING | rows=2 | claims=0
2026-07-03 12:54:25 [INFO] [loop_tick] state=SCANNING | rows=2 | claims=0
2026-07-03 12:54:25 [INFO] [loop_tick] state=SCANNING | rows=2 | claims=0
2026-07-03 12:54:25 [INFO] [loop_tick] state=SCANNING | rows=2 | claims=0
2026-07-03 12:54:25 [INFO] [loop_tick] state=SCANNING | rows=2 | claims=0
2026-07-03 12:54:25 [INFO] [loop_tick] state=SCANNING | rows=2 | claims=0
2026-07-03 12:54:26 [INFO] [loop_tick] state=SCANNING | rows=2 | claims=0
2026-07-03 12:54:26 [INFO] [loop_tick] state=SCANNING | rows=2 | claims=0
2026-07-03 12:54:26 [INFO] [loop_tick] state=SCANNING | rows=2 | claims=0
2026-07-03 12:54:26 [INFO] [loop_tick] state=SCANNING | rows=2 | claims=0
2026-07-03 12:54:26 [INFO] [loop_tick] state=SCANNING | rows=2 | claims=0
2026-07-03 12:54:26 [INFO] [loop_tick] state=SCANNING | rows=2 | claims=0
2026-07-03 12:54:26 [INFO] [loop_tick] state=SCANNING | rows=2 | claims=0
2026-07-03 12:54:27 [INFO] [loop_tick] state=SCANNING | rows=2 | claims=0
2026-07-03 12:54:27 [INFO] [loop_tick] state=SCANNING | rows=2 | claims=0
2026-07-03 12:54:27 [INFO] [loop_tick] state=SCANNING | rows=3 | claims=0
2026-07-03 12:54:27 [INFO] [loop_tick] state=SCANNING | rows=6 | claims=0
2026-07-03 12:54:27 [INFO] [loop_tick] state=SCANNING | rows=6 | claims=0
2026-07-03 12:54:27 [INFO] [loop_tick] state=SCANNING | rows=6 | claims=0
2026-07-03 12:54:27 [INFO] [loop_tick] state=SCANNING | rows=6 | claims=0
2026-07-03 12:54:27 [INFO] [loop_tick] state=SCANNING | rows=1 | claims=0
2026-07-03 12:54:28 [INFO] [loop_tick] state=SCANNING | rows=1 | claims=0
2026-07-03 12:54:28 [INFO] [loop_tick] state=SCANNING | rows=1 | claims=0
2026-07-03 12:54:28 [INFO] [loop_tick] state=SCANNING | rows=1 | claims=0
2026-07-03 12:54:28 [INFO] [loop_tick] state=SCANNING | rows=1 | claims=0
2026-07-03 12:54:28 [INFO] [loop_tick] state=SCANNING | rows=1 | claims=0
2026-07-03 12:54:28 [INFO] [loop_tick] state=SCANNING | rows=1 | claims=0
2026-07-03 12:54:28 [INFO] [loop_tick] state=SCANNING | rows=1 | claims=0
2026-07-03 12:54:29 [INFO] [loop_tick] state=SCANNING | rows=2 | claims=0
2026-07-03 12:54:29 [INFO] [loop_tick] state=SCANNING | rows=1 | claims=0
2026-07-03 12:54:29 [INFO] [loop_tick] state=SCANNING | rows=1 | claims=0
2026-07-03 12:54:29 [INFO] [loop_tick] state=SCANNING | rows=2 | claims=0
2026-07-03 12:54:29 [INFO] [loop_tick] state=SCANNING | rows=2 | claims=0
2026-07-03 12:54:29 [INFO] [loop_tick] state=SCANNING | rows=2 | claims=0
2026-07-03 12:54:30 [INFO] [loop_tick] state=SCANNING | rows=2 | claims=0
2026-07-03 12:54:30 [INFO] [loop_tick] state=SCANNING | rows=1 | claims=0
2026-07-03 12:54:30 [INFO] [loop_tick] state=SCANNING | rows=2 | claims=0
2026-07-03 12:54:30 [INFO] [loop_tick] state=SCANNING | rows=2 | claims=0
2026-07-03 12:54:30 [INFO] [loop_tick] state=SCANNING | rows=2 | claims=0
2026-07-03 12:54:30 [INFO] [loop_tick] state=SCANNING | rows=2 | claims=0
2026-07-03 12:54:31 [INFO] [loop_tick] state=SCANNING | rows=2 | claims=0
2026-07-03 12:54:31 [INFO] [loop_tick] state=SCANNING | rows=2 | claims=0
2026-07-03 12:54:31 [INFO] [loop_tick] state=SCANNING | rows=1 | claims=0
2026-07-03 12:54:31 [INFO] [loop_tick] state=SCANNING | rows=1 | claims=0
2026-07-03 12:54:31 [INFO] [loop_tick] state=SCANNING | rows=1 | claims=0
2026-07-03 12:54:31 [INFO] [loop_tick] state=SCANNING | rows=1 | claims=0
2026-07-03 12:54:32 [INFO] [loop_tick] state=SCANNING | rows=1 | claims=0
2026-07-03 12:54:32 [INFO] [loop_tick] state=SCANNING | rows=1 | claims=0
2026-07-03 12:54:32 [INFO] [loop_tick] state=SCANNING | rows=1 | claims=0
2026-07-03 12:54:33 [INFO] [loop_tick] state=SCANNING | rows=1 | claims=0
2026-07-03 12:54:33 [INFO] [loop_tick] state=SCANNING | rows=1 | claims=0
2026-07-03 12:54:33 [INFO] [loop_tick] state=SCANNING | rows=1 | claims=0
2026-07-03 12:54:33 [INFO] [loop_tick] state=SCANNING | rows=1 | claims=0
2026-07-03 12:54:33 [INFO] [loop_tick] state=SCANNING | rows=1 | claims=0
2026-07-03 12:54:35 [INFO] [loop_tick] state=SCANNING | rows=1 | claims=0
2026-07-03 12:55:30 [INFO] [loop_tick] state=SCANNING | rows=2 | claims=0
2026-07-03 12:55:30 [INFO] [loop_tick] state=SCANNING | rows=2 | claims=0
2026-07-03 12:55:30 [INFO] [loop_tick] state=SCANNING | rows=2 | claims=0
2026-07-03 12:55:31 [INFO] [loop_tick] state=SCANNING | rows=2 | claims=0
2026-07-03 12:55:35 [INFO] [row_detected] total_rows=3 | claim_rows=[0]
2026-07-03 12:55:35 [INFO] [claim_found] row_id=0 | text=CLAIM | confidence=0.999 | claim_cell=(1169, 619)
2026-07-03 12:55:35 [INFO] [state_change] from_state=SCANNING | to_state=CLAIM_FOUND
2026-07-03 12:55:35 [INFO] [state_change] from_state=CLAIM_FOUND | to_state=CLICK_CLAIM
2026-07-03 12:55:35 [INFO] [claim_cell_clicked] row_id=0 | x=1169 | y=619
2026-07-03 12:55:35 [INFO] [state_change] from_state=CLICK_CLAIM | to_state=WAIT_USERNAME
2026-07-03 12:55:37 [WARNING] Cell shows 'inguyen' (not pending and not 'PHAN') — claimed by someone else.
2026-07-03 12:55:37 [INFO] [claim_stolen] y_key=616 | cell_text=inguyen
2026-07-03 12:55:37 [INFO] [state_change] from_state=WAIT_USERNAME | to_state=SCANNING
2026-07-03 12:55:37 [INFO] [loop_tick] state=SCANNING | rows=3 | claims=0
2026-07-03 12:55:39 [INFO] [loop_tick] state=SCANNING | rows=3 | claims=0
2026-07-03 12:55:39 [INFO] [loop_tick] state=SCANNING | rows=3 | claims=0
2026-07-03 12:55:42 [INFO] [loop_tick] state=SCANNING | rows=3 | claims=0
2026-07-03 12:55:43 [INFO] [loop_tick] state=SCANNING | rows=3 | claims=0
2026-07-03 12:55:46 [INFO] [row_detected] total_rows=4 | claim_rows=[1]
2026-07-03 12:55:46 [INFO] [claim_found] row_id=1 | text=CLAIM | confidence=0.999 | claim_cell=(1169, 649)
2026-07-03 12:55:46 [INFO] [state_change] from_state=SCANNING | to_state=CLAIM_FOUND
2026-07-03 12:55:46 [INFO] [state_change] from_state=CLAIM_FOUND | to_state=CLICK_CLAIM
2026-07-03 12:55:46 [INFO] [claim_cell_clicked] row_id=1 | x=1169 | y=649
2026-07-03 12:55:46 [INFO] [state_change] from_state=CLICK_CLAIM | to_state=WAIT_USERNAME
2026-07-03 12:55:48 [INFO] [claim_verified] y_key=648 | cell_text=phan | elapsed_s=1.407
2026-07-03 12:55:48 [INFO] [state_change] from_state=WAIT_USERNAME | to_state=CLAIM_SUCCESS
2026-07-03 12:55:48 [INFO] [select_clicked] y_key=648 | x=1316 | y=649
2026-07-03 12:55:49 [INFO] [state_change] from_state=CLAIM_SUCCESS | to_state=CLICK_SELECT
2026-07-03 12:55:49 [INFO] [state_change] from_state=CLICK_SELECT | to_state=CLICK_CONNECT
2026-07-03 12:55:50 [INFO] [connect_clicked] y_key=648 | x=768 | y=88
2026-07-03 12:55:50 [INFO] [state_change] from_state=CLICK_CONNECT | to_state=CONNECTED
2026-07-03 12:55:50 [INFO] ✓ Connected! Waiting 1000ms then entering STOPPED state.
2026-07-03 12:55:51 [INFO] [state_change] from_state=CONNECTED | to_state=STOPPED
2026-07-03 12:59:41 [INFO] Automation ENABLED (F8)
2026-07-03 12:59:41 [INFO] [state_change] from_state=STOPPED | to_state=SCANNING
2026-07-03 12:59:41 [INFO] [loop_tick] state=SCANNING | rows=4 | claims=0
2026-07-03 12:59:43 [INFO] [loop_tick] state=SCANNING | rows=3 | claims=0
2026-07-03 12:59:45 [INFO] [loop_tick] state=SCANNING | rows=3 | claims=0
2026-07-03 12:59:47 [INFO] [loop_tick] state=SCANNING | rows=3 | claims=0
2026-07-03 12:59:50 [INFO] [loop_tick] state=SCANNING | rows=3 | claims=0
2026-07-03 12:59:52 [INFO] [loop_tick] state=SCANNING | rows=3 | claims=0
2026-07-03 12:59:55 [INFO] [loop_tick] state=SCANNING | rows=3 | claims=0
2026-07-03 12:59:57 [INFO] [loop_tick] state=SCANNING | rows=3 | claims=0
2026-07-03 13:00:00 [INFO] [loop_tick] state=SCANNING | rows=3 | claims=0
2026-07-03 13:00:02 [INFO] [loop_tick] state=SCANNING | rows=2 | claims=0
2026-07-03 13:00:05 [INFO] [loop_tick] state=SCANNING | rows=2 | claims=0
2026-07-03 13:00:06 [INFO] [loop_tick] state=SCANNING | rows=2 | claims=0
2026-07-03 13:00:09 [INFO] [loop_tick] state=SCANNING | rows=2 | claims=0
2026-07-03 13:00:11 [INFO] [loop_tick] state=SCANNING | rows=2 | claims=0
2026-07-03 13:00:13 [INFO] [loop_tick] state=SCANNING | rows=2 | claims=0
2026-07-03 13:00:16 [INFO] [loop_tick] state=SCANNING | rows=2 | claims=0
2026-07-03 13:00:18 [INFO] [loop_tick] state=SCANNING | rows=2 | claims=0
2026-07-03 13:00:21 [INFO] [row_detected] total_rows=3 | claim_rows=[0]
2026-07-03 13:00:21 [INFO] [claim_found] row_id=0 | text=CLAIM | confidence=0.999 | claim_cell=(1169, 619)
2026-07-03 13:00:21 [INFO] [state_change] from_state=SCANNING | to_state=CLAIM_FOUND
2026-07-03 13:00:21 [INFO] [state_change] from_state=CLAIM_FOUND | to_state=CLICK_CLAIM
2026-07-03 13:00:21 [INFO] [claim_cell_clicked] row_id=0 | x=1169 | y=619
2026-07-03 13:00:21 [INFO] [state_change] from_state=CLICK_CLAIM | to_state=WAIT_USERNAME
2026-07-03 13:00:23 [INFO] [claim_verified] y_key=616 | cell_text=phan | elapsed_s=1.506
2026-07-03 13:00:23 [INFO] [state_change] from_state=WAIT_USERNAME | to_state=CLAIM_SUCCESS
2026-07-03 13:00:23 [INFO] [select_clicked] y_key=616 | x=1316 | y=619
2026-07-03 13:00:24 [INFO] [state_change] from_state=CLAIM_SUCCESS | to_state=CLICK_SELECT
2026-07-03 13:00:24 [INFO] [state_change] from_state=CLICK_SELECT | to_state=CLICK_CONNECT
2026-07-03 13:00:25 [INFO] [connect_clicked] y_key=616 | x=768 | y=88
2026-07-03 13:00:25 [INFO] [state_change] from_state=CLICK_CONNECT | to_state=CONNECTED
2026-07-03 13:00:25 [INFO] ✓ Connected! Waiting 1000ms then entering STOPPED state.
2026-07-03 13:00:26 [INFO] [state_change] from_state=CONNECTED | to_state=STOPPED
2026-07-03 13:00:29 [INFO] Automation ENABLED (F8)
2026-07-03 13:00:29 [INFO] [state_change] from_state=STOPPED | to_state=SCANNING
2026-07-03 13:00:29 [INFO] [loop_tick] state=SCANNING | rows=3 | claims=0
2026-07-03 13:00:30 [INFO] [loop_tick] state=SCANNING | rows=3 | claims=0
2026-07-03 13:00:31 [INFO] [loop_tick] state=SCANNING | rows=3 | claims=0
2026-07-03 13:00:31 [INFO] [loop_tick] state=SCANNING | rows=3 | claims=0
2026-07-03 13:00:31 [INFO] [loop_tick] state=SCANNING | rows=3 | claims=0
2026-07-03 13:00:32 [INFO] [loop_tick] state=SCANNING | rows=3 | claims=0
2026-07-03 13:00:35 [INFO] [loop_tick] state=SCANNING | rows=3 | claims=0
2026-07-03 13:00:37 [INFO] [loop_tick] state=SCANNING | rows=3 | claims=0
2026-07-03 13:00:39 [INFO] [loop_tick] state=SCANNING | rows=3 | claims=0
2026-07-03 13:00:41 [INFO] [loop_tick] state=SCANNING | rows=3 | claims=0
2026-07-03 13:00:44 [INFO] [loop_tick] state=SCANNING | rows=3 | claims=0
2026-07-03 13:00:46 [INFO] [loop_tick] state=SCANNING | rows=3 | claims=0
2026-07-03 13:00:49 [INFO] [row_detected] total_rows=4 | claim_rows=[0]
2026-07-03 13:00:49 [INFO] [claim_found] row_id=0 | text=CLAIM | confidence=0.999 | claim_cell=(1169, 619)
2026-07-03 13:00:49 [INFO] [state_change] from_state=SCANNING | to_state=CLAIM_FOUND
2026-07-03 13:00:49 [INFO] [state_change] from_state=CLAIM_FOUND | to_state=CLICK_CLAIM
2026-07-03 13:00:49 [INFO] [claim_cell_clicked] row_id=0 | x=1169 | y=619
2026-07-03 13:00:49 [INFO] [state_change] from_state=CLICK_CLAIM | to_state=WAIT_USERNAME
2026-07-03 13:00:51 [INFO] [claim_verified] y_key=616 | cell_text=phan | elapsed_s=1.204
2026-07-03 13:00:51 [INFO] [state_change] from_state=WAIT_USERNAME | to_state=CLAIM_SUCCESS
2026-07-03 13:00:51 [INFO] [select_clicked] y_key=616 | x=1316 | y=619
2026-07-03 13:00:52 [INFO] [state_change] from_state=CLAIM_SUCCESS | to_state=CLICK_SELECT
2026-07-03 13:00:52 [INFO] [state_change] from_state=CLICK_SELECT | to_state=CLICK_CONNECT
2026-07-03 13:00:53 [INFO] [connect_clicked] y_key=616 | x=768 | y=88
2026-07-03 13:00:53 [INFO] [state_change] from_state=CLICK_CONNECT | to_state=CONNECTED
2026-07-03 13:00:53 [INFO] ✓ Connected! Waiting 1000ms then entering STOPPED state.
2026-07-03 13:00:54 [INFO] [state_change] from_state=CONNECTED | to_state=STOPPED
2026-07-03 13:04:16 [INFO] Clean exit requested (ESC).
2026-07-03 13:04:17 [INFO] WorkflowEngine shut down cleanly.
2026-07-03 13:09:17 [INFO] System Tray initialized. Application is running in the background.
2026-07-03 13:09:18 [INFO] All sub-systems initialised.
2026-07-03 13:09:18 [INFO] [state_change] from_state=IDLE | to_state=SCANNING
2026-07-03 13:09:18 [INFO] WorkflowEngine started — user='phan'  table={'left': 52, 'top': 601, 'width': 1491, 'height': 298}
2026-07-03 13:09:23 [INFO] Clean exit requested (ESC).
2026-07-03 13:09:27 [INFO] [row_detected] total_rows=3 | claim_rows=[0]
2026-07-03 13:09:27 [INFO] [claim_found] row_id=0 | text=CLAIM | confidence=0.999 | claim_cell=(1169, 619)
2026-07-03 13:09:27 [INFO] [state_change] from_state=SCANNING | to_state=CLAIM_FOUND
2026-07-03 13:09:27 [INFO] WorkflowEngine shut down cleanly.
2026-07-03 13:09:29 [INFO] System Tray initialized. Application is running in the background.
2026-07-03 13:09:29 [INFO] All sub-systems initialised.
2026-07-03 13:09:29 [INFO] [state_change] from_state=IDLE | to_state=SCANNING
2026-07-03 13:09:29 [INFO] WorkflowEngine started — user='phan'  table={'left': 52, 'top': 601, 'width': 1491, 'height': 298}
2026-07-03 13:09:33 [INFO] [loop_tick] state=SCANNING | rows=1 | claims=0
2026-07-03 13:09:33 [INFO] [row_detected] total_rows=4 | claim_rows=[0, 1]
2026-07-03 13:09:33 [INFO] [claim_found] row_id=0 | text=CLAIM | confidence=0.999 | claim_cell=(1169, 619)
2026-07-03 13:09:33 [INFO] [state_change] from_state=SCANNING | to_state=CLAIM_FOUND
2026-07-03 13:09:33 [INFO] [state_change] from_state=CLAIM_FOUND | to_state=CLICK_CLAIM
2026-07-03 13:09:34 [INFO] [claim_cell_clicked] row_id=0 | x=1169 | y=619
2026-07-03 13:09:34 [INFO] [state_change] from_state=CLICK_CLAIM | to_state=WAIT_USERNAME
2026-07-03 13:09:35 [INFO] [claim_verified] y_key=616 | cell_text=phan | elapsed_s=1.405
2026-07-03 13:09:35 [INFO] [state_change] from_state=WAIT_USERNAME | to_state=CLAIM_SUCCESS
2026-07-03 13:09:36 [INFO] [select_clicked] y_key=616 | x=1316 | y=619
2026-07-03 13:09:37 [INFO] [state_change] from_state=CLAIM_SUCCESS | to_state=CLICK_SELECT
2026-07-03 13:09:37 [INFO] [state_change] from_state=CLICK_SELECT | to_state=CLICK_CONNECT
2026-07-03 13:09:38 [INFO] [connect_clicked] y_key=616 | x=768 | y=88
2026-07-03 13:09:38 [INFO] [state_change] from_state=CLICK_CONNECT | to_state=CONNECTED
2026-07-03 13:09:38 [INFO] ✓ Connected! Waiting 1000ms then entering STOPPED state.
2026-07-03 13:09:39 [INFO] [state_change] from_state=CONNECTED | to_state=STOPPED
2026-07-03 13:23:48 [INFO] Automation ENABLED (F8)
2026-07-03 13:23:48 [INFO] [state_change] from_state=STOPPED | to_state=SCANNING
2026-07-03 13:23:48 [INFO] [loop_tick] state=SCANNING | rows=1 | claims=0
2026-07-03 13:23:50 [INFO] [loop_tick] state=SCANNING | rows=1 | claims=0
2026-07-03 13:23:52 [INFO] [loop_tick] state=SCANNING | rows=1 | claims=0
2026-07-03 13:23:54 [INFO] [loop_tick] state=SCANNING | rows=1 | claims=0
2026-07-03 13:23:57 [INFO] [loop_tick] state=SCANNING | rows=1 | claims=0
2026-07-03 13:23:59 [INFO] [loop_tick] state=SCANNING | rows=1 | claims=0
2026-07-03 13:24:01 [INFO] [loop_tick] state=SCANNING | rows=1 | claims=0
2026-07-03 13:24:04 [INFO] [loop_tick] state=SCANNING | rows=1 | claims=0
2026-07-03 13:24:06 [INFO] [loop_tick] state=SCANNING | rows=1 | claims=0
2026-07-03 13:25:58 [INFO] [row_detected] total_rows=1 | claim_rows=[0]
2026-07-03 13:25:58 [INFO] [claim_found] row_id=0 | text=CLAIM | confidence=0.999 | claim_cell=(1169, 619)
2026-07-03 13:25:58 [INFO] [state_change] from_state=SCANNING | to_state=CLAIM_FOUND
2026-07-03 13:25:58 [INFO] [state_change] from_state=CLAIM_FOUND | to_state=CLICK_CLAIM
2026-07-03 13:25:59 [INFO] [claim_cell_clicked] row_id=0 | x=1169 | y=619
2026-07-03 13:25:59 [INFO] [state_change] from_state=CLICK_CLAIM | to_state=WAIT_USERNAME
2026-07-03 13:26:00 [INFO] [claim_verified] y_key=616 | cell_text=phan | elapsed_s=1.506
2026-07-03 13:26:00 [INFO] [state_change] from_state=WAIT_USERNAME | to_state=CLAIM_SUCCESS
2026-07-03 13:26:01 [INFO] [select_clicked] y_key=616 | x=1316 | y=619
2026-07-03 13:26:02 [INFO] [state_change] from_state=CLAIM_SUCCESS | to_state=CLICK_SELECT
2026-07-03 13:26:02 [INFO] [state_change] from_state=CLICK_SELECT | to_state=CLICK_CONNECT
2026-07-03 13:26:03 [INFO] [connect_clicked] y_key=616 | x=768 | y=88
2026-07-03 13:26:03 [INFO] [state_change] from_state=CLICK_CONNECT | to_state=CONNECTED
2026-07-03 13:26:03 [INFO] ✓ Connected! Waiting 1000ms then entering STOPPED state.
2026-07-03 13:26:04 [INFO] [state_change] from_state=CONNECTED | to_state=STOPPED
2026-07-03 13:29:11 [INFO] Automation ENABLED (F8)
2026-07-03 13:29:11 [INFO] [state_change] from_state=STOPPED | to_state=SCANNING
2026-07-03 13:29:11 [INFO] [loop_tick] state=SCANNING | rows=2 | claims=0
2026-07-03 13:29:12 [INFO] [loop_tick] state=SCANNING | rows=2 | claims=0
2026-07-03 13:29:14 [INFO] Automation DISABLED (F8)
2026-07-03 13:29:14 [INFO] [state_change] from_state=SCANNING | to_state=STOPPED
2026-07-03 13:40:08 [INFO] Automation ENABLED (F8)
2026-07-03 13:40:08 [INFO] [state_change] from_state=STOPPED | to_state=SCANNING
2026-07-03 13:40:09 [INFO] [loop_tick] state=SCANNING | rows=6 | claims=0
2026-07-03 13:40:09 [INFO] [loop_tick] state=SCANNING | rows=6 | claims=0
2026-07-03 13:40:11 [INFO] [loop_tick] state=SCANNING | rows=6 | claims=0
2026-07-03 13:40:13 [INFO] [row_detected] total_rows=7 | claim_rows=[1]
2026-07-03 13:40:13 [INFO] [claim_found] row_id=1 | text=CLAIM | confidence=0.999 | claim_cell=(1169, 649)
2026-07-03 13:40:13 [INFO] [state_change] from_state=SCANNING | to_state=CLAIM_FOUND
2026-07-03 13:40:13 [INFO] [state_change] from_state=CLAIM_FOUND | to_state=CLICK_CLAIM
2026-07-03 13:40:14 [INFO] [claim_cell_clicked] row_id=1 | x=1169 | y=649
2026-07-03 13:40:14 [INFO] [state_change] from_state=CLICK_CLAIM | to_state=WAIT_USERNAME
2026-07-03 13:40:15 [INFO] [claim_verified] y_key=648 | cell_text=phan | elapsed_s=1.405
2026-07-03 13:40:15 [INFO] [state_change] from_state=WAIT_USERNAME | to_state=CLAIM_SUCCESS
2026-07-03 13:40:16 [INFO] [select_clicked] y_key=648 | x=1316 | y=649
2026-07-03 13:40:17 [INFO] [state_change] from_state=CLAIM_SUCCESS | to_state=CLICK_SELECT
2026-07-03 13:40:17 [INFO] [state_change] from_state=CLICK_SELECT | to_state=CLICK_CONNECT
2026-07-03 13:40:18 [INFO] [connect_clicked] y_key=648 | x=768 | y=88
2026-07-03 13:40:18 [INFO] [state_change] from_state=CLICK_CONNECT | to_state=CONNECTED
2026-07-03 13:40:18 [INFO] ✓ Connected! Waiting 1000ms then entering STOPPED state.
2026-07-03 13:40:18 [INFO] Automation DISABLED (F8)
2026-07-03 13:40:19 [INFO] [state_change] from_state=CONNECTED | to_state=STOPPED
2026-07-03 13:40:24 [INFO] Automation ENABLED (F8)
2026-07-03 13:40:24 [INFO] [state_change] from_state=STOPPED | to_state=SCANNING
2026-07-03 13:40:25 [INFO] [row_detected] total_rows=7 | claim_rows=[2]
2026-07-03 13:40:25 [INFO] [claim_found] row_id=2 | text=CLAIM | confidence=0.999 | claim_cell=(1169, 679)
2026-07-03 13:40:25 [INFO] [state_change] from_state=SCANNING | to_state=CLAIM_FOUND
2026-07-03 13:40:25 [INFO] [state_change] from_state=CLAIM_FOUND | to_state=CLICK_CLAIM
2026-07-03 13:40:25 [INFO] [claim_cell_clicked] row_id=2 | x=1169 | y=679
2026-07-03 13:40:25 [INFO] [state_change] from_state=CLICK_CLAIM | to_state=WAIT_USERNAME
2026-07-03 13:40:27 [WARNING] Cell shows 'guyenan' (not pending and not 'PHAN') — claimed by someone else.
2026-07-03 13:40:27 [INFO] [claim_stolen] y_key=680 | cell_text=guyenan
2026-07-03 13:40:27 [INFO] [state_change] from_state=WAIT_USERNAME | to_state=SCANNING
2026-07-03 13:40:27 [INFO] [loop_tick] state=SCANNING | rows=7 | claims=0
2026-07-03 13:40:27 [INFO] [loop_tick] state=SCANNING | rows=7 | claims=0
2026-07-03 13:40:29 [INFO] [loop_tick] state=SCANNING | rows=7 | claims=0
2026-07-03 13:40:31 [INFO] [loop_tick] state=SCANNING | rows=7 | claims=0
2026-07-03 13:40:34 [INFO] [loop_tick] state=SCANNING | rows=7 | claims=0
2026-07-03 13:40:36 [INFO] [loop_tick] state=SCANNING | rows=7 | claims=0
2026-07-03 13:40:39 [INFO] [loop_tick] state=SCANNING | rows=7 | claims=0
2026-07-03 13:40:41 [INFO] [loop_tick] state=SCANNING | rows=7 | claims=0
2026-07-03 13:40:43 [INFO] [loop_tick] state=SCANNING | rows=7 | claims=0
2026-07-03 13:40:45 [INFO] [loop_tick] state=SCANNING | rows=7 | claims=0
2026-07-03 13:40:48 [INFO] [loop_tick] state=SCANNING | rows=7 | claims=0
2026-07-03 13:40:50 [INFO] [loop_tick] state=SCANNING | rows=7 | claims=0
2026-07-03 13:40:52 [INFO] [loop_tick] state=SCANNING | rows=7 | claims=0
2026-07-03 13:40:55 [INFO] [loop_tick] state=SCANNING | rows=7 | claims=0
2026-07-03 13:40:57 [INFO] [loop_tick] state=SCANNING | rows=7 | claims=0
2026-07-03 13:40:59 [INFO] [loop_tick] state=SCANNING | rows=7 | claims=0
2026-07-03 13:41:02 [INFO] [loop_tick] state=SCANNING | rows=7 | claims=0
2026-07-03 13:41:05 [INFO] [loop_tick] state=SCANNING | rows=7 | claims=0
2026-07-03 13:41:07 [INFO] [loop_tick] state=SCANNING | rows=7 | claims=0
2026-07-03 13:41:09 [INFO] [loop_tick] state=SCANNING | rows=7 | claims=0
2026-07-03 13:41:11 [INFO] [loop_tick] state=SCANNING | rows=7 | claims=0
2026-07-03 13:41:14 [INFO] [loop_tick] state=SCANNING | rows=7 | claims=0
2026-07-03 13:41:16 [INFO] [loop_tick] state=SCANNING | rows=6 | claims=0
2026-07-03 13:41:18 [INFO] [loop_tick] state=SCANNING | rows=6 | claims=0
2026-07-03 13:41:20 [INFO] [loop_tick] state=SCANNING | rows=6 | claims=0
2026-07-03 13:41:23 [INFO] [loop_tick] state=SCANNING | rows=6 | claims=0
2026-07-03 13:41:25 [INFO] [loop_tick] state=SCANNING | rows=6 | claims=0
2026-07-03 13:41:28 [INFO] [loop_tick] state=SCANNING | rows=6 | claims=0
2026-07-03 13:41:30 [INFO] [loop_tick] state=SCANNING | rows=6 | claims=0
2026-07-03 13:41:33 [INFO] [loop_tick] state=SCANNING | rows=6 | claims=0
2026-07-03 13:41:35 [INFO] [loop_tick] state=SCANNING | rows=6 | claims=0
2026-07-03 13:41:37 [INFO] [loop_tick] state=SCANNING | rows=6 | claims=0
2026-07-03 13:41:40 [INFO] [loop_tick] state=SCANNING | rows=6 | claims=0
2026-07-03 13:41:42 [INFO] [loop_tick] state=SCANNING | rows=6 | claims=0
2026-07-03 13:41:45 [INFO] [loop_tick] state=SCANNING | rows=6 | claims=0
2026-07-03 13:41:47 [INFO] [loop_tick] state=SCANNING | rows=6 | claims=0
2026-07-03 13:41:49 [INFO] [loop_tick] state=SCANNING | rows=6 | claims=0
2026-07-03 13:41:51 [INFO] [loop_tick] state=SCANNING | rows=6 | claims=0
2026-07-03 13:41:53 [INFO] [loop_tick] state=SCANNING | rows=6 | claims=0
2026-07-03 13:41:56 [INFO] [loop_tick] state=SCANNING | rows=5 | claims=0
2026-07-03 13:41:58 [INFO] [loop_tick] state=SCANNING | rows=5 | claims=0
2026-07-03 13:42:00 [INFO] [loop_tick] state=SCANNING | rows=5 | claims=0
2026-07-03 13:42:03 [INFO] [loop_tick] state=SCANNING | rows=5 | claims=0
2026-07-03 13:42:05 [INFO] [loop_tick] state=SCANNING | rows=5 | claims=0
2026-07-03 13:42:08 [INFO] [loop_tick] state=SCANNING | rows=5 | claims=0
2026-07-03 13:42:10 [INFO] [loop_tick] state=SCANNING | rows=5 | claims=0
2026-07-03 13:42:13 [INFO] [row_detected] total_rows=6 | claim_rows=[1]
2026-07-03 13:42:13 [INFO] [claim_found] row_id=1 | text=CLAIM | confidence=0.999 | claim_cell=(1169, 649)
2026-07-03 13:42:13 [INFO] [state_change] from_state=SCANNING | to_state=CLAIM_FOUND
2026-07-03 13:42:13 [INFO] [state_change] from_state=CLAIM_FOUND | to_state=CLICK_CLAIM
2026-07-03 13:42:14 [INFO] [claim_cell_clicked] row_id=1 | x=1169 | y=649
2026-07-03 13:42:14 [INFO] [state_change] from_state=CLICK_CLAIM | to_state=WAIT_USERNAME
2026-07-03 13:42:16 [WARNING] Cell shows 'tminh' (not pending and not 'PHAN') — claimed by someone else.
2026-07-03 13:42:16 [INFO] [claim_stolen] y_key=648 | cell_text=tminh
2026-07-03 13:42:16 [INFO] [state_change] from_state=WAIT_USERNAME | to_state=SCANNING
2026-07-03 13:42:16 [INFO] [loop_tick] state=SCANNING | rows=6 | claims=0
2026-07-03 13:42:18 [INFO] [loop_tick] state=SCANNING | rows=6 | claims=0
2026-07-03 13:42:18 [INFO] [loop_tick] state=SCANNING | rows=6 | claims=0
2026-07-03 13:42:20 [INFO] [loop_tick] state=SCANNING | rows=6 | claims=0
2026-07-03 13:42:22 [INFO] [loop_tick] state=SCANNING | rows=6 | claims=0
2026-07-03 13:42:24 [INFO] [loop_tick] state=SCANNING | rows=6 | claims=0
2026-07-03 13:42:27 [INFO] [loop_tick] state=SCANNING | rows=5 | claims=0
2026-07-03 13:42:29 [INFO] [loop_tick] state=SCANNING | rows=5 | claims=0
2026-07-03 13:42:31 [INFO] [loop_tick] state=SCANNING | rows=5 | claims=0
2026-07-03 13:42:34 [INFO] [loop_tick] state=SCANNING | rows=4 | claims=0
2026-07-03 13:42:36 [INFO] [loop_tick] state=SCANNING | rows=4 | claims=0
2026-07-03 13:42:39 [INFO] [loop_tick] state=SCANNING | rows=4 | claims=0
2026-07-03 13:42:41 [INFO] [loop_tick] state=SCANNING | rows=4 | claims=0
2026-07-03 13:42:43 [INFO] [loop_tick] state=SCANNING | rows=4 | claims=0
2026-07-03 13:42:46 [INFO] [loop_tick] state=SCANNING | rows=4 | claims=0
2026-07-03 13:42:48 [INFO] [loop_tick] state=SCANNING | rows=4 | claims=0
2026-07-03 13:42:51 [INFO] [loop_tick] state=SCANNING | rows=4 | claims=0
2026-07-03 13:42:53 [INFO] [loop_tick] state=SCANNING | rows=4 | claims=0
2026-07-03 13:42:55 [INFO] [loop_tick] state=SCANNING | rows=4 | claims=0
2026-07-03 13:42:57 [INFO] [loop_tick] state=SCANNING | rows=4 | claims=0
2026-07-03 13:42:59 [INFO] [loop_tick] state=SCANNING | rows=4 | claims=0
2026-07-03 13:43:02 [INFO] [loop_tick] state=SCANNING | rows=4 | claims=0
2026-07-03 13:43:04 [INFO] [loop_tick] state=SCANNING | rows=4 | claims=0
2026-07-03 13:43:06 [INFO] [loop_tick] state=SCANNING | rows=4 | claims=0
2026-07-03 13:43:09 [INFO] [loop_tick] state=SCANNING | rows=4 | claims=0
2026-07-03 13:43:12 [INFO] [loop_tick] state=SCANNING | rows=4 | claims=0
2026-07-03 13:43:14 [INFO] [loop_tick] state=SCANNING | rows=4 | claims=0
2026-07-03 13:43:16 [INFO] [loop_tick] state=SCANNING | rows=4 | claims=0
2026-07-03 13:43:19 [INFO] [loop_tick] state=SCANNING | rows=4 | claims=0
2026-07-03 13:43:21 [INFO] [loop_tick] state=SCANNING | rows=4 | claims=0
2026-07-03 13:43:24 [INFO] [loop_tick] state=SCANNING | rows=4 | claims=0
2026-07-03 13:43:26 [INFO] [loop_tick] state=SCANNING | rows=4 | claims=0
2026-07-03 13:43:28 [INFO] [loop_tick] state=SCANNING | rows=3 | claims=0
2026-07-03 13:43:30 [INFO] [loop_tick] state=SCANNING | rows=3 | claims=0
2026-07-03 13:43:32 [INFO] [loop_tick] state=SCANNING | rows=3 | claims=0
2026-07-03 13:43:35 [INFO] [loop_tick] state=SCANNING | rows=3 | claims=0
2026-07-03 13:43:37 [INFO] [loop_tick] state=SCANNING | rows=3 | claims=0
2026-07-03 13:43:39 [INFO] [loop_tick] state=SCANNING | rows=3 | claims=0
2026-07-03 13:43:42 [INFO] [loop_tick] state=SCANNING | rows=3 | claims=0
2026-07-03 13:43:44 [INFO] [loop_tick] state=SCANNING | rows=3 | claims=0
2026-07-03 13:43:47 [INFO] [loop_tick] state=SCANNING | rows=3 | claims=0
2026-07-03 13:43:49 [INFO] [loop_tick] state=SCANNING | rows=3 | claims=0
2026-07-03 13:43:52 [INFO] [loop_tick] state=SCANNING | rows=3 | claims=0
2026-07-03 13:43:54 [INFO] [loop_tick] state=SCANNING | rows=3 | claims=0
2026-07-03 13:43:56 [INFO] [loop_tick] state=SCANNING | rows=3 | claims=0
2026-07-03 13:43:59 [INFO] [loop_tick] state=SCANNING | rows=3 | claims=0
2026-07-03 13:44:00 [INFO] [loop_tick] state=SCANNING | rows=3 | claims=0
2026-07-03 13:44:03 [INFO] [loop_tick] state=SCANNING | rows=3 | claims=0
2026-07-03 13:44:05 [INFO] [loop_tick] state=SCANNING | rows=3 | claims=0
2026-07-03 13:44:07 [INFO] [loop_tick] state=SCANNING | rows=3 | claims=0
2026-07-03 13:44:10 [INFO] [loop_tick] state=SCANNING | rows=3 | claims=0
2026-07-03 13:44:12 [INFO] [loop_tick] state=SCANNING | rows=3 | claims=0
2026-07-03 13:44:15 [INFO] [loop_tick] state=SCANNING | rows=2 | claims=0
2026-07-03 13:44:17 [INFO] [loop_tick] state=SCANNING | rows=2 | claims=0
2026-07-03 13:44:20 [INFO] [loop_tick] state=SCANNING | rows=2 | claims=0
2026-07-03 13:44:22 [INFO] [loop_tick] state=SCANNING | rows=2 | claims=0
2026-07-03 13:44:24 [INFO] [loop_tick] state=SCANNING | rows=2 | claims=0
2026-07-03 13:44:27 [INFO] [loop_tick] state=SCANNING | rows=2 | claims=0
2026-07-03 13:44:29 [INFO] [loop_tick] state=SCANNING | rows=2 | claims=0
2026-07-03 13:44:32 [INFO] [loop_tick] state=SCANNING | rows=2 | claims=0
2026-07-03 13:44:33 [INFO] [loop_tick] state=SCANNING | rows=2 | claims=0
2026-07-03 13:44:36 [INFO] [loop_tick] state=SCANNING | rows=2 | claims=0
2026-07-03 13:44:38 [INFO] [loop_tick] state=SCANNING | rows=2 | claims=0
2026-07-03 13:44:40 [INFO] [loop_tick] state=SCANNING | rows=2 | claims=0
2026-07-03 13:44:43 [INFO] [loop_tick] state=SCANNING | rows=2 | claims=0
2026-07-03 13:44:45 [INFO] [loop_tick] state=SCANNING | rows=2 | claims=0
2026-07-03 13:44:48 [INFO] [loop_tick] state=SCANNING | rows=2 | claims=0
2026-07-03 13:44:50 [INFO] [loop_tick] state=SCANNING | rows=2 | claims=0
2026-07-03 13:44:52 [INFO] [loop_tick] state=SCANNING | rows=2 | claims=0
2026-07-03 13:44:55 [INFO] [loop_tick] state=SCANNING | rows=2 | claims=0
2026-07-03 13:44:57 [INFO] [loop_tick] state=SCANNING | rows=2 | claims=0
2026-07-03 13:45:00 [INFO] [loop_tick] state=SCANNING | rows=2 | claims=0
2026-07-03 13:45:02 [INFO] [loop_tick] state=SCANNING | rows=2 | claims=0
2026-07-03 13:45:05 [INFO] [loop_tick] state=SCANNING | rows=2 | claims=0
2026-07-03 13:45:06 [INFO] [loop_tick] state=SCANNING | rows=2 | claims=0
2026-07-03 13:45:09 [INFO] [loop_tick] state=SCANNING | rows=2 | claims=0
2026-07-03 13:45:11 [INFO] [loop_tick] state=SCANNING | rows=2 | claims=0
2026-07-03 13:45:13 [INFO] [loop_tick] state=SCANNING | rows=2 | claims=0
2026-07-03 13:45:16 [INFO] [loop_tick] state=SCANNING | rows=2 | claims=0
2026-07-03 13:45:18 [INFO] [loop_tick] state=SCANNING | rows=2 | claims=0
2026-07-03 13:45:20 [INFO] [loop_tick] state=SCANNING | rows=2 | claims=0
2026-07-03 13:45:23 [INFO] [loop_tick] state=SCANNING | rows=2 | claims=0
2026-07-03 13:45:25 [INFO] [loop_tick] state=SCANNING | rows=2 | claims=0
2026-07-03 13:45:28 [INFO] [loop_tick] state=SCANNING | rows=2 | claims=0
2026-07-03 13:45:30 [INFO] [loop_tick] state=SCANNING | rows=2 | claims=0
2026-07-03 13:45:33 [INFO] [loop_tick] state=SCANNING | rows=2 | claims=0
2026-07-03 13:45:35 [INFO] [loop_tick] state=SCANNING | rows=2 | claims=0
2026-07-03 13:45:37 [INFO] [loop_tick] state=SCANNING | rows=2 | claims=0
2026-07-03 13:45:39 [INFO] [loop_tick] state=SCANNING | rows=2 | claims=0
2026-07-03 13:45:42 [INFO] [loop_tick] state=SCANNING | rows=2 | claims=0
2026-07-03 13:45:44 [INFO] [loop_tick] state=SCANNING | rows=2 | claims=0
2026-07-03 13:45:46 [INFO] [loop_tick] state=SCANNING | rows=2 | claims=0
2026-07-03 13:45:49 [INFO] [loop_tick] state=SCANNING | rows=2 | claims=0
2026-07-03 13:45:51 [INFO] [loop_tick] state=SCANNING | rows=2 | claims=0
2026-07-03 13:45:53 [INFO] [loop_tick] state=SCANNING | rows=2 | claims=0
2026-07-03 13:45:56 [INFO] [loop_tick] state=SCANNING | rows=2 | claims=0
2026-07-03 13:45:58 [INFO] [loop_tick] state=SCANNING | rows=2 | claims=0
2026-07-03 13:46:01 [INFO] [loop_tick] state=SCANNING | rows=2 | claims=0
2026-07-03 13:46:03 [INFO] [loop_tick] state=SCANNING | rows=2 | claims=0
2026-07-03 13:46:06 [INFO] [loop_tick] state=SCANNING | rows=2 | claims=0
2026-07-03 13:46:08 [INFO] [loop_tick] state=SCANNING | rows=2 | claims=0
2026-07-03 13:46:10 [INFO] [loop_tick] state=SCANNING | rows=2 | claims=0
2026-07-03 13:46:12 [INFO] [loop_tick] state=SCANNING | rows=2 | claims=0
2026-07-03 13:46:14 [INFO] [loop_tick] state=SCANNING | rows=2 | claims=0
2026-07-03 13:46:17 [INFO] [loop_tick] state=SCANNING | rows=2 | claims=0
2026-07-03 13:46:19 [INFO] [loop_tick] state=SCANNING | rows=2 | claims=0
2026-07-03 13:46:21 [INFO] [loop_tick] state=SCANNING | rows=2 | claims=0
2026-07-03 13:46:24 [INFO] [loop_tick] state=SCANNING | rows=2 | claims=0
2026-07-03 13:46:26 [INFO] [loop_tick] state=SCANNING | rows=2 | claims=0
2026-07-03 13:46:28 [INFO] [loop_tick] state=SCANNING | rows=2 | claims=0
2026-07-03 13:46:31 [INFO] [row_detected] total_rows=4 | claim_rows=[0, 1]
2026-07-03 13:46:31 [INFO] [claim_found] row_id=0 | text=CLAIM | confidence=0.999 | claim_cell=(1169, 619)
2026-07-03 13:46:31 [INFO] [state_change] from_state=SCANNING | to_state=CLAIM_FOUND
2026-07-03 13:46:31 [INFO] [state_change] from_state=CLAIM_FOUND | to_state=CLICK_CLAIM
2026-07-03 13:46:32 [INFO] [claim_cell_clicked] row_id=0 | x=1169 | y=619
2026-07-03 13:46:32 [INFO] [state_change] from_state=CLICK_CLAIM | to_state=WAIT_USERNAME
2026-07-03 13:46:33 [INFO] [claim_verified] y_key=616 | cell_text=phan | elapsed_s=1.506
2026-07-03 13:46:33 [INFO] [state_change] from_state=WAIT_USERNAME | to_state=CLAIM_SUCCESS
2026-07-03 13:46:34 [INFO] [select_clicked] y_key=616 | x=1316 | y=619
2026-07-03 13:46:35 [INFO] [state_change] from_state=CLAIM_SUCCESS | to_state=CLICK_SELECT
2026-07-03 13:46:35 [INFO] [state_change] from_state=CLICK_SELECT | to_state=CLICK_CONNECT
2026-07-03 13:46:35 [INFO] [connect_clicked] y_key=616 | x=768 | y=88
2026-07-03 13:46:35 [INFO] [state_change] from_state=CLICK_CONNECT | to_state=CONNECTED
2026-07-03 13:46:35 [INFO] ✓ Connected! Waiting 1000ms then entering STOPPED state.
2026-07-03 13:46:36 [INFO] [state_change] from_state=CONNECTED | to_state=STOPPED
2026-07-03 13:51:43 [INFO] Automation ENABLED (F8)
2026-07-03 13:51:43 [INFO] [state_change] from_state=STOPPED | to_state=SCANNING
2026-07-03 13:51:43 [INFO] [loop_tick] state=SCANNING | rows=2 | claims=0
2026-07-03 13:51:43 [INFO] [loop_tick] state=SCANNING | rows=2 | claims=0
2026-07-03 13:51:46 [INFO] [loop_tick] state=SCANNING | rows=2 | claims=0
2026-07-03 13:51:48 [INFO] [loop_tick] state=SCANNING | rows=2 | claims=0
2026-07-03 13:51:50 [INFO] [loop_tick] state=SCANNING | rows=2 | claims=0
2026-07-03 13:51:53 [INFO] [loop_tick] state=SCANNING | rows=2 | claims=0
2026-07-03 13:51:55 [INFO] [loop_tick] state=SCANNING | rows=2 | claims=0
2026-07-03 13:51:58 [INFO] [loop_tick] state=SCANNING | rows=2 | claims=0
2026-07-03 13:52:00 [INFO] [loop_tick] state=SCANNING | rows=2 | claims=0
2026-07-03 13:52:03 [INFO] [loop_tick] state=SCANNING | rows=2 | claims=0
2026-07-03 13:52:05 [INFO] [loop_tick] state=SCANNING | rows=2 | claims=0
2026-07-03 13:52:08 [INFO] [loop_tick] state=SCANNING | rows=1 | claims=0
2026-07-03 13:52:10 [INFO] [loop_tick] state=SCANNING | rows=1 | claims=0
2026-07-03 13:52:13 [INFO] [loop_tick] state=SCANNING | rows=1 | claims=0
2026-07-03 13:52:14 [INFO] [loop_tick] state=SCANNING | rows=1 | claims=0
2026-07-03 13:52:17 [INFO] [loop_tick] state=SCANNING | rows=1 | claims=0
2026-07-03 13:52:19 [INFO] [loop_tick] state=SCANNING | rows=1 | claims=0
2026-07-03 13:52:21 [INFO] [loop_tick] state=SCANNING | rows=1 | claims=0
2026-07-03 13:52:24 [INFO] [loop_tick] state=SCANNING | rows=1 | claims=0
2026-07-03 13:52:26 [INFO] [loop_tick] state=SCANNING | rows=1 | claims=0
2026-07-03 13:52:28 [INFO] [loop_tick] state=SCANNING | rows=1 | claims=0
2026-07-03 13:52:31 [INFO] [loop_tick] state=SCANNING | rows=1 | claims=0
2026-07-03 13:52:33 [INFO] [loop_tick] state=SCANNING | rows=1 | claims=0
2026-07-03 13:52:36 [INFO] [loop_tick] state=SCANNING | rows=1 | claims=0
2026-07-03 13:52:38 [INFO] [loop_tick] state=SCANNING | rows=1 | claims=0
2026-07-03 13:52:41 [INFO] [loop_tick] state=SCANNING | rows=1 | claims=0
2026-07-03 13:52:43 [INFO] [loop_tick] state=SCANNING | rows=1 | claims=0
2026-07-03 13:52:46 [INFO] [loop_tick] state=SCANNING | rows=1 | claims=0
2026-07-03 13:52:47 [INFO] [loop_tick] state=SCANNING | rows=1 | claims=0
2026-07-03 13:52:50 [INFO] [loop_tick] state=SCANNING | rows=1 | claims=0
2026-07-03 13:52:52 [INFO] [loop_tick] state=SCANNING | rows=1 | claims=0
2026-07-03 13:52:54 [INFO] [loop_tick] state=SCANNING | rows=1 | claims=0
2026-07-03 13:52:57 [INFO] [loop_tick] state=SCANNING | rows=1 | claims=0
2026-07-03 13:52:59 [INFO] [loop_tick] state=SCANNING | rows=1 | claims=0
2026-07-03 13:53:01 [INFO] [loop_tick] state=SCANNING | rows=1 | claims=0
2026-07-03 13:53:04 [INFO] [loop_tick] state=SCANNING | rows=1 | claims=0
2026-07-03 13:53:06 [INFO] [loop_tick] state=SCANNING | rows=1 | claims=0
2026-07-03 13:53:08 [INFO] [loop_tick] state=SCANNING | rows=1 | claims=0
2026-07-03 13:53:11 [INFO] [loop_tick] state=SCANNING | rows=1 | claims=0
2026-07-03 13:53:13 [INFO] [loop_tick] state=SCANNING | rows=1 | claims=0
2026-07-03 13:53:15 [INFO] [loop_tick] state=SCANNING | rows=1 | claims=0
2026-07-03 13:53:18 [INFO] [loop_tick] state=SCANNING | rows=1 | claims=0
2026-07-03 13:53:19 [INFO] [loop_tick] state=SCANNING | rows=1 | claims=0
2026-07-03 13:53:22 [INFO] [loop_tick] state=SCANNING | rows=1 | claims=0
2026-07-03 13:53:24 [INFO] [loop_tick] state=SCANNING | rows=1 | claims=0
2026-07-03 13:53:27 [INFO] [loop_tick] state=SCANNING | rows=1 | claims=0
2026-07-03 13:53:29 [INFO] [loop_tick] state=SCANNING | rows=1 | claims=0
2026-07-03 13:53:31 [INFO] [loop_tick] state=SCANNING | rows=1 | claims=0
2026-07-03 13:53:34 [INFO] [loop_tick] state=SCANNING | rows=1 | claims=0
2026-07-03 13:53:36 [INFO] [loop_tick] state=SCANNING | rows=1 | claims=0
2026-07-03 13:53:38 [INFO] [loop_tick] state=SCANNING | rows=1 | claims=0
2026-07-03 13:53:41 [INFO] [loop_tick] state=SCANNING | rows=1 | claims=0
2026-07-03 13:53:43 [INFO] [loop_tick] state=SCANNING | rows=1 | claims=0
2026-07-03 13:53:45 [INFO] [loop_tick] state=SCANNING | rows=1 | claims=0
2026-07-03 13:53:48 [INFO] [loop_tick] state=SCANNING | rows=1 | claims=0
2026-07-03 13:53:50 [INFO] [row_detected] total_rows=2 | claim_rows=[0]
2026-07-03 13:53:50 [INFO] [claim_found] row_id=0 | text=CLAIM | confidence=0.999 | claim_cell=(1169, 619)
2026-07-03 13:53:50 [INFO] [state_change] from_state=SCANNING | to_state=CLAIM_FOUND
2026-07-03 13:53:50 [INFO] [state_change] from_state=CLAIM_FOUND | to_state=CLICK_CLAIM
2026-07-03 13:53:51 [INFO] [claim_cell_clicked] row_id=0 | x=1169 | y=619
2026-07-03 13:53:51 [INFO] [state_change] from_state=CLICK_CLAIM | to_state=WAIT_USERNAME
2026-07-03 13:53:52 [INFO] [claim_verified] y_key=616 | cell_text=phan | elapsed_s=1.306
2026-07-03 13:53:52 [INFO] [state_change] from_state=WAIT_USERNAME | to_state=CLAIM_SUCCESS
2026-07-03 13:53:53 [INFO] [select_clicked] y_key=616 | x=1316 | y=619
2026-07-03 13:53:54 [INFO] [state_change] from_state=CLAIM_SUCCESS | to_state=CLICK_SELECT
2026-07-03 13:53:54 [INFO] [state_change] from_state=CLICK_SELECT | to_state=CLICK_CONNECT
2026-07-03 13:53:55 [INFO] [connect_clicked] y_key=616 | x=768 | y=88
2026-07-03 13:53:55 [INFO] [state_change] from_state=CLICK_CONNECT | to_state=CONNECTED
2026-07-03 13:53:55 [INFO] ✓ Connected! Waiting 1000ms then entering STOPPED state.
2026-07-03 13:53:56 [INFO] [state_change] from_state=CONNECTED | to_state=STOPPED
2026-07-03 13:53:56 [INFO] Automation ENABLED (F8)
2026-07-03 13:53:56 [INFO] [state_change] from_state=STOPPED | to_state=SCANNING
2026-07-03 13:53:57 [INFO] [loop_tick] state=SCANNING | rows=2 | claims=0
2026-07-03 13:53:58 [INFO] [loop_tick] state=SCANNING | rows=2 | claims=0
2026-07-03 13:54:00 [INFO] [loop_tick] state=SCANNING | rows=2 | claims=0
2026-07-03 13:54:03 [INFO] [loop_tick] state=SCANNING | rows=2 | claims=0
2026-07-03 13:54:05 [INFO] [loop_tick] state=SCANNING | rows=2 | claims=0
2026-07-03 13:54:08 [INFO] [loop_tick] state=SCANNING | rows=2 | claims=0
2026-07-03 13:54:10 [INFO] [loop_tick] state=SCANNING | rows=2 | claims=0
2026-07-03 13:54:13 [INFO] [loop_tick] state=SCANNING | rows=2 | claims=0
2026-07-03 13:54:15 [INFO] [loop_tick] state=SCANNING | rows=2 | claims=0
2026-07-03 13:54:17 [INFO] [loop_tick] state=SCANNING | rows=2 | claims=0
2026-07-03 13:54:20 [INFO] [loop_tick] state=SCANNING | rows=2 | claims=0
2026-07-03 13:54:21 [INFO] Automation DISABLED (F8)
2026-07-03 13:54:21 [INFO] [state_change] from_state=SCANNING | to_state=STOPPED
2026-07-03 13:56:02 [INFO] Clean exit requested (ESC).
2026-07-03 13:56:02 [INFO] WorkflowEngine shut down cleanly.
2026-07-03 14:30:17 [INFO] System Tray initialized. Application is running in the background.
2026-07-03 14:30:17 [INFO] All sub-systems initialised. Presets loaded: 1. Active preset: Camera Alignment.
2026-07-03 14:30:17 [INFO] [state_change] from_state=IDLE | to_state=SCANNING
2026-07-03 14:30:17 [INFO] WorkflowEngine started — user='phan'  table={'left': 52, 'top': 601, 'width': 1491, 'height': 298}
2026-07-03 14:30:20 [INFO] Clean exit requested (ESC).
2026-07-03 14:30:21 [INFO] [loop_tick] state=SCANNING | rows=1 | claims=0
2026-07-03 14:30:21 [INFO] WorkflowEngine shut down cleanly.
2026-07-03 14:30:25 [INFO] Running CLI Calibration...
2026-07-03 14:30:25 [INFO] Starting calibration...
2026-07-03 14:30:47 [INFO] Phase 1 calibration complete — all regions configured.
2026-07-03 14:32:00 [INFO] Starting Logging Calibration (Phase 2)...
2026-07-03 14:32:27 [INFO] Running CLI Calibration...
2026-07-03 14:32:27 [INFO] Starting calibration...
2026-07-03 14:32:52 [INFO] Running CLI Calibration...
2026-07-03 14:32:52 [INFO] Starting calibration...
2026-07-03 14:33:19 [INFO] Phase 1 calibration complete — all regions configured.
2026-07-03 14:33:26 [INFO] Starting Logging Calibration (Phase 2)...
2026-07-03 14:34:01 [INFO] ✓ Logging calibration saved 8 positions: ['logging_tab', 'vision_dropdown', 'all_cameras_option', 'action_dropdown', 'align_option', 'extract_option', 'resolution_dropdown', 'successful_option']
2026-07-03 14:34:01 [INFO] Calibration finished.
2026-07-03 14:35:40 [INFO] Running CLI Calibration...
2026-07-03 14:35:40 [INFO] Starting calibration...
2026-07-03 14:35:58 [INFO] Phase 1 calibration complete — all regions configured.
2026-07-03 14:36:03 [INFO] Starting Logging Calibration (Phase 2)...
2026-07-03 14:36:31 [INFO] ✓ Logging calibration saved 8 positions: ['logging_tab', 'vision_dropdown', 'all_cameras_option', 'action_dropdown', 'align_option', 'extract_option', 'resolution_dropdown', 'successful_option']
2026-07-03 14:36:31 [INFO] Calibration finished.
2026-07-03 14:36:54 [INFO] System Tray initialized. Application is running in the background.
2026-07-03 14:36:54 [INFO] All sub-systems initialised. Presets loaded: 1. Active preset: Camera Alignment.
2026-07-03 14:36:54 [INFO] [state_change] from_state=IDLE | to_state=SCANNING
2026-07-03 14:36:54 [INFO] WorkflowEngine started — user='phan'  table={'left': 52, 'top': 604, 'width': 1486, 'height': 291}
2026-07-03 14:36:58 [INFO] [loop_tick] state=SCANNING | rows=1 | claims=0
2026-07-03 14:36:58 [INFO] [loop_tick] state=SCANNING | rows=1 | claims=0
2026-07-03 14:37:00 [INFO] [loop_tick] state=SCANNING | rows=1 | claims=0
2026-07-03 14:37:03 [INFO] [loop_tick] state=SCANNING | rows=1 | claims=0
2026-07-03 14:37:05 [INFO] [row_detected] total_rows=3 | claim_rows=[0, 1]
2026-07-03 14:37:08 [INFO] [row_detected] total_rows=3 | claim_rows=[0, 1]
2026-07-03 14:37:10 [INFO] [loop_tick] state=SCANNING | rows=1 | claims=0
2026-07-03 14:37:12 [INFO] [loop_tick] state=SCANNING | rows=1 | claims=0
2026-07-03 14:37:14 [INFO] [loop_tick] state=SCANNING | rows=1 | claims=0
2026-07-03 14:37:17 [INFO] [loop_tick] state=SCANNING | rows=1 | claims=0
2026-07-03 14:37:19 [INFO] [loop_tick] state=SCANNING | rows=1 | claims=0
2026-07-03 14:37:21 [INFO] [loop_tick] state=SCANNING | rows=1 | claims=0
2026-07-03 14:37:24 [INFO] [loop_tick] state=SCANNING | rows=1 | claims=0
2026-07-03 14:37:26 [INFO] [loop_tick] state=SCANNING | rows=1 | claims=0
2026-07-03 14:37:28 [INFO] [loop_tick] state=SCANNING | rows=1 | claims=0
2026-07-03 14:37:31 [INFO] [loop_tick] state=SCANNING | rows=1 | claims=0
2026-07-03 14:37:33 [INFO] [loop_tick] state=SCANNING | rows=1 | claims=0
2026-07-03 14:37:36 [INFO] [loop_tick] state=SCANNING | rows=1 | claims=0
2026-07-03 14:37:38 [INFO] [loop_tick] state=SCANNING | rows=1 | claims=0
2026-07-03 14:37:41 [INFO] [loop_tick] state=SCANNING | rows=1 | claims=0
2026-07-03 14:37:42 [INFO] [loop_tick] state=SCANNING | rows=1 | claims=0
2026-07-03 14:37:45 [INFO] [loop_tick] state=SCANNING | rows=1 | claims=0
2026-07-03 14:37:47 [INFO] [loop_tick] state=SCANNING | rows=1 | claims=0
2026-07-03 14:37:50 [INFO] [loop_tick] state=SCANNING | rows=1 | claims=0
2026-07-03 14:37:52 [INFO] [loop_tick] state=SCANNING | rows=1 | claims=0
2026-07-03 14:37:54 [INFO] [loop_tick] state=SCANNING | rows=1 | claims=0
2026-07-03 14:37:57 [INFO] [loop_tick] state=SCANNING | rows=1 | claims=0
2026-07-03 14:37:59 [INFO] [loop_tick] state=SCANNING | rows=1 | claims=0
2026-07-03 14:38:01 [INFO] [loop_tick] state=SCANNING | rows=1 | claims=0
2026-07-03 14:38:04 [INFO] [loop_tick] state=SCANNING | rows=1 | claims=0
2026-07-03 14:38:06 [INFO] [loop_tick] state=SCANNING | rows=1 | claims=0
2026-07-03 14:38:09 [INFO] [loop_tick] state=SCANNING | rows=1 | claims=0
2026-07-03 14:38:11 [INFO] [loop_tick] state=SCANNING | rows=1 | claims=0
2026-07-03 14:38:14 [INFO] [loop_tick] state=SCANNING | rows=1 | claims=0
2026-07-03 14:38:15 [INFO] [loop_tick] state=SCANNING | rows=1 | claims=0
2026-07-03 14:38:18 [INFO] [loop_tick] state=SCANNING | rows=1 | claims=0
2026-07-03 14:38:20 [INFO] [loop_tick] state=SCANNING | rows=1 | claims=0
2026-07-03 14:38:22 [INFO] [loop_tick] state=SCANNING | rows=1 | claims=0
2026-07-03 14:38:25 [INFO] [row_detected] total_rows=2 | claim_rows=[0]
2026-07-03 14:38:25 [INFO] [claim_found] row_id=0 | text=CLAIM | confidence=0.998 | claim_cell=(1169, 620)
2026-07-03 14:38:25 [INFO] [state_change] from_state=SCANNING | to_state=CLAIM_FOUND
2026-07-03 14:38:25 [INFO] [state_change] from_state=CLAIM_FOUND | to_state=CLICK_CLAIM
2026-07-03 14:38:26 [INFO] [claim_cell_clicked] row_id=0 | x=1169 | y=620
2026-07-03 14:38:26 [INFO] [state_change] from_state=CLICK_CLAIM | to_state=WAIT_USERNAME
2026-07-03 14:38:27 [WARNING] Cell shows 'tminh' (not pending and not 'PHAN') — claimed by someone else.
2026-07-03 14:38:27 [INFO] [claim_stolen] y_key=624 | cell_text=tminh
2026-07-03 14:38:27 [INFO] [state_change] from_state=WAIT_USERNAME | to_state=SCANNING
2026-07-03 14:38:28 [INFO] [row_detected] total_rows=3 | claim_rows=[1]
2026-07-03 14:38:28 [INFO] [claim_found] row_id=1 | text=CLAIM | confidence=0.992 | claim_cell=(1168, 650)
2026-07-03 14:38:28 [INFO] [state_change] from_state=SCANNING | to_state=CLAIM_FOUND
2026-07-03 14:38:28 [INFO] [state_change] from_state=CLAIM_FOUND | to_state=CLICK_CLAIM
2026-07-03 14:38:28 [INFO] [claim_cell_clicked] row_id=1 | x=1168 | y=650
2026-07-03 14:38:28 [INFO] [state_change] from_state=CLICK_CLAIM | to_state=WAIT_USERNAME
2026-07-03 14:38:30 [INFO] [claim_verified] y_key=648 | cell_text=phan | elapsed_s=1.507
2026-07-03 14:38:30 [INFO] [state_change] from_state=WAIT_USERNAME | to_state=CLAIM_SUCCESS
2026-07-03 14:38:30 [INFO] [select_clicked] y_key=648 | x=1315 | y=649
2026-07-03 14:38:31 [INFO] [state_change] from_state=CLAIM_SUCCESS | to_state=CLICK_SELECT
2026-07-03 14:38:31 [INFO] [state_change] from_state=CLICK_SELECT | to_state=CLICK_CONNECT
2026-07-03 14:38:32 [INFO] [connect_clicked] y_key=648 | x=638 | y=87
2026-07-03 14:38:32 [INFO] [state_change] from_state=CLICK_CONNECT | to_state=CONNECTED
2026-07-03 14:38:32 [INFO] ✓ Connected! Waiting 1000ms then checking logging config.
2026-07-03 14:38:33 [INFO] Logging automation ENABLED — preset='Camera Alignment'. Transitioning to LOGGING state.
2026-07-03 14:38:33 [INFO] [state_change] from_state=CONNECTED | to_state=LOGGING
2026-07-03 14:38:33 [INFO] LOGGING state: running preset='Camera Alignment'  vision=['All cameras functional']  actions=['Align', 'Extract']  resolution=['Successful']
2026-07-03 14:38:33 [INFO] LoggingWorkflow starting — preset='Camera Alignment'  vision=['All cameras functional']  actions=['Align', 'Extract']  resolution=['Successful']
2026-07-03 14:38:34 [INFO] Logging attempt 1/3
2026-07-03 14:38:34 [INFO]   → Clicking Logging tab at (158, 553)
2026-07-03 14:38:35 [INFO]   → Vision dropdown at (288, 639)
2026-07-03 14:38:35 [INFO]   → Vision option 'All cameras functional' at (288, 639)
2026-07-03 14:38:36 [INFO]   → Action dropdown at (264, 679)
2026-07-03 14:38:37 [INFO]   → Action option 'Align' at (256, 721)
2026-07-03 14:38:38 [INFO]   → Action dropdown at (264, 679)
2026-07-03 14:38:39 [INFO]   → Action option 'Extract' at (252, 761)
2026-07-03 14:38:39 [INFO]   → Resolution dropdown at (265, 767)
2026-07-03 14:38:40 [INFO]   → Resolution option 'Successful' at (265, 767)
2026-07-03 14:38:41 [INFO] ✓ Logging automation completed successfully.
2026-07-03 14:38:41 [INFO] Logging automation COMPLETE — transitioning to COMPLETE state.
2026-07-03 14:38:41 [INFO] [state_change] from_state=LOGGING | to_state=COMPLETE
2026-07-03 14:38:41 [INFO] COMPLETE state — entering STOPPED.
2026-07-03 14:38:41 [INFO] [state_change] from_state=COMPLETE | to_state=STOPPED
2026-07-03 14:39:09 [INFO] Automation ENABLED (F8)
2026-07-03 14:39:09 [INFO] [state_change] from_state=STOPPED | to_state=SCANNING
2026-07-03 14:39:09 [INFO] [row_detected] total_rows=6 | claim_rows=[3, 4, 5]
2026-07-03 14:39:09 [INFO] [claim_found] row_id=3 | text=CLAIM | confidence=0.998 | claim_cell=(1169, 710)
2026-07-03 14:39:09 [INFO] [state_change] from_state=SCANNING | to_state=CLAIM_FOUND
2026-07-03 14:39:09 [INFO] [state_change] from_state=CLAIM_FOUND | to_state=CLICK_CLAIM
2026-07-03 14:39:10 [INFO] [claim_cell_clicked] row_id=3 | x=1169 | y=710
2026-07-03 14:39:10 [INFO] [state_change] from_state=CLICK_CLAIM | to_state=WAIT_USERNAME
2026-07-03 14:39:10 [INFO] Automation DISABLED (F8)
2026-07-03 14:39:10 [INFO] [state_change] from_state=WAIT_USERNAME | to_state=STOPPED
2026-07-03 14:39:24 [INFO] Automation ENABLED (F8)
2026-07-03 14:39:24 [INFO] [state_change] from_state=STOPPED | to_state=SCANNING
2026-07-03 14:39:24 [INFO] [loop_tick] state=SCANNING | rows=2 | claims=0
2026-07-03 14:39:25 [INFO] [loop_tick] state=SCANNING | rows=2 | claims=0
2026-07-03 14:39:25 [INFO] [loop_tick] state=SCANNING | rows=2 | claims=0
2026-07-03 14:39:28 [INFO] [loop_tick] state=SCANNING | rows=2 | claims=0
2026-07-03 14:39:29 [INFO] [loop_tick] state=SCANNING | rows=2 | claims=0
2026-07-03 14:39:29 [INFO] [loop_tick] state=SCANNING | rows=2 | claims=0
2026-07-03 14:39:29 [INFO] [loop_tick] state=SCANNING | rows=2 | claims=0
2026-07-03 14:39:29 [INFO] [loop_tick] state=SCANNING | rows=2 | claims=0
2026-07-03 14:39:29 [INFO] [loop_tick] state=SCANNING | rows=5 | claims=0
2026-07-03 14:39:29 [INFO] [loop_tick] state=SCANNING | rows=3 | claims=0
2026-07-03 14:39:30 [INFO] [loop_tick] state=SCANNING | rows=5 | claims=0
2026-07-03 14:39:30 [INFO] [loop_tick] state=SCANNING | rows=5 | claims=0
2026-07-03 14:39:30 [INFO] [loop_tick] state=SCANNING | rows=6 | claims=0
2026-07-03 14:39:30 [INFO] [loop_tick] state=SCANNING | rows=5 | claims=0
2026-07-03 14:39:30 [INFO] [loop_tick] state=SCANNING | rows=4 | claims=0
2026-07-03 14:39:30 [INFO] [loop_tick] state=SCANNING | rows=5 | claims=0
2026-07-03 14:39:30 [INFO] [loop_tick] state=SCANNING | rows=5 | claims=0
2026-07-03 14:39:30 [INFO] [loop_tick] state=SCANNING | rows=5 | claims=0
2026-07-03 14:39:30 [INFO] [loop_tick] state=SCANNING | rows=5 | claims=0
2026-07-03 14:39:31 [INFO] [loop_tick] state=SCANNING | rows=6 | claims=0
2026-07-03 14:39:31 [INFO] [loop_tick] state=SCANNING | rows=5 | claims=0
2026-07-03 14:39:31 [INFO] [loop_tick] state=SCANNING | rows=5 | claims=0
2026-07-03 14:39:31 [INFO] [loop_tick] state=SCANNING | rows=5 | claims=0
2026-07-03 14:39:31 [INFO] [loop_tick] state=SCANNING | rows=5 | claims=0
2026-07-03 14:39:31 [INFO] [loop_tick] state=SCANNING | rows=5 | claims=0
2026-07-03 14:39:31 [INFO] [loop_tick] state=SCANNING | rows=5 | claims=0
2026-07-03 14:39:31 [INFO] [loop_tick] state=SCANNING | rows=5 | claims=0
2026-07-03 14:39:32 [INFO] [loop_tick] state=SCANNING | rows=5 | claims=0
2026-07-03 14:39:32 [INFO] [loop_tick] state=SCANNING | rows=5 | claims=0
2026-07-03 14:39:32 [INFO] [loop_tick] state=SCANNING | rows=5 | claims=0
2026-07-03 14:39:32 [INFO] [loop_tick] state=SCANNING | rows=4 | claims=0
2026-07-03 14:39:32 [INFO] [loop_tick] state=SCANNING | rows=5 | claims=0
2026-07-03 14:39:32 [INFO] [loop_tick] state=SCANNING | rows=4 | claims=0
2026-07-03 14:39:32 [INFO] [loop_tick] state=SCANNING | rows=4 | claims=0
2026-07-03 14:39:32 [INFO] [loop_tick] state=SCANNING | rows=5 | claims=0
2026-07-03 14:39:33 [INFO] [loop_tick] state=SCANNING | rows=5 | claims=0
2026-07-03 14:39:33 [INFO] [loop_tick] state=SCANNING | rows=3 | claims=0
2026-07-03 14:39:33 [INFO] [loop_tick] state=SCANNING | rows=6 | claims=0
2026-07-03 14:39:33 [INFO] [loop_tick] state=SCANNING | rows=4 | claims=0
2026-07-03 14:39:33 [INFO] [loop_tick] state=SCANNING | rows=5 | claims=0
2026-07-03 14:39:33 [INFO] [loop_tick] state=SCANNING | rows=5 | claims=0
2026-07-03 14:39:33 [INFO] [loop_tick] state=SCANNING | rows=5 | claims=0
2026-07-03 14:39:33 [INFO] [loop_tick] state=SCANNING | rows=7 | claims=0
2026-07-03 14:39:33 [INFO] [loop_tick] state=SCANNING | rows=7 | claims=0
2026-07-03 14:39:34 [INFO] [loop_tick] state=SCANNING | rows=9 | claims=0
2026-07-03 14:39:34 [INFO] [loop_tick] state=SCANNING | rows=6 | claims=0
2026-07-03 14:39:34 [INFO] [loop_tick] state=SCANNING | rows=8 | claims=0
2026-07-03 14:39:34 [INFO] [loop_tick] state=SCANNING | rows=9 | claims=0
2026-07-03 14:39:34 [INFO] [loop_tick] state=SCANNING | rows=9 | claims=0
2026-07-03 14:39:34 [INFO] [loop_tick] state=SCANNING | rows=6 | claims=0
2026-07-03 14:39:34 [INFO] [loop_tick] state=SCANNING | rows=7 | claims=0
2026-07-03 14:39:34 [INFO] [loop_tick] state=SCANNING | rows=6 | claims=0
2026-07-03 14:39:35 [INFO] [loop_tick] state=SCANNING | rows=5 | claims=0
2026-07-03 14:39:35 [INFO] [loop_tick] state=SCANNING | rows=7 | claims=0
2026-07-03 14:39:35 [INFO] [loop_tick] state=SCANNING | rows=8 | claims=0
2026-07-03 14:39:35 [INFO] [loop_tick] state=SCANNING | rows=8 | claims=0
2026-07-03 14:39:35 [INFO] [loop_tick] state=SCANNING | rows=6 | claims=0
2026-07-03 14:39:35 [INFO] [loop_tick] state=SCANNING | rows=7 | claims=0
2026-07-03 14:39:35 [INFO] [loop_tick] state=SCANNING | rows=5 | claims=0
2026-07-03 14:39:35 [INFO] [loop_tick] state=SCANNING | rows=9 | claims=0
2026-07-03 14:39:35 [INFO] [loop_tick] state=SCANNING | rows=6 | claims=0
2026-07-03 14:39:36 [INFO] [loop_tick] state=SCANNING | rows=8 | claims=0
2026-07-03 14:39:36 [INFO] [loop_tick] state=SCANNING | rows=6 | claims=0
2026-07-03 14:39:36 [INFO] [loop_tick] state=SCANNING | rows=5 | claims=0
2026-07-03 14:39:36 [INFO] [loop_tick] state=SCANNING | rows=9 | claims=0
2026-07-03 14:39:36 [INFO] [loop_tick] state=SCANNING | rows=7 | claims=0
2026-07-03 14:39:36 [INFO] [loop_tick] state=SCANNING | rows=7 | claims=0
2026-07-03 14:39:36 [INFO] [loop_tick] state=SCANNING | rows=9 | claims=0
2026-07-03 14:39:36 [INFO] [loop_tick] state=SCANNING | rows=5 | claims=0
2026-07-03 14:39:37 [INFO] [loop_tick] state=SCANNING | rows=7 | claims=0
2026-07-03 14:39:37 [INFO] [loop_tick] state=SCANNING | rows=6 | claims=0
2026-07-03 14:39:37 [INFO] [loop_tick] state=SCANNING | rows=2 | claims=0
2026-07-03 14:39:37 [INFO] [loop_tick] state=SCANNING | rows=2 | claims=0
2026-07-03 14:39:37 [INFO] [loop_tick] state=SCANNING | rows=2 | claims=0
2026-07-03 14:39:38 [INFO] [loop_tick] state=SCANNING | rows=2 | claims=0
2026-07-03 14:39:38 [INFO] [loop_tick] state=SCANNING | rows=2 | claims=0
2026-07-03 14:39:38 [INFO] [loop_tick] state=SCANNING | rows=2 | claims=0
2026-07-03 14:39:38 [INFO] [loop_tick] state=SCANNING | rows=1 | claims=0
2026-07-03 14:39:38 [INFO] [loop_tick] state=SCANNING | rows=1 | claims=0
2026-07-03 14:39:39 [INFO] [loop_tick] state=SCANNING | rows=1 | claims=0
2026-07-03 14:39:40 [INFO] [loop_tick] state=SCANNING | rows=1 | claims=0
2026-07-03 14:39:40 [INFO] [loop_tick] state=SCANNING | rows=1 | claims=0
2026-07-03 14:39:40 [INFO] [loop_tick] state=SCANNING | rows=1 | claims=0
2026-07-03 14:39:40 [INFO] [loop_tick] state=SCANNING | rows=1 | claims=0
2026-07-03 14:39:40 [INFO] [loop_tick] state=SCANNING | rows=2 | claims=0
2026-07-03 14:39:40 [INFO] [loop_tick] state=SCANNING | rows=2 | claims=0
2026-07-03 14:39:40 [INFO] [loop_tick] state=SCANNING | rows=1 | claims=0
2026-07-03 14:39:40 [INFO] [loop_tick] state=SCANNING | rows=1 | claims=0
2026-07-03 14:39:41 [INFO] [loop_tick] state=SCANNING | rows=1 | claims=0
2026-07-03 14:39:41 [INFO] [loop_tick] state=SCANNING | rows=1 | claims=0
2026-07-03 14:39:41 [INFO] [loop_tick] state=SCANNING | rows=1 | claims=0
2026-07-03 14:39:41 [INFO] [loop_tick] state=SCANNING | rows=1 | claims=0
2026-07-03 14:39:41 [INFO] [loop_tick] state=SCANNING | rows=1 | claims=0
2026-07-03 14:39:41 [INFO] [loop_tick] state=SCANNING | rows=1 | claims=0
2026-07-03 14:39:41 [INFO] [loop_tick] state=SCANNING | rows=1 | claims=0
2026-07-03 14:39:41 [INFO] [loop_tick] state=SCANNING | rows=1 | claims=0
2026-07-03 14:39:41 [INFO] [loop_tick] state=SCANNING | rows=1 | claims=0
2026-07-03 14:39:42 [INFO] [loop_tick] state=SCANNING | rows=1 | claims=0
2026-07-03 14:39:42 [INFO] [loop_tick] state=SCANNING | rows=1 | claims=0
2026-07-03 14:39:42 [INFO] [loop_tick] state=SCANNING | rows=1 | claims=0
2026-07-03 14:39:42 [INFO] [loop_tick] state=SCANNING | rows=1 | claims=0
2026-07-03 14:39:42 [INFO] [loop_tick] state=SCANNING | rows=1 | claims=0
2026-07-03 14:39:42 [INFO] [loop_tick] state=SCANNING | rows=1 | claims=0
2026-07-03 14:39:42 [INFO] [loop_tick] state=SCANNING | rows=1 | claims=0
2026-07-03 14:39:42 [INFO] [loop_tick] state=SCANNING | rows=1 | claims=0
2026-07-03 14:39:43 [INFO] [loop_tick] state=SCANNING | rows=1 | claims=0
2026-07-03 14:39:43 [INFO] [loop_tick] state=SCANNING | rows=1 | claims=0
2026-07-03 14:39:43 [INFO] [loop_tick] state=SCANNING | rows=9 | claims=0
2026-07-03 14:39:43 [INFO] [loop_tick] state=SCANNING | rows=8 | claims=0
2026-07-03 14:39:43 [INFO] [loop_tick] state=SCANNING | rows=9 | claims=0
2026-07-03 14:39:44 [INFO] [loop_tick] state=SCANNING | rows=8 | claims=0
2026-07-03 14:39:44 [INFO] [loop_tick] state=SCANNING | rows=5 | claims=0
2026-07-03 14:39:44 [INFO] [loop_tick] state=SCANNING | rows=7 | claims=0
2026-07-03 14:39:44 [INFO] [loop_tick] state=SCANNING | rows=6 | claims=0
2026-07-03 14:39:44 [INFO] [loop_tick] state=SCANNING | rows=6 | claims=0
2026-07-03 14:39:44 [INFO] [loop_tick] state=SCANNING | rows=7 | claims=0
2026-07-03 14:39:44 [INFO] [loop_tick] state=SCANNING | rows=9 | claims=0
2026-07-03 14:39:44 [INFO] [loop_tick] state=SCANNING | rows=7 | claims=0
2026-07-03 14:39:45 [INFO] [loop_tick] state=SCANNING | rows=9 | claims=0
2026-07-03 14:39:45 [INFO] [loop_tick] state=SCANNING | rows=9 | claims=0
2026-07-03 14:39:45 [INFO] [loop_tick] state=SCANNING | rows=7 | claims=0
2026-07-03 14:39:45 [INFO] [loop_tick] state=SCANNING | rows=6 | claims=0
2026-07-03 14:39:45 [INFO] [loop_tick] state=SCANNING | rows=5 | claims=0
2026-07-03 14:39:45 [INFO] [loop_tick] state=SCANNING | rows=6 | claims=0
2026-07-03 14:39:45 [INFO] [loop_tick] state=SCANNING | rows=6 | claims=0
2026-07-03 14:39:45 [INFO] [loop_tick] state=SCANNING | rows=6 | claims=0
2026-07-03 14:39:46 [INFO] [loop_tick] state=SCANNING | rows=8 | claims=0
2026-07-03 14:39:46 [INFO] [loop_tick] state=SCANNING | rows=6 | claims=0
2026-07-03 14:39:46 [INFO] [loop_tick] state=SCANNING | rows=8 | claims=0
2026-07-03 14:39:46 [INFO] [loop_tick] state=SCANNING | rows=3 | claims=0
2026-07-03 14:39:46 [INFO] [loop_tick] state=SCANNING | rows=5 | claims=0
2026-07-03 14:39:46 [INFO] [loop_tick] state=SCANNING | rows=4 | claims=0
2026-07-03 14:39:46 [INFO] [loop_tick] state=SCANNING | rows=5 | claims=0
2026-07-03 14:39:46 [INFO] [loop_tick] state=SCANNING | rows=5 | claims=0
2026-07-03 14:39:47 [INFO] [loop_tick] state=SCANNING | rows=3 | claims=0
2026-07-03 14:39:47 [INFO] [loop_tick] state=SCANNING | rows=4 | claims=0
2026-07-03 14:39:47 [INFO] [loop_tick] state=SCANNING | rows=4 | claims=0
2026-07-03 14:39:47 [INFO] [loop_tick] state=SCANNING | rows=3 | claims=0
2026-07-03 14:39:47 [INFO] [loop_tick] state=SCANNING | rows=4 | claims=0
2026-07-03 14:39:47 [INFO] [loop_tick] state=SCANNING | rows=4 | claims=0
2026-07-03 14:39:47 [INFO] [loop_tick] state=SCANNING | rows=4 | claims=0
2026-07-03 14:39:47 [INFO] [loop_tick] state=SCANNING | rows=5 | claims=0
2026-07-03 14:39:47 [INFO] [loop_tick] state=SCANNING | rows=1 | claims=0
2026-07-03 14:39:48 [INFO] [loop_tick] state=SCANNING | rows=1 | claims=0
2026-07-03 14:39:48 [INFO] [loop_tick] state=SCANNING | rows=1 | claims=0
2026-07-03 14:39:48 [INFO] [loop_tick] state=SCANNING | rows=1 | claims=0
2026-07-03 14:39:48 [INFO] [loop_tick] state=SCANNING | rows=1 | claims=0
2026-07-03 14:39:48 [INFO] [loop_tick] state=SCANNING | rows=2 | claims=0
2026-07-03 14:39:49 [INFO] [loop_tick] state=SCANNING | rows=1 | claims=0
2026-07-03 14:39:49 [INFO] [loop_tick] state=SCANNING | rows=1 | claims=0
2026-07-03 14:39:49 [INFO] [loop_tick] state=SCANNING | rows=1 | claims=0
2026-07-03 14:39:49 [INFO] [loop_tick] state=SCANNING | rows=1 | claims=0
2026-07-03 14:39:49 [INFO] [loop_tick] state=SCANNING | rows=1 | claims=0
2026-07-03 14:39:49 [INFO] [loop_tick] state=SCANNING | rows=1 | claims=0
2026-07-03 14:39:49 [INFO] [loop_tick] state=SCANNING | rows=1 | claims=0
2026-07-03 14:39:50 [INFO] [loop_tick] state=SCANNING | rows=3 | claims=0
2026-07-03 14:39:50 [INFO] [loop_tick] state=SCANNING | rows=4 | claims=0
2026-07-03 14:39:50 [INFO] [loop_tick] state=SCANNING | rows=5 | claims=0
2026-07-03 14:39:50 [INFO] [loop_tick] state=SCANNING | rows=3 | claims=0
2026-07-03 14:39:50 [INFO] [loop_tick] state=SCANNING | rows=4 | claims=0
2026-07-03 14:39:50 [INFO] [loop_tick] state=SCANNING | rows=4 | claims=0
2026-07-03 14:39:50 [INFO] [loop_tick] state=SCANNING | rows=3 | claims=0
2026-07-03 14:39:51 [INFO] [loop_tick] state=SCANNING | rows=4 | claims=0
2026-07-03 14:39:51 [INFO] [loop_tick] state=SCANNING | rows=7 | claims=0
2026-07-03 14:39:51 [INFO] [loop_tick] state=SCANNING | rows=4 | claims=0
2026-07-03 14:39:51 [INFO] [loop_tick] state=SCANNING | rows=3 | claims=0
2026-07-03 14:39:51 [INFO] [loop_tick] state=SCANNING | rows=6 | claims=0
2026-07-03 14:39:51 [INFO] [loop_tick] state=SCANNING | rows=4 | claims=0
2026-07-03 14:39:51 [INFO] [loop_tick] state=SCANNING | rows=5 | claims=0
2026-07-03 14:39:52 [INFO] [loop_tick] state=SCANNING | rows=4 | claims=0
2026-07-03 14:39:52 [INFO] [loop_tick] state=SCANNING | rows=4 | claims=0
2026-07-03 14:39:52 [INFO] [loop_tick] state=SCANNING | rows=4 | claims=0
2026-07-03 14:39:52 [INFO] [loop_tick] state=SCANNING | rows=5 | claims=0
2026-07-03 14:39:52 [INFO] [loop_tick] state=SCANNING | rows=3 | claims=0
2026-07-03 14:39:52 [INFO] [loop_tick] state=SCANNING | rows=3 | claims=0
2026-07-03 14:39:52 [INFO] [loop_tick] state=SCANNING | rows=3 | claims=0
2026-07-03 14:39:53 [INFO] [loop_tick] state=SCANNING | rows=3 | claims=0
2026-07-03 14:39:53 [INFO] [loop_tick] state=SCANNING | rows=2 | claims=0
2026-07-03 14:39:53 [INFO] [loop_tick] state=SCANNING | rows=2 | claims=0
2026-07-03 14:39:53 [INFO] [loop_tick] state=SCANNING | rows=3 | claims=0
2026-07-03 14:39:53 [INFO] [loop_tick] state=SCANNING | rows=2 | claims=0
2026-07-03 14:39:53 [INFO] [loop_tick] state=SCANNING | rows=2 | claims=0
2026-07-03 14:39:53 [INFO] [loop_tick] state=SCANNING | rows=2 | claims=0
2026-07-03 14:39:54 [INFO] [loop_tick] state=SCANNING | rows=3 | claims=0
2026-07-03 14:39:54 [INFO] [loop_tick] state=SCANNING | rows=3 | claims=0
2026-07-03 14:39:54 [INFO] [loop_tick] state=SCANNING | rows=3 | claims=0
2026-07-03 14:39:54 [INFO] [loop_tick] state=SCANNING | rows=3 | claims=0
2026-07-03 14:39:54 [INFO] [loop_tick] state=SCANNING | rows=3 | claims=0
2026-07-03 14:39:54 [INFO] [loop_tick] state=SCANNING | rows=2 | claims=0
2026-07-03 14:39:54 [INFO] [loop_tick] state=SCANNING | rows=1 | claims=0
2026-07-03 14:39:55 [INFO] [loop_tick] state=SCANNING | rows=1 | claims=0
2026-07-03 14:39:55 [INFO] [loop_tick] state=SCANNING | rows=1 | claims=0
2026-07-03 14:39:55 [INFO] [loop_tick] state=SCANNING | rows=1 | claims=0
2026-07-03 14:39:55 [INFO] [loop_tick] state=SCANNING | rows=1 | claims=0
2026-07-03 14:39:55 [INFO] [loop_tick] state=SCANNING | rows=1 | claims=0
2026-07-03 14:39:55 [INFO] [loop_tick] state=SCANNING | rows=1 | claims=0
2026-07-03 14:39:56 [INFO] [loop_tick] state=SCANNING | rows=1 | claims=0
2026-07-03 14:39:56 [INFO] [loop_tick] state=SCANNING | rows=1 | claims=0
2026-07-03 14:39:56 [INFO] [loop_tick] state=SCANNING | rows=1 | claims=0
2026-07-03 14:39:56 [INFO] [loop_tick] state=SCANNING | rows=1 | claims=0
2026-07-03 14:39:56 [INFO] [loop_tick] state=SCANNING | rows=1 | claims=0
2026-07-03 14:39:57 [INFO] [loop_tick] state=SCANNING | rows=1 | claims=0
2026-07-03 14:39:57 [INFO] [loop_tick] state=SCANNING | rows=1 | claims=0
2026-07-03 14:39:57 [INFO] [loop_tick] state=SCANNING | rows=1 | claims=0
2026-07-03 14:39:57 [INFO] [loop_tick] state=SCANNING | rows=1 | claims=0
2026-07-03 14:39:57 [INFO] [loop_tick] state=SCANNING | rows=1 | claims=0
2026-07-03 14:39:58 [INFO] [loop_tick] state=SCANNING | rows=1 | claims=0
2026-07-03 14:39:58 [INFO] [loop_tick] state=SCANNING | rows=1 | claims=0
2026-07-03 14:39:58 [INFO] [loop_tick] state=SCANNING | rows=1 | claims=0
2026-07-03 14:39:58 [INFO] [loop_tick] state=SCANNING | rows=1 | claims=0
2026-07-03 14:39:58 [INFO] [loop_tick] state=SCANNING | rows=1 | claims=0
2026-07-03 14:39:58 [INFO] [loop_tick] state=SCANNING | rows=1 | claims=0
2026-07-03 14:39:58 [INFO] [loop_tick] state=SCANNING | rows=2 | claims=0
2026-07-03 14:39:59 [INFO] [loop_tick] state=SCANNING | rows=1 | claims=0
2026-07-03 14:39:59 [INFO] [loop_tick] state=SCANNING | rows=1 | claims=0
2026-07-03 14:39:59 [INFO] [loop_tick] state=SCANNING | rows=2 | claims=0
2026-07-03 14:39:59 [INFO] [loop_tick] state=SCANNING | rows=2 | claims=0
2026-07-03 14:39:59 [INFO] [loop_tick] state=SCANNING | rows=2 | claims=0
2026-07-03 14:39:59 [INFO] [loop_tick] state=SCANNING | rows=2 | claims=0
2026-07-03 14:40:00 [INFO] [loop_tick] state=SCANNING | rows=1 | claims=0
2026-07-03 14:40:00 [INFO] [loop_tick] state=SCANNING | rows=1 | claims=0
2026-07-03 14:40:00 [INFO] [loop_tick] state=SCANNING | rows=1 | claims=0
2026-07-03 14:40:00 [INFO] [loop_tick] state=SCANNING | rows=1 | claims=0
2026-07-03 14:40:00 [INFO] [loop_tick] state=SCANNING | rows=1 | claims=0
2026-07-03 14:40:01 [INFO] [loop_tick] state=SCANNING | rows=1 | claims=0
2026-07-03 14:40:01 [INFO] [loop_tick] state=SCANNING | rows=1 | claims=0
2026-07-03 14:40:01 [INFO] [loop_tick] state=SCANNING | rows=1 | claims=0
2026-07-03 14:40:02 [INFO] [loop_tick] state=SCANNING | rows=1 | claims=0
2026-07-03 14:40:02 [INFO] [loop_tick] state=SCANNING | rows=1 | claims=0
2026-07-03 14:40:02 [INFO] [loop_tick] state=SCANNING | rows=1 | claims=0
2026-07-03 14:40:02 [INFO] [loop_tick] state=SCANNING | rows=1 | claims=0
2026-07-03 14:40:03 [INFO] [loop_tick] state=SCANNING | rows=1 | claims=0
2026-07-03 14:40:03 [INFO] [loop_tick] state=SCANNING | rows=1 | claims=0
2026-07-03 14:40:03 [INFO] [loop_tick] state=SCANNING | rows=1 | claims=0
2026-07-03 14:40:03 [INFO] [loop_tick] state=SCANNING | rows=1 | claims=0
2026-07-03 14:40:03 [INFO] [loop_tick] state=SCANNING | rows=1 | claims=0
2026-07-03 14:40:03 [INFO] [loop_tick] state=SCANNING | rows=1 | claims=0
2026-07-03 14:40:03 [INFO] [loop_tick] state=SCANNING | rows=1 | claims=0
2026-07-03 14:40:03 [INFO] [loop_tick] state=SCANNING | rows=1 | claims=0
2026-07-03 14:40:03 [INFO] [loop_tick] state=SCANNING | rows=1 | claims=0
2026-07-03 14:40:04 [INFO] [loop_tick] state=SCANNING | rows=1 | claims=0
2026-07-03 14:40:04 [INFO] [loop_tick] state=SCANNING | rows=1 | claims=0
2026-07-03 14:40:04 [INFO] [loop_tick] state=SCANNING | rows=1 | claims=0
2026-07-03 14:40:04 [INFO] [loop_tick] state=SCANNING | rows=1 | claims=0
2026-07-03 14:40:04 [INFO] [loop_tick] state=SCANNING | rows=1 | claims=0
2026-07-03 14:40:05 [INFO] [loop_tick] state=SCANNING | rows=1 | claims=0
2026-07-03 14:40:05 [INFO] [loop_tick] state=SCANNING | rows=1 | claims=0
2026-07-03 14:40:05 [INFO] [loop_tick] state=SCANNING | rows=1 | claims=0
2026-07-03 14:40:05 [INFO] [loop_tick] state=SCANNING | rows=1 | claims=0
2026-07-03 14:40:05 [INFO] [loop_tick] state=SCANNING | rows=1 | claims=0
2026-07-03 14:40:05 [INFO] [loop_tick] state=SCANNING | rows=1 | claims=0
2026-07-03 14:40:05 [INFO] [loop_tick] state=SCANNING | rows=1 | claims=0
2026-07-03 14:40:06 [INFO] [loop_tick] state=SCANNING | rows=1 | claims=0
2026-07-03 14:40:06 [INFO] [loop_tick] state=SCANNING | rows=2 | claims=0
2026-07-03 14:40:06 [INFO] [loop_tick] state=SCANNING | rows=2 | claims=0
2026-07-03 14:40:06 [INFO] [loop_tick] state=SCANNING | rows=2 | claims=0
2026-07-03 14:40:06 [INFO] [loop_tick] state=SCANNING | rows=2 | claims=0
2026-07-03 14:40:07 [INFO] [loop_tick] state=SCANNING | rows=2 | claims=0
2026-07-03 14:40:07 [INFO] [loop_tick] state=SCANNING | rows=2 | claims=0
2026-07-03 14:40:07 [INFO] [loop_tick] state=SCANNING | rows=2 | claims=0
2026-07-03 14:40:07 [INFO] [loop_tick] state=SCANNING | rows=2 | claims=0
2026-07-03 14:40:07 [INFO] [loop_tick] state=SCANNING | rows=2 | claims=0
2026-07-03 14:40:07 [INFO] [loop_tick] state=SCANNING | rows=1 | claims=0
2026-07-03 14:40:07 [INFO] [loop_tick] state=SCANNING | rows=1 | claims=0
2026-07-03 14:40:08 [INFO] [loop_tick] state=SCANNING | rows=2 | claims=0
2026-07-03 14:40:08 [INFO] [loop_tick] state=SCANNING | rows=2 | claims=0
2026-07-03 14:40:08 [INFO] [loop_tick] state=SCANNING | rows=1 | claims=0
2026-07-03 14:40:08 [INFO] [loop_tick] state=SCANNING | rows=1 | claims=0
2026-07-03 14:40:08 [INFO] [loop_tick] state=SCANNING | rows=1 | claims=0
2026-07-03 14:40:08 [INFO] [loop_tick] state=SCANNING | rows=1 | claims=0
2026-07-03 14:40:08 [INFO] [loop_tick] state=SCANNING | rows=2 | claims=0
2026-07-03 14:40:08 [INFO] [loop_tick] state=SCANNING | rows=2 | claims=0
2026-07-03 14:40:09 [INFO] [loop_tick] state=SCANNING | rows=2 | claims=0
2026-07-03 14:40:09 [INFO] [loop_tick] state=SCANNING | rows=2 | claims=0
2026-07-03 14:40:09 [INFO] [loop_tick] state=SCANNING | rows=2 | claims=0
2026-07-03 14:40:09 [INFO] [loop_tick] state=SCANNING | rows=2 | claims=0
2026-07-03 14:40:09 [INFO] [loop_tick] state=SCANNING | rows=2 | claims=0
2026-07-03 14:40:09 [INFO] [loop_tick] state=SCANNING | rows=2 | claims=0
2026-07-03 14:40:09 [INFO] [loop_tick] state=SCANNING | rows=2 | claims=0
2026-07-03 14:40:09 [INFO] [loop_tick] state=SCANNING | rows=2 | claims=0
2026-07-03 14:40:10 [INFO] [loop_tick] state=SCANNING | rows=2 | claims=0
2026-07-03 14:40:10 [INFO] [loop_tick] state=SCANNING | rows=2 | claims=0
2026-07-03 14:40:10 [INFO] [loop_tick] state=SCANNING | rows=2 | claims=0
2026-07-03 14:40:10 [INFO] [loop_tick] state=SCANNING | rows=2 | claims=0
2026-07-03 14:40:10 [INFO] [loop_tick] state=SCANNING | rows=2 | claims=0
2026-07-03 14:40:12 [INFO] [loop_tick] state=SCANNING | rows=2 | claims=0
2026-07-03 14:40:12 [INFO] [loop_tick] state=SCANNING | rows=2 | claims=0
2026-07-03 14:40:13 [INFO] [loop_tick] state=SCANNING | rows=2 | claims=0
2026-07-03 14:40:13 [INFO] [loop_tick] state=SCANNING | rows=1 | claims=0
2026-07-03 14:40:13 [INFO] [loop_tick] state=SCANNING | rows=1 | claims=0
2026-07-03 14:40:13 [INFO] [loop_tick] state=SCANNING | rows=2 | claims=0
2026-07-03 14:40:13 [INFO] [loop_tick] state=SCANNING | rows=2 | claims=0
2026-07-03 14:40:14 [INFO] [loop_tick] state=SCANNING | rows=1 | claims=0
2026-07-03 14:40:14 [INFO] [loop_tick] state=SCANNING | rows=1 | claims=0
2026-07-03 14:40:14 [INFO] [loop_tick] state=SCANNING | rows=1 | claims=0
2026-07-03 14:40:14 [INFO] [loop_tick] state=SCANNING | rows=1 | claims=0
2026-07-03 14:40:14 [INFO] [loop_tick] state=SCANNING | rows=2 | claims=0
2026-07-03 14:40:14 [INFO] [loop_tick] state=SCANNING | rows=2 | claims=0
2026-07-03 14:40:14 [INFO] [loop_tick] state=SCANNING | rows=1 | claims=0
2026-07-03 14:40:15 [INFO] [loop_tick] state=SCANNING | rows=1 | claims=0
2026-07-03 14:40:15 [INFO] [loop_tick] state=SCANNING | rows=2 | claims=0
2026-07-03 14:40:15 [INFO] [loop_tick] state=SCANNING | rows=2 | claims=0
2026-07-03 14:40:15 [INFO] [loop_tick] state=SCANNING | rows=2 | claims=0
2026-07-03 14:40:15 [INFO] [loop_tick] state=SCANNING | rows=2 | claims=0
2026-07-03 14:40:15 [INFO] [loop_tick] state=SCANNING | rows=2 | claims=0
2026-07-03 14:40:16 [INFO] [loop_tick] state=SCANNING | rows=2 | claims=0
2026-07-03 14:40:16 [INFO] [loop_tick] state=SCANNING | rows=2 | claims=0
2026-07-03 14:40:16 [INFO] [loop_tick] state=SCANNING | rows=2 | claims=0
2026-07-03 14:40:17 [INFO] [loop_tick] state=SCANNING | rows=2 | claims=0
2026-07-03 14:40:17 [INFO] [loop_tick] state=SCANNING | rows=2 | claims=0
2026-07-03 14:40:17 [INFO] [loop_tick] state=SCANNING | rows=2 | claims=0
2026-07-03 14:40:17 [INFO] [loop_tick] state=SCANNING | rows=2 | claims=0
2026-07-03 14:40:17 [INFO] [loop_tick] state=SCANNING | rows=2 | claims=0
2026-07-03 14:40:17 [INFO] [loop_tick] state=SCANNING | rows=2 | claims=0
2026-07-03 14:40:17 [INFO] [loop_tick] state=SCANNING | rows=2 | claims=0
2026-07-03 14:40:17 [INFO] [loop_tick] state=SCANNING | rows=2 | claims=0
2026-07-03 14:40:18 [INFO] [loop_tick] state=SCANNING | rows=2 | claims=0
2026-07-03 14:40:18 [INFO] [loop_tick] state=SCANNING | rows=2 | claims=0
2026-07-03 14:40:18 [INFO] [loop_tick] state=SCANNING | rows=2 | claims=0
2026-07-03 14:40:18 [INFO] [loop_tick] state=SCANNING | rows=2 | claims=0
2026-07-03 14:40:19 [INFO] [loop_tick] state=SCANNING | rows=3 | claims=0
2026-07-03 14:40:19 [INFO] [loop_tick] state=SCANNING | rows=3 | claims=0
2026-07-03 14:40:19 [INFO] [loop_tick] state=SCANNING | rows=3 | claims=0
2026-07-03 14:40:19 [INFO] [loop_tick] state=SCANNING | rows=3 | claims=0
2026-07-03 14:40:19 [INFO] [loop_tick] state=SCANNING | rows=3 | claims=0
2026-07-03 14:40:19 [INFO] [loop_tick] state=SCANNING | rows=3 | claims=0
2026-07-03 14:40:19 [INFO] [loop_tick] state=SCANNING | rows=6 | claims=0
2026-07-03 14:40:19 [INFO] [loop_tick] state=SCANNING | rows=6 | claims=0
2026-07-03 14:40:19 [INFO] [loop_tick] state=SCANNING | rows=7 | claims=0
2026-07-03 14:40:20 [INFO] [loop_tick] state=SCANNING | rows=7 | claims=0
2026-07-03 14:40:20 [INFO] [loop_tick] state=SCANNING | rows=7 | claims=0
2026-07-03 14:40:20 [INFO] [loop_tick] state=SCANNING | rows=7 | claims=0
2026-07-03 14:40:20 [INFO] [loop_tick] state=SCANNING | rows=2 | claims=0
2026-07-03 14:40:22 [INFO] Automation DISABLED (F8)
2026-07-03 14:40:22 [INFO] [state_change] from_state=SCANNING | to_state=STOPPED
2026-07-03 14:40:22 [INFO] Automation ENABLED (F8)
2026-07-03 14:40:22 [INFO] [state_change] from_state=STOPPED | to_state=SCANNING
2026-07-03 14:40:23 [INFO] Automation DISABLED (F8)
2026-07-03 14:40:23 [INFO] [state_change] from_state=SCANNING | to_state=STOPPED
2026-07-03 14:40:24 [INFO] Automation ENABLED (F8)
2026-07-03 14:40:24 [INFO] [state_change] from_state=STOPPED | to_state=SCANNING
2026-07-03 14:40:25 [INFO] Emergency stop (F9) — exiting.
2026-07-03 14:40:25 [INFO] WorkflowEngine shut down cleanly.
2026-07-03 15:37:01 [INFO] System Tray initialized. Application is running in the background.
2026-07-03 15:37:01 [INFO] All sub-systems initialised.
2026-07-03 15:37:01 [INFO] [state_change] from_state=IDLE | to_state=SCANNING
2026-07-03 15:37:01 [INFO] WorkflowEngine started — user='phan'  table={'left': 52, 'top': 601, 'width': 1491, 'height': 298}
2026-07-03 15:37:10 [INFO] Automation ENABLED (F8)
2026-07-03 15:37:11 [INFO] [loop_tick] state=SCANNING | rows=9 | claims=0
2026-07-03 15:37:11 [INFO] [loop_tick] state=SCANNING | rows=9 | claims=0
2026-07-03 15:37:12 [INFO] [loop_tick] state=SCANNING | rows=9 | claims=0
2026-07-03 15:37:13 [INFO] [loop_tick] state=SCANNING | rows=9 | claims=0
2026-07-03 15:37:14 [INFO] [loop_tick] state=SCANNING | rows=9 | claims=0
2026-07-03 15:37:14 [INFO] [loop_tick] state=SCANNING | rows=6 | claims=0
2026-07-03 15:37:14 [INFO] [loop_tick] state=SCANNING | rows=7 | claims=0
2026-07-03 15:37:14 [INFO] [loop_tick] state=SCANNING | rows=4 | claims=0
2026-07-03 15:37:15 [INFO] [loop_tick] state=SCANNING | rows=5 | claims=0
2026-07-03 15:37:15 [INFO] [loop_tick] state=SCANNING | rows=3 | claims=0
2026-07-03 15:37:15 [INFO] [loop_tick] state=SCANNING | rows=6 | claims=0
2026-07-03 15:37:15 [INFO] [loop_tick] state=SCANNING | rows=6 | claims=0
2026-07-03 15:37:16 [INFO] [loop_tick] state=SCANNING | rows=9 | claims=0
2026-07-03 15:37:17 [INFO] [loop_tick] state=SCANNING | rows=7 | claims=0
2026-07-03 15:37:20 [INFO] [loop_tick] state=SCANNING | rows=6 | claims=0
2026-07-03 15:37:20 [INFO] [loop_tick] state=SCANNING | rows=5 | claims=0
2026-07-03 15:37:21 [INFO] [loop_tick] state=SCANNING | rows=5 | claims=0
2026-07-03 15:37:21 [INFO] [loop_tick] state=SCANNING | rows=5 | claims=0
2026-07-03 15:37:22 [INFO] [loop_tick] state=SCANNING | rows=3 | claims=0
2026-07-03 15:37:22 [INFO] [loop_tick] state=SCANNING | rows=3 | claims=0
2026-07-03 15:37:24 [INFO] [loop_tick] state=SCANNING | rows=7 | claims=0
2026-07-03 15:37:25 [INFO] [loop_tick] state=SCANNING | rows=9 | claims=0
2026-07-03 15:37:26 [INFO] [loop_tick] state=SCANNING | rows=9 | claims=0
2026-07-03 15:37:26 [INFO] [loop_tick] state=SCANNING | rows=9 | claims=0
2026-07-03 15:37:27 [INFO] [loop_tick] state=SCANNING | rows=9 | claims=0
2026-07-03 15:37:29 [INFO] Automation DISABLED (F8)
2026-07-03 15:37:29 [INFO] [state_change] from_state=SCANNING | to_state=STOPPED
2026-07-03 15:37:44 [INFO] Automation ENABLED (F8)
2026-07-03 15:37:44 [INFO] [state_change] from_state=STOPPED | to_state=SCANNING
2026-07-03 15:37:44 [INFO] [loop_tick] state=SCANNING | rows=6 | claims=0
2026-07-03 15:37:45 [INFO] Automation DISABLED (F8)
2026-07-03 15:37:45 [INFO] [state_change] from_state=SCANNING | to_state=STOPPED
2026-07-03 15:38:21 [INFO] Clean exit requested (ESC).
2026-07-03 15:38:21 [INFO] WorkflowEngine shut down cleanly.
2026-07-03 15:39:16 [INFO] Clean exit requested (ESC).
2026-07-03 15:39:17 [INFO] Clean exit requested (ESC).
2026-07-03 15:39:17 [INFO] Clean exit requested (ESC).
2026-07-03 15:39:21 [INFO] All sub-systems initialised.
2026-07-03 15:39:21 [INFO] System Tray initialized. Application is running in the background.
2026-07-03 15:39:21 [INFO] [state_change] from_state=IDLE | to_state=SCANNING
2026-07-03 15:39:21 [INFO] WorkflowEngine started — user='phan'  table={'left': 52, 'top': 601, 'width': 1491, 'height': 298}
2026-07-03 15:39:27 [INFO] [loop_tick] state=SCANNING | rows=8 | claims=0
2026-07-03 15:39:27 [INFO] [row_detected] total_rows=5 | claim_rows=[2]
2026-07-03 15:39:28 [INFO] [row_detected] total_rows=5 | claim_rows=[2]
2026-07-03 15:39:30 [INFO] [row_detected] total_rows=5 | claim_rows=[2]
2026-07-03 15:39:33 [INFO] Automation DISABLED (F8)
2026-07-03 15:39:33 [INFO] [row_detected] total_rows=5 | claim_rows=[2]
2026-07-03 15:39:33 [INFO] [state_change] from_state=SCANNING | to_state=STOPPED
2026-07-03 15:39:41 [INFO] Clean exit requested (ESC).
2026-07-03 15:39:41 [INFO] WorkflowEngine shut down cleanly.
