2026-07-30 06:33:21 [INFO] System Tray initialized. Application is running in the background.
2026-07-30 06:33:22 [INFO] All sub-systems initialised.
2026-07-30 06:33:22 [INFO] [state_change] from_state=IDLE | to_state=SCANNING
2026-07-30 06:33:22 [INFO] WorkflowEngine started — user='phan'  table={'left': 53, 'top': 601, 'width': 1484, 'height': 290}
2026-07-30 06:33:34 [INFO] [loop_tick] state=SCANNING | rows=2 | claims=0
2026-07-30 06:33:34 [INFO] [loop_tick] state=SCANNING | rows=4 | claims=0
2026-07-30 06:33:35 [INFO] [loop_tick] state=SCANNING | rows=10 | claims=0
2026-07-30 06:33:35 [INFO] [loop_tick] state=SCANNING | rows=10 | claims=0
2026-07-30 06:33:35 [INFO] [loop_tick] state=SCANNING | rows=10 | claims=0
2026-07-30 06:33:37 [INFO] [loop_tick] state=SCANNING | rows=10 | claims=0
2026-07-30 06:33:40 [INFO] [loop_tick] state=SCANNING | rows=10 | claims=0
2026-07-30 06:33:41 [INFO] [loop_tick] state=SCANNING | rows=8 | claims=0
2026-07-30 06:33:41 [INFO] [loop_tick] state=SCANNING | rows=10 | claims=0
2026-07-30 06:33:41 [INFO] [loop_tick] state=SCANNING | rows=8 | claims=0
2026-07-30 06:33:42 [INFO] [loop_tick] state=SCANNING | rows=10 | claims=0
2026-07-30 06:33:42 [INFO] [loop_tick] state=SCANNING | rows=9 | claims=0
2026-07-30 06:33:43 [INFO] [loop_tick] state=SCANNING | rows=9 | claims=0
2026-07-30 06:33:43 [INFO] [loop_tick] state=SCANNING | rows=6 | claims=0
2026-07-30 06:33:43 [INFO] [loop_tick] state=SCANNING | rows=8 | claims=0
2026-07-30 06:33:43 [INFO] [loop_tick] state=SCANNING | rows=7 | claims=0
2026-07-30 06:33:43 [INFO] [loop_tick] state=SCANNING | rows=6 | claims=0
2026-07-30 06:33:44 [INFO] [loop_tick] state=SCANNING | rows=9 | claims=0
2026-07-30 06:33:44 [INFO] [loop_tick] state=SCANNING | rows=4 | claims=0
2026-07-30 06:33:46 [INFO] [loop_tick] state=SCANNING | rows=2 | claims=0
2026-07-30 06:33:46 [INFO] [loop_tick] state=SCANNING | rows=2 | claims=0
2026-07-30 06:33:46 [INFO] [loop_tick] state=SCANNING | rows=8 | claims=0
2026-07-30 06:33:46 [INFO] [loop_tick] state=SCANNING | rows=8 | claims=0
2026-07-30 06:33:46 [INFO] [loop_tick] state=SCANNING | rows=8 | claims=0
2026-07-30 06:33:47 [INFO] [loop_tick] state=SCANNING | rows=8 | claims=0
2026-07-30 06:33:47 [INFO] [loop_tick] state=SCANNING | rows=8 | claims=0
2026-07-30 06:33:47 [INFO] [loop_tick] state=SCANNING | rows=8 | claims=0
2026-07-30 06:33:47 [INFO] [loop_tick] state=SCANNING | rows=8 | claims=0
2026-07-30 06:33:49 [INFO] [loop_tick] state=SCANNING | rows=1 | claims=0
2026-07-30 06:33:49 [INFO] [loop_tick] state=SCANNING | rows=1 | claims=0
2026-07-30 06:33:49 [INFO] [loop_tick] state=SCANNING | rows=9 | claims=0
2026-07-30 06:33:52 [INFO] Clean exit requested (ESC).
2026-07-30 06:33:52 [INFO] WorkflowEngine shut down cleanly.
2026-07-30 06:35:48 [INFO] System Tray initialized. Application is running in the background.
2026-07-30 06:35:48 [INFO] All sub-systems initialised.
2026-07-30 06:35:48 [INFO] [state_change] from_state=IDLE | to_state=SCANNING
2026-07-30 06:35:48 [INFO] WorkflowEngine started — user='phan'  table={'left': 53, 'top': 601, 'width': 1484, 'height': 290}
2026-07-30 06:35:52 [INFO] [loop_tick] state=SCANNING | rows=6 | claims=0
2026-07-30 06:35:52 [INFO] [loop_tick] state=SCANNING | rows=9 | claims=0
2026-07-30 06:35:55 [INFO] [row_detected] total_rows=10 | claim_rows=[0]
2026-07-30 06:35:55 [INFO] [claim_found] row_id=0 | text=CLAIM | confidence=0.999 | claim_cell=(1169, 619)
2026-07-30 06:35:55 [INFO] [state_change] from_state=SCANNING | to_state=CLAIM_FOUND
2026-07-30 06:35:55 [INFO] [state_change] from_state=CLAIM_FOUND | to_state=CLICK_CLAIM
2026-07-30 06:35:55 [INFO] [claim_cell_clicked] row_id=0 | x=1169 | y=619
2026-07-30 06:35:55 [INFO] [state_change] from_state=CLICK_CLAIM | to_state=WAIT_USERNAME
2026-07-30 06:35:57 [INFO] [claim_verified] y_key=616 | cell_text=phan | elapsed_s=1.506
2026-07-30 06:35:57 [INFO] [state_change] from_state=WAIT_USERNAME | to_state=CLAIM_SUCCESS
2026-07-30 06:35:58 [INFO] [select_clicked] y_key=616 | x=1316 | y=619
2026-07-30 06:35:59 [INFO] [state_change] from_state=CLAIM_SUCCESS | to_state=CLICK_SELECT
2026-07-30 06:35:59 [INFO] [state_change] from_state=CLICK_SELECT | to_state=CLICK_CONNECT
2026-07-30 06:35:59 [INFO] [connect_clicked] y_key=616 | x=763 | y=104
2026-07-30 06:35:59 [INFO] [state_change] from_state=CLICK_CONNECT | to_state=CONNECTED
2026-07-30 06:35:59 [INFO] ✓ Connected! Waiting 1000ms then entering STOPPED state.
2026-07-30 06:36:00 [INFO] [state_change] from_state=CONNECTED | to_state=STOPPED
2026-07-30 06:37:59 [INFO] Clean exit requested (ESC).
2026-07-30 06:37:59 [INFO] WorkflowEngine shut down cleanly.
2026-07-30 06:42:03 [INFO] System Tray initialized. Application is running in the background.
2026-07-30 06:42:03 [INFO] All sub-systems initialised.
2026-07-30 06:42:03 [INFO] [state_change] from_state=IDLE | to_state=SCANNING
2026-07-30 06:42:03 [INFO] WorkflowEngine started — user='phan'  table={'left': 53, 'top': 601, 'width': 1484, 'height': 290}
2026-07-30 06:42:07 [INFO] [loop_tick] state=SCANNING | rows=8 | claims=0
2026-07-30 06:42:07 [INFO] [row_detected] total_rows=10 | claim_rows=[1]
2026-07-30 06:42:07 [INFO] [claim_found] row_id=1 | text=CLAIM | confidence=0.999 | claim_cell=(1160, 649)
2026-07-30 06:42:07 [INFO] [state_change] from_state=SCANNING | to_state=CLAIM_FOUND
2026-07-30 06:42:07 [INFO] [state_change] from_state=CLAIM_FOUND | to_state=CLICK_CLAIM
2026-07-30 06:42:08 [INFO] [claim_cell_clicked] row_id=1 | x=1160 | y=649
2026-07-30 06:42:08 [INFO] [state_change] from_state=CLICK_CLAIM | to_state=WAIT_USERNAME
2026-07-30 06:42:09 [WARNING] Cell shows 'inguyen' (not pending and not 'PHAN') — claimed by someone else.
2026-07-30 06:42:09 [INFO] [claim_stolen] y_key=648 | cell_text=inguyen
2026-07-30 06:42:09 [INFO] [state_change] from_state=WAIT_USERNAME | to_state=SCANNING
2026-07-30 06:42:09 [INFO] [row_detected] total_rows=10 | claim_rows=[2]
2026-07-30 06:42:10 [INFO] [claim_found] row_id=2 | text=CLAIM | confidence=0.999 | claim_cell=(1160, 679)
2026-07-30 06:42:10 [INFO] [state_change] from_state=SCANNING | to_state=CLAIM_FOUND
2026-07-30 06:42:10 [INFO] [state_change] from_state=CLAIM_FOUND | to_state=CLICK_CLAIM
2026-07-30 06:42:10 [INFO] [claim_cell_clicked] row_id=2 | x=1160 | y=679
2026-07-30 06:42:10 [INFO] [state_change] from_state=CLICK_CLAIM | to_state=WAIT_USERNAME
2026-07-30 06:42:12 [INFO] [claim_verified] y_key=680 | cell_text=phan | elapsed_s=1.406
2026-07-30 06:42:12 [INFO] [state_change] from_state=WAIT_USERNAME | to_state=CLAIM_SUCCESS
2026-07-30 06:42:12 [INFO] [select_clicked] y_key=680 | x=1316 | y=679
2026-07-30 06:42:13 [INFO] [state_change] from_state=CLAIM_SUCCESS | to_state=CLICK_SELECT
2026-07-30 06:42:13 [INFO] [state_change] from_state=CLICK_SELECT | to_state=CLICK_CONNECT
2026-07-30 06:42:14 [INFO] [connect_clicked] y_key=680 | x=763 | y=104
2026-07-30 06:42:14 [INFO] [state_change] from_state=CLICK_CONNECT | to_state=CONNECTED
2026-07-30 06:42:14 [INFO] ✓ Connected! Waiting 1000ms then entering STOPPED state.
2026-07-30 06:42:15 [INFO] [state_change] from_state=CONNECTED | to_state=STOPPED
2026-07-30 06:45:05 [INFO] Automation ENABLED (F8)
2026-07-30 06:45:05 [INFO] [state_change] from_state=STOPPED | to_state=SCANNING
2026-07-30 06:45:05 [INFO] [loop_tick] state=SCANNING | rows=2 | claims=0
2026-07-30 06:45:12 [INFO] [loop_tick] state=SCANNING | rows=2 | claims=0
2026-07-30 06:45:13 [INFO] [loop_tick] state=SCANNING | rows=4 | claims=0
2026-07-30 06:45:15 [INFO] [loop_tick] state=SCANNING | rows=10 | claims=0
2026-07-30 06:45:17 [INFO] [loop_tick] state=SCANNING | rows=10 | claims=0
2026-07-30 06:45:19 [INFO] [loop_tick] state=SCANNING | rows=10 | claims=0
2026-07-30 06:45:21 [INFO] [loop_tick] state=SCANNING | rows=10 | claims=0
2026-07-30 06:45:24 [INFO] [loop_tick] state=SCANNING | rows=10 | claims=0
2026-07-30 06:45:26 [INFO] [loop_tick] state=SCANNING | rows=10 | claims=0
2026-07-30 06:45:28 [INFO] [loop_tick] state=SCANNING | rows=10 | claims=0
2026-07-30 06:45:31 [INFO] [loop_tick] state=SCANNING | rows=10 | claims=0
2026-07-30 06:45:33 [INFO] [loop_tick] state=SCANNING | rows=10 | claims=0
2026-07-30 06:45:34 [INFO] [loop_tick] state=SCANNING | rows=10 | claims=0
2026-07-30 06:45:36 [INFO] [loop_tick] state=SCANNING | rows=10 | claims=0
2026-07-30 06:45:38 [INFO] [loop_tick] state=SCANNING | rows=10 | claims=0
2026-07-30 06:45:41 [INFO] [loop_tick] state=SCANNING | rows=10 | claims=0
2026-07-30 06:45:44 [INFO] [loop_tick] state=SCANNING | rows=10 | claims=0
2026-07-30 06:45:46 [INFO] [loop_tick] state=SCANNING | rows=10 | claims=0
2026-07-30 06:45:48 [INFO] [loop_tick] state=SCANNING | rows=10 | claims=0
2026-07-30 06:45:51 [INFO] [loop_tick] state=SCANNING | rows=10 | claims=0
2026-07-30 06:45:54 [INFO] [loop_tick] state=SCANNING | rows=9 | claims=0
2026-07-30 06:45:56 [INFO] [loop_tick] state=SCANNING | rows=9 | claims=0
2026-07-30 06:45:58 [INFO] [loop_tick] state=SCANNING | rows=9 | claims=0
2026-07-30 06:46:01 [INFO] [loop_tick] state=SCANNING | rows=9 | claims=0
2026-07-30 06:46:03 [INFO] [loop_tick] state=SCANNING | rows=7 | claims=0
2026-07-30 06:46:05 [INFO] [loop_tick] state=SCANNING | rows=7 | claims=0
2026-07-30 06:46:08 [INFO] [loop_tick] state=SCANNING | rows=7 | claims=0
2026-07-30 06:46:10 [INFO] [loop_tick] state=SCANNING | rows=7 | claims=0
2026-07-30 06:46:13 [INFO] [row_detected] total_rows=9 | claim_rows=[1]
2026-07-30 06:46:13 [INFO] [claim_found] row_id=1 | text=CLAIM | confidence=0.999 | claim_cell=(1169, 649)
2026-07-30 06:46:13 [INFO] [state_change] from_state=SCANNING | to_state=CLAIM_FOUND
2026-07-30 06:46:13 [INFO] [state_change] from_state=CLAIM_FOUND | to_state=CLICK_CLAIM
2026-07-30 06:46:14 [INFO] [claim_cell_clicked] row_id=1 | x=1169 | y=649
2026-07-30 06:46:14 [INFO] [state_change] from_state=CLICK_CLAIM | to_state=WAIT_USERNAME
2026-07-30 06:46:15 [WARNING] Cell shows 'inguyen' (not pending and not 'PHAN') — claimed by someone else.
2026-07-30 06:46:15 [INFO] [claim_stolen] y_key=648 | cell_text=inguyen
2026-07-30 06:46:15 [INFO] [state_change] from_state=WAIT_USERNAME | to_state=SCANNING
2026-07-30 06:46:16 [INFO] [loop_tick] state=SCANNING | rows=9 | claims=0
2026-07-30 06:46:18 [INFO] [loop_tick] state=SCANNING | rows=9 | claims=0
2026-07-30 06:46:20 [INFO] [loop_tick] state=SCANNING | rows=9 | claims=0
2026-07-30 06:46:23 [INFO] [loop_tick] state=SCANNING | rows=9 | claims=0
2026-07-30 06:46:25 [INFO] [loop_tick] state=SCANNING | rows=9 | claims=0
2026-07-30 06:46:28 [INFO] [loop_tick] state=SCANNING | rows=9 | claims=0
2026-07-30 06:46:30 [INFO] [loop_tick] state=SCANNING | rows=9 | claims=0
2026-07-30 06:46:33 [INFO] [loop_tick] state=SCANNING | rows=9 | claims=0
2026-07-30 06:46:35 [INFO] [loop_tick] state=SCANNING | rows=9 | claims=0
2026-07-30 06:46:38 [INFO] [loop_tick] state=SCANNING | rows=9 | claims=0
2026-07-30 06:46:40 [INFO] [loop_tick] state=SCANNING | rows=9 | claims=0
2026-07-30 06:46:42 [INFO] [loop_tick] state=SCANNING | rows=9 | claims=0
2026-07-30 06:46:44 [INFO] [loop_tick] state=SCANNING | rows=9 | claims=0
2026-07-30 06:46:47 [INFO] [loop_tick] state=SCANNING | rows=9 | claims=0
2026-07-30 06:46:49 [INFO] [loop_tick] state=SCANNING | rows=9 | claims=0
2026-07-30 06:46:51 [INFO] [loop_tick] state=SCANNING | rows=9 | claims=0
2026-07-30 06:46:54 [INFO] [loop_tick] state=SCANNING | rows=9 | claims=0
2026-07-30 06:46:56 [INFO] [loop_tick] state=SCANNING | rows=9 | claims=0
2026-07-30 06:46:59 [INFO] [loop_tick] state=SCANNING | rows=9 | claims=0
2026-07-30 06:47:01 [INFO] [loop_tick] state=SCANNING | rows=9 | claims=0
2026-07-30 06:47:04 [INFO] [loop_tick] state=SCANNING | rows=9 | claims=0
2026-07-30 06:47:06 [INFO] [loop_tick] state=SCANNING | rows=7 | claims=0
2026-07-30 06:47:09 [INFO] [loop_tick] state=SCANNING | rows=7 | claims=0
2026-07-30 06:47:11 [INFO] [loop_tick] state=SCANNING | rows=7 | claims=0
2026-07-30 06:47:14 [INFO] [loop_tick] state=SCANNING | rows=7 | claims=0
2026-07-30 06:47:16 [INFO] [loop_tick] state=SCANNING | rows=7 | claims=0
2026-07-30 06:47:19 [INFO] [loop_tick] state=SCANNING | rows=6 | claims=0
2026-07-30 06:47:21 [INFO] [loop_tick] state=SCANNING | rows=6 | claims=0
2026-07-30 06:47:23 [INFO] [loop_tick] state=SCANNING | rows=6 | claims=0
2026-07-30 06:47:26 [INFO] [loop_tick] state=SCANNING | rows=6 | claims=0
2026-07-30 06:47:28 [INFO] [loop_tick] state=SCANNING | rows=6 | claims=0
2026-07-30 06:47:30 [INFO] [loop_tick] state=SCANNING | rows=6 | claims=0
2026-07-30 06:47:33 [INFO] [loop_tick] state=SCANNING | rows=6 | claims=0
2026-07-30 06:47:35 [INFO] [loop_tick] state=SCANNING | rows=6 | claims=0
2026-07-30 06:47:38 [INFO] [loop_tick] state=SCANNING | rows=6 | claims=0
2026-07-30 06:47:40 [INFO] [loop_tick] state=SCANNING | rows=6 | claims=0
2026-07-30 06:47:42 [INFO] [loop_tick] state=SCANNING | rows=6 | claims=0
2026-07-30 06:47:45 [INFO] [loop_tick] state=SCANNING | rows=6 | claims=0
2026-07-30 06:47:47 [INFO] [loop_tick] state=SCANNING | rows=6 | claims=0
2026-07-30 06:47:50 [INFO] [loop_tick] state=SCANNING | rows=6 | claims=0
2026-07-30 06:47:52 [INFO] [loop_tick] state=SCANNING | rows=6 | claims=0
2026-07-30 06:47:55 [INFO] [loop_tick] state=SCANNING | rows=6 | claims=0
2026-07-30 06:47:58 [INFO] [loop_tick] state=SCANNING | rows=5 | claims=0
2026-07-30 06:48:00 [INFO] [loop_tick] state=SCANNING | rows=5 | claims=0
2026-07-30 06:48:02 [INFO] [loop_tick] state=SCANNING | rows=5 | claims=0
2026-07-30 06:48:05 [INFO] [loop_tick] state=SCANNING | rows=5 | claims=0
2026-07-30 06:48:07 [INFO] [loop_tick] state=SCANNING | rows=5 | claims=0
2026-07-30 06:48:10 [INFO] [loop_tick] state=SCANNING | rows=5 | claims=0
2026-07-30 06:48:12 [INFO] [loop_tick] state=SCANNING | rows=4 | claims=0
2026-07-30 06:48:15 [INFO] [loop_tick] state=SCANNING | rows=4 | claims=0
2026-07-30 06:48:17 [INFO] [loop_tick] state=SCANNING | rows=4 | claims=0
2026-07-30 06:48:20 [INFO] [loop_tick] state=SCANNING | rows=4 | claims=0
2026-07-30 06:48:22 [INFO] [loop_tick] state=SCANNING | rows=4 | claims=0
2026-07-30 06:48:23 [INFO] [loop_tick] state=SCANNING | rows=4 | claims=0
2026-07-30 06:48:26 [INFO] [loop_tick] state=SCANNING | rows=4 | claims=0
2026-07-30 06:48:28 [INFO] [loop_tick] state=SCANNING | rows=4 | claims=0
2026-07-30 06:48:31 [INFO] [loop_tick] state=SCANNING | rows=4 | claims=0
2026-07-30 06:48:33 [INFO] [loop_tick] state=SCANNING | rows=4 | claims=0
2026-07-30 06:48:36 [INFO] [loop_tick] state=SCANNING | rows=4 | claims=0
2026-07-30 06:48:38 [INFO] [loop_tick] state=SCANNING | rows=4 | claims=0
2026-07-30 06:48:41 [INFO] [loop_tick] state=SCANNING | rows=4 | claims=0
2026-07-30 06:48:43 [INFO] [loop_tick] state=SCANNING | rows=4 | claims=0
2026-07-30 06:48:46 [INFO] [loop_tick] state=SCANNING | rows=4 | claims=0
2026-07-30 06:48:48 [INFO] [loop_tick] state=SCANNING | rows=4 | claims=0
2026-07-30 06:48:51 [INFO] [loop_tick] state=SCANNING | rows=4 | claims=0
2026-07-30 06:48:53 [INFO] [loop_tick] state=SCANNING | rows=4 | claims=0
2026-07-30 06:48:56 [INFO] [loop_tick] state=SCANNING | rows=4 | claims=0
2026-07-30 06:48:57 [INFO] [loop_tick] state=SCANNING | rows=4 | claims=0
2026-07-30 06:49:00 [INFO] [loop_tick] state=SCANNING | rows=4 | claims=0
2026-07-30 06:49:02 [INFO] [loop_tick] state=SCANNING | rows=4 | claims=0
2026-07-30 06:49:04 [INFO] [loop_tick] state=SCANNING | rows=4 | claims=0
2026-07-30 06:49:07 [INFO] [loop_tick] state=SCANNING | rows=4 | claims=0
2026-07-30 06:49:09 [INFO] [loop_tick] state=SCANNING | rows=4 | claims=0
2026-07-30 06:49:12 [INFO] [loop_tick] state=SCANNING | rows=4 | claims=0
2026-07-30 06:49:14 [INFO] [loop_tick] state=SCANNING | rows=4 | claims=0
2026-07-30 06:49:17 [INFO] [loop_tick] state=SCANNING | rows=4 | claims=0
2026-07-30 06:49:19 [INFO] [loop_tick] state=SCANNING | rows=4 | claims=0
2026-07-30 06:49:22 [INFO] [loop_tick] state=SCANNING | rows=4 | claims=0
2026-07-30 06:49:24 [INFO] [loop_tick] state=SCANNING | rows=4 | claims=0
2026-07-30 06:49:27 [INFO] [loop_tick] state=SCANNING | rows=4 | claims=0
2026-07-30 06:49:29 [INFO] [loop_tick] state=SCANNING | rows=4 | claims=0
2026-07-30 06:49:31 [INFO] [loop_tick] state=SCANNING | rows=4 | claims=0
2026-07-30 06:49:33 [INFO] [loop_tick] state=SCANNING | rows=4 | claims=0
2026-07-30 06:49:36 [INFO] [loop_tick] state=SCANNING | rows=4 | claims=0
2026-07-30 06:49:38 [INFO] [loop_tick] state=SCANNING | rows=4 | claims=0
2026-07-30 06:49:41 [INFO] [loop_tick] state=SCANNING | rows=4 | claims=0
2026-07-30 06:49:43 [INFO] [loop_tick] state=SCANNING | rows=4 | claims=0
2026-07-30 06:49:46 [INFO] [loop_tick] state=SCANNING | rows=3 | claims=0
2026-07-30 06:49:48 [INFO] [loop_tick] state=SCANNING | rows=3 | claims=0
2026-07-30 06:49:51 [INFO] [loop_tick] state=SCANNING | rows=3 | claims=0
2026-07-30 06:49:53 [INFO] [loop_tick] state=SCANNING | rows=3 | claims=0
2026-07-30 06:49:56 [INFO] [loop_tick] state=SCANNING | rows=2 | claims=0
2026-07-30 06:49:58 [INFO] [loop_tick] state=SCANNING | rows=2 | claims=0
2026-07-30 06:50:01 [INFO] [loop_tick] state=SCANNING | rows=2 | claims=0
2026-07-30 06:50:03 [INFO] [loop_tick] state=SCANNING | rows=2 | claims=0
2026-07-30 06:50:05 [INFO] [loop_tick] state=SCANNING | rows=2 | claims=0
2026-07-30 06:50:07 [INFO] [loop_tick] state=SCANNING | rows=2 | claims=0
2026-07-30 06:50:10 [INFO] [loop_tick] state=SCANNING | rows=2 | claims=0
2026-07-30 06:50:12 [INFO] [loop_tick] state=SCANNING | rows=2 | claims=0
2026-07-30 06:50:15 [INFO] [loop_tick] state=SCANNING | rows=2 | claims=0
2026-07-30 06:50:17 [INFO] [loop_tick] state=SCANNING | rows=2 | claims=0
2026-07-30 06:50:20 [INFO] [loop_tick] state=SCANNING | rows=2 | claims=0
2026-07-30 06:50:22 [INFO] [loop_tick] state=SCANNING | rows=2 | claims=0
2026-07-30 06:50:24 [INFO] [loop_tick] state=SCANNING | rows=2 | claims=0
2026-07-30 06:50:27 [INFO] [loop_tick] state=SCANNING | rows=2 | claims=0
2026-07-30 06:50:29 [INFO] [loop_tick] state=SCANNING | rows=2 | claims=0
2026-07-30 06:50:32 [INFO] [loop_tick] state=SCANNING | rows=2 | claims=0
2026-07-30 06:50:34 [INFO] [loop_tick] state=SCANNING | rows=2 | claims=0
2026-07-30 06:50:37 [INFO] [loop_tick] state=SCANNING | rows=2 | claims=0
2026-07-30 06:50:39 [INFO] [loop_tick] state=SCANNING | rows=2 | claims=0
2026-07-30 06:50:41 [INFO] [loop_tick] state=SCANNING | rows=2 | claims=0
2026-07-30 06:50:44 [INFO] [loop_tick] state=SCANNING | rows=2 | claims=0
2026-07-30 06:50:46 [INFO] [loop_tick] state=SCANNING | rows=2 | claims=0
2026-07-30 06:50:48 [INFO] [loop_tick] state=SCANNING | rows=2 | claims=0
2026-07-30 06:50:51 [INFO] [loop_tick] state=SCANNING | rows=2 | claims=0
2026-07-30 06:50:53 [INFO] [loop_tick] state=SCANNING | rows=2 | claims=0
2026-07-30 06:50:56 [INFO] [loop_tick] state=SCANNING | rows=1 | claims=0
2026-07-30 06:50:58 [INFO] [loop_tick] state=SCANNING | rows=1 | claims=0
2026-07-30 06:51:00 [INFO] [row_detected] total_rows=3 | claim_rows=[0, 1]
2026-07-30 06:51:03 [INFO] [row_detected] total_rows=4 | claim_rows=[0, 1, 3]
2026-07-30 06:51:03 [INFO] [claim_found] row_id=3 | text=CLAIM | confidence=0.999 | claim_cell=(1169, 695)
2026-07-30 06:51:03 [INFO] [state_change] from_state=SCANNING | to_state=CLAIM_FOUND
2026-07-30 06:51:03 [INFO] [state_change] from_state=CLAIM_FOUND | to_state=CLICK_CLAIM
2026-07-30 06:51:04 [INFO] [claim_cell_clicked] row_id=3 | x=1169 | y=695
2026-07-30 06:51:04 [INFO] [state_change] from_state=CLICK_CLAIM | to_state=WAIT_USERNAME
2026-07-30 06:51:06 [INFO] [claim_verified] y_key=696 | cell_text=phan | elapsed_s=1.907
2026-07-30 06:51:06 [INFO] [state_change] from_state=WAIT_USERNAME | to_state=CLAIM_SUCCESS
2026-07-30 06:51:06 [INFO] [select_clicked] y_key=696 | x=1316 | y=695
2026-07-30 06:51:07 [INFO] [state_change] from_state=CLAIM_SUCCESS | to_state=CLICK_SELECT
2026-07-30 06:51:07 [INFO] [state_change] from_state=CLICK_SELECT | to_state=CLICK_CONNECT
2026-07-30 06:51:08 [INFO] [connect_clicked] y_key=696 | x=763 | y=104
2026-07-30 06:51:08 [INFO] [state_change] from_state=CLICK_CONNECT | to_state=CONNECTED
2026-07-30 06:51:08 [INFO] ✓ Connected! Waiting 1000ms then entering STOPPED state.
2026-07-30 06:51:09 [INFO] [state_change] from_state=CONNECTED | to_state=STOPPED
2026-07-30 07:16:45 [INFO] Automation ENABLED (F8)
2026-07-30 07:16:45 [INFO] [state_change] from_state=STOPPED | to_state=SCANNING
2026-07-30 07:16:45 [INFO] [loop_tick] state=SCANNING | rows=10 | claims=0
2026-07-30 07:16:46 [INFO] [loop_tick] state=SCANNING | rows=10 | claims=0
2026-07-30 07:16:46 [INFO] [loop_tick] state=SCANNING | rows=10 | claims=0
2026-07-30 07:16:48 [INFO] [loop_tick] state=SCANNING | rows=10 | claims=0
2026-07-30 07:16:51 [INFO] [loop_tick] state=SCANNING | rows=10 | claims=0
2026-07-30 07:16:53 [INFO] [loop_tick] state=SCANNING | rows=10 | claims=0
2026-07-30 07:16:55 [INFO] [loop_tick] state=SCANNING | rows=10 | claims=0
2026-07-30 07:16:57 [INFO] [loop_tick] state=SCANNING | rows=10 | claims=0
2026-07-30 07:16:59 [INFO] [loop_tick] state=SCANNING | rows=10 | claims=0
2026-07-30 07:17:02 [INFO] [loop_tick] state=SCANNING | rows=10 | claims=0
2026-07-30 07:17:05 [INFO] [loop_tick] state=SCANNING | rows=10 | claims=0
2026-07-30 07:17:07 [INFO] [loop_tick] state=SCANNING | rows=10 | claims=0
2026-07-30 07:17:10 [INFO] [row_detected] total_rows=10 | claim_rows=[1]
2026-07-30 07:17:10 [INFO] [claim_found] row_id=1 | text=CLAIM | confidence=0.999 | claim_cell=(1160, 649)
2026-07-30 07:17:10 [INFO] [state_change] from_state=SCANNING | to_state=CLAIM_FOUND
2026-07-30 07:17:10 [INFO] [state_change] from_state=CLAIM_FOUND | to_state=CLICK_CLAIM
2026-07-30 07:17:11 [INFO] [claim_cell_clicked] row_id=1 | x=1160 | y=649
2026-07-30 07:17:11 [INFO] [state_change] from_state=CLICK_CLAIM | to_state=WAIT_USERNAME
2026-07-30 07:17:13 [INFO] [claim_verified] y_key=648 | cell_text=phan | elapsed_s=1.707
2026-07-30 07:17:13 [INFO] [state_change] from_state=WAIT_USERNAME | to_state=CLAIM_SUCCESS
2026-07-30 07:17:13 [INFO] [select_clicked] y_key=648 | x=1316 | y=649
2026-07-30 07:17:14 [INFO] [state_change] from_state=CLAIM_SUCCESS | to_state=CLICK_SELECT
2026-07-30 07:17:14 [INFO] [state_change] from_state=CLICK_SELECT | to_state=CLICK_CONNECT
2026-07-30 07:17:15 [INFO] [connect_clicked] y_key=648 | x=763 | y=104
2026-07-30 07:17:15 [INFO] [state_change] from_state=CLICK_CONNECT | to_state=CONNECTED
2026-07-30 07:17:15 [INFO] ✓ Connected! Waiting 1000ms then entering STOPPED state.
2026-07-30 07:17:16 [INFO] [state_change] from_state=CONNECTED | to_state=STOPPED
2026-07-30 07:20:15 [INFO] Clean exit requested (ESC).
2026-07-30 07:20:15 [INFO] WorkflowEngine shut down cleanly.
2026-07-30 07:25:55 [INFO] System Tray initialized. Application is running in the background.
2026-07-30 07:25:55 [INFO] All sub-systems initialised.
2026-07-30 07:25:55 [INFO] [state_change] from_state=IDLE | to_state=SCANNING
2026-07-30 07:25:55 [INFO] WorkflowEngine started — user='phan'  table={'left': 53, 'top': 601, 'width': 1484, 'height': 290}
2026-07-30 07:25:59 [INFO] [loop_tick] state=SCANNING | rows=7 | claims=0
2026-07-30 07:26:00 [INFO] [loop_tick] state=SCANNING | rows=8 | claims=0
2026-07-30 07:26:00 [INFO] [loop_tick] state=SCANNING | rows=7 | claims=0
2026-07-30 07:26:00 [INFO] [loop_tick] state=SCANNING | rows=7 | claims=0
2026-07-30 07:26:00 [INFO] [loop_tick] state=SCANNING | rows=6 | claims=0
2026-07-30 07:26:00 [INFO] [loop_tick] state=SCANNING | rows=7 | claims=0
2026-07-30 07:26:01 [INFO] [loop_tick] state=SCANNING | rows=6 | claims=0
2026-07-30 07:26:01 [INFO] [loop_tick] state=SCANNING | rows=5 | claims=0
2026-07-30 07:26:01 [INFO] [loop_tick] state=SCANNING | rows=7 | claims=0
2026-07-30 07:26:01 [INFO] [loop_tick] state=SCANNING | rows=7 | claims=0
2026-07-30 07:26:01 [INFO] [loop_tick] state=SCANNING | rows=7 | claims=0
2026-07-30 07:26:01 [INFO] [loop_tick] state=SCANNING | rows=7 | claims=0
2026-07-30 07:26:02 [INFO] [loop_tick] state=SCANNING | rows=7 | claims=0
2026-07-30 07:26:02 [INFO] [loop_tick] state=SCANNING | rows=7 | claims=0
2026-07-30 07:26:02 [INFO] [loop_tick] state=SCANNING | rows=7 | claims=0
2026-07-30 07:26:02 [INFO] [loop_tick] state=SCANNING | rows=7 | claims=0
2026-07-30 07:26:02 [INFO] [loop_tick] state=SCANNING | rows=7 | claims=0
2026-07-30 07:26:02 [INFO] [loop_tick] state=SCANNING | rows=7 | claims=0
2026-07-30 07:26:02 [INFO] [loop_tick] state=SCANNING | rows=7 | claims=0
2026-07-30 07:26:02 [INFO] [loop_tick] state=SCANNING | rows=7 | claims=0
2026-07-30 07:26:02 [INFO] [loop_tick] state=SCANNING | rows=7 | claims=0
2026-07-30 07:26:02 [INFO] [loop_tick] state=SCANNING | rows=7 | claims=0
2026-07-30 07:26:03 [INFO] [loop_tick] state=SCANNING | rows=7 | claims=0
2026-07-30 07:26:03 [INFO] [loop_tick] state=SCANNING | rows=7 | claims=0
2026-07-30 07:26:03 [INFO] [loop_tick] state=SCANNING | rows=7 | claims=0
2026-07-30 07:26:03 [INFO] [loop_tick] state=SCANNING | rows=7 | claims=0
2026-07-30 07:26:03 [INFO] [loop_tick] state=SCANNING | rows=7 | claims=0
2026-07-30 07:26:03 [INFO] [loop_tick] state=SCANNING | rows=7 | claims=0
2026-07-30 07:26:03 [INFO] [loop_tick] state=SCANNING | rows=7 | claims=0
2026-07-30 07:26:03 [INFO] [loop_tick] state=SCANNING | rows=7 | claims=0
2026-07-30 07:26:03 [INFO] [loop_tick] state=SCANNING | rows=7 | claims=0
2026-07-30 07:26:03 [INFO] [loop_tick] state=SCANNING | rows=7 | claims=0
2026-07-30 07:26:04 [INFO] [loop_tick] state=SCANNING | rows=7 | claims=0
2026-07-30 07:26:04 [INFO] [loop_tick] state=SCANNING | rows=7 | claims=0
2026-07-30 07:26:04 [INFO] [loop_tick] state=SCANNING | rows=7 | claims=0
2026-07-30 07:26:04 [INFO] [loop_tick] state=SCANNING | rows=7 | claims=0
2026-07-30 07:26:04 [INFO] [loop_tick] state=SCANNING | rows=7 | claims=0
2026-07-30 07:26:04 [INFO] [loop_tick] state=SCANNING | rows=7 | claims=0
2026-07-30 07:26:04 [INFO] [loop_tick] state=SCANNING | rows=7 | claims=0
2026-07-30 07:26:05 [INFO] [loop_tick] state=SCANNING | rows=9 | claims=0
2026-07-30 07:26:05 [INFO] [loop_tick] state=SCANNING | rows=10 | claims=0
2026-07-30 07:26:05 [INFO] [loop_tick] state=SCANNING | rows=10 | claims=0
2026-07-30 07:26:05 [INFO] [loop_tick] state=SCANNING | rows=10 | claims=0
2026-07-30 07:26:05 [INFO] [loop_tick] state=SCANNING | rows=10 | claims=0
2026-07-30 07:26:05 [INFO] [loop_tick] state=SCANNING | rows=10 | claims=0
2026-07-30 07:26:05 [INFO] [loop_tick] state=SCANNING | rows=10 | claims=0
2026-07-30 07:26:05 [INFO] [loop_tick] state=SCANNING | rows=10 | claims=0
2026-07-30 07:26:05 [INFO] [loop_tick] state=SCANNING | rows=10 | claims=0
2026-07-30 07:26:05 [INFO] [loop_tick] state=SCANNING | rows=10 | claims=0
2026-07-30 07:26:05 [INFO] [loop_tick] state=SCANNING | rows=10 | claims=0
2026-07-30 07:26:06 [INFO] [loop_tick] state=SCANNING | rows=10 | claims=0
2026-07-30 07:26:06 [INFO] [loop_tick] state=SCANNING | rows=10 | claims=0
2026-07-30 07:26:06 [INFO] [loop_tick] state=SCANNING | rows=10 | claims=0
2026-07-30 07:26:06 [INFO] [loop_tick] state=SCANNING | rows=10 | claims=0
2026-07-30 07:26:06 [INFO] [loop_tick] state=SCANNING | rows=10 | claims=0
2026-07-30 07:26:06 [INFO] [loop_tick] state=SCANNING | rows=10 | claims=0
2026-07-30 07:26:06 [INFO] [loop_tick] state=SCANNING | rows=10 | claims=0
2026-07-30 07:26:06 [INFO] [loop_tick] state=SCANNING | rows=10 | claims=0
2026-07-30 07:26:06 [INFO] [loop_tick] state=SCANNING | rows=10 | claims=0
2026-07-30 07:26:06 [INFO] [loop_tick] state=SCANNING | rows=10 | claims=0
2026-07-30 07:26:07 [INFO] [loop_tick] state=SCANNING | rows=10 | claims=0
2026-07-30 07:26:07 [INFO] [loop_tick] state=SCANNING | rows=10 | claims=0
2026-07-30 07:26:07 [INFO] [loop_tick] state=SCANNING | rows=10 | claims=0
2026-07-30 07:26:07 [INFO] [loop_tick] state=SCANNING | rows=10 | claims=0
2026-07-30 07:26:07 [INFO] [loop_tick] state=SCANNING | rows=10 | claims=0
2026-07-30 07:26:07 [INFO] [loop_tick] state=SCANNING | rows=10 | claims=0
2026-07-30 07:26:07 [INFO] [loop_tick] state=SCANNING | rows=10 | claims=0
2026-07-30 07:26:07 [INFO] [loop_tick] state=SCANNING | rows=10 | claims=0
2026-07-30 07:26:07 [INFO] [loop_tick] state=SCANNING | rows=10 | claims=0
2026-07-30 07:26:08 [INFO] [loop_tick] state=SCANNING | rows=10 | claims=0
2026-07-30 07:26:08 [INFO] [loop_tick] state=SCANNING | rows=10 | claims=0
2026-07-30 07:26:08 [INFO] [loop_tick] state=SCANNING | rows=10 | claims=0
2026-07-30 07:26:08 [INFO] [loop_tick] state=SCANNING | rows=10 | claims=0
2026-07-30 07:26:08 [INFO] [loop_tick] state=SCANNING | rows=10 | claims=0
2026-07-30 07:26:08 [INFO] [loop_tick] state=SCANNING | rows=10 | claims=0
2026-07-30 07:26:08 [INFO] [loop_tick] state=SCANNING | rows=7 | claims=0
2026-07-30 07:26:08 [INFO] [loop_tick] state=SCANNING | rows=7 | claims=0
2026-07-30 07:26:08 [INFO] [loop_tick] state=SCANNING | rows=7 | claims=0
2026-07-30 07:26:09 [INFO] [loop_tick] state=SCANNING | rows=7 | claims=0
2026-07-30 07:26:09 [INFO] [loop_tick] state=SCANNING | rows=7 | claims=0
2026-07-30 07:26:09 [INFO] [loop_tick] state=SCANNING | rows=7 | claims=0
2026-07-30 07:26:09 [INFO] [loop_tick] state=SCANNING | rows=7 | claims=0
2026-07-30 07:26:09 [INFO] [loop_tick] state=SCANNING | rows=7 | claims=0
2026-07-30 07:26:09 [INFO] [loop_tick] state=SCANNING | rows=7 | claims=0
2026-07-30 07:26:09 [INFO] [loop_tick] state=SCANNING | rows=7 | claims=0
2026-07-30 07:26:09 [INFO] [loop_tick] state=SCANNING | rows=7 | claims=0
2026-07-30 07:26:10 [INFO] [loop_tick] state=SCANNING | rows=10 | claims=0
2026-07-30 07:26:10 [INFO] [loop_tick] state=SCANNING | rows=10 | claims=0
2026-07-30 07:26:10 [INFO] [loop_tick] state=SCANNING | rows=10 | claims=0
2026-07-30 07:26:11 [INFO] [loop_tick] state=SCANNING | rows=10 | claims=0
2026-07-30 07:26:13 [INFO] [loop_tick] state=SCANNING | rows=10 | claims=0
2026-07-30 07:26:15 [INFO] [loop_tick] state=SCANNING | rows=10 | claims=0
2026-07-30 07:26:17 [INFO] [loop_tick] state=SCANNING | rows=9 | claims=0
2026-07-30 07:26:20 [INFO] [loop_tick] state=SCANNING | rows=9 | claims=0
2026-07-30 07:26:22 [INFO] [loop_tick] state=SCANNING | rows=9 | claims=0
2026-07-30 07:26:24 [INFO] [loop_tick] state=SCANNING | rows=9 | claims=0
2026-07-30 07:26:25 [INFO] [loop_tick] state=SCANNING | rows=9 | claims=0
2026-07-30 07:26:25 [INFO] [loop_tick] state=SCANNING | rows=9 | claims=0
2026-07-30 07:26:26 [INFO] [loop_tick] state=SCANNING | rows=8 | claims=0
2026-07-30 07:26:26 [INFO] [loop_tick] state=SCANNING | rows=9 | claims=0
2026-07-30 07:26:27 [INFO] [loop_tick] state=SCANNING | rows=9 | claims=0
2026-07-30 07:26:29 [INFO] [loop_tick] state=SCANNING | rows=9 | claims=0
2026-07-30 07:26:32 [INFO] [loop_tick] state=SCANNING | rows=9 | claims=0
2026-07-30 07:26:34 [INFO] [loop_tick] state=SCANNING | rows=9 | claims=0
2026-07-30 07:26:37 [INFO] [loop_tick] state=SCANNING | rows=9 | claims=0
2026-07-30 07:26:39 [INFO] [loop_tick] state=SCANNING | rows=7 | claims=0
2026-07-30 07:26:42 [INFO] [loop_tick] state=SCANNING | rows=7 | claims=0
2026-07-30 07:26:44 [INFO] [loop_tick] state=SCANNING | rows=7 | claims=0
2026-07-30 07:26:46 [INFO] [loop_tick] state=SCANNING | rows=7 | claims=0
2026-07-30 07:26:49 [INFO] [loop_tick] state=SCANNING | rows=6 | claims=0
2026-07-30 07:26:51 [INFO] [loop_tick] state=SCANNING | rows=6 | claims=0
2026-07-30 07:26:53 [INFO] [loop_tick] state=SCANNING | rows=6 | claims=0
2026-07-30 07:26:55 [INFO] [loop_tick] state=SCANNING | rows=6 | claims=0
2026-07-30 07:26:58 [INFO] [loop_tick] state=SCANNING | rows=6 | claims=0
2026-07-30 07:27:00 [INFO] [loop_tick] state=SCANNING | rows=6 | claims=0
2026-07-30 07:27:00 [INFO] [loop_tick] state=SCANNING | rows=6 | claims=0
2026-07-30 07:27:00 [INFO] [loop_tick] state=SCANNING | rows=6 | claims=0
2026-07-30 07:27:01 [INFO] [loop_tick] state=SCANNING | rows=6 | claims=0
2026-07-30 07:27:01 [INFO] [loop_tick] state=SCANNING | rows=6 | claims=0
2026-07-30 07:27:01 [INFO] [loop_tick] state=SCANNING | rows=7 | claims=0
2026-07-30 07:27:01 [INFO] [loop_tick] state=SCANNING | rows=7 | claims=0
2026-07-30 07:27:01 [INFO] [loop_tick] state=SCANNING | rows=7 | claims=0
2026-07-30 07:27:02 [INFO] [loop_tick] state=SCANNING | rows=7 | claims=0
2026-07-30 07:27:02 [INFO] [loop_tick] state=SCANNING | rows=7 | claims=0
2026-07-30 07:27:02 [INFO] [loop_tick] state=SCANNING | rows=7 | claims=0
2026-07-30 07:27:02 [INFO] [loop_tick] state=SCANNING | rows=7 | claims=0
2026-07-30 07:27:02 [INFO] [loop_tick] state=SCANNING | rows=7 | claims=0
2026-07-30 07:27:02 [INFO] [loop_tick] state=SCANNING | rows=7 | claims=0
2026-07-30 07:27:02 [INFO] [loop_tick] state=SCANNING | rows=7 | claims=0
2026-07-30 07:27:02 [INFO] [loop_tick] state=SCANNING | rows=7 | claims=0
2026-07-30 07:27:03 [INFO] [loop_tick] state=SCANNING | rows=7 | claims=0
2026-07-30 07:27:03 [INFO] [loop_tick] state=SCANNING | rows=6 | claims=0
2026-07-30 07:27:03 [INFO] [loop_tick] state=SCANNING | rows=6 | claims=0
2026-07-30 07:27:05 [INFO] [loop_tick] state=SCANNING | rows=6 | claims=0
2026-07-30 07:27:08 [INFO] [loop_tick] state=SCANNING | rows=5 | claims=0
2026-07-30 07:27:10 [INFO] [loop_tick] state=SCANNING | rows=5 | claims=0
2026-07-30 07:27:11 [INFO] [loop_tick] state=SCANNING | rows=5 | claims=0
2026-07-30 07:27:11 [INFO] [loop_tick] state=SCANNING | rows=5 | claims=0
2026-07-30 07:27:12 [INFO] [loop_tick] state=SCANNING | rows=5 | claims=0
2026-07-30 07:27:12 [INFO] [loop_tick] state=SCANNING | rows=5 | claims=0
2026-07-30 07:27:12 [INFO] [loop_tick] state=SCANNING | rows=5 | claims=0
2026-07-30 07:27:13 [INFO] [loop_tick] state=SCANNING | rows=5 | claims=0
2026-07-30 07:27:13 [INFO] [loop_tick] state=SCANNING | rows=5 | claims=0
2026-07-30 07:27:13 [INFO] [loop_tick] state=SCANNING | rows=5 | claims=0
2026-07-30 07:27:13 [INFO] [loop_tick] state=SCANNING | rows=5 | claims=0
2026-07-30 07:27:14 [INFO] [loop_tick] state=SCANNING | rows=5 | claims=0
2026-07-30 07:27:14 [INFO] [loop_tick] state=SCANNING | rows=5 | claims=0
2026-07-30 07:27:14 [INFO] [loop_tick] state=SCANNING | rows=5 | claims=0
2026-07-30 07:27:14 [INFO] [loop_tick] state=SCANNING | rows=5 | claims=0
2026-07-30 07:27:15 [INFO] [loop_tick] state=SCANNING | rows=5 | claims=0
2026-07-30 07:27:15 [INFO] [loop_tick] state=SCANNING | rows=5 | claims=0
2026-07-30 07:27:15 [INFO] [loop_tick] state=SCANNING | rows=5 | claims=0
2026-07-30 07:27:15 [INFO] [loop_tick] state=SCANNING | rows=5 | claims=0
2026-07-30 07:27:15 [INFO] [loop_tick] state=SCANNING | rows=5 | claims=0
2026-07-30 07:27:16 [INFO] [loop_tick] state=SCANNING | rows=5 | claims=0
2026-07-30 07:27:16 [INFO] [loop_tick] state=SCANNING | rows=5 | claims=0
2026-07-30 07:27:16 [INFO] [loop_tick] state=SCANNING | rows=5 | claims=0
2026-07-30 07:27:16 [INFO] [loop_tick] state=SCANNING | rows=5 | claims=0
2026-07-30 07:27:16 [INFO] [loop_tick] state=SCANNING | rows=5 | claims=0
2026-07-30 07:27:16 [INFO] [loop_tick] state=SCANNING | rows=5 | claims=0
2026-07-30 07:27:17 [INFO] [loop_tick] state=SCANNING | rows=5 | claims=0
2026-07-30 07:27:17 [INFO] [loop_tick] state=SCANNING | rows=5 | claims=0
2026-07-30 07:27:17 [INFO] [loop_tick] state=SCANNING | rows=5 | claims=0
2026-07-30 07:27:17 [INFO] [loop_tick] state=SCANNING | rows=5 | claims=0
2026-07-30 07:27:17 [INFO] [loop_tick] state=SCANNING | rows=5 | claims=0
2026-07-30 07:27:18 [INFO] [loop_tick] state=SCANNING | rows=5 | claims=0
2026-07-30 07:27:18 [INFO] [loop_tick] state=SCANNING | rows=5 | claims=0
2026-07-30 07:27:18 [INFO] [loop_tick] state=SCANNING | rows=5 | claims=0
2026-07-30 07:27:18 [INFO] [loop_tick] state=SCANNING | rows=5 | claims=0
2026-07-30 07:27:19 [INFO] [loop_tick] state=SCANNING | rows=5 | claims=0
2026-07-30 07:27:19 [INFO] [loop_tick] state=SCANNING | rows=5 | claims=0
2026-07-30 07:27:21 [INFO] [row_detected] total_rows=7 | claim_rows=[0, 1]
2026-07-30 07:27:21 [INFO] [claim_found] row_id=0 | text=CLAIM | confidence=0.999 | claim_cell=(1169, 619)
2026-07-30 07:27:21 [INFO] [state_change] from_state=SCANNING | to_state=CLAIM_FOUND
2026-07-30 07:27:21 [INFO] [state_change] from_state=CLAIM_FOUND | to_state=CLICK_CLAIM
2026-07-30 07:27:22 [INFO] [claim_cell_clicked] row_id=0 | x=1169 | y=619
2026-07-30 07:27:22 [INFO] [state_change] from_state=CLICK_CLAIM | to_state=WAIT_USERNAME
2026-07-30 07:27:23 [WARNING] Cell shows 'Ivu' (not pending and not 'PHAN') — claimed by someone else.
2026-07-30 07:27:23 [INFO] [claim_stolen] y_key=616 | cell_text=Ivu
2026-07-30 07:27:23 [INFO] [state_change] from_state=WAIT_USERNAME | to_state=SCANNING
2026-07-30 07:27:23 [INFO] [loop_tick] state=SCANNING | rows=7 | claims=0
2026-07-30 07:27:25 [INFO] [loop_tick] state=SCANNING | rows=7 | claims=0
2026-07-30 07:27:25 [INFO] [loop_tick] state=SCANNING | rows=7 | claims=0
2026-07-30 07:27:25 [INFO] [loop_tick] state=SCANNING | rows=7 | claims=0
2026-07-30 07:27:26 [INFO] [loop_tick] state=SCANNING | rows=7 | claims=0
2026-07-30 07:27:28 [INFO] [loop_tick] state=SCANNING | rows=7 | claims=0
2026-07-30 07:27:29 [INFO] Automation DISABLED (F8)
2026-07-30 07:27:29 [INFO] [state_change] from_state=SCANNING | to_state=STOPPED
2026-07-30 07:27:37 [INFO] Clean exit requested (ESC).
2026-07-30 07:27:38 [INFO] WorkflowEngine shut down cleanly.
2026-07-30 07:31:06 [INFO] System Tray initialized. Application is running in the background.
2026-07-30 07:31:06 [INFO] All sub-systems initialised.
2026-07-30 07:31:06 [INFO] [state_change] from_state=IDLE | to_state=SCANNING
2026-07-30 07:31:06 [INFO] WorkflowEngine started — user='phan'  table={'left': 53, 'top': 601, 'width': 1484, 'height': 290}
2026-07-30 07:31:10 [INFO] [loop_tick] state=SCANNING | rows=7 | claims=0
2026-07-30 07:31:11 [INFO] [row_detected] total_rows=10 | claim_rows=[2, 4]
2026-07-30 07:31:11 [INFO] [claim_found] row_id=2 | text=CLAIM | confidence=0.999 | claim_cell=(1160, 679)
2026-07-30 07:31:11 [INFO] [state_change] from_state=SCANNING | to_state=CLAIM_FOUND
2026-07-30 07:31:11 [INFO] [state_change] from_state=CLAIM_FOUND | to_state=CLICK_CLAIM
2026-07-30 07:31:12 [INFO] [claim_cell_clicked] row_id=2 | x=1160 | y=679
2026-07-30 07:31:12 [INFO] [state_change] from_state=CLICK_CLAIM | to_state=WAIT_USERNAME
2026-07-30 07:31:13 [WARNING] Cell shows 'sophan' (not pending and not 'PHAN') — claimed by someone else.
2026-07-30 07:31:13 [INFO] [claim_stolen] y_key=680 | cell_text=sophan
2026-07-30 07:31:13 [INFO] [state_change] from_state=WAIT_USERNAME | to_state=SCANNING
2026-07-30 07:31:14 [INFO] [row_detected] total_rows=10 | claim_rows=[1, 3]
2026-07-30 07:31:14 [INFO] [claim_found] row_id=1 | text=CLAIM | confidence=0.999 | claim_cell=(1160, 649)
2026-07-30 07:31:14 [INFO] [state_change] from_state=SCANNING | to_state=CLAIM_FOUND
2026-07-30 07:31:14 [INFO] [state_change] from_state=CLAIM_FOUND | to_state=CLICK_CLAIM
2026-07-30 07:31:14 [INFO] [claim_cell_clicked] row_id=1 | x=1160 | y=649
2026-07-30 07:31:14 [INFO] [state_change] from_state=CLICK_CLAIM | to_state=WAIT_USERNAME
2026-07-30 07:31:19 [WARNING] Cell shows 'cadimish' (not pending and not 'PHAN') — claimed by someone else.
2026-07-30 07:31:19 [INFO] [claim_stolen] y_key=648 | cell_text=cadimish
2026-07-30 07:31:19 [INFO] [state_change] from_state=WAIT_USERNAME | to_state=SCANNING
2026-07-30 07:31:19 [INFO] [row_detected] total_rows=10 | claim_rows=[3]
2026-07-30 07:31:19 [INFO] [claim_found] row_id=3 | text=CLAIM | confidence=0.999 | claim_cell=(1160, 709)
2026-07-30 07:31:19 [INFO] [state_change] from_state=SCANNING | to_state=CLAIM_FOUND
2026-07-30 07:31:19 [INFO] [state_change] from_state=CLAIM_FOUND | to_state=CLICK_CLAIM
2026-07-30 07:31:20 [INFO] [claim_cell_clicked] row_id=3 | x=1160 | y=709
2026-07-30 07:31:20 [INFO] [state_change] from_state=CLICK_CLAIM | to_state=WAIT_USERNAME
2026-07-30 07:31:21 [INFO] [claim_verified] y_key=712 | cell_text=phan | elapsed_s=1.607
2026-07-30 07:31:21 [INFO] [state_change] from_state=WAIT_USERNAME | to_state=CLAIM_SUCCESS
2026-07-30 07:31:22 [INFO] [select_clicked] y_key=712 | x=1316 | y=709
2026-07-30 07:31:23 [INFO] Automation DISABLED (F8)
2026-07-30 07:31:23 [INFO] [state_change] from_state=CLAIM_SUCCESS | to_state=CLICK_SELECT
2026-07-30 07:31:23 [INFO] [state_change] from_state=CLICK_SELECT | to_state=STOPPED
2026-07-30 07:33:54 [INFO] Automation ENABLED (F8)
2026-07-30 07:33:54 [INFO] [state_change] from_state=STOPPED | to_state=SCANNING
2026-07-30 07:33:54 [INFO] [loop_tick] state=SCANNING | rows=10 | claims=0
2026-07-30 07:33:56 [INFO] [loop_tick] state=SCANNING | rows=10 | claims=0
2026-07-30 07:33:59 [INFO] [loop_tick] state=SCANNING | rows=10 | claims=0
2026-07-30 07:34:01 [INFO] [loop_tick] state=SCANNING | rows=10 | claims=0
2026-07-30 07:34:03 [INFO] [loop_tick] state=SCANNING | rows=10 | claims=0
2026-07-30 07:34:06 [INFO] [loop_tick] state=SCANNING | rows=10 | claims=0
2026-07-30 07:34:08 [INFO] [loop_tick] state=SCANNING | rows=10 | claims=0
2026-07-30 07:34:11 [INFO] [loop_tick] state=SCANNING | rows=10 | claims=0
2026-07-30 07:34:13 [INFO] [loop_tick] state=SCANNING | rows=10 | claims=0
2026-07-30 07:34:16 [INFO] [loop_tick] state=SCANNING | rows=10 | claims=0
2026-07-30 07:34:18 [INFO] [loop_tick] state=SCANNING | rows=10 | claims=0
2026-07-30 07:34:20 [INFO] [loop_tick] state=SCANNING | rows=10 | claims=0
2026-07-30 07:34:23 [INFO] [loop_tick] state=SCANNING | rows=10 | claims=0
2026-07-30 07:34:26 [INFO] [row_detected] total_rows=10 | claim_rows=[0]
2026-07-30 07:34:26 [INFO] [claim_found] row_id=0 | text=CLAIM | confidence=0.999 | claim_cell=(1160, 619)
2026-07-30 07:34:26 [INFO] [state_change] from_state=SCANNING | to_state=CLAIM_FOUND
2026-07-30 07:34:26 [INFO] [state_change] from_state=CLAIM_FOUND | to_state=CLICK_CLAIM
2026-07-30 07:34:26 [INFO] [claim_cell_clicked] row_id=0 | x=1160 | y=619
2026-07-30 07:34:26 [INFO] [state_change] from_state=CLICK_CLAIM | to_state=WAIT_USERNAME
2026-07-30 07:34:28 [WARNING] Cell shows 'sophan' (not pending and not 'PHAN') — claimed by someone else.
2026-07-30 07:34:28 [INFO] [claim_stolen] y_key=616 | cell_text=sophan
2026-07-30 07:34:28 [INFO] [state_change] from_state=WAIT_USERNAME | to_state=SCANNING
2026-07-30 07:34:28 [INFO] [loop_tick] state=SCANNING | rows=10 | claims=0
2026-07-30 07:34:31 [INFO] [loop_tick] state=SCANNING | rows=10 | claims=0
2026-07-30 07:34:31 [INFO] [loop_tick] state=SCANNING | rows=10 | claims=0
2026-07-30 07:34:33 [INFO] [loop_tick] state=SCANNING | rows=10 | claims=0
2026-07-30 07:34:35 [INFO] [loop_tick] state=SCANNING | rows=10 | claims=0
2026-07-30 07:34:38 [INFO] [loop_tick] state=SCANNING | rows=10 | claims=0
2026-07-30 07:34:40 [INFO] [loop_tick] state=SCANNING | rows=10 | claims=0
2026-07-30 07:34:43 [INFO] [loop_tick] state=SCANNING | rows=10 | claims=0
2026-07-30 07:34:45 [INFO] [loop_tick] state=SCANNING | rows=9 | claims=0
2026-07-30 07:34:48 [INFO] [loop_tick] state=SCANNING | rows=9 | claims=0
2026-07-30 07:34:50 [INFO] [loop_tick] state=SCANNING | rows=9 | claims=0
2026-07-30 07:34:52 [INFO] [loop_tick] state=SCANNING | rows=9 | claims=0
2026-07-30 07:34:55 [INFO] [loop_tick] state=SCANNING | rows=9 | claims=0
2026-07-30 07:34:57 [INFO] [loop_tick] state=SCANNING | rows=9 | claims=0
2026-07-30 07:35:00 [INFO] [loop_tick] state=SCANNING | rows=9 | claims=0
2026-07-30 07:35:03 [INFO] [row_detected] total_rows=10 | claim_rows=[0]
2026-07-30 07:35:05 [INFO] [loop_tick] state=SCANNING | rows=10 | claims=0
2026-07-30 07:35:08 [INFO] [loop_tick] state=SCANNING | rows=10 | claims=0
2026-07-30 07:35:10 [INFO] [loop_tick] state=SCANNING | rows=10 | claims=0
2026-07-30 07:35:13 [INFO] [row_detected] total_rows=10 | claim_rows=[1]
2026-07-30 07:35:13 [INFO] [claim_found] row_id=1 | text=CLAIM | confidence=0.999 | claim_cell=(1160, 649)
2026-07-30 07:35:13 [INFO] [state_change] from_state=SCANNING | to_state=CLAIM_FOUND
2026-07-30 07:35:13 [INFO] [state_change] from_state=CLAIM_FOUND | to_state=CLICK_CLAIM
2026-07-30 07:35:14 [INFO] [claim_cell_clicked] row_id=1 | x=1160 | y=649
2026-07-30 07:35:14 [INFO] [state_change] from_state=CLICK_CLAIM | to_state=WAIT_USERNAME
2026-07-30 07:35:15 [WARNING] Cell shows 'eross' (not pending and not 'PHAN') — claimed by someone else.
2026-07-30 07:35:15 [INFO] [claim_stolen] y_key=648 | cell_text=eross
2026-07-30 07:35:15 [INFO] [state_change] from_state=WAIT_USERNAME | to_state=SCANNING
2026-07-30 07:35:16 [INFO] [loop_tick] state=SCANNING | rows=10 | claims=0
2026-07-30 07:35:16 [INFO] [loop_tick] state=SCANNING | rows=10 | claims=0
2026-07-30 07:35:18 [INFO] [row_detected] total_rows=10 | claim_rows=[0]
2026-07-30 07:35:21 [INFO] [loop_tick] state=SCANNING | rows=10 | claims=0
2026-07-30 07:35:23 [INFO] [loop_tick] state=SCANNING | rows=10 | claims=0
2026-07-30 07:35:25 [INFO] [loop_tick] state=SCANNING | rows=10 | claims=0
2026-07-30 07:35:27 [INFO] [loop_tick] state=SCANNING | rows=10 | claims=0
2026-07-30 07:35:29 [INFO] [loop_tick] state=SCANNING | rows=10 | claims=0
2026-07-30 07:35:32 [INFO] [loop_tick] state=SCANNING | rows=10 | claims=0
2026-07-30 07:35:34 [INFO] [loop_tick] state=SCANNING | rows=10 | claims=0
2026-07-30 07:35:37 [INFO] [loop_tick] state=SCANNING | rows=10 | claims=0
2026-07-30 07:35:39 [INFO] [loop_tick] state=SCANNING | rows=10 | claims=0
2026-07-30 07:35:41 [INFO] [loop_tick] state=SCANNING | rows=10 | claims=0
2026-07-30 07:35:44 [INFO] [loop_tick] state=SCANNING | rows=9 | claims=0
2026-07-30 07:35:46 [INFO] [loop_tick] state=SCANNING | rows=9 | claims=0
2026-07-30 07:35:49 [INFO] [loop_tick] state=SCANNING | rows=7 | claims=0
2026-07-30 07:35:51 [INFO] [loop_tick] state=SCANNING | rows=7 | claims=0
2026-07-30 07:35:54 [INFO] [loop_tick] state=SCANNING | rows=7 | claims=0
2026-07-30 07:35:56 [INFO] [loop_tick] state=SCANNING | rows=7 | claims=0
2026-07-30 07:35:59 [INFO] [row_detected] total_rows=9 | claim_rows=[0]
2026-07-30 07:36:00 [INFO] [row_detected] total_rows=9 | claim_rows=[0]
2026-07-30 07:36:03 [INFO] [loop_tick] state=SCANNING | rows=9 | claims=0
2026-07-30 07:36:05 [INFO] [loop_tick] state=SCANNING | rows=7 | claims=0
2026-07-30 07:36:06 [INFO] Automation DISABLED (F8)
2026-07-30 07:36:06 [INFO] [state_change] from_state=SCANNING | to_state=STOPPED
2026-07-30 07:36:07 [INFO] Automation ENABLED (F8)
2026-07-30 07:36:07 [INFO] [state_change] from_state=STOPPED | to_state=SCANNING
2026-07-30 07:36:08 [INFO] [loop_tick] state=SCANNING | rows=6 | claims=0
2026-07-30 07:36:10 [INFO] [loop_tick] state=SCANNING | rows=6 | claims=0
2026-07-30 07:36:12 [INFO] [loop_tick] state=SCANNING | rows=6 | claims=0
2026-07-30 07:36:15 [INFO] [loop_tick] state=SCANNING | rows=5 | claims=0
2026-07-30 07:36:17 [INFO] [loop_tick] state=SCANNING | rows=5 | claims=0
2026-07-30 07:36:20 [INFO] [loop_tick] state=SCANNING | rows=5 | claims=0
2026-07-30 07:36:22 [INFO] [loop_tick] state=SCANNING | rows=5 | claims=0
2026-07-30 07:36:25 [INFO] [loop_tick] state=SCANNING | rows=5 | claims=0
2026-07-30 07:36:27 [INFO] [loop_tick] state=SCANNING | rows=5 | claims=0
2026-07-30 07:36:30 [INFO] [loop_tick] state=SCANNING | rows=5 | claims=0
2026-07-30 07:36:32 [INFO] [loop_tick] state=SCANNING | rows=5 | claims=0
2026-07-30 07:36:35 [INFO] [loop_tick] state=SCANNING | rows=5 | claims=0
2026-07-30 07:36:38 [INFO] [loop_tick] state=SCANNING | rows=5 | claims=0
2026-07-30 07:36:40 [INFO] [row_detected] total_rows=6 | claim_rows=[0]
2026-07-30 07:36:40 [INFO] [claim_found] row_id=0 | text=CLAIM | confidence=0.995 | claim_cell=(1168, 619)
2026-07-30 07:36:40 [INFO] [state_change] from_state=SCANNING | to_state=CLAIM_FOUND
2026-07-30 07:36:40 [INFO] [state_change] from_state=CLAIM_FOUND | to_state=CLICK_CLAIM
2026-07-30 07:36:41 [INFO] [claim_cell_clicked] row_id=0 | x=1168 | y=619
2026-07-30 07:36:41 [INFO] [state_change] from_state=CLICK_CLAIM | to_state=WAIT_USERNAME
2026-07-30 07:36:43 [INFO] [claim_verified] y_key=616 | cell_text=phan | elapsed_s=1.606
2026-07-30 07:36:43 [INFO] [state_change] from_state=WAIT_USERNAME | to_state=CLAIM_SUCCESS
2026-07-30 07:36:43 [INFO] [select_clicked] y_key=616 | x=1316 | y=619
2026-07-30 07:36:44 [INFO] [state_change] from_state=CLAIM_SUCCESS | to_state=CLICK_SELECT
2026-07-30 07:36:44 [INFO] [state_change] from_state=CLICK_SELECT | to_state=CLICK_CONNECT
2026-07-30 07:36:45 [INFO] [connect_clicked] y_key=616 | x=763 | y=104
2026-07-30 07:36:45 [INFO] [state_change] from_state=CLICK_CONNECT | to_state=CONNECTED
2026-07-30 07:36:45 [INFO] ✓ Connected! Waiting 1000ms then entering STOPPED state.
2026-07-30 07:36:46 [INFO] [state_change] from_state=CONNECTED | to_state=STOPPED
2026-07-30 07:44:03 [INFO] Automation ENABLED (F8)
2026-07-30 07:44:03 [INFO] [state_change] from_state=STOPPED | to_state=SCANNING
2026-07-30 07:44:03 [INFO] [loop_tick] state=SCANNING | rows=4 | claims=0
2026-07-30 07:44:05 [INFO] [loop_tick] state=SCANNING | rows=4 | claims=0
2026-07-30 07:44:07 [INFO] [loop_tick] state=SCANNING | rows=4 | claims=0
2026-07-30 07:44:10 [INFO] [loop_tick] state=SCANNING | rows=4 | claims=0
2026-07-30 07:44:12 [INFO] [loop_tick] state=SCANNING | rows=4 | claims=0
2026-07-30 07:44:15 [INFO] [loop_tick] state=SCANNING | rows=4 | claims=0
2026-07-30 07:44:17 [INFO] [loop_tick] state=SCANNING | rows=3 | claims=0
2026-07-30 07:44:19 [INFO] [loop_tick] state=SCANNING | rows=3 | claims=0
2026-07-30 07:44:21 [INFO] [loop_tick] state=SCANNING | rows=3 | claims=0
2026-07-30 07:44:24 [INFO] [loop_tick] state=SCANNING | rows=3 | claims=0
2026-07-30 07:44:26 [INFO] [loop_tick] state=SCANNING | rows=3 | claims=0
2026-07-30 07:44:29 [INFO] [row_detected] total_rows=4 | claim_rows=[0]
2026-07-30 07:44:31 [INFO] [row_detected] total_rows=4 | claim_rows=[0]
2026-07-30 07:44:34 [INFO] [row_detected] total_rows=5 | claim_rows=[1]
2026-07-30 07:44:34 [INFO] [claim_found] row_id=1 | text=CLAIM | confidence=0.999 | claim_cell=(1169, 649)
2026-07-30 07:44:34 [INFO] [state_change] from_state=SCANNING | to_state=CLAIM_FOUND
2026-07-30 07:44:34 [INFO] [state_change] from_state=CLAIM_FOUND | to_state=CLICK_CLAIM
2026-07-30 07:44:34 [INFO] [claim_cell_clicked] row_id=1 | x=1169 | y=649
2026-07-30 07:44:34 [INFO] [state_change] from_state=CLICK_CLAIM | to_state=WAIT_USERNAME
2026-07-30 07:44:36 [WARNING] Cell shows 'farko' (not pending and not 'PHAN') — claimed by someone else.
2026-07-30 07:44:36 [INFO] [claim_stolen] y_key=648 | cell_text=farko
2026-07-30 07:44:36 [INFO] [state_change] from_state=WAIT_USERNAME | to_state=SCANNING
2026-07-30 07:44:36 [INFO] [row_detected] total_rows=6 | claim_rows=[2]
2026-07-30 07:44:39 [INFO] [loop_tick] state=SCANNING | rows=6 | claims=0
2026-07-30 07:44:41 [INFO] [loop_tick] state=SCANNING | rows=6 | claims=0
2026-07-30 07:44:43 [INFO] [loop_tick] state=SCANNING | rows=6 | claims=0
2026-07-30 07:44:46 [INFO] [loop_tick] state=SCANNING | rows=6 | claims=0
2026-07-30 07:44:49 [INFO] [loop_tick] state=SCANNING | rows=6 | claims=0
2026-07-30 07:44:51 [INFO] [loop_tick] state=SCANNING | rows=6 | claims=0
2026-07-30 07:44:54 [INFO] [loop_tick] state=SCANNING | rows=6 | claims=0
2026-07-30 07:44:56 [INFO] [loop_tick] state=SCANNING | rows=6 | claims=0
2026-07-30 07:44:58 [INFO] [loop_tick] state=SCANNING | rows=6 | claims=0
2026-07-30 07:45:01 [INFO] [loop_tick] state=SCANNING | rows=6 | claims=0
2026-07-30 07:45:04 [INFO] [loop_tick] state=SCANNING | rows=6 | claims=0
2026-07-30 07:45:06 [INFO] [loop_tick] state=SCANNING | rows=6 | claims=0
2026-07-30 07:45:09 [INFO] [loop_tick] state=SCANNING | rows=6 | claims=0
2026-07-30 07:45:11 [INFO] [loop_tick] state=SCANNING | rows=5 | claims=0
2026-07-30 07:45:13 [INFO] [loop_tick] state=SCANNING | rows=5 | claims=0
2026-07-30 07:45:16 [INFO] [loop_tick] state=SCANNING | rows=5 | claims=0
2026-07-30 07:45:19 [INFO] [row_detected] total_rows=6 | claim_rows=[0]
2026-07-30 07:45:19 [INFO] [claim_found] row_id=0 | text=CLAIM | confidence=0.999 | claim_cell=(1169, 619)
2026-07-30 07:45:19 [INFO] [state_change] from_state=SCANNING | to_state=CLAIM_FOUND
2026-07-30 07:45:19 [INFO] [state_change] from_state=CLAIM_FOUND | to_state=CLICK_CLAIM
2026-07-30 07:45:19 [INFO] [claim_cell_clicked] row_id=0 | x=1169 | y=619
2026-07-30 07:45:19 [INFO] [state_change] from_state=CLICK_CLAIM | to_state=WAIT_USERNAME
2026-07-30 07:45:21 [INFO] [claim_verified] y_key=616 | cell_text=phan | elapsed_s=1.506
2026-07-30 07:45:21 [INFO] [state_change] from_state=WAIT_USERNAME | to_state=CLAIM_SUCCESS
2026-07-30 07:45:22 [INFO] [select_clicked] y_key=616 | x=1316 | y=619
2026-07-30 07:45:23 [INFO] [state_change] from_state=CLAIM_SUCCESS | to_state=CLICK_SELECT
2026-07-30 07:45:23 [INFO] [state_change] from_state=CLICK_SELECT | to_state=CLICK_CONNECT
2026-07-30 07:45:23 [INFO] [connect_clicked] y_key=616 | x=763 | y=104
2026-07-30 07:45:23 [INFO] [state_change] from_state=CLICK_CONNECT | to_state=CONNECTED
2026-07-30 07:45:23 [INFO] ✓ Connected! Waiting 1000ms then entering STOPPED state.
2026-07-30 07:45:24 [INFO] [state_change] from_state=CONNECTED | to_state=STOPPED
2026-07-30 07:56:53 [INFO] Automation ENABLED (F8)
2026-07-30 07:56:53 [INFO] [state_change] from_state=STOPPED | to_state=SCANNING
2026-07-30 07:56:53 [INFO] [loop_tick] state=SCANNING | rows=5 | claims=0
2026-07-30 07:56:54 [INFO] [loop_tick] state=SCANNING | rows=5 | claims=0
2026-07-30 07:56:56 [INFO] [loop_tick] state=SCANNING | rows=5 | claims=0
2026-07-30 07:56:59 [INFO] [loop_tick] state=SCANNING | rows=5 | claims=0
2026-07-30 07:57:01 [INFO] [loop_tick] state=SCANNING | rows=5 | claims=0
2026-07-30 07:57:04 [INFO] [loop_tick] state=SCANNING | rows=5 | claims=0
2026-07-30 07:57:07 [INFO] [loop_tick] state=SCANNING | rows=5 | claims=0
2026-07-30 07:57:09 [INFO] [loop_tick] state=SCANNING | rows=5 | claims=0
2026-07-30 07:57:12 [INFO] [loop_tick] state=SCANNING | rows=5 | claims=0
2026-07-30 07:57:14 [INFO] [loop_tick] state=SCANNING | rows=5 | claims=0
2026-07-30 07:57:17 [INFO] [loop_tick] state=SCANNING | rows=5 | claims=0
2026-07-30 07:57:19 [INFO] [loop_tick] state=SCANNING | rows=5 | claims=0
2026-07-30 07:57:22 [INFO] [loop_tick] state=SCANNING | rows=5 | claims=0
2026-07-30 07:57:24 [INFO] [loop_tick] state=SCANNING | rows=5 | claims=0
2026-07-30 07:57:25 [INFO] [loop_tick] state=SCANNING | rows=5 | claims=0
2026-07-30 07:57:28 [INFO] [loop_tick] state=SCANNING | rows=5 | claims=0
2026-07-30 07:57:30 [INFO] [loop_tick] state=SCANNING | rows=5 | claims=0
2026-07-30 07:57:33 [INFO] [loop_tick] state=SCANNING | rows=5 | claims=0
2026-07-30 07:57:35 [INFO] [loop_tick] state=SCANNING | rows=5 | claims=0
2026-07-30 07:57:38 [INFO] [loop_tick] state=SCANNING | rows=5 | claims=0
2026-07-30 07:57:40 [INFO] [loop_tick] state=SCANNING | rows=5 | claims=0
2026-07-30 07:57:43 [INFO] [loop_tick] state=SCANNING | rows=5 | claims=0
2026-07-30 07:57:45 [INFO] [loop_tick] state=SCANNING | rows=5 | claims=0
2026-07-30 07:57:48 [INFO] [loop_tick] state=SCANNING | rows=4 | claims=0
2026-07-30 07:57:50 [INFO] [loop_tick] state=SCANNING | rows=4 | claims=0
2026-07-30 07:57:52 [INFO] [loop_tick] state=SCANNING | rows=4 | claims=0
2026-07-30 07:57:55 [INFO] [loop_tick] state=SCANNING | rows=4 | claims=0
2026-07-30 07:57:57 [INFO] [loop_tick] state=SCANNING | rows=4 | claims=0
2026-07-30 07:58:00 [INFO] [loop_tick] state=SCANNING | rows=4 | claims=0
2026-07-30 07:58:02 [INFO] [loop_tick] state=SCANNING | rows=4 | claims=0
2026-07-30 07:58:05 [INFO] [loop_tick] state=SCANNING | rows=4 | claims=0
2026-07-30 07:58:07 [INFO] [loop_tick] state=SCANNING | rows=4 | claims=0
2026-07-30 07:58:10 [INFO] [loop_tick] state=SCANNING | rows=4 | claims=0
2026-07-30 07:58:12 [INFO] [loop_tick] state=SCANNING | rows=4 | claims=0
2026-07-30 07:58:15 [INFO] [loop_tick] state=SCANNING | rows=4 | claims=0
2026-07-30 07:58:17 [INFO] [loop_tick] state=SCANNING | rows=4 | claims=0
2026-07-30 07:58:20 [INFO] [loop_tick] state=SCANNING | rows=4 | claims=0
2026-07-30 07:58:22 [INFO] [loop_tick] state=SCANNING | rows=4 | claims=0
2026-07-30 07:58:25 [INFO] [loop_tick] state=SCANNING | rows=4 | claims=0
2026-07-30 07:58:28 [INFO] [row_detected] total_rows=4 | claim_rows=[1]
2026-07-30 07:58:28 [INFO] [claim_found] row_id=1 | text=CLAIM | confidence=0.999 | claim_cell=(1169, 649)
2026-07-30 07:58:28 [INFO] [state_change] from_state=SCANNING | to_state=CLAIM_FOUND
2026-07-30 07:58:28 [INFO] [state_change] from_state=CLAIM_FOUND | to_state=CLICK_CLAIM
2026-07-30 07:58:28 [INFO] [claim_cell_clicked] row_id=1 | x=1169 | y=649
2026-07-30 07:58:28 [INFO] [state_change] from_state=CLICK_CLAIM | to_state=WAIT_USERNAME
2026-07-30 07:58:30 [INFO] [claim_verified] y_key=648 | cell_text=phan | elapsed_s=1.506
2026-07-30 07:58:30 [INFO] [state_change] from_state=WAIT_USERNAME | to_state=CLAIM_SUCCESS
2026-07-30 07:58:30 [INFO] [select_clicked] y_key=648 | x=1316 | y=649
2026-07-30 07:58:31 [INFO] [state_change] from_state=CLAIM_SUCCESS | to_state=CLICK_SELECT
2026-07-30 07:58:31 [INFO] [state_change] from_state=CLICK_SELECT | to_state=CLICK_CONNECT
2026-07-30 07:58:32 [INFO] [connect_clicked] y_key=648 | x=763 | y=104
2026-07-30 07:58:32 [INFO] [state_change] from_state=CLICK_CONNECT | to_state=CONNECTED
2026-07-30 07:58:32 [INFO] ✓ Connected! Waiting 1000ms then entering STOPPED state.
2026-07-30 07:58:33 [INFO] [state_change] from_state=CONNECTED | to_state=STOPPED
2026-07-30 08:04:53 [INFO] Clean exit requested (ESC).
2026-07-30 08:04:53 [INFO] WorkflowEngine shut down cleanly.
2026-07-30 08:18:39 [INFO] System Tray initialized. Application is running in the background.
2026-07-30 08:18:39 [INFO] All sub-systems initialised.
2026-07-30 08:18:39 [INFO] [state_change] from_state=IDLE | to_state=SCANNING
2026-07-30 08:18:39 [INFO] WorkflowEngine started — user='phan'  table={'left': 53, 'top': 601, 'width': 1484, 'height': 290}
2026-07-30 08:18:43 [INFO] [loop_tick] state=SCANNING | rows=7 | claims=0
2026-07-30 08:18:44 [INFO] [row_detected] total_rows=10 | claim_rows=[2, 3, 4]
2026-07-30 08:18:44 [INFO] [claim_found] row_id=2 | text=CLAIM | confidence=0.999 | claim_cell=(1160, 679)
2026-07-30 08:18:44 [INFO] [state_change] from_state=SCANNING | to_state=CLAIM_FOUND
2026-07-30 08:18:44 [INFO] [state_change] from_state=CLAIM_FOUND | to_state=CLICK_CLAIM
2026-07-30 08:18:44 [INFO] [claim_cell_clicked] row_id=2 | x=1160 | y=679
2026-07-30 08:18:44 [INFO] [state_change] from_state=CLICK_CLAIM | to_state=WAIT_USERNAME
2026-07-30 08:18:46 [WARNING] Cell shows 'inguyen' (not pending and not 'PHAN') — claimed by someone else.
2026-07-30 08:18:46 [INFO] [claim_stolen] y_key=680 | cell_text=inguyen
2026-07-30 08:18:46 [INFO] [state_change] from_state=WAIT_USERNAME | to_state=SCANNING
2026-07-30 08:18:46 [INFO] [row_detected] total_rows=10 | claim_rows=[0, 5]
2026-07-30 08:18:46 [INFO] [claim_found] row_id=0 | text=CLAIM | confidence=0.999 | claim_cell=(1160, 619)
2026-07-30 08:18:46 [INFO] [state_change] from_state=SCANNING | to_state=CLAIM_FOUND
2026-07-30 08:18:46 [INFO] [state_change] from_state=CLAIM_FOUND | to_state=CLICK_CLAIM
2026-07-30 08:18:47 [INFO] [claim_cell_clicked] row_id=0 | x=1160 | y=619
2026-07-30 08:18:47 [INFO] [state_change] from_state=CLICK_CLAIM | to_state=WAIT_USERNAME
2026-07-30 08:18:48 [INFO] [claim_verified] y_key=616 | cell_text=phan | elapsed_s=1.405
2026-07-30 08:18:48 [INFO] [state_change] from_state=WAIT_USERNAME | to_state=CLAIM_SUCCESS
2026-07-30 08:18:49 [INFO] [select_clicked] y_key=616 | x=1316 | y=619
2026-07-30 08:18:50 [INFO] [state_change] from_state=CLAIM_SUCCESS | to_state=CLICK_SELECT
2026-07-30 08:18:50 [INFO] [state_change] from_state=CLICK_SELECT | to_state=CLICK_CONNECT
2026-07-30 08:18:50 [INFO] [connect_clicked] y_key=616 | x=763 | y=104
2026-07-30 08:18:50 [INFO] [state_change] from_state=CLICK_CONNECT | to_state=CONNECTED
2026-07-30 08:18:50 [INFO] ✓ Connected! Waiting 1000ms then entering STOPPED state.
2026-07-30 08:18:51 [INFO] [state_change] from_state=CONNECTED | to_state=STOPPED
2026-07-30 08:31:20 [INFO] Automation ENABLED (F8)
2026-07-30 08:31:20 [INFO] [state_change] from_state=STOPPED | to_state=SCANNING
2026-07-30 08:31:20 [INFO] [loop_tick] state=SCANNING | rows=10 | claims=0
2026-07-30 08:31:20 [INFO] [row_detected] total_rows=10 | claim_rows=[0]
2026-07-30 08:31:21 [INFO] [claim_found] row_id=0 | text=CLAIM | confidence=0.999 | claim_cell=(1160, 619)
2026-07-30 08:31:21 [INFO] [state_change] from_state=SCANNING | to_state=CLAIM_FOUND
2026-07-30 08:31:21 [INFO] [state_change] from_state=CLAIM_FOUND | to_state=CLICK_CLAIM
2026-07-30 08:31:21 [INFO] [claim_cell_clicked] row_id=0 | x=1160 | y=619
2026-07-30 08:31:21 [INFO] [state_change] from_state=CLICK_CLAIM | to_state=WAIT_USERNAME
2026-07-30 08:31:23 [INFO] [claim_verified] y_key=616 | cell_text=phan | elapsed_s=1.307
2026-07-30 08:31:23 [INFO] [state_change] from_state=WAIT_USERNAME | to_state=CLAIM_SUCCESS
2026-07-30 08:31:23 [INFO] [select_clicked] y_key=616 | x=1316 | y=619
2026-07-30 08:31:24 [INFO] [state_change] from_state=CLAIM_SUCCESS | to_state=CLICK_SELECT
2026-07-30 08:31:24 [INFO] [state_change] from_state=CLICK_SELECT | to_state=CLICK_CONNECT
2026-07-30 08:31:25 [INFO] [connect_clicked] y_key=616 | x=763 | y=104
2026-07-30 08:31:25 [INFO] [state_change] from_state=CLICK_CONNECT | to_state=CONNECTED
2026-07-30 08:31:25 [INFO] ✓ Connected! Waiting 1000ms then entering STOPPED state.
2026-07-30 08:31:26 [INFO] [state_change] from_state=CONNECTED | to_state=STOPPED
2026-07-30 08:40:03 [INFO] Automation ENABLED (F8)
2026-07-30 08:40:03 [INFO] [state_change] from_state=STOPPED | to_state=SCANNING
2026-07-30 08:40:03 [INFO] [loop_tick] state=SCANNING | rows=6 | claims=0
2026-07-30 08:40:03 [INFO] [loop_tick] state=SCANNING | rows=6 | claims=0
2026-07-30 08:40:06 [INFO] [row_detected] total_rows=7 | claim_rows=[3]
2026-07-30 08:40:08 [INFO] [row_detected] total_rows=7 | claim_rows=[3]
2026-07-30 08:40:11 [INFO] [loop_tick] state=SCANNING | rows=7 | claims=0
2026-07-30 08:40:13 [INFO] [loop_tick] state=SCANNING | rows=7 | claims=0
2026-07-30 08:40:16 [INFO] [loop_tick] state=SCANNING | rows=7 | claims=0
2026-07-30 08:40:18 [INFO] [row_detected] total_rows=9 | claim_rows=[1]
2026-07-30 08:40:21 [INFO] [row_detected] total_rows=9 | claim_rows=[1]
2026-07-30 08:40:24 [INFO] [row_detected] total_rows=9 | claim_rows=[1]
2026-07-30 08:40:26 [INFO] [row_detected] total_rows=9 | claim_rows=[0]
2026-07-30 08:40:29 [INFO] [row_detected] total_rows=10 | claim_rows=[0, 1]
2026-07-30 08:40:31 [INFO] [row_detected] total_rows=10 | claim_rows=[1]
2026-07-30 08:40:33 [INFO] [row_detected] total_rows=10 | claim_rows=[1]
2026-07-30 08:40:36 [INFO] [loop_tick] state=SCANNING | rows=10 | claims=0
2026-07-30 08:40:38 [INFO] [loop_tick] state=SCANNING | rows=10 | claims=0
2026-07-30 08:40:41 [INFO] [loop_tick] state=SCANNING | rows=10 | claims=0
2026-07-30 08:40:43 [INFO] [loop_tick] state=SCANNING | rows=10 | claims=0
2026-07-30 08:40:46 [INFO] [loop_tick] state=SCANNING | rows=10 | claims=0
2026-07-30 08:40:49 [INFO] [row_detected] total_rows=10 | claim_rows=[2, 3]
2026-07-30 08:40:49 [INFO] [claim_found] row_id=2 | text=CLAIM | confidence=0.999 | claim_cell=(1160, 679)
2026-07-30 08:40:49 [INFO] [state_change] from_state=SCANNING | to_state=CLAIM_FOUND
2026-07-30 08:40:49 [INFO] [state_change] from_state=CLAIM_FOUND | to_state=CLICK_CLAIM
2026-07-30 08:40:49 [INFO] [claim_cell_clicked] row_id=2 | x=1160 | y=679
2026-07-30 08:40:49 [INFO] [state_change] from_state=CLICK_CLAIM | to_state=WAIT_USERNAME
2026-07-30 08:40:51 [INFO] [claim_verified] y_key=680 | cell_text=phan | elapsed_s=1.406
2026-07-30 08:40:51 [INFO] [state_change] from_state=WAIT_USERNAME | to_state=CLAIM_SUCCESS
2026-07-30 08:40:51 [INFO] [select_clicked] y_key=680 | x=1316 | y=679
2026-07-30 08:40:52 [INFO] [state_change] from_state=CLAIM_SUCCESS | to_state=CLICK_SELECT
2026-07-30 08:40:52 [INFO] [state_change] from_state=CLICK_SELECT | to_state=CLICK_CONNECT
2026-07-30 08:40:53 [INFO] [connect_clicked] y_key=680 | x=763 | y=104
2026-07-30 08:40:53 [INFO] [state_change] from_state=CLICK_CONNECT | to_state=CONNECTED
2026-07-30 08:40:53 [INFO] ✓ Connected! Waiting 1000ms then entering STOPPED state.
2026-07-30 08:40:54 [INFO] [state_change] from_state=CONNECTED | to_state=STOPPED
2026-07-30 08:50:39 [INFO] Automation ENABLED (F8)
2026-07-30 08:50:39 [INFO] [state_change] from_state=STOPPED | to_state=SCANNING
2026-07-30 08:50:39 [INFO] [loop_tick] state=SCANNING | rows=3 | claims=0
2026-07-30 08:50:40 [INFO] [loop_tick] state=SCANNING | rows=3 | claims=0
2026-07-30 08:50:43 [INFO] [row_detected] total_rows=4 | claim_rows=[1]
2026-07-30 08:50:43 [INFO] [claim_found] row_id=1 | text=CLAIM | confidence=0.999 | claim_cell=(1169, 649)
2026-07-30 08:50:43 [INFO] [state_change] from_state=SCANNING | to_state=CLAIM_FOUND
2026-07-30 08:50:43 [INFO] [state_change] from_state=CLAIM_FOUND | to_state=CLICK_CLAIM
2026-07-30 08:50:43 [INFO] [claim_cell_clicked] row_id=1 | x=1169 | y=649
2026-07-30 08:50:43 [INFO] [state_change] from_state=CLICK_CLAIM | to_state=WAIT_USERNAME
2026-07-30 08:50:45 [INFO] [claim_verified] y_key=648 | cell_text=phan | elapsed_s=1.406
2026-07-30 08:50:45 [INFO] [state_change] from_state=WAIT_USERNAME | to_state=CLAIM_SUCCESS
2026-07-30 08:50:45 [INFO] [select_clicked] y_key=648 | x=1316 | y=649
2026-07-30 08:50:46 [INFO] [state_change] from_state=CLAIM_SUCCESS | to_state=CLICK_SELECT
2026-07-30 08:50:46 [INFO] [state_change] from_state=CLICK_SELECT | to_state=CLICK_CONNECT
2026-07-30 08:50:47 [INFO] [connect_clicked] y_key=648 | x=763 | y=104
2026-07-30 08:50:47 [INFO] [state_change] from_state=CLICK_CONNECT | to_state=CONNECTED
2026-07-30 08:50:47 [INFO] ✓ Connected! Waiting 1000ms then entering STOPPED state.
2026-07-30 08:50:48 [INFO] [state_change] from_state=CONNECTED | to_state=STOPPED
2026-07-30 08:56:58 [INFO] Automation ENABLED (F8)
2026-07-30 08:56:58 [INFO] [state_change] from_state=STOPPED | to_state=SCANNING
2026-07-30 08:56:58 [INFO] [loop_tick] state=SCANNING | rows=3 | claims=0
2026-07-30 08:56:59 [INFO] [loop_tick] state=SCANNING | rows=3 | claims=0
2026-07-30 08:57:02 [INFO] [loop_tick] state=SCANNING | rows=3 | claims=0
2026-07-30 08:57:04 [INFO] [loop_tick] state=SCANNING | rows=3 | claims=0
2026-07-30 08:57:07 [INFO] [row_detected] total_rows=4 | claim_rows=[0]
2026-07-30 08:57:07 [INFO] [claim_found] row_id=0 | text=CLAIM | confidence=0.995 | claim_cell=(1168, 619)
2026-07-30 08:57:07 [INFO] [state_change] from_state=SCANNING | to_state=CLAIM_FOUND
2026-07-30 08:57:07 [INFO] [state_change] from_state=CLAIM_FOUND | to_state=CLICK_CLAIM
2026-07-30 08:57:08 [INFO] [claim_cell_clicked] row_id=0 | x=1168 | y=619
2026-07-30 08:57:08 [INFO] [state_change] from_state=CLICK_CLAIM | to_state=WAIT_USERNAME
2026-07-30 08:57:09 [INFO] [claim_verified] y_key=616 | cell_text=phan | elapsed_s=1.305
2026-07-30 08:57:09 [INFO] [state_change] from_state=WAIT_USERNAME | to_state=CLAIM_SUCCESS
2026-07-30 08:57:10 [INFO] [select_clicked] y_key=616 | x=1316 | y=619
2026-07-30 08:57:11 [INFO] [state_change] from_state=CLAIM_SUCCESS | to_state=CLICK_SELECT
2026-07-30 08:57:11 [INFO] [state_change] from_state=CLICK_SELECT | to_state=CLICK_CONNECT
2026-07-30 08:57:11 [INFO] [connect_clicked] y_key=616 | x=763 | y=104
2026-07-30 08:57:11 [INFO] [state_change] from_state=CLICK_CONNECT | to_state=CONNECTED
2026-07-30 08:57:11 [INFO] ✓ Connected! Waiting 1000ms then entering STOPPED state.
2026-07-30 08:57:12 [INFO] [state_change] from_state=CONNECTED | to_state=STOPPED
2026-07-30 09:03:21 [INFO] Automation ENABLED (F8)
2026-07-30 09:03:21 [INFO] [state_change] from_state=STOPPED | to_state=SCANNING
2026-07-30 09:03:22 [INFO] [loop_tick] state=SCANNING | rows=2 | claims=0
2026-07-30 09:03:23 [INFO] [loop_tick] state=SCANNING | rows=2 | claims=0
2026-07-30 09:03:26 [INFO] [loop_tick] state=SCANNING | rows=2 | claims=0
2026-07-30 09:03:28 [INFO] [loop_tick] state=SCANNING | rows=2 | claims=0
2026-07-30 09:03:31 [INFO] [loop_tick] state=SCANNING | rows=2 | claims=0
2026-07-30 09:03:33 [INFO] [loop_tick] state=SCANNING | rows=2 | claims=0
2026-07-30 09:03:36 [INFO] [loop_tick] state=SCANNING | rows=2 | claims=0
2026-07-30 09:03:38 [INFO] [loop_tick] state=SCANNING | rows=2 | claims=0
2026-07-30 09:03:41 [INFO] [loop_tick] state=SCANNING | rows=2 | claims=0
2026-07-30 09:03:43 [INFO] [loop_tick] state=SCANNING | rows=2 | claims=0
2026-07-30 09:03:46 [INFO] [loop_tick] state=SCANNING | rows=2 | claims=0
2026-07-30 09:03:48 [INFO] [loop_tick] state=SCANNING | rows=2 | claims=0
2026-07-30 09:03:51 [INFO] [loop_tick] state=SCANNING | rows=2 | claims=0
2026-07-30 09:03:53 [INFO] [loop_tick] state=SCANNING | rows=2 | claims=0
2026-07-30 09:03:55 [INFO] [loop_tick] state=SCANNING | rows=2 | claims=0
2026-07-30 09:03:58 [INFO] [loop_tick] state=SCANNING | rows=2 | claims=0
2026-07-30 09:04:01 [INFO] [loop_tick] state=SCANNING | rows=2 | claims=0
2026-07-30 09:04:03 [INFO] [loop_tick] state=SCANNING | rows=2 | claims=0
2026-07-30 09:04:05 [INFO] [loop_tick] state=SCANNING | rows=2 | claims=0
2026-07-30 09:04:08 [INFO] [loop_tick] state=SCANNING | rows=2 | claims=0
2026-07-30 09:04:10 [INFO] [loop_tick] state=SCANNING | rows=2 | claims=0
2026-07-30 09:04:13 [INFO] [loop_tick] state=SCANNING | rows=2 | claims=0
2026-07-30 09:04:15 [INFO] [loop_tick] state=SCANNING | rows=2 | claims=0
2026-07-30 09:04:17 [INFO] [loop_tick] state=SCANNING | rows=2 | claims=0
2026-07-30 09:04:20 [INFO] [loop_tick] state=SCANNING | rows=2 | claims=0
2026-07-30 09:04:22 [INFO] [loop_tick] state=SCANNING | rows=2 | claims=0
2026-07-30 09:04:25 [INFO] [loop_tick] state=SCANNING | rows=2 | claims=0
2026-07-30 09:04:27 [INFO] [loop_tick] state=SCANNING | rows=2 | claims=0
2026-07-30 09:04:29 [INFO] [loop_tick] state=SCANNING | rows=2 | claims=0
2026-07-30 09:04:32 [INFO] [loop_tick] state=SCANNING | rows=2 | claims=0
2026-07-30 09:04:34 [INFO] [loop_tick] state=SCANNING | rows=2 | claims=0
2026-07-30 09:04:37 [INFO] [loop_tick] state=SCANNING | rows=2 | claims=0
2026-07-30 09:04:39 [INFO] [loop_tick] state=SCANNING | rows=2 | claims=0
2026-07-30 09:04:40 [INFO] [loop_tick] state=SCANNING | rows=2 | claims=0
2026-07-30 09:04:42 [INFO] [loop_tick] state=SCANNING | rows=2 | claims=0
2026-07-30 09:04:45 [INFO] [loop_tick] state=SCANNING | rows=2 | claims=0
2026-07-30 09:04:47 [INFO] [loop_tick] state=SCANNING | rows=2 | claims=0
2026-07-30 09:04:50 [INFO] [loop_tick] state=SCANNING | rows=2 | claims=0
2026-07-30 09:04:52 [INFO] [loop_tick] state=SCANNING | rows=2 | claims=0
2026-07-30 09:04:54 [INFO] [loop_tick] state=SCANNING | rows=2 | claims=0
2026-07-30 09:04:57 [INFO] [loop_tick] state=SCANNING | rows=2 | claims=0
2026-07-30 09:04:59 [INFO] [loop_tick] state=SCANNING | rows=2 | claims=0
2026-07-30 09:05:02 [INFO] [row_detected] total_rows=3 | claim_rows=[0]
2026-07-30 09:05:02 [INFO] [claim_found] row_id=0 | text=CLAIM | confidence=0.995 | claim_cell=(1168, 619)
2026-07-30 09:05:02 [INFO] [state_change] from_state=SCANNING | to_state=CLAIM_FOUND
2026-07-30 09:05:02 [INFO] [state_change] from_state=CLAIM_FOUND | to_state=CLICK_CLAIM
2026-07-30 09:05:03 [INFO] [claim_cell_clicked] row_id=0 | x=1168 | y=619
2026-07-30 09:05:03 [INFO] [state_change] from_state=CLICK_CLAIM | to_state=WAIT_USERNAME
2026-07-30 09:05:04 [INFO] [claim_verified] y_key=616 | cell_text=phan | elapsed_s=1.505
2026-07-30 09:05:04 [INFO] [state_change] from_state=WAIT_USERNAME | to_state=CLAIM_SUCCESS
2026-07-30 09:05:05 [INFO] [select_clicked] y_key=616 | x=1316 | y=619
2026-07-30 09:05:06 [INFO] [state_change] from_state=CLAIM_SUCCESS | to_state=CLICK_SELECT
2026-07-30 09:05:06 [INFO] [state_change] from_state=CLICK_SELECT | to_state=CLICK_CONNECT
2026-07-30 09:05:07 [INFO] [connect_clicked] y_key=616 | x=763 | y=104
2026-07-30 09:05:07 [INFO] [state_change] from_state=CLICK_CONNECT | to_state=CONNECTED
2026-07-30 09:05:07 [INFO] ✓ Connected! Waiting 1000ms then entering STOPPED state.
2026-07-30 09:05:08 [INFO] [state_change] from_state=CONNECTED | to_state=STOPPED
2026-07-30 09:19:09 [INFO] Automation ENABLED (F8)
2026-07-30 09:19:09 [INFO] [state_change] from_state=STOPPED | to_state=SCANNING
2026-07-30 09:19:09 [INFO] [loop_tick] state=SCANNING | rows=6 | claims=0
2026-07-30 09:19:11 [INFO] [loop_tick] state=SCANNING | rows=6 | claims=0
2026-07-30 09:19:14 [INFO] [loop_tick] state=SCANNING | rows=6 | claims=0
2026-07-30 09:19:16 [INFO] [loop_tick] state=SCANNING | rows=6 | claims=0
2026-07-30 09:19:19 [INFO] [loop_tick] state=SCANNING | rows=5 | claims=0
2026-07-30 09:19:21 [INFO] [loop_tick] state=SCANNING | rows=5 | claims=0
2026-07-30 09:19:24 [INFO] [loop_tick] state=SCANNING | rows=5 | claims=0
2026-07-30 09:19:26 [INFO] [loop_tick] state=SCANNING | rows=5 | claims=0
2026-07-30 09:19:29 [INFO] [loop_tick] state=SCANNING | rows=5 | claims=0
2026-07-30 09:19:31 [INFO] [loop_tick] state=SCANNING | rows=5 | claims=0
2026-07-30 09:19:34 [INFO] [loop_tick] state=SCANNING | rows=4 | claims=0
2026-07-30 09:19:36 [INFO] [loop_tick] state=SCANNING | rows=4 | claims=0
2026-07-30 09:19:39 [INFO] [loop_tick] state=SCANNING | rows=3 | claims=0
2026-07-30 09:19:41 [INFO] [loop_tick] state=SCANNING | rows=3 | claims=0
2026-07-30 09:19:43 [INFO] [loop_tick] state=SCANNING | rows=3 | claims=0
2026-07-30 09:19:46 [INFO] [loop_tick] state=SCANNING | rows=3 | claims=0
2026-07-30 09:19:48 [INFO] [loop_tick] state=SCANNING | rows=3 | claims=0
2026-07-30 09:19:50 [INFO] [loop_tick] state=SCANNING | rows=3 | claims=0
2026-07-30 09:19:52 [INFO] [loop_tick] state=SCANNING | rows=3 | claims=0
2026-07-30 09:19:55 [INFO] [loop_tick] state=SCANNING | rows=3 | claims=0
2026-07-30 09:19:57 [INFO] [loop_tick] state=SCANNING | rows=3 | claims=0
2026-07-30 09:20:00 [INFO] [loop_tick] state=SCANNING | rows=3 | claims=0
2026-07-30 09:20:02 [INFO] [loop_tick] state=SCANNING | rows=3 | claims=0
2026-07-30 09:20:05 [INFO] [loop_tick] state=SCANNING | rows=3 | claims=0
2026-07-30 09:20:07 [INFO] [loop_tick] state=SCANNING | rows=3 | claims=0
2026-07-30 09:20:10 [INFO] [loop_tick] state=SCANNING | rows=3 | claims=0
2026-07-30 09:20:12 [INFO] [loop_tick] state=SCANNING | rows=3 | claims=0
2026-07-30 09:20:15 [INFO] [loop_tick] state=SCANNING | rows=3 | claims=0
2026-07-30 09:20:17 [INFO] [loop_tick] state=SCANNING | rows=3 | claims=0
2026-07-30 09:20:19 [INFO] [loop_tick] state=SCANNING | rows=3 | claims=0
2026-07-30 09:20:22 [INFO] [loop_tick] state=SCANNING | rows=3 | claims=0
2026-07-30 09:20:25 [INFO] [loop_tick] state=SCANNING | rows=3 | claims=0
2026-07-30 09:20:27 [INFO] [loop_tick] state=SCANNING | rows=3 | claims=0
2026-07-30 09:20:29 [INFO] [loop_tick] state=SCANNING | rows=3 | claims=0
2026-07-30 09:20:32 [INFO] [loop_tick] state=SCANNING | rows=3 | claims=0
2026-07-30 09:20:34 [INFO] [loop_tick] state=SCANNING | rows=3 | claims=0
2026-07-30 09:20:37 [INFO] [loop_tick] state=SCANNING | rows=3 | claims=0
2026-07-30 09:20:39 [INFO] [loop_tick] state=SCANNING | rows=3 | claims=0
2026-07-30 09:20:42 [INFO] [loop_tick] state=SCANNING | rows=3 | claims=0
2026-07-30 09:20:44 [INFO] [loop_tick] state=SCANNING | rows=3 | claims=0
2026-07-30 09:20:47 [INFO] [loop_tick] state=SCANNING | rows=3 | claims=0
2026-07-30 09:20:49 [INFO] [loop_tick] state=SCANNING | rows=3 | claims=0
2026-07-30 09:20:52 [INFO] [loop_tick] state=SCANNING | rows=3 | claims=0
2026-07-30 09:20:54 [INFO] [loop_tick] state=SCANNING | rows=3 | claims=0
2026-07-30 09:20:57 [INFO] [loop_tick] state=SCANNING | rows=3 | claims=0
2026-07-30 09:20:58 [INFO] [loop_tick] state=SCANNING | rows=3 | claims=0
2026-07-30 09:21:01 [INFO] [loop_tick] state=SCANNING | rows=3 | claims=0
2026-07-30 09:21:03 [INFO] [loop_tick] state=SCANNING | rows=2 | claims=0
2026-07-30 09:21:06 [INFO] [loop_tick] state=SCANNING | rows=2 | claims=0
2026-07-30 09:21:08 [INFO] [row_detected] total_rows=3 | claim_rows=[0]
2026-07-30 09:21:08 [INFO] [claim_found] row_id=0 | text=CLAIM | confidence=0.995 | claim_cell=(1168, 619)
2026-07-30 09:21:08 [INFO] [state_change] from_state=SCANNING | to_state=CLAIM_FOUND
2026-07-30 09:21:08 [INFO] [state_change] from_state=CLAIM_FOUND | to_state=CLICK_CLAIM
2026-07-30 09:21:09 [INFO] [claim_cell_clicked] row_id=0 | x=1168 | y=619
2026-07-30 09:21:09 [INFO] [state_change] from_state=CLICK_CLAIM | to_state=WAIT_USERNAME
2026-07-30 09:21:10 [INFO] [claim_verified] y_key=616 | cell_text=phan | elapsed_s=1.405
2026-07-30 09:21:10 [INFO] [state_change] from_state=WAIT_USERNAME | to_state=CLAIM_SUCCESS
2026-07-30 09:21:11 [INFO] [select_clicked] y_key=616 | x=1316 | y=619
2026-07-30 09:21:12 [INFO] [state_change] from_state=CLAIM_SUCCESS | to_state=CLICK_SELECT
2026-07-30 09:21:12 [INFO] [state_change] from_state=CLICK_SELECT | to_state=CLICK_CONNECT
2026-07-30 09:21:13 [INFO] [connect_clicked] y_key=616 | x=763 | y=104
2026-07-30 09:21:13 [INFO] [state_change] from_state=CLICK_CONNECT | to_state=CONNECTED
2026-07-30 09:21:13 [INFO] ✓ Connected! Waiting 1000ms then entering STOPPED state.
2026-07-30 09:21:14 [INFO] [state_change] from_state=CONNECTED | to_state=STOPPED
2026-07-30 09:29:07 [INFO] Automation ENABLED (F8)
2026-07-30 09:29:07 [INFO] [state_change] from_state=STOPPED | to_state=SCANNING
2026-07-30 09:29:07 [INFO] [loop_tick] state=SCANNING | rows=10 | claims=0
2026-07-30 09:29:08 [INFO] [loop_tick] state=SCANNING | rows=10 | claims=0
2026-07-30 09:29:10 [INFO] [loop_tick] state=SCANNING | rows=10 | claims=0
2026-07-30 09:29:12 [INFO] [loop_tick] state=SCANNING | rows=10 | claims=0
2026-07-30 09:29:14 [INFO] [loop_tick] state=SCANNING | rows=10 | claims=0
2026-07-30 09:29:16 [INFO] [loop_tick] state=SCANNING | rows=10 | claims=0
2026-07-30 09:29:19 [INFO] [loop_tick] state=SCANNING | rows=10 | claims=0
2026-07-30 09:29:21 [INFO] [loop_tick] state=SCANNING | rows=10 | claims=0
2026-07-30 09:29:24 [INFO] [loop_tick] state=SCANNING | rows=10 | claims=0
2026-07-30 09:29:26 [INFO] [loop_tick] state=SCANNING | rows=10 | claims=0
2026-07-30 09:29:29 [INFO] [loop_tick] state=SCANNING | rows=10 | claims=0
2026-07-30 09:29:31 [INFO] [loop_tick] state=SCANNING | rows=9 | claims=0
2026-07-30 09:29:34 [INFO] [loop_tick] state=SCANNING | rows=7 | claims=0
2026-07-30 09:29:36 [INFO] [loop_tick] state=SCANNING | rows=7 | claims=0
2026-07-30 09:29:38 [INFO] [loop_tick] state=SCANNING | rows=7 | claims=0
2026-07-30 09:29:41 [INFO] [loop_tick] state=SCANNING | rows=7 | claims=0
2026-07-30 09:29:43 [INFO] [loop_tick] state=SCANNING | rows=7 | claims=0
2026-07-30 09:29:45 [INFO] [loop_tick] state=SCANNING | rows=7 | claims=0
2026-07-30 09:29:48 [INFO] [loop_tick] state=SCANNING | rows=7 | claims=0
2026-07-30 09:29:50 [INFO] [loop_tick] state=SCANNING | rows=7 | claims=0
2026-07-30 09:29:52 [INFO] [loop_tick] state=SCANNING | rows=7 | claims=0
2026-07-30 09:29:55 [INFO] [loop_tick] state=SCANNING | rows=7 | claims=0
2026-07-30 09:29:58 [INFO] [loop_tick] state=SCANNING | rows=6 | claims=0
2026-07-30 09:30:00 [INFO] [loop_tick] state=SCANNING | rows=6 | claims=0
2026-07-30 09:30:02 [INFO] [loop_tick] state=SCANNING | rows=6 | claims=0
2026-07-30 09:30:05 [INFO] [loop_tick] state=SCANNING | rows=6 | claims=0
2026-07-30 09:30:07 [INFO] [loop_tick] state=SCANNING | rows=6 | claims=0
2026-07-30 09:30:10 [INFO] [loop_tick] state=SCANNING | rows=6 | claims=0
2026-07-30 09:30:12 [INFO] [loop_tick] state=SCANNING | rows=6 | claims=0
2026-07-30 09:30:15 [INFO] [loop_tick] state=SCANNING | rows=6 | claims=0
2026-07-30 09:30:17 [INFO] [loop_tick] state=SCANNING | rows=5 | claims=0
2026-07-30 09:30:19 [INFO] [loop_tick] state=SCANNING | rows=5 | claims=0
2026-07-30 09:30:21 [INFO] [loop_tick] state=SCANNING | rows=5 | claims=0
2026-07-30 09:30:24 [INFO] [loop_tick] state=SCANNING | rows=5 | claims=0
2026-07-30 09:30:26 [INFO] [loop_tick] state=SCANNING | rows=5 | claims=0
2026-07-30 09:30:28 [INFO] [row_detected] total_rows=6 | claim_rows=[0]
2026-07-30 09:30:29 [INFO] [claim_found] row_id=0 | text=CLAIM | confidence=0.999 | claim_cell=(1169, 619)
2026-07-30 09:30:29 [INFO] [state_change] from_state=SCANNING | to_state=CLAIM_FOUND
2026-07-30 09:30:29 [INFO] [state_change] from_state=CLAIM_FOUND | to_state=CLICK_CLAIM
2026-07-30 09:30:29 [INFO] [claim_cell_clicked] row_id=0 | x=1169 | y=619
2026-07-30 09:30:29 [INFO] [state_change] from_state=CLICK_CLAIM | to_state=WAIT_USERNAME
2026-07-30 09:30:31 [WARNING] Cell shows 'onguyen' (not pending and not 'PHAN') — claimed by someone else.
2026-07-30 09:30:31 [INFO] [claim_stolen] y_key=616 | cell_text=onguyen
2026-07-30 09:30:31 [INFO] [state_change] from_state=WAIT_USERNAME | to_state=SCANNING
2026-07-30 09:30:31 [INFO] [loop_tick] state=SCANNING | rows=6 | claims=0
2026-07-30 09:30:33 [INFO] [loop_tick] state=SCANNING | rows=6 | claims=0
2026-07-30 09:30:33 [INFO] [loop_tick] state=SCANNING | rows=6 | claims=0
2026-07-30 09:30:36 [INFO] [loop_tick] state=SCANNING | rows=6 | claims=0
2026-07-30 09:30:38 [INFO] [row_detected] total_rows=7 | claim_rows=[1]
2026-07-30 09:30:38 [INFO] [claim_found] row_id=1 | text=CLAIM | confidence=0.999 | claim_cell=(1169, 649)
2026-07-30 09:30:38 [INFO] [state_change] from_state=SCANNING | to_state=CLAIM_FOUND
2026-07-30 09:30:38 [INFO] [state_change] from_state=CLAIM_FOUND | to_state=CLICK_CLAIM
2026-07-30 09:30:39 [INFO] [claim_cell_clicked] row_id=1 | x=1169 | y=649
2026-07-30 09:30:39 [INFO] [state_change] from_state=CLICK_CLAIM | to_state=WAIT_USERNAME
2026-07-30 09:30:40 [INFO] [claim_verified] y_key=648 | cell_text=phan | elapsed_s=1.405
2026-07-30 09:30:40 [INFO] [state_change] from_state=WAIT_USERNAME | to_state=CLAIM_SUCCESS
2026-07-30 09:30:41 [INFO] [select_clicked] y_key=648 | x=1316 | y=649
2026-07-30 09:30:42 [INFO] [state_change] from_state=CLAIM_SUCCESS | to_state=CLICK_SELECT
2026-07-30 09:30:42 [INFO] [state_change] from_state=CLICK_SELECT | to_state=CLICK_CONNECT
2026-07-30 09:30:43 [INFO] [connect_clicked] y_key=648 | x=763 | y=104
2026-07-30 09:30:43 [INFO] [state_change] from_state=CLICK_CONNECT | to_state=CONNECTED
2026-07-30 09:30:43 [INFO] ✓ Connected! Waiting 1000ms then entering STOPPED state.
2026-07-30 09:30:44 [INFO] [state_change] from_state=CONNECTED | to_state=STOPPED
2026-07-30 09:33:51 [INFO] Automation ENABLED (F8)
2026-07-30 09:33:51 [INFO] [state_change] from_state=STOPPED | to_state=SCANNING
2026-07-30 09:33:52 [INFO] [loop_tick] state=SCANNING | rows=10 | claims=0
2026-07-30 09:33:54 [INFO] [loop_tick] state=SCANNING | rows=10 | claims=0
2026-07-30 09:33:56 [INFO] [loop_tick] state=SCANNING | rows=10 | claims=0
2026-07-30 09:33:58 [INFO] [loop_tick] state=SCANNING | rows=10 | claims=0
2026-07-30 09:34:01 [INFO] [loop_tick] state=SCANNING | rows=10 | claims=0
2026-07-30 09:34:03 [INFO] [loop_tick] state=SCANNING | rows=10 | claims=0
2026-07-30 09:34:06 [INFO] [loop_tick] state=SCANNING | rows=10 | claims=0
2026-07-30 09:34:08 [INFO] [loop_tick] state=SCANNING | rows=10 | claims=0
2026-07-30 09:34:11 [INFO] [loop_tick] state=SCANNING | rows=10 | claims=0
2026-07-30 09:34:14 [INFO] [loop_tick] state=SCANNING | rows=10 | claims=0
2026-07-30 09:34:15 [INFO] [loop_tick] state=SCANNING | rows=10 | claims=0
2026-07-30 09:34:18 [INFO] [loop_tick] state=SCANNING | rows=10 | claims=0
2026-07-30 09:34:20 [INFO] [loop_tick] state=SCANNING | rows=10 | claims=0
2026-07-30 09:34:22 [INFO] [loop_tick] state=SCANNING | rows=10 | claims=0
2026-07-30 09:34:25 [INFO] [loop_tick] state=SCANNING | rows=9 | claims=0
2026-07-30 09:34:27 [INFO] [loop_tick] state=SCANNING | rows=9 | claims=0
2026-07-30 09:34:30 [INFO] [loop_tick] state=SCANNING | rows=9 | claims=0
2026-07-30 09:34:32 [INFO] [loop_tick] state=SCANNING | rows=9 | claims=0
2026-07-30 09:34:34 [INFO] [loop_tick] state=SCANNING | rows=9 | claims=0
2026-07-30 09:34:37 [INFO] [loop_tick] state=SCANNING | rows=9 | claims=0
2026-07-30 09:34:39 [INFO] [loop_tick] state=SCANNING | rows=9 | claims=0
2026-07-30 09:34:42 [INFO] [row_detected] total_rows=10 | claim_rows=[1]
2026-07-30 09:34:42 [INFO] [claim_found] row_id=1 | text=CLAIM | confidence=0.999 | claim_cell=(1169, 649)
2026-07-30 09:34:42 [INFO] [state_change] from_state=SCANNING | to_state=CLAIM_FOUND
2026-07-30 09:34:42 [INFO] [state_change] from_state=CLAIM_FOUND | to_state=CLICK_CLAIM
2026-07-30 09:34:43 [INFO] [claim_cell_clicked] row_id=1 | x=1169 | y=649
2026-07-30 09:34:43 [INFO] [state_change] from_state=CLICK_CLAIM | to_state=WAIT_USERNAME
2026-07-30 09:34:44 [WARNING] Cell shows 'Jnguyen' (not pending and not 'PHAN') — claimed by someone else.
2026-07-30 09:34:44 [INFO] [claim_stolen] y_key=648 | cell_text=Jnguyen
2026-07-30 09:34:44 [INFO] [state_change] from_state=WAIT_USERNAME | to_state=SCANNING
2026-07-30 09:34:45 [INFO] [loop_tick] state=SCANNING | rows=10 | claims=0
2026-07-30 09:34:45 [INFO] [loop_tick] state=SCANNING | rows=10 | claims=0
2026-07-30 09:34:47 [INFO] [loop_tick] state=SCANNING | rows=10 | claims=0
2026-07-30 09:34:50 [INFO] [loop_tick] state=SCANNING | rows=10 | claims=0
2026-07-30 09:34:52 [INFO] [loop_tick] state=SCANNING | rows=9 | claims=0
2026-07-30 09:34:55 [INFO] [loop_tick] state=SCANNING | rows=9 | claims=0
2026-07-30 09:34:57 [INFO] [loop_tick] state=SCANNING | rows=9 | claims=0
2026-07-30 09:35:00 [INFO] [loop_tick] state=SCANNING | rows=9 | claims=0
2026-07-30 09:35:02 [INFO] [loop_tick] state=SCANNING | rows=9 | claims=0
2026-07-30 09:35:05 [INFO] [loop_tick] state=SCANNING | rows=9 | claims=0
2026-07-30 09:35:07 [INFO] [loop_tick] state=SCANNING | rows=9 | claims=0
2026-07-30 09:35:10 [INFO] [loop_tick] state=SCANNING | rows=9 | claims=0
2026-07-30 09:35:12 [INFO] [loop_tick] state=SCANNING | rows=9 | claims=0
2026-07-30 09:35:15 [INFO] [loop_tick] state=SCANNING | rows=7 | claims=0
2026-07-30 09:35:17 [INFO] [loop_tick] state=SCANNING | rows=5 | claims=0
2026-07-30 09:35:20 [INFO] [loop_tick] state=SCANNING | rows=5 | claims=0
2026-07-30 09:35:22 [INFO] [loop_tick] state=SCANNING | rows=5 | claims=0
2026-07-30 09:35:25 [INFO] [row_detected] total_rows=5 | claim_rows=[1]
2026-07-30 09:35:27 [INFO] [row_detected] total_rows=5 | claim_rows=[1]
2026-07-30 09:35:30 [INFO] [row_detected] total_rows=5 | claim_rows=[1]
2026-07-30 09:35:32 [INFO] [row_detected] total_rows=5 | claim_rows=[1]
2026-07-30 09:35:35 [INFO] [row_detected] total_rows=5 | claim_rows=[1]
2026-07-30 09:35:37 [INFO] [loop_tick] state=SCANNING | rows=4 | claims=0
2026-07-30 09:35:38 [INFO] [loop_tick] state=SCANNING | rows=4 | claims=0
2026-07-30 09:35:41 [INFO] [loop_tick] state=SCANNING | rows=4 | claims=0
2026-07-30 09:35:43 [INFO] [loop_tick] state=SCANNING | rows=4 | claims=0
2026-07-30 09:35:46 [INFO] [loop_tick] state=SCANNING | rows=4 | claims=0
2026-07-30 09:35:48 [INFO] [loop_tick] state=SCANNING | rows=4 | claims=0
2026-07-30 09:35:51 [INFO] [loop_tick] state=SCANNING | rows=4 | claims=0
2026-07-30 09:35:53 [INFO] [loop_tick] state=SCANNING | rows=4 | claims=0
2026-07-30 09:35:56 [INFO] [loop_tick] state=SCANNING | rows=4 | claims=0
2026-07-30 09:35:58 [INFO] [loop_tick] state=SCANNING | rows=4 | claims=0
2026-07-30 09:36:01 [INFO] [loop_tick] state=SCANNING | rows=4 | claims=0
2026-07-30 09:36:03 [INFO] [loop_tick] state=SCANNING | rows=4 | claims=0
2026-07-30 09:36:06 [INFO] [loop_tick] state=SCANNING | rows=4 | claims=0
2026-07-30 09:36:08 [INFO] [loop_tick] state=SCANNING | rows=4 | claims=0
2026-07-30 09:36:11 [INFO] [loop_tick] state=SCANNING | rows=4 | claims=0
2026-07-30 09:36:12 [INFO] [loop_tick] state=SCANNING | rows=4 | claims=0
2026-07-30 09:36:15 [INFO] [loop_tick] state=SCANNING | rows=4 | claims=0
2026-07-30 09:36:17 [INFO] [loop_tick] state=SCANNING | rows=4 | claims=0
2026-07-30 09:36:20 [INFO] [loop_tick] state=SCANNING | rows=4 | claims=0
2026-07-30 09:36:22 [INFO] [loop_tick] state=SCANNING | rows=4 | claims=0
2026-07-30 09:36:24 [INFO] [loop_tick] state=SCANNING | rows=4 | claims=0
2026-07-30 09:36:27 [INFO] [loop_tick] state=SCANNING | rows=4 | claims=0
2026-07-30 09:36:30 [INFO] [loop_tick] state=SCANNING | rows=4 | claims=0
2026-07-30 09:36:32 [INFO] [loop_tick] state=SCANNING | rows=4 | claims=0
2026-07-30 09:36:34 [INFO] [loop_tick] state=SCANNING | rows=3 | claims=0
2026-07-30 09:36:37 [INFO] [loop_tick] state=SCANNING | rows=3 | claims=0
2026-07-30 09:36:39 [INFO] [loop_tick] state=SCANNING | rows=3 | claims=0
2026-07-30 09:36:42 [INFO] [loop_tick] state=SCANNING | rows=3 | claims=0
2026-07-30 09:36:44 [INFO] [row_detected] total_rows=4 | claim_rows=[1]
2026-07-30 09:36:46 [INFO] [row_detected] total_rows=4 | claim_rows=[1]
2026-07-30 09:36:48 [INFO] [loop_tick] state=SCANNING | rows=4 | claims=0
2026-07-30 09:36:51 [INFO] [row_detected] total_rows=5 | claim_rows=[2]
2026-07-30 09:36:51 [INFO] [claim_found] row_id=2 | text=CLAIM | confidence=0.999 | claim_cell=(1169, 679)
2026-07-30 09:36:51 [INFO] [state_change] from_state=SCANNING | to_state=CLAIM_FOUND
2026-07-30 09:36:51 [INFO] [state_change] from_state=CLAIM_FOUND | to_state=CLICK_CLAIM
2026-07-30 09:36:52 [INFO] [claim_cell_clicked] row_id=2 | x=1169 | y=679
2026-07-30 09:36:52 [INFO] [state_change] from_state=CLICK_CLAIM | to_state=WAIT_USERNAME
2026-07-30 09:36:53 [INFO] [claim_verified] y_key=680 | cell_text=phan | elapsed_s=1.505
2026-07-30 09:36:53 [INFO] [state_change] from_state=WAIT_USERNAME | to_state=CLAIM_SUCCESS
2026-07-30 09:36:54 [INFO] [select_clicked] y_key=680 | x=1316 | y=679
2026-07-30 09:36:55 [INFO] [state_change] from_state=CLAIM_SUCCESS | to_state=CLICK_SELECT
2026-07-30 09:36:55 [INFO] [state_change] from_state=CLICK_SELECT | to_state=CLICK_CONNECT
2026-07-30 09:36:55 [INFO] [connect_clicked] y_key=680 | x=763 | y=104
2026-07-30 09:36:55 [INFO] [state_change] from_state=CLICK_CONNECT | to_state=CONNECTED
2026-07-30 09:36:55 [INFO] ✓ Connected! Waiting 1000ms then entering STOPPED state.
2026-07-30 09:36:56 [INFO] [state_change] from_state=CONNECTED | to_state=STOPPED
2026-07-30 09:39:39 [INFO] Clean exit requested (ESC).
2026-07-30 09:39:39 [INFO] WorkflowEngine shut down cleanly.
2026-07-30 09:41:13 [INFO] System Tray initialized. Application is running in the background.
2026-07-30 09:41:13 [INFO] All sub-systems initialised.
2026-07-30 09:41:13 [INFO] [state_change] from_state=IDLE | to_state=SCANNING
2026-07-30 09:41:13 [INFO] WorkflowEngine started — user='phan'  table={'left': 53, 'top': 601, 'width': 1484, 'height': 290}
2026-07-30 09:41:17 [INFO] [loop_tick] state=SCANNING | rows=5 | claims=0
2026-07-30 09:41:17 [INFO] [loop_tick] state=SCANNING | rows=5 | claims=0
2026-07-30 09:41:19 [INFO] [loop_tick] state=SCANNING | rows=5 | claims=0
2026-07-30 09:41:22 [INFO] [loop_tick] state=SCANNING | rows=5 | claims=0
2026-07-30 09:41:24 [INFO] [loop_tick] state=SCANNING | rows=5 | claims=0
2026-07-30 09:41:27 [INFO] [loop_tick] state=SCANNING | rows=5 | claims=0
2026-07-30 09:41:30 [INFO] [row_detected] total_rows=6 | claim_rows=[1]
2026-07-30 09:41:30 [INFO] [claim_found] row_id=1 | text=CLAIM | confidence=0.999 | claim_cell=(1169, 649)
2026-07-30 09:41:30 [INFO] [state_change] from_state=SCANNING | to_state=CLAIM_FOUND
2026-07-30 09:41:30 [INFO] [state_change] from_state=CLAIM_FOUND | to_state=CLICK_CLAIM
2026-07-30 09:41:30 [INFO] [claim_cell_clicked] row_id=1 | x=1169 | y=649
2026-07-30 09:41:30 [INFO] [state_change] from_state=CLICK_CLAIM | to_state=WAIT_USERNAME
2026-07-30 09:41:32 [WARNING] Cell shows 'inguyen' (not pending and not 'PHAN') — claimed by someone else.
2026-07-30 09:41:32 [INFO] [claim_stolen] y_key=648 | cell_text=inguyen
2026-07-30 09:41:32 [INFO] [state_change] from_state=WAIT_USERNAME | to_state=SCANNING
2026-07-30 09:41:32 [INFO] [loop_tick] state=SCANNING | rows=6 | claims=0
2026-07-30 09:41:35 [INFO] [loop_tick] state=SCANNING | rows=6 | claims=0
2026-07-30 09:41:36 [INFO] [loop_tick] state=SCANNING | rows=6 | claims=0
2026-07-30 09:41:36 [INFO] [loop_tick] state=SCANNING | rows=6 | claims=0
2026-07-30 09:41:37 [INFO] [loop_tick] state=SCANNING | rows=6 | claims=0
2026-07-30 09:41:38 [INFO] [loop_tick] state=SCANNING | rows=6 | claims=0
2026-07-30 09:41:39 [INFO] [loop_tick] state=SCANNING | rows=6 | claims=0
2026-07-30 09:41:42 [INFO] [loop_tick] state=SCANNING | rows=6 | claims=0
2026-07-30 09:41:44 [INFO] [loop_tick] state=SCANNING | rows=6 | claims=0
2026-07-30 09:41:47 [INFO] [loop_tick] state=SCANNING | rows=6 | claims=0
2026-07-30 09:41:49 [INFO] [loop_tick] state=SCANNING | rows=6 | claims=0
2026-07-30 09:41:51 [INFO] [row_detected] total_rows=7 | claim_rows=[2]
2026-07-30 09:41:53 [INFO] [row_detected] total_rows=7 | claim_rows=[2]
2026-07-30 09:41:56 [INFO] [row_detected] total_rows=9 | claim_rows=[3]
2026-07-30 09:41:56 [INFO] [claim_found] row_id=3 | text=CLAIM | confidence=0.999 | claim_cell=(1169, 709)
2026-07-30 09:41:56 [INFO] [state_change] from_state=SCANNING | to_state=CLAIM_FOUND
2026-07-30 09:41:56 [INFO] [state_change] from_state=CLAIM_FOUND | to_state=CLICK_CLAIM
2026-07-30 09:41:57 [INFO] [claim_cell_clicked] row_id=3 | x=1169 | y=709
2026-07-30 09:41:57 [INFO] [state_change] from_state=CLICK_CLAIM | to_state=WAIT_USERNAME
2026-07-30 09:41:58 [INFO] [claim_verified] y_key=712 | cell_text=phan | elapsed_s=1.505
2026-07-30 09:41:58 [INFO] [state_change] from_state=WAIT_USERNAME | to_state=CLAIM_SUCCESS
2026-07-30 09:41:59 [INFO] [select_clicked] y_key=712 | x=1316 | y=709
2026-07-30 09:42:00 [INFO] [state_change] from_state=CLAIM_SUCCESS | to_state=CLICK_SELECT
2026-07-30 09:42:00 [INFO] [state_change] from_state=CLICK_SELECT | to_state=CLICK_CONNECT
2026-07-30 09:42:01 [INFO] [connect_clicked] y_key=712 | x=763 | y=104
2026-07-30 09:42:01 [INFO] [state_change] from_state=CLICK_CONNECT | to_state=CONNECTED
2026-07-30 09:42:01 [INFO] ✓ Connected! Waiting 1000ms then entering STOPPED state.
2026-07-30 09:42:02 [INFO] [state_change] from_state=CONNECTED | to_state=STOPPED
2026-07-30 09:44:41 [INFO] Automation ENABLED (F8)
2026-07-30 09:44:41 [INFO] [state_change] from_state=STOPPED | to_state=SCANNING
2026-07-30 09:44:41 [INFO] [loop_tick] state=SCANNING | rows=10 | claims=0
2026-07-30 09:44:42 [INFO] [loop_tick] state=SCANNING | rows=10 | claims=0
2026-07-30 09:44:45 [INFO] [loop_tick] state=SCANNING | rows=10 | claims=0
2026-07-30 09:44:46 [INFO] [loop_tick] state=SCANNING | rows=9 | claims=0
2026-07-30 09:44:47 [INFO] [loop_tick] state=SCANNING | rows=10 | claims=0
2026-07-30 09:44:47 [INFO] [loop_tick] state=SCANNING | rows=7 | claims=0
2026-07-30 09:44:47 [INFO] [loop_tick] state=SCANNING | rows=7 | claims=0
2026-07-30 09:44:47 [INFO] [loop_tick] state=SCANNING | rows=7 | claims=0
2026-07-30 09:44:47 [INFO] [loop_tick] state=SCANNING | rows=7 | claims=0
2026-07-30 09:44:47 [INFO] [loop_tick] state=SCANNING | rows=7 | claims=0
2026-07-30 09:44:47 [INFO] [loop_tick] state=SCANNING | rows=7 | claims=0
2026-07-30 09:44:47 [INFO] [loop_tick] state=SCANNING | rows=7 | claims=0
2026-07-30 09:44:47 [INFO] [loop_tick] state=SCANNING | rows=7 | claims=0
2026-07-30 09:44:48 [INFO] [loop_tick] state=SCANNING | rows=7 | claims=0
2026-07-30 09:44:48 [INFO] [loop_tick] state=SCANNING | rows=7 | claims=0
2026-07-30 09:44:48 [INFO] [loop_tick] state=SCANNING | rows=7 | claims=0
2026-07-30 09:44:48 [INFO] [loop_tick] state=SCANNING | rows=7 | claims=0
2026-07-30 09:44:48 [INFO] [loop_tick] state=SCANNING | rows=7 | claims=0
2026-07-30 09:44:48 [INFO] [loop_tick] state=SCANNING | rows=7 | claims=0
2026-07-30 09:44:48 [INFO] [loop_tick] state=SCANNING | rows=7 | claims=0
2026-07-30 09:44:48 [INFO] [loop_tick] state=SCANNING | rows=7 | claims=0
2026-07-30 09:44:48 [INFO] [loop_tick] state=SCANNING | rows=7 | claims=0
2026-07-30 09:44:48 [INFO] [loop_tick] state=SCANNING | rows=7 | claims=0
2026-07-30 09:44:49 [INFO] [loop_tick] state=SCANNING | rows=7 | claims=0
2026-07-30 09:44:49 [INFO] [loop_tick] state=SCANNING | rows=10 | claims=0
2026-07-30 09:44:49 [INFO] [loop_tick] state=SCANNING | rows=10 | claims=0
2026-07-30 09:44:52 [INFO] [loop_tick] state=SCANNING | rows=10 | claims=0
2026-07-30 09:44:54 [INFO] [loop_tick] state=SCANNING | rows=10 | claims=0
2026-07-30 09:44:57 [INFO] [loop_tick] state=SCANNING | rows=10 | claims=0
2026-07-30 09:44:59 [INFO] [loop_tick] state=SCANNING | rows=10 | claims=0
2026-07-30 09:45:02 [INFO] [loop_tick] state=SCANNING | rows=10 | claims=0
2026-07-30 09:45:04 [INFO] [loop_tick] state=SCANNING | rows=10 | claims=0
2026-07-30 09:45:07 [INFO] [loop_tick] state=SCANNING | rows=10 | claims=0
2026-07-30 09:45:09 [INFO] [loop_tick] state=SCANNING | rows=10 | claims=0
2026-07-30 09:45:11 [INFO] [loop_tick] state=SCANNING | rows=10 | claims=0
2026-07-30 09:45:14 [INFO] [loop_tick] state=SCANNING | rows=9 | claims=0
2026-07-30 09:45:16 [INFO] [loop_tick] state=SCANNING | rows=9 | claims=0
2026-07-30 09:45:19 [INFO] [loop_tick] state=SCANNING | rows=9 | claims=0
2026-07-30 09:45:21 [INFO] [loop_tick] state=SCANNING | rows=9 | claims=0
2026-07-30 09:45:24 [INFO] [loop_tick] state=SCANNING | rows=9 | claims=0
2026-07-30 09:45:26 [INFO] [loop_tick] state=SCANNING | rows=9 | claims=0
2026-07-30 09:45:29 [INFO] [loop_tick] state=SCANNING | rows=9 | claims=0
2026-07-30 09:45:31 [INFO] [loop_tick] state=SCANNING | rows=9 | claims=0
2026-07-30 09:45:34 [INFO] [loop_tick] state=SCANNING | rows=9 | claims=0
2026-07-30 09:45:36 [INFO] [loop_tick] state=SCANNING | rows=9 | claims=0
2026-07-30 09:45:38 [INFO] [loop_tick] state=SCANNING | rows=9 | claims=0
2026-07-30 09:45:41 [INFO] [loop_tick] state=SCANNING | rows=9 | claims=0
2026-07-30 09:45:43 [INFO] [loop_tick] state=SCANNING | rows=9 | claims=0
2026-07-30 09:45:46 [INFO] [loop_tick] state=SCANNING | rows=9 | claims=0
2026-07-30 09:45:48 [INFO] [loop_tick] state=SCANNING | rows=9 | claims=0
2026-07-30 09:45:51 [INFO] [loop_tick] state=SCANNING | rows=9 | claims=0
2026-07-30 09:45:53 [INFO] [loop_tick] state=SCANNING | rows=9 | claims=0
2026-07-30 09:45:56 [INFO] [loop_tick] state=SCANNING | rows=9 | claims=0
2026-07-30 09:45:59 [INFO] [loop_tick] state=SCANNING | rows=7 | claims=0
2026-07-30 09:46:01 [INFO] [loop_tick] state=SCANNING | rows=7 | claims=0
2026-07-30 09:46:04 [INFO] [loop_tick] state=SCANNING | rows=7 | claims=0
2026-07-30 09:46:06 [INFO] [loop_tick] state=SCANNING | rows=7 | claims=0
2026-07-30 09:46:09 [INFO] [loop_tick] state=SCANNING | rows=7 | claims=0
2026-07-30 09:46:11 [INFO] [loop_tick] state=SCANNING | rows=7 | claims=0
2026-07-30 09:46:14 [INFO] [loop_tick] state=SCANNING | rows=7 | claims=0
2026-07-30 09:46:16 [INFO] [loop_tick] state=SCANNING | rows=7 | claims=0
2026-07-30 09:46:18 [INFO] [loop_tick] state=SCANNING | rows=7 | claims=0
2026-07-30 09:46:21 [INFO] [loop_tick] state=SCANNING | rows=7 | claims=0
2026-07-30 09:46:23 [INFO] [loop_tick] state=SCANNING | rows=7 | claims=0
2026-07-30 09:46:25 [INFO] [loop_tick] state=SCANNING | rows=7 | claims=0
2026-07-30 09:46:27 [INFO] [row_detected] total_rows=7 | claim_rows=[5]
2026-07-30 09:46:28 [INFO] [claim_found] row_id=5 | text=CLAIM | confidence=0.999 | claim_cell=(1169, 769)
2026-07-30 09:46:28 [INFO] [state_change] from_state=SCANNING | to_state=CLAIM_FOUND
2026-07-30 09:46:28 [INFO] [state_change] from_state=CLAIM_FOUND | to_state=CLICK_CLAIM
2026-07-30 09:46:28 [INFO] [claim_cell_clicked] row_id=5 | x=1169 | y=769
2026-07-30 09:46:28 [INFO] [state_change] from_state=CLICK_CLAIM | to_state=WAIT_USERNAME
2026-07-30 09:46:30 [WARNING] Cell shows 'adimish' (not pending and not 'PHAN') — claimed by someone else.
2026-07-30 09:46:30 [INFO] [claim_stolen] y_key=768 | cell_text=adimish
2026-07-30 09:46:30 [INFO] [state_change] from_state=WAIT_USERNAME | to_state=SCANNING
2026-07-30 09:46:30 [INFO] [loop_tick] state=SCANNING | rows=6 | claims=0
2026-07-30 09:46:30 [INFO] [loop_tick] state=SCANNING | rows=6 | claims=0
2026-07-30 09:46:32 [INFO] [row_detected] total_rows=7 | claim_rows=[1]
2026-07-30 09:46:35 [INFO] [row_detected] total_rows=6 | claim_rows=[1]
2026-07-30 09:46:37 [INFO] [loop_tick] state=SCANNING | rows=6 | claims=0
2026-07-30 09:46:40 [INFO] [loop_tick] state=SCANNING | rows=6 | claims=0
2026-07-30 09:46:42 [INFO] [loop_tick] state=SCANNING | rows=6 | claims=0
2026-07-30 09:46:45 [INFO] [loop_tick] state=SCANNING | rows=6 | claims=0
2026-07-30 09:46:47 [INFO] [loop_tick] state=SCANNING | rows=5 | claims=0
2026-07-30 09:46:50 [INFO] [loop_tick] state=SCANNING | rows=5 | claims=0
2026-07-30 09:46:52 [INFO] [loop_tick] state=SCANNING | rows=5 | claims=0
2026-07-30 09:46:54 [INFO] [loop_tick] state=SCANNING | rows=5 | claims=0
2026-07-30 09:46:57 [INFO] [loop_tick] state=SCANNING | rows=5 | claims=0
2026-07-30 09:46:59 [INFO] [loop_tick] state=SCANNING | rows=5 | claims=0
2026-07-30 09:47:01 [INFO] [loop_tick] state=SCANNING | rows=4 | claims=0
2026-07-30 09:47:04 [INFO] [loop_tick] state=SCANNING | rows=4 | claims=0
2026-07-30 09:47:06 [INFO] [loop_tick] state=SCANNING | rows=4 | claims=0
2026-07-30 09:47:08 [INFO] [loop_tick] state=SCANNING | rows=4 | claims=0
2026-07-30 09:47:11 [INFO] [loop_tick] state=SCANNING | rows=4 | claims=0
2026-07-30 09:47:13 [INFO] [loop_tick] state=SCANNING | rows=4 | claims=0
2026-07-30 09:47:16 [INFO] [row_detected] total_rows=5 | claim_rows=[1]
2026-07-30 09:47:16 [INFO] [claim_found] row_id=1 | text=CLAIM | confidence=0.999 | claim_cell=(1169, 649)
2026-07-30 09:47:16 [INFO] [state_change] from_state=SCANNING | to_state=CLAIM_FOUND
2026-07-30 09:47:16 [INFO] [state_change] from_state=CLAIM_FOUND | to_state=CLICK_CLAIM
2026-07-30 09:47:17 [INFO] [claim_cell_clicked] row_id=1 | x=1169 | y=649
2026-07-30 09:47:17 [INFO] [state_change] from_state=CLICK_CLAIM | to_state=WAIT_USERNAME
2026-07-30 09:47:18 [INFO] [claim_verified] y_key=648 | cell_text=phan | elapsed_s=1.507
2026-07-30 09:47:18 [INFO] [state_change] from_state=WAIT_USERNAME | to_state=CLAIM_SUCCESS
2026-07-30 09:47:19 [INFO] [select_clicked] y_key=648 | x=1316 | y=649
2026-07-30 09:47:20 [INFO] [state_change] from_state=CLAIM_SUCCESS | to_state=CLICK_SELECT
2026-07-30 09:47:20 [INFO] [state_change] from_state=CLICK_SELECT | to_state=CLICK_CONNECT
2026-07-30 09:47:21 [INFO] [connect_clicked] y_key=648 | x=763 | y=104
2026-07-30 09:47:21 [INFO] [state_change] from_state=CLICK_CONNECT | to_state=CONNECTED
2026-07-30 09:47:21 [INFO] ✓ Connected! Waiting 1000ms then entering STOPPED state.
2026-07-30 09:47:22 [INFO] [state_change] from_state=CONNECTED | to_state=STOPPED
2026-07-30 09:55:59 [INFO] Automation ENABLED (F8)
2026-07-30 09:55:59 [INFO] [state_change] from_state=STOPPED | to_state=SCANNING
2026-07-30 09:55:59 [INFO] [loop_tick] state=SCANNING | rows=6 | claims=0
2026-07-30 09:56:00 [INFO] [row_detected] total_rows=7 | claim_rows=[1]
2026-07-30 09:56:00 [INFO] [claim_found] row_id=1 | text=CLAIM | confidence=0.999 | claim_cell=(1169, 649)
2026-07-30 09:56:00 [INFO] [state_change] from_state=SCANNING | to_state=CLAIM_FOUND
2026-07-30 09:56:00 [INFO] [state_change] from_state=CLAIM_FOUND | to_state=CLICK_CLAIM
2026-07-30 09:56:01 [INFO] [claim_cell_clicked] row_id=1 | x=1169 | y=649
2026-07-30 09:56:01 [INFO] [state_change] from_state=CLICK_CLAIM | to_state=WAIT_USERNAME
2026-07-30 09:56:02 [INFO] [claim_verified] y_key=648 | cell_text=phan | elapsed_s=1.505
2026-07-30 09:56:02 [INFO] [state_change] from_state=WAIT_USERNAME | to_state=CLAIM_SUCCESS
2026-07-30 09:56:03 [INFO] [select_clicked] y_key=648 | x=1316 | y=649
2026-07-30 09:56:04 [INFO] [state_change] from_state=CLAIM_SUCCESS | to_state=CLICK_SELECT
2026-07-30 09:56:04 [INFO] [state_change] from_state=CLICK_SELECT | to_state=CLICK_CONNECT
2026-07-30 09:56:04 [INFO] [connect_clicked] y_key=648 | x=763 | y=104
2026-07-30 09:56:04 [INFO] [state_change] from_state=CLICK_CONNECT | to_state=CONNECTED
2026-07-30 09:56:04 [INFO] ✓ Connected! Waiting 1000ms then entering STOPPED state.
2026-07-30 09:56:05 [INFO] [state_change] from_state=CONNECTED | to_state=STOPPED
2026-07-30 10:17:19 [INFO] Automation ENABLED (F8)
2026-07-30 10:17:19 [INFO] [state_change] from_state=STOPPED | to_state=SCANNING
2026-07-30 10:17:19 [INFO] [loop_tick] state=SCANNING | rows=3 | claims=0
2026-07-30 10:17:20 [INFO] [loop_tick] state=SCANNING | rows=3 | claims=0
2026-07-30 10:17:22 [INFO] [loop_tick] state=SCANNING | rows=3 | claims=0
2026-07-30 10:17:25 [INFO] [loop_tick] state=SCANNING | rows=3 | claims=0
2026-07-30 10:17:27 [INFO] [loop_tick] state=SCANNING | rows=3 | claims=0
2026-07-30 10:17:30 [INFO] [loop_tick] state=SCANNING | rows=3 | claims=0
2026-07-30 10:17:32 [INFO] [loop_tick] state=SCANNING | rows=3 | claims=0
2026-07-30 10:17:35 [INFO] [loop_tick] state=SCANNING | rows=3 | claims=0
2026-07-30 10:17:37 [INFO] [loop_tick] state=SCANNING | rows=3 | claims=0
2026-07-30 10:17:40 [INFO] [loop_tick] state=SCANNING | rows=3 | claims=0
2026-07-30 10:17:42 [INFO] [loop_tick] state=SCANNING | rows=3 | claims=0
2026-07-30 10:17:45 [INFO] [loop_tick] state=SCANNING | rows=3 | claims=0
2026-07-30 10:17:47 [INFO] [loop_tick] state=SCANNING | rows=3 | claims=0
2026-07-30 10:17:49 [INFO] [loop_tick] state=SCANNING | rows=3 | claims=0
2026-07-30 10:17:51 [INFO] [loop_tick] state=SCANNING | rows=3 | claims=0
2026-07-30 10:17:54 [INFO] [loop_tick] state=SCANNING | rows=3 | claims=0
2026-07-30 10:17:56 [INFO] [loop_tick] state=SCANNING | rows=3 | claims=0
2026-07-30 10:17:59 [INFO] [loop_tick] state=SCANNING | rows=3 | claims=0
2026-07-30 10:18:01 [INFO] [loop_tick] state=SCANNING | rows=3 | claims=0
2026-07-30 10:18:04 [INFO] [loop_tick] state=SCANNING | rows=3 | claims=0
2026-07-30 10:18:06 [INFO] [loop_tick] state=SCANNING | rows=3 | claims=0
2026-07-30 10:18:09 [INFO] [row_detected] total_rows=4 | claim_rows=[1]
2026-07-30 10:18:09 [INFO] [claim_found] row_id=1 | text=CLAIM | confidence=0.999 | claim_cell=(1169, 649)
2026-07-30 10:18:09 [INFO] [state_change] from_state=SCANNING | to_state=CLAIM_FOUND
2026-07-30 10:18:09 [INFO] [state_change] from_state=CLAIM_FOUND | to_state=CLICK_CLAIM
2026-07-30 10:18:10 [INFO] [claim_cell_clicked] row_id=1 | x=1169 | y=649
2026-07-30 10:18:10 [INFO] [state_change] from_state=CLICK_CLAIM | to_state=WAIT_USERNAME
2026-07-30 10:18:11 [INFO] [claim_verified] y_key=648 | cell_text=phan | elapsed_s=1.504
2026-07-30 10:18:11 [INFO] [state_change] from_state=WAIT_USERNAME | to_state=CLAIM_SUCCESS
2026-07-30 10:18:12 [INFO] [select_clicked] y_key=648 | x=1316 | y=649
2026-07-30 10:18:13 [INFO] [state_change] from_state=CLAIM_SUCCESS | to_state=CLICK_SELECT
2026-07-30 10:18:13 [INFO] [state_change] from_state=CLICK_SELECT | to_state=CLICK_CONNECT
2026-07-30 10:18:13 [INFO] [connect_clicked] y_key=648 | x=763 | y=104
2026-07-30 10:18:13 [INFO] [state_change] from_state=CLICK_CONNECT | to_state=CONNECTED
2026-07-30 10:18:13 [INFO] ✓ Connected! Waiting 1000ms then entering STOPPED state.
2026-07-30 10:18:14 [INFO] [state_change] from_state=CONNECTED | to_state=STOPPED
2026-07-30 10:19:15 [INFO] Automation ENABLED (F8)
2026-07-30 10:19:15 [INFO] [state_change] from_state=STOPPED | to_state=SCANNING
2026-07-30 10:19:15 [INFO] [loop_tick] state=SCANNING | rows=6 | claims=0
2026-07-30 10:19:17 [INFO] [loop_tick] state=SCANNING | rows=6 | claims=0
2026-07-30 10:19:19 [INFO] [loop_tick] state=SCANNING | rows=6 | claims=0
2026-07-30 10:19:22 [INFO] [loop_tick] state=SCANNING | rows=6 | claims=0
2026-07-30 10:19:24 [INFO] [loop_tick] state=SCANNING | rows=6 | claims=0
2026-07-30 10:19:27 [INFO] [loop_tick] state=SCANNING | rows=6 | claims=0
2026-07-30 10:19:29 [INFO] [loop_tick] state=SCANNING | rows=6 | claims=0
2026-07-30 10:19:32 [INFO] [loop_tick] state=SCANNING | rows=6 | claims=0
2026-07-30 10:19:35 [INFO] [loop_tick] state=SCANNING | rows=6 | claims=0
2026-07-30 10:19:37 [INFO] [loop_tick] state=SCANNING | rows=6 | claims=0
2026-07-30 10:19:39 [INFO] [loop_tick] state=SCANNING | rows=6 | claims=0
2026-07-30 10:19:42 [INFO] [loop_tick] state=SCANNING | rows=6 | claims=0
2026-07-30 10:19:44 [INFO] [loop_tick] state=SCANNING | rows=6 | claims=0
2026-07-30 10:19:47 [INFO] [row_detected] total_rows=7 | claim_rows=[2]
2026-07-30 10:19:47 [INFO] [claim_found] row_id=2 | text=CLAIM | confidence=0.999 | claim_cell=(1169, 679)
2026-07-30 10:19:47 [INFO] [state_change] from_state=SCANNING | to_state=CLAIM_FOUND
2026-07-30 10:19:47 [INFO] [state_change] from_state=CLAIM_FOUND | to_state=CLICK_CLAIM
2026-07-30 10:19:48 [INFO] [claim_cell_clicked] row_id=2 | x=1169 | y=679
2026-07-30 10:19:48 [INFO] [state_change] from_state=CLICK_CLAIM | to_state=WAIT_USERNAME
2026-07-30 10:19:49 [WARNING] Cell shows 'Jnguyen' (not pending and not 'PHAN') — claimed by someone else.
2026-07-30 10:19:49 [INFO] [claim_stolen] y_key=680 | cell_text=Jnguyen
2026-07-30 10:19:49 [INFO] [state_change] from_state=WAIT_USERNAME | to_state=SCANNING
2026-07-30 10:19:50 [INFO] [loop_tick] state=SCANNING | rows=7 | claims=0
2026-07-30 10:19:52 [INFO] [loop_tick] state=SCANNING | rows=7 | claims=0
2026-07-30 10:19:54 [INFO] [loop_tick] state=SCANNING | rows=7 | claims=0
2026-07-30 10:19:57 [INFO] [loop_tick] state=SCANNING | rows=6 | claims=0
2026-07-30 10:19:59 [INFO] [loop_tick] state=SCANNING | rows=6 | claims=0
2026-07-30 10:20:02 [INFO] [loop_tick] state=SCANNING | rows=6 | claims=0
2026-07-30 10:20:05 [INFO] [row_detected] total_rows=7 | claim_rows=[3]
2026-07-30 10:20:05 [INFO] [claim_found] row_id=3 | text=CLAIM | confidence=0.999 | claim_cell=(1169, 709)
2026-07-30 10:20:05 [INFO] [state_change] from_state=SCANNING | to_state=CLAIM_FOUND
2026-07-30 10:20:05 [INFO] [state_change] from_state=CLAIM_FOUND | to_state=CLICK_CLAIM
2026-07-30 10:20:05 [INFO] [claim_cell_clicked] row_id=3 | x=1169 | y=709
2026-07-30 10:20:05 [INFO] [state_change] from_state=CLICK_CLAIM | to_state=WAIT_USERNAME
2026-07-30 10:20:07 [WARNING] Cell shows 'radimish' (not pending and not 'PHAN') — claimed by someone else.
2026-07-30 10:20:07 [INFO] [claim_stolen] y_key=712 | cell_text=radimish
2026-07-30 10:20:07 [INFO] [state_change] from_state=WAIT_USERNAME | to_state=SCANNING
2026-07-30 10:20:07 [INFO] [loop_tick] state=SCANNING | rows=7 | claims=0
2026-07-30 10:20:10 [INFO] [loop_tick] state=SCANNING | rows=7 | claims=0
2026-07-30 10:20:12 [INFO] [loop_tick] state=SCANNING | rows=7 | claims=0
2026-07-30 10:20:12 [INFO] [loop_tick] state=SCANNING | rows=7 | claims=0
2026-07-30 10:20:15 [INFO] [loop_tick] state=SCANNING | rows=7 | claims=0
2026-07-30 10:20:17 [INFO] [loop_tick] state=SCANNING | rows=7 | claims=0
2026-07-30 10:20:20 [INFO] [loop_tick] state=SCANNING | rows=6 | claims=0
2026-07-30 10:20:22 [INFO] [loop_tick] state=SCANNING | rows=6 | claims=0
2026-07-30 10:20:24 [INFO] [loop_tick] state=SCANNING | rows=6 | claims=0
2026-07-30 10:20:27 [INFO] [loop_tick] state=SCANNING | rows=6 | claims=0
2026-07-30 10:20:30 [INFO] [loop_tick] state=SCANNING | rows=6 | claims=0
2026-07-30 10:20:32 [INFO] [loop_tick] state=SCANNING | rows=6 | claims=0
2026-07-30 10:20:34 [INFO] [loop_tick] state=SCANNING | rows=6 | claims=0
2026-07-30 10:20:37 [INFO] [loop_tick] state=SCANNING | rows=6 | claims=0
2026-07-30 10:20:39 [INFO] [loop_tick] state=SCANNING | rows=6 | claims=0
2026-07-30 10:20:41 [INFO] [loop_tick] state=SCANNING | rows=6 | claims=0
2026-07-30 10:20:44 [INFO] [loop_tick] state=SCANNING | rows=6 | claims=0
2026-07-30 10:20:46 [INFO] [loop_tick] state=SCANNING | rows=6 | claims=0
2026-07-30 10:20:48 [INFO] [loop_tick] state=SCANNING | rows=6 | claims=0
2026-07-30 10:20:51 [INFO] [loop_tick] state=SCANNING | rows=6 | claims=0
2026-07-30 10:20:53 [INFO] [loop_tick] state=SCANNING | rows=6 | claims=0
2026-07-30 10:20:56 [INFO] [loop_tick] state=SCANNING | rows=6 | claims=0
2026-07-30 10:20:58 [INFO] [loop_tick] state=SCANNING | rows=6 | claims=0
2026-07-30 10:21:01 [INFO] [loop_tick] state=SCANNING | rows=6 | claims=0
2026-07-30 10:21:03 [INFO] [loop_tick] state=SCANNING | rows=6 | claims=0
2026-07-30 10:21:06 [INFO] [loop_tick] state=SCANNING | rows=6 | claims=0
2026-07-30 10:21:08 [INFO] [loop_tick] state=SCANNING | rows=6 | claims=0
2026-07-30 10:21:10 [INFO] [loop_tick] state=SCANNING | rows=6 | claims=0
2026-07-30 10:21:13 [INFO] [loop_tick] state=SCANNING | rows=6 | claims=0
2026-07-30 10:21:15 [INFO] [loop_tick] state=SCANNING | rows=6 | claims=0
2026-07-30 10:21:16 [INFO] [loop_tick] state=SCANNING | rows=6 | claims=0
2026-07-30 10:21:18 [INFO] [loop_tick] state=SCANNING | rows=6 | claims=0
2026-07-30 10:21:21 [INFO] [loop_tick] state=SCANNING | rows=6 | claims=0
2026-07-30 10:21:23 [INFO] [loop_tick] state=SCANNING | rows=6 | claims=0
2026-07-30 10:21:26 [INFO] [loop_tick] state=SCANNING | rows=5 | claims=0
2026-07-30 10:21:28 [INFO] [loop_tick] state=SCANNING | rows=5 | claims=0
2026-07-30 10:21:31 [INFO] [row_detected] total_rows=6 | claim_rows=[1]
2026-07-30 10:21:31 [INFO] [claim_found] row_id=1 | text=CLAIM | confidence=0.999 | claim_cell=(1169, 649)
2026-07-30 10:21:31 [INFO] [state_change] from_state=SCANNING | to_state=CLAIM_FOUND
2026-07-30 10:21:31 [INFO] [state_change] from_state=CLAIM_FOUND | to_state=CLICK_CLAIM
2026-07-30 10:21:32 [INFO] [claim_cell_clicked] row_id=1 | x=1169 | y=649
2026-07-30 10:21:32 [INFO] [state_change] from_state=CLICK_CLAIM | to_state=WAIT_USERNAME
2026-07-30 10:21:33 [INFO] [claim_verified] y_key=648 | cell_text=phan | elapsed_s=1.506
2026-07-30 10:21:33 [INFO] [state_change] from_state=WAIT_USERNAME | to_state=CLAIM_SUCCESS
2026-07-30 10:21:34 [INFO] [select_clicked] y_key=648 | x=1316 | y=649
2026-07-30 10:21:35 [INFO] [state_change] from_state=CLAIM_SUCCESS | to_state=CLICK_SELECT
2026-07-30 10:21:35 [INFO] [state_change] from_state=CLICK_SELECT | to_state=CLICK_CONNECT
2026-07-30 10:21:36 [INFO] [connect_clicked] y_key=648 | x=763 | y=104
2026-07-30 10:21:36 [INFO] [state_change] from_state=CLICK_CONNECT | to_state=CONNECTED
2026-07-30 10:21:36 [INFO] ✓ Connected! Waiting 1000ms then entering STOPPED state.
2026-07-30 10:21:37 [INFO] [state_change] from_state=CONNECTED | to_state=STOPPED
2026-07-30 10:26:19 [INFO] Clean exit requested (ESC).
2026-07-30 10:26:19 [INFO] WorkflowEngine shut down cleanly.
2026-07-30 10:26:20 [INFO] System Tray initialized. Application is running in the background.
2026-07-30 10:26:20 [INFO] All sub-systems initialised.
2026-07-30 10:26:20 [INFO] [state_change] from_state=IDLE | to_state=SCANNING
2026-07-30 10:26:20 [INFO] WorkflowEngine started — user='phan'  table={'left': 53, 'top': 601, 'width': 1484, 'height': 290}
2026-07-30 10:26:24 [INFO] [loop_tick] state=SCANNING | rows=10 | claims=0
2026-07-30 10:26:24 [INFO] [loop_tick] state=SCANNING | rows=10 | claims=0
2026-07-30 10:26:24 [INFO] [loop_tick] state=SCANNING | rows=7 | claims=0
2026-07-30 10:26:25 [INFO] [loop_tick] state=SCANNING | rows=4 | claims=0
2026-07-30 10:26:25 [INFO] [loop_tick] state=SCANNING | rows=3 | claims=0
2026-07-30 10:26:25 [INFO] [loop_tick] state=SCANNING | rows=3 | claims=0
2026-07-30 10:26:25 [INFO] [loop_tick] state=SCANNING | rows=3 | claims=0
2026-07-30 10:26:25 [INFO] [loop_tick] state=SCANNING | rows=2 | claims=0
2026-07-30 10:26:26 [INFO] [loop_tick] state=SCANNING | rows=7 | claims=0
2026-07-30 10:26:26 [INFO] [loop_tick] state=SCANNING | rows=6 | claims=0
2026-07-30 10:26:26 [INFO] [loop_tick] state=SCANNING | rows=6 | claims=0
2026-07-30 10:26:26 [INFO] [loop_tick] state=SCANNING | rows=6 | claims=0
2026-07-30 10:26:26 [INFO] [loop_tick] state=SCANNING | rows=6 | claims=0
2026-07-30 10:26:26 [INFO] [loop_tick] state=SCANNING | rows=6 | claims=0
2026-07-30 10:26:26 [INFO] [loop_tick] state=SCANNING | rows=6 | claims=0
2026-07-30 10:26:26 [INFO] [loop_tick] state=SCANNING | rows=7 | claims=0
2026-07-30 10:26:27 [INFO] [loop_tick] state=SCANNING | rows=6 | claims=0
2026-07-30 10:26:28 [INFO] [loop_tick] state=SCANNING | rows=6 | claims=0
2026-07-30 10:26:28 [INFO] [loop_tick] state=SCANNING | rows=6 | claims=0
2026-07-30 10:26:29 [INFO] [loop_tick] state=SCANNING | rows=6 | claims=0
2026-07-30 10:26:29 [INFO] [loop_tick] state=SCANNING | rows=6 | claims=0
2026-07-30 10:26:29 [INFO] [loop_tick] state=SCANNING | rows=6 | claims=0
2026-07-30 10:26:29 [INFO] [loop_tick] state=SCANNING | rows=9 | claims=0
2026-07-30 10:26:30 [INFO] [loop_tick] state=SCANNING | rows=9 | claims=0
2026-07-30 10:26:33 [INFO] [loop_tick] state=SCANNING | rows=2 | claims=0
2026-07-30 10:26:34 [INFO] [loop_tick] state=SCANNING | rows=2 | claims=0
2026-07-30 10:26:35 [INFO] [loop_tick] state=SCANNING | rows=2 | claims=0
2026-07-30 10:26:35 [INFO] [loop_tick] state=SCANNING | rows=2 | claims=0
2026-07-30 10:26:35 [INFO] [loop_tick] state=SCANNING | rows=2 | claims=0
2026-07-30 10:26:36 [INFO] [loop_tick] state=SCANNING | rows=2 | claims=0
2026-07-30 10:26:37 [INFO] [loop_tick] state=SCANNING | rows=2 | claims=0
2026-07-30 10:26:38 [INFO] [loop_tick] state=SCANNING | rows=2 | claims=0
2026-07-30 10:26:38 [INFO] [loop_tick] state=SCANNING | rows=2 | claims=0
2026-07-30 10:26:39 [INFO] [loop_tick] state=SCANNING | rows=2 | claims=0
2026-07-30 10:26:39 [INFO] [loop_tick] state=SCANNING | rows=2 | claims=0
2026-07-30 10:26:39 [INFO] [loop_tick] state=SCANNING | rows=2 | claims=0
2026-07-30 10:26:39 [INFO] [loop_tick] state=SCANNING | rows=2 | claims=0
2026-07-30 10:26:40 [INFO] [loop_tick] state=SCANNING | rows=2 | claims=0
2026-07-30 10:26:40 [INFO] [loop_tick] state=SCANNING | rows=2 | claims=0
2026-07-30 10:26:41 [INFO] [loop_tick] state=SCANNING | rows=2 | claims=0
2026-07-30 10:26:41 [INFO] [loop_tick] state=SCANNING | rows=2 | claims=0
2026-07-30 10:26:43 [INFO] [loop_tick] state=SCANNING | rows=2 | claims=0
2026-07-30 10:26:43 [INFO] [loop_tick] state=SCANNING | rows=2 | claims=0
2026-07-30 10:26:43 [INFO] [loop_tick] state=SCANNING | rows=2 | claims=0
2026-07-30 10:26:43 [INFO] [loop_tick] state=SCANNING | rows=2 | claims=0
2026-07-30 10:26:44 [INFO] [loop_tick] state=SCANNING | rows=2 | claims=0
2026-07-30 10:26:44 [INFO] [loop_tick] state=SCANNING | rows=2 | claims=0
2026-07-30 10:26:45 [INFO] [loop_tick] state=SCANNING | rows=2 | claims=0
2026-07-30 10:26:45 [INFO] [loop_tick] state=SCANNING | rows=2 | claims=0
2026-07-30 10:26:46 [INFO] [loop_tick] state=SCANNING | rows=2 | claims=0
2026-07-30 10:26:46 [INFO] [loop_tick] state=SCANNING | rows=2 | claims=0
2026-07-30 10:26:47 [INFO] [loop_tick] state=SCANNING | rows=2 | claims=0
2026-07-30 10:26:48 [INFO] [loop_tick] state=SCANNING | rows=2 | claims=0
2026-07-30 10:26:48 [INFO] [loop_tick] state=SCANNING | rows=2 | claims=0
2026-07-30 10:26:48 [INFO] [loop_tick] state=SCANNING | rows=2 | claims=0
2026-07-30 10:26:49 [INFO] [loop_tick] state=SCANNING | rows=2 | claims=0
2026-07-30 10:26:49 [INFO] [loop_tick] state=SCANNING | rows=2 | claims=0
2026-07-30 10:26:49 [INFO] [loop_tick] state=SCANNING | rows=2 | claims=0
2026-07-30 10:26:49 [INFO] [loop_tick] state=SCANNING | rows=2 | claims=0
2026-07-30 10:26:50 [INFO] [loop_tick] state=SCANNING | rows=2 | claims=0
2026-07-30 10:26:50 [INFO] [loop_tick] state=SCANNING | rows=2 | claims=0
2026-07-30 10:26:50 [INFO] [loop_tick] state=SCANNING | rows=2 | claims=0
2026-07-30 10:26:51 [INFO] [loop_tick] state=SCANNING | rows=2 | claims=0
2026-07-30 10:26:52 [INFO] [loop_tick] state=SCANNING | rows=2 | claims=0
2026-07-30 10:26:52 [INFO] [loop_tick] state=SCANNING | rows=2 | claims=0
2026-07-30 10:26:52 [INFO] [loop_tick] state=SCANNING | rows=2 | claims=0
2026-07-30 10:26:52 [INFO] [loop_tick] state=SCANNING | rows=2 | claims=0
2026-07-30 10:26:53 [INFO] [loop_tick] state=SCANNING | rows=2 | claims=0
2026-07-30 10:26:53 [INFO] [loop_tick] state=SCANNING | rows=2 | claims=0
2026-07-30 10:26:53 [INFO] [loop_tick] state=SCANNING | rows=2 | claims=0
2026-07-30 10:26:53 [INFO] [loop_tick] state=SCANNING | rows=2 | claims=0
2026-07-30 10:26:53 [INFO] [loop_tick] state=SCANNING | rows=2 | claims=0
2026-07-30 10:26:53 [INFO] [loop_tick] state=SCANNING | rows=2 | claims=0
2026-07-30 10:26:56 [INFO] [loop_tick] state=SCANNING | rows=2 | claims=0
2026-07-30 10:26:56 [INFO] [loop_tick] state=SCANNING | rows=2 | claims=0
2026-07-30 10:26:56 [INFO] [loop_tick] state=SCANNING | rows=2 | claims=0
2026-07-30 10:26:56 [INFO] [loop_tick] state=SCANNING | rows=2 | claims=0
2026-07-30 10:26:56 [INFO] [loop_tick] state=SCANNING | rows=2 | claims=0
2026-07-30 10:26:57 [INFO] [loop_tick] state=SCANNING | rows=2 | claims=0
2026-07-30 10:26:57 [INFO] [loop_tick] state=SCANNING | rows=2 | claims=0
2026-07-30 10:26:57 [INFO] [loop_tick] state=SCANNING | rows=2 | claims=0
2026-07-30 10:26:58 [INFO] [loop_tick] state=SCANNING | rows=2 | claims=0
2026-07-30 10:26:58 [INFO] [loop_tick] state=SCANNING | rows=2 | claims=0
2026-07-30 10:26:58 [INFO] [loop_tick] state=SCANNING | rows=2 | claims=0
2026-07-30 10:26:58 [INFO] [loop_tick] state=SCANNING | rows=2 | claims=0
2026-07-30 10:26:59 [INFO] [loop_tick] state=SCANNING | rows=2 | claims=0
2026-07-30 10:26:59 [INFO] [loop_tick] state=SCANNING | rows=2 | claims=0
2026-07-30 10:26:59 [INFO] [loop_tick] state=SCANNING | rows=2 | claims=0
2026-07-30 10:26:59 [INFO] [loop_tick] state=SCANNING | rows=2 | claims=0
2026-07-30 10:27:00 [INFO] [loop_tick] state=SCANNING | rows=2 | claims=0
2026-07-30 10:27:00 [INFO] [loop_tick] state=SCANNING | rows=2 | claims=0
2026-07-30 10:27:00 [INFO] [loop_tick] state=SCANNING | rows=2 | claims=0
2026-07-30 10:27:01 [INFO] [loop_tick] state=SCANNING | rows=2 | claims=0
2026-07-30 10:27:01 [INFO] [loop_tick] state=SCANNING | rows=2 | claims=0
2026-07-30 10:27:01 [INFO] [loop_tick] state=SCANNING | rows=2 | claims=0
2026-07-30 10:27:02 [INFO] [loop_tick] state=SCANNING | rows=2 | claims=0
2026-07-30 10:27:02 [INFO] [loop_tick] state=SCANNING | rows=2 | claims=0
2026-07-30 10:27:03 [INFO] [loop_tick] state=SCANNING | rows=2 | claims=0
2026-07-30 10:27:03 [INFO] [loop_tick] state=SCANNING | rows=2 | claims=0
2026-07-30 10:27:04 [INFO] [loop_tick] state=SCANNING | rows=2 | claims=0
2026-07-30 10:27:05 [INFO] [loop_tick] state=SCANNING | rows=2 | claims=0
2026-07-30 10:27:06 [INFO] [loop_tick] state=SCANNING | rows=2 | claims=0
2026-07-30 10:27:06 [INFO] [loop_tick] state=SCANNING | rows=2 | claims=0
2026-07-30 10:27:09 [INFO] [loop_tick] state=SCANNING | rows=2 | claims=0
2026-07-30 10:27:09 [INFO] [loop_tick] state=SCANNING | rows=2 | claims=0
2026-07-30 10:27:10 [INFO] [loop_tick] state=SCANNING | rows=2 | claims=0
2026-07-30 10:27:10 [INFO] [loop_tick] state=SCANNING | rows=2 | claims=0
2026-07-30 10:27:10 [INFO] [loop_tick] state=SCANNING | rows=2 | claims=0
2026-07-30 10:27:10 [INFO] [loop_tick] state=SCANNING | rows=2 | claims=0
2026-07-30 10:27:11 [INFO] [loop_tick] state=SCANNING | rows=2 | claims=0
2026-07-30 10:27:11 [INFO] [loop_tick] state=SCANNING | rows=2 | claims=0
2026-07-30 10:27:12 [INFO] [loop_tick] state=SCANNING | rows=2 | claims=0
2026-07-30 10:27:12 [INFO] [loop_tick] state=SCANNING | rows=2 | claims=0
2026-07-30 10:27:12 [INFO] [loop_tick] state=SCANNING | rows=2 | claims=0
2026-07-30 10:27:13 [INFO] [loop_tick] state=SCANNING | rows=2 | claims=0
2026-07-30 10:27:13 [INFO] [loop_tick] state=SCANNING | rows=2 | claims=0
2026-07-30 10:27:14 [INFO] [loop_tick] state=SCANNING | rows=2 | claims=0
2026-07-30 10:27:15 [INFO] [loop_tick] state=SCANNING | rows=2 | claims=0
2026-07-30 10:27:15 [INFO] [loop_tick] state=SCANNING | rows=2 | claims=0
2026-07-30 10:27:16 [INFO] [loop_tick] state=SCANNING | rows=2 | claims=0
2026-07-30 10:27:16 [INFO] [loop_tick] state=SCANNING | rows=2 | claims=0
2026-07-30 10:27:16 [INFO] [loop_tick] state=SCANNING | rows=2 | claims=0
2026-07-30 10:27:17 [INFO] [loop_tick] state=SCANNING | rows=2 | claims=0
2026-07-30 10:27:17 [INFO] [loop_tick] state=SCANNING | rows=2 | claims=0
2026-07-30 10:27:17 [INFO] [loop_tick] state=SCANNING | rows=2 | claims=0
2026-07-30 10:27:17 [INFO] [loop_tick] state=SCANNING | rows=2 | claims=0
2026-07-30 10:27:18 [INFO] [loop_tick] state=SCANNING | rows=2 | claims=0
2026-07-30 10:27:18 [INFO] [loop_tick] state=SCANNING | rows=2 | claims=0
2026-07-30 10:27:19 [INFO] [loop_tick] state=SCANNING | rows=2 | claims=0
2026-07-30 10:27:19 [INFO] [loop_tick] state=SCANNING | rows=2 | claims=0
2026-07-30 10:27:19 [INFO] [loop_tick] state=SCANNING | rows=2 | claims=0
2026-07-30 10:27:22 [INFO] [loop_tick] state=SCANNING | rows=2 | claims=0
2026-07-30 10:27:22 [INFO] [loop_tick] state=SCANNING | rows=2 | claims=0
2026-07-30 10:27:22 [INFO] [loop_tick] state=SCANNING | rows=2 | claims=0
2026-07-30 10:27:22 [INFO] [loop_tick] state=SCANNING | rows=2 | claims=0
2026-07-30 10:27:23 [INFO] [loop_tick] state=SCANNING | rows=2 | claims=0
2026-07-30 10:27:24 [INFO] [loop_tick] state=SCANNING | rows=2 | claims=0
2026-07-30 10:27:26 [INFO] [loop_tick] state=SCANNING | rows=2 | claims=0
2026-07-30 10:27:26 [INFO] [loop_tick] state=SCANNING | rows=2 | claims=0
2026-07-30 10:27:26 [INFO] [loop_tick] state=SCANNING | rows=2 | claims=0
2026-07-30 10:27:26 [INFO] [loop_tick] state=SCANNING | rows=2 | claims=0
2026-07-30 10:27:26 [INFO] [loop_tick] state=SCANNING | rows=2 | claims=0
2026-07-30 10:27:26 [INFO] [loop_tick] state=SCANNING | rows=2 | claims=0
2026-07-30 10:27:27 [INFO] [loop_tick] state=SCANNING | rows=2 | claims=0
2026-07-30 10:27:27 [INFO] [loop_tick] state=SCANNING | rows=2 | claims=0
2026-07-30 10:27:30 [INFO] [loop_tick] state=SCANNING | rows=2 | claims=0
2026-07-30 10:27:30 [INFO] [loop_tick] state=SCANNING | rows=2 | claims=0
2026-07-30 10:27:33 [INFO] [loop_tick] state=SCANNING | rows=2 | claims=0
2026-07-30 10:27:33 [INFO] [loop_tick] state=SCANNING | rows=2 | claims=0
2026-07-30 10:27:34 [INFO] [loop_tick] state=SCANNING | rows=2 | claims=0
2026-07-30 10:27:34 [INFO] [loop_tick] state=SCANNING | rows=2 | claims=0
2026-07-30 10:27:35 [INFO] [loop_tick] state=SCANNING | rows=2 | claims=0
2026-07-30 10:27:35 [INFO] [loop_tick] state=SCANNING | rows=2 | claims=0
2026-07-30 10:27:35 [INFO] [loop_tick] state=SCANNING | rows=2 | claims=0
2026-07-30 10:27:35 [INFO] [loop_tick] state=SCANNING | rows=2 | claims=0
2026-07-30 10:27:39 [INFO] [loop_tick] state=SCANNING | rows=2 | claims=0
2026-07-30 10:27:39 [INFO] [loop_tick] state=SCANNING | rows=2 | claims=0
2026-07-30 10:27:40 [INFO] [loop_tick] state=SCANNING | rows=2 | claims=0
2026-07-30 10:27:40 [INFO] [loop_tick] state=SCANNING | rows=2 | claims=0
2026-07-30 10:27:43 [INFO] [loop_tick] state=SCANNING | rows=2 | claims=0
2026-07-30 10:27:43 [INFO] [loop_tick] state=SCANNING | rows=2 | claims=0
2026-07-30 10:27:45 [INFO] [loop_tick] state=SCANNING | rows=2 | claims=0
2026-07-30 10:27:45 [INFO] [loop_tick] state=SCANNING | rows=2 | claims=0
2026-07-30 10:27:48 [INFO] [loop_tick] state=SCANNING | rows=2 | claims=0
2026-07-30 10:27:48 [INFO] [loop_tick] state=SCANNING | rows=2 | claims=0
2026-07-30 10:27:48 [INFO] [loop_tick] state=SCANNING | rows=2 | claims=0
2026-07-30 10:27:49 [INFO] [loop_tick] state=SCANNING | rows=2 | claims=0
2026-07-30 10:27:49 [INFO] [loop_tick] state=SCANNING | rows=2 | claims=0
2026-07-30 10:27:49 [INFO] [loop_tick] state=SCANNING | rows=2 | claims=0
2026-07-30 10:27:49 [INFO] [loop_tick] state=SCANNING | rows=2 | claims=0
2026-07-30 10:27:49 [INFO] [loop_tick] state=SCANNING | rows=2 | claims=0
2026-07-30 10:27:50 [INFO] [loop_tick] state=SCANNING | rows=2 | claims=0
2026-07-30 10:27:51 [INFO] [loop_tick] state=SCANNING | rows=2 | claims=0
2026-07-30 10:27:51 [INFO] [loop_tick] state=SCANNING | rows=2 | claims=0
2026-07-30 10:27:52 [INFO] [loop_tick] state=SCANNING | rows=2 | claims=0
2026-07-30 10:27:52 [INFO] [loop_tick] state=SCANNING | rows=2 | claims=0
2026-07-30 10:27:53 [INFO] [loop_tick] state=SCANNING | rows=2 | claims=0
2026-07-30 10:27:53 [INFO] [loop_tick] state=SCANNING | rows=2 | claims=0
2026-07-30 10:27:53 [INFO] [loop_tick] state=SCANNING | rows=2 | claims=0
2026-07-30 10:27:54 [INFO] [loop_tick] state=SCANNING | rows=2 | claims=0
2026-07-30 10:27:54 [INFO] [loop_tick] state=SCANNING | rows=2 | claims=0
2026-07-30 10:27:54 [INFO] [loop_tick] state=SCANNING | rows=2 | claims=0
2026-07-30 10:27:55 [INFO] [loop_tick] state=SCANNING | rows=2 | claims=0
2026-07-30 10:27:55 [INFO] [loop_tick] state=SCANNING | rows=3 | claims=0
2026-07-30 10:27:55 [INFO] [loop_tick] state=SCANNING | rows=3 | claims=0
2026-07-30 10:27:55 [INFO] [loop_tick] state=SCANNING | rows=3 | claims=0
2026-07-30 10:27:55 [INFO] [loop_tick] state=SCANNING | rows=3 | claims=0
2026-07-30 10:27:56 [INFO] [loop_tick] state=SCANNING | rows=4 | claims=0
2026-07-30 10:27:56 [INFO] [loop_tick] state=SCANNING | rows=3 | claims=0
2026-07-30 10:27:56 [INFO] [loop_tick] state=SCANNING | rows=3 | claims=0
2026-07-30 10:27:56 [INFO] [loop_tick] state=SCANNING | rows=4 | claims=0
2026-07-30 10:27:56 [INFO] [loop_tick] state=SCANNING | rows=3 | claims=0
2026-07-30 10:27:56 [INFO] [loop_tick] state=SCANNING | rows=3 | claims=0
2026-07-30 10:27:56 [INFO] [loop_tick] state=SCANNING | rows=3 | claims=0
2026-07-30 10:27:56 [INFO] [loop_tick] state=SCANNING | rows=3 | claims=0
2026-07-30 10:27:56 [INFO] [loop_tick] state=SCANNING | rows=3 | claims=0
2026-07-30 10:27:57 [INFO] [loop_tick] state=SCANNING | rows=3 | claims=0
2026-07-30 10:27:57 [INFO] [loop_tick] state=SCANNING | rows=2 | claims=0
2026-07-30 10:27:57 [INFO] [loop_tick] state=SCANNING | rows=2 | claims=0
2026-07-30 10:27:57 [INFO] [loop_tick] state=SCANNING | rows=2 | claims=0
2026-07-30 10:27:57 [INFO] [loop_tick] state=SCANNING | rows=1 | claims=0
2026-07-30 10:27:58 [INFO] [loop_tick] state=SCANNING | rows=1 | claims=0
2026-07-30 10:27:58 [INFO] [loop_tick] state=SCANNING | rows=1 | claims=0
2026-07-30 10:27:59 [INFO] [loop_tick] state=SCANNING | rows=1 | claims=0
2026-07-30 10:27:59 [INFO] [loop_tick] state=SCANNING | rows=1 | claims=0
2026-07-30 10:28:00 [INFO] [loop_tick] state=SCANNING | rows=1 | claims=0
2026-07-30 10:28:00 [INFO] [loop_tick] state=SCANNING | rows=1 | claims=0
2026-07-30 10:28:00 [INFO] [loop_tick] state=SCANNING | rows=1 | claims=0
2026-07-30 10:28:00 [INFO] [loop_tick] state=SCANNING | rows=1 | claims=0
2026-07-30 10:28:00 [INFO] [loop_tick] state=SCANNING | rows=1 | claims=0
2026-07-30 10:28:00 [INFO] [loop_tick] state=SCANNING | rows=1 | claims=0
2026-07-30 10:28:00 [INFO] [loop_tick] state=SCANNING | rows=1 | claims=0
2026-07-30 10:28:01 [INFO] [loop_tick] state=SCANNING | rows=1 | claims=0
2026-07-30 10:28:01 [INFO] [loop_tick] state=SCANNING | rows=1 | claims=0
2026-07-30 10:28:01 [INFO] [loop_tick] state=SCANNING | rows=1 | claims=0
2026-07-30 10:28:01 [INFO] [loop_tick] state=SCANNING | rows=1 | claims=0
2026-07-30 10:28:01 [INFO] [loop_tick] state=SCANNING | rows=1 | claims=0
2026-07-30 10:28:01 [INFO] [loop_tick] state=SCANNING | rows=1 | claims=0
2026-07-30 10:28:01 [INFO] [loop_tick] state=SCANNING | rows=1 | claims=0
2026-07-30 10:28:01 [INFO] [loop_tick] state=SCANNING | rows=1 | claims=0
2026-07-30 10:28:02 [INFO] [loop_tick] state=SCANNING | rows=1 | claims=0
2026-07-30 10:28:02 [INFO] [loop_tick] state=SCANNING | rows=1 | claims=0
2026-07-30 10:28:02 [INFO] [loop_tick] state=SCANNING | rows=1 | claims=0
2026-07-30 10:28:02 [INFO] [loop_tick] state=SCANNING | rows=1 | claims=0
2026-07-30 10:28:02 [INFO] [loop_tick] state=SCANNING | rows=1 | claims=0
2026-07-30 10:28:02 [INFO] [loop_tick] state=SCANNING | rows=1 | claims=0
2026-07-30 10:28:03 [INFO] [loop_tick] state=SCANNING | rows=1 | claims=0
2026-07-30 10:28:03 [INFO] [loop_tick] state=SCANNING | rows=1 | claims=0
2026-07-30 10:28:03 [INFO] [loop_tick] state=SCANNING | rows=1 | claims=0
2026-07-30 10:28:03 [INFO] [loop_tick] state=SCANNING | rows=1 | claims=0
2026-07-30 10:28:03 [INFO] [loop_tick] state=SCANNING | rows=1 | claims=0
2026-07-30 10:28:03 [INFO] [loop_tick] state=SCANNING | rows=1 | claims=0
2026-07-30 10:28:04 [INFO] [loop_tick] state=SCANNING | rows=1 | claims=0
2026-07-30 10:28:04 [INFO] [loop_tick] state=SCANNING | rows=1 | claims=0
2026-07-30 10:28:04 [INFO] [loop_tick] state=SCANNING | rows=1 | claims=0
2026-07-30 10:28:04 [INFO] [loop_tick] state=SCANNING | rows=1 | claims=0
2026-07-30 10:28:04 [INFO] [loop_tick] state=SCANNING | rows=1 | claims=0
2026-07-30 10:28:04 [INFO] [loop_tick] state=SCANNING | rows=1 | claims=0
2026-07-30 10:28:05 [INFO] [loop_tick] state=SCANNING | rows=1 | claims=0
2026-07-30 10:28:05 [INFO] [loop_tick] state=SCANNING | rows=2 | claims=0
2026-07-30 10:28:05 [INFO] [loop_tick] state=SCANNING | rows=2 | claims=0
2026-07-30 10:28:05 [INFO] [loop_tick] state=SCANNING | rows=2 | claims=0
2026-07-30 10:28:05 [INFO] [loop_tick] state=SCANNING | rows=2 | claims=0
2026-07-30 10:28:05 [INFO] [loop_tick] state=SCANNING | rows=2 | claims=0
2026-07-30 10:28:06 [INFO] [loop_tick] state=SCANNING | rows=2 | claims=0
2026-07-30 10:28:06 [INFO] [loop_tick] state=SCANNING | rows=2 | claims=0
2026-07-30 10:28:06 [INFO] [loop_tick] state=SCANNING | rows=2 | claims=0
2026-07-30 10:28:06 [INFO] [loop_tick] state=SCANNING | rows=2 | claims=0
2026-07-30 10:28:06 [INFO] [loop_tick] state=SCANNING | rows=2 | claims=0
2026-07-30 10:28:06 [INFO] [loop_tick] state=SCANNING | rows=2 | claims=0
2026-07-30 10:28:06 [INFO] [loop_tick] state=SCANNING | rows=2 | claims=0
2026-07-30 10:28:06 [INFO] [loop_tick] state=SCANNING | rows=2 | claims=0
2026-07-30 10:28:06 [INFO] [loop_tick] state=SCANNING | rows=2 | claims=0
2026-07-30 10:28:08 [INFO] [loop_tick] state=SCANNING | rows=2 | claims=0
2026-07-30 10:28:08 [INFO] [loop_tick] state=SCANNING | rows=2 | claims=0
2026-07-30 10:28:08 [INFO] [loop_tick] state=SCANNING | rows=1 | claims=0
2026-07-30 10:28:08 [INFO] [loop_tick] state=SCANNING | rows=2 | claims=0
2026-07-30 10:28:08 [INFO] [loop_tick] state=SCANNING | rows=2 | claims=0
2026-07-30 10:28:09 [INFO] [loop_tick] state=SCANNING | rows=2 | claims=0
2026-07-30 10:28:09 [INFO] [loop_tick] state=SCANNING | rows=2 | claims=0
2026-07-30 10:28:09 [INFO] [loop_tick] state=SCANNING | rows=1 | claims=0
2026-07-30 10:28:09 [INFO] [loop_tick] state=SCANNING | rows=1 | claims=0
2026-07-30 10:28:09 [INFO] [loop_tick] state=SCANNING | rows=1 | claims=0
2026-07-30 10:28:09 [INFO] [loop_tick] state=SCANNING | rows=1 | claims=0
2026-07-30 10:28:10 [INFO] [loop_tick] state=SCANNING | rows=1 | claims=0
2026-07-30 10:28:10 [INFO] [loop_tick] state=SCANNING | rows=1 | claims=0
2026-07-30 10:28:10 [INFO] [loop_tick] state=SCANNING | rows=1 | claims=0
2026-07-30 10:28:10 [INFO] [loop_tick] state=SCANNING | rows=1 | claims=0
2026-07-30 10:28:10 [INFO] [loop_tick] state=SCANNING | rows=1 | claims=0
2026-07-30 10:28:10 [INFO] [loop_tick] state=SCANNING | rows=1 | claims=0
2026-07-30 10:28:10 [INFO] [loop_tick] state=SCANNING | rows=1 | claims=0
2026-07-30 10:28:11 [INFO] [loop_tick] state=SCANNING | rows=2 | claims=0
2026-07-30 10:28:11 [INFO] [loop_tick] state=SCANNING | rows=2 | claims=0
2026-07-30 10:28:11 [INFO] [loop_tick] state=SCANNING | rows=2 | claims=0
2026-07-30 10:28:12 [INFO] [loop_tick] state=SCANNING | rows=2 | claims=0
2026-07-30 10:28:12 [INFO] [loop_tick] state=SCANNING | rows=2 | claims=0
2026-07-30 10:28:12 [INFO] [loop_tick] state=SCANNING | rows=2 | claims=0
2026-07-30 10:28:12 [INFO] [loop_tick] state=SCANNING | rows=2 | claims=0
2026-07-30 10:28:12 [INFO] [loop_tick] state=SCANNING | rows=2 | claims=0
2026-07-30 10:28:12 [INFO] [loop_tick] state=SCANNING | rows=2 | claims=0
2026-07-30 10:28:13 [INFO] [loop_tick] state=SCANNING | rows=2 | claims=0
2026-07-30 10:28:13 [INFO] [loop_tick] state=SCANNING | rows=2 | claims=0
2026-07-30 10:28:13 [INFO] [loop_tick] state=SCANNING | rows=2 | claims=0
2026-07-30 10:28:13 [INFO] [loop_tick] state=SCANNING | rows=2 | claims=0
2026-07-30 10:28:13 [INFO] [loop_tick] state=SCANNING | rows=2 | claims=0
2026-07-30 10:28:13 [INFO] [loop_tick] state=SCANNING | rows=2 | claims=0
2026-07-30 10:28:13 [INFO] [loop_tick] state=SCANNING | rows=2 | claims=0
2026-07-30 10:28:13 [INFO] [loop_tick] state=SCANNING | rows=2 | claims=0
2026-07-30 10:28:13 [INFO] [loop_tick] state=SCANNING | rows=2 | claims=0
2026-07-30 10:28:14 [INFO] [loop_tick] state=SCANNING | rows=2 | claims=0
2026-07-30 10:28:14 [INFO] [loop_tick] state=SCANNING | rows=2 | claims=0
2026-07-30 10:28:14 [INFO] [loop_tick] state=SCANNING | rows=2 | claims=0
2026-07-30 10:28:14 [INFO] [loop_tick] state=SCANNING | rows=2 | claims=0
2026-07-30 10:28:14 [INFO] [loop_tick] state=SCANNING | rows=2 | claims=0
2026-07-30 10:28:14 [INFO] [loop_tick] state=SCANNING | rows=2 | claims=0
2026-07-30 10:28:14 [INFO] [loop_tick] state=SCANNING | rows=2 | claims=0
2026-07-30 10:28:15 [INFO] [loop_tick] state=SCANNING | rows=2 | claims=0
2026-07-30 10:28:15 [INFO] [loop_tick] state=SCANNING | rows=2 | claims=0
2026-07-30 10:28:15 [INFO] [loop_tick] state=SCANNING | rows=2 | claims=0
2026-07-30 10:28:15 [INFO] [loop_tick] state=SCANNING | rows=2 | claims=0
2026-07-30 10:28:15 [INFO] [loop_tick] state=SCANNING | rows=2 | claims=0
2026-07-30 10:28:15 [INFO] [loop_tick] state=SCANNING | rows=2 | claims=0
2026-07-30 10:28:15 [INFO] [loop_tick] state=SCANNING | rows=2 | claims=0
2026-07-30 10:28:15 [INFO] [loop_tick] state=SCANNING | rows=2 | claims=0
2026-07-30 10:28:15 [INFO] [loop_tick] state=SCANNING | rows=2 | claims=0
2026-07-30 10:28:16 [INFO] [loop_tick] state=SCANNING | rows=2 | claims=0
2026-07-30 10:28:16 [INFO] [loop_tick] state=SCANNING | rows=2 | claims=0
2026-07-30 10:28:16 [INFO] [loop_tick] state=SCANNING | rows=2 | claims=0
2026-07-30 10:28:16 [INFO] [loop_tick] state=SCANNING | rows=4 | claims=0
2026-07-30 10:28:16 [INFO] [loop_tick] state=SCANNING | rows=7 | claims=0
2026-07-30 10:28:16 [INFO] [loop_tick] state=SCANNING | rows=7 | claims=0
2026-07-30 10:28:16 [INFO] [loop_tick] state=SCANNING | rows=5 | claims=0
2026-07-30 10:28:16 [INFO] [loop_tick] state=SCANNING | rows=5 | claims=0
2026-07-30 10:28:16 [INFO] [loop_tick] state=SCANNING | rows=6 | claims=0
2026-07-30 10:28:16 [INFO] [loop_tick] state=SCANNING | rows=3 | claims=0
2026-07-30 10:28:17 [INFO] [loop_tick] state=SCANNING | rows=5 | claims=0
2026-07-30 10:28:17 [INFO] [loop_tick] state=SCANNING | rows=5 | claims=0
2026-07-30 10:28:17 [INFO] [loop_tick] state=SCANNING | rows=5 | claims=0
2026-07-30 10:28:17 [INFO] [loop_tick] state=SCANNING | rows=5 | claims=0
2026-07-30 10:28:17 [INFO] [loop_tick] state=SCANNING | rows=5 | claims=0
2026-07-30 10:28:17 [INFO] [loop_tick] state=SCANNING | rows=6 | claims=0
2026-07-30 10:28:17 [INFO] [loop_tick] state=SCANNING | rows=6 | claims=0
2026-07-30 10:28:17 [INFO] [loop_tick] state=SCANNING | rows=6 | claims=0
2026-07-30 10:28:17 [INFO] [loop_tick] state=SCANNING | rows=6 | claims=0
2026-07-30 10:28:17 [INFO] [loop_tick] state=SCANNING | rows=6 | claims=0
2026-07-30 10:28:18 [INFO] [loop_tick] state=SCANNING | rows=6 | claims=0
2026-07-30 10:28:18 [INFO] [loop_tick] state=SCANNING | rows=6 | claims=0
2026-07-30 10:28:18 [INFO] [loop_tick] state=SCANNING | rows=6 | claims=0
2026-07-30 10:28:18 [INFO] [loop_tick] state=SCANNING | rows=5 | claims=0
2026-07-30 10:28:18 [INFO] [row_detected] total_rows=5 | claim_rows=[1]
2026-07-30 10:28:18 [INFO] [claim_found] row_id=1 | text=CLAIM | confidence=0.999 | claim_cell=(1169, 649)
2026-07-30 10:28:18 [INFO] [state_change] from_state=SCANNING | to_state=CLAIM_FOUND
2026-07-30 10:28:18 [INFO] [state_change] from_state=CLAIM_FOUND | to_state=CLICK_CLAIM
2026-07-30 10:28:19 [INFO] [claim_cell_clicked] row_id=1 | x=1169 | y=649
2026-07-30 10:28:19 [INFO] [state_change] from_state=CLICK_CLAIM | to_state=WAIT_USERNAME
2026-07-30 10:28:24 [WARNING] WAIT_USERNAME timed out (5s) — row y=648. Stopping to prevent double claims.
2026-07-30 10:28:24 [INFO] [timeout] state=WAIT_USERNAME | y_key=648
2026-07-30 10:28:24 [INFO] [state_change] from_state=WAIT_USERNAME | to_state=STOPPED
2026-07-30 10:41:05 [INFO] Automation DISABLED (F8)
2026-07-30 10:41:06 [INFO] Automation ENABLED (F8)
2026-07-30 10:41:06 [INFO] [state_change] from_state=STOPPED | to_state=SCANNING
2026-07-30 10:41:06 [INFO] [loop_tick] state=SCANNING | rows=4 | claims=0
2026-07-30 10:41:07 [INFO] [loop_tick] state=SCANNING | rows=4 | claims=0
2026-07-30 10:41:10 [INFO] [loop_tick] state=SCANNING | rows=4 | claims=0
2026-07-30 10:41:12 [INFO] [row_detected] total_rows=5 | claim_rows=[1]
2026-07-30 10:41:12 [INFO] [claim_found] row_id=1 | text=CLAIM | confidence=0.999 | claim_cell=(1169, 649)
2026-07-30 10:41:12 [INFO] [state_change] from_state=SCANNING | to_state=CLAIM_FOUND
2026-07-30 10:41:12 [INFO] [state_change] from_state=CLAIM_FOUND | to_state=CLICK_CLAIM
2026-07-30 10:41:13 [INFO] [claim_cell_clicked] row_id=1 | x=1169 | y=649
2026-07-30 10:41:13 [INFO] [state_change] from_state=CLICK_CLAIM | to_state=WAIT_USERNAME
2026-07-30 10:41:14 [INFO] [claim_verified] y_key=648 | cell_text=phan | elapsed_s=1.507
2026-07-30 10:41:14 [INFO] [state_change] from_state=WAIT_USERNAME | to_state=CLAIM_SUCCESS
2026-07-30 10:41:15 [INFO] [select_clicked] y_key=648 | x=1316 | y=649
2026-07-30 10:41:16 [INFO] [state_change] from_state=CLAIM_SUCCESS | to_state=CLICK_SELECT
2026-07-30 10:41:16 [INFO] [state_change] from_state=CLICK_SELECT | to_state=CLICK_CONNECT
2026-07-30 10:41:17 [INFO] [connect_clicked] y_key=648 | x=763 | y=104
2026-07-30 10:41:17 [INFO] [state_change] from_state=CLICK_CONNECT | to_state=CONNECTED
2026-07-30 10:41:17 [INFO] ✓ Connected! Waiting 1000ms then entering STOPPED state.
2026-07-30 10:41:18 [INFO] [state_change] from_state=CONNECTED | to_state=STOPPED
2026-07-30 10:50:16 [INFO] Automation ENABLED (F8)
2026-07-30 10:50:16 [INFO] [state_change] from_state=STOPPED | to_state=SCANNING
2026-07-30 10:50:16 [INFO] [loop_tick] state=SCANNING | rows=3 | claims=0
2026-07-30 10:50:17 [INFO] [loop_tick] state=SCANNING | rows=3 | claims=0
2026-07-30 10:50:19 [INFO] [loop_tick] state=SCANNING | rows=3 | claims=0
2026-07-30 10:50:22 [INFO] [loop_tick] state=SCANNING | rows=2 | claims=0
2026-07-30 10:50:24 [INFO] [loop_tick] state=SCANNING | rows=2 | claims=0
2026-07-30 10:50:26 [INFO] [loop_tick] state=SCANNING | rows=2 | claims=0
2026-07-30 10:50:29 [INFO] [loop_tick] state=SCANNING | rows=2 | claims=0
2026-07-30 10:50:31 [INFO] [loop_tick] state=SCANNING | rows=2 | claims=0
2026-07-30 10:50:34 [INFO] [loop_tick] state=SCANNING | rows=2 | claims=0
2026-07-30 10:50:36 [INFO] [loop_tick] state=SCANNING | rows=2 | claims=0
2026-07-30 10:50:39 [INFO] [loop_tick] state=SCANNING | rows=2 | claims=0
2026-07-30 10:50:41 [INFO] [loop_tick] state=SCANNING | rows=2 | claims=0
2026-07-30 10:50:44 [INFO] [loop_tick] state=SCANNING | rows=2 | claims=0
2026-07-30 10:50:46 [INFO] [loop_tick] state=SCANNING | rows=2 | claims=0
2026-07-30 10:50:49 [INFO] [row_detected] total_rows=4 | claim_rows=[0, 1]
2026-07-30 10:50:51 [INFO] [row_detected] total_rows=3 | claim_rows=[0, 1]
2026-07-30 10:50:54 [INFO] [row_detected] total_rows=3 | claim_rows=[0, 1]
2026-07-30 10:50:56 [INFO] [row_detected] total_rows=3 | claim_rows=[0, 1]
2026-07-30 10:50:58 [INFO] [row_detected] total_rows=3 | claim_rows=[0, 1]
2026-07-30 10:51:00 [INFO] [row_detected] total_rows=3 | claim_rows=[0, 1]
2026-07-30 10:51:01 [INFO] [row_detected] total_rows=3 | claim_rows=[0, 1]
2026-07-30 10:51:03 [INFO] [row_detected] total_rows=3 | claim_rows=[0, 1]
2026-07-30 10:51:06 [INFO] [row_detected] total_rows=3 | claim_rows=[0]
2026-07-30 10:51:09 [INFO] [row_detected] total_rows=4 | claim_rows=[0, 2]
2026-07-30 10:51:09 [INFO] [claim_found] row_id=2 | text=CLAIM | confidence=0.999 | claim_cell=(1169, 665)
2026-07-30 10:51:09 [INFO] [state_change] from_state=SCANNING | to_state=CLAIM_FOUND
2026-07-30 10:51:09 [INFO] [state_change] from_state=CLAIM_FOUND | to_state=CLICK_CLAIM
2026-07-30 10:51:09 [INFO] [claim_cell_clicked] row_id=2 | x=1169 | y=665
2026-07-30 10:51:09 [INFO] [state_change] from_state=CLICK_CLAIM | to_state=WAIT_USERNAME
2026-07-30 10:51:11 [INFO] [claim_verified] y_key=664 | cell_text=phan | elapsed_s=1.505
2026-07-30 10:51:11 [INFO] [state_change] from_state=WAIT_USERNAME | to_state=CLAIM_SUCCESS
2026-07-30 10:51:12 [INFO] [select_clicked] y_key=664 | x=1316 | y=665
2026-07-30 10:51:13 [INFO] [state_change] from_state=CLAIM_SUCCESS | to_state=CLICK_SELECT
2026-07-30 10:51:13 [INFO] [state_change] from_state=CLICK_SELECT | to_state=CLICK_CONNECT
2026-07-30 10:51:13 [INFO] [connect_clicked] y_key=664 | x=763 | y=104
2026-07-30 10:51:13 [INFO] [state_change] from_state=CLICK_CONNECT | to_state=CONNECTED
2026-07-30 10:51:13 [INFO] ✓ Connected! Waiting 1000ms then entering STOPPED state.
2026-07-30 10:51:14 [INFO] [state_change] from_state=CONNECTED | to_state=STOPPED
2026-07-30 11:04:26 [INFO] Automation ENABLED (F8)
2026-07-30 11:04:26 [INFO] [state_change] from_state=STOPPED | to_state=SCANNING
2026-07-30 11:04:26 [INFO] [loop_tick] state=SCANNING | rows=3 | claims=0
2026-07-30 11:04:28 [INFO] [loop_tick] state=SCANNING | rows=3 | claims=0
2026-07-30 11:04:30 [INFO] [loop_tick] state=SCANNING | rows=3 | claims=0
2026-07-30 11:04:33 [INFO] [row_detected] total_rows=4 | claim_rows=[2]
2026-07-30 11:04:33 [INFO] [claim_found] row_id=2 | text=CLAIM | confidence=0.999 | claim_cell=(1169, 679)
2026-07-30 11:04:33 [INFO] [state_change] from_state=SCANNING | to_state=CLAIM_FOUND
2026-07-30 11:04:33 [INFO] [state_change] from_state=CLAIM_FOUND | to_state=CLICK_CLAIM
2026-07-30 11:04:34 [INFO] [claim_cell_clicked] row_id=2 | x=1169 | y=679
2026-07-30 11:04:34 [INFO] [state_change] from_state=CLICK_CLAIM | to_state=WAIT_USERNAME
2026-07-30 11:04:35 [INFO] [claim_verified] y_key=680 | cell_text=phan | elapsed_s=1.606
2026-07-30 11:04:35 [INFO] [state_change] from_state=WAIT_USERNAME | to_state=CLAIM_SUCCESS
2026-07-30 11:04:36 [INFO] [select_clicked] y_key=680 | x=1316 | y=679
2026-07-30 11:04:37 [INFO] [state_change] from_state=CLAIM_SUCCESS | to_state=CLICK_SELECT
2026-07-30 11:04:37 [INFO] [state_change] from_state=CLICK_SELECT | to_state=CLICK_CONNECT
2026-07-30 11:04:38 [INFO] [connect_clicked] y_key=680 | x=763 | y=104
2026-07-30 11:04:38 [INFO] [state_change] from_state=CLICK_CONNECT | to_state=CONNECTED
2026-07-30 11:04:38 [INFO] ✓ Connected! Waiting 1000ms then entering STOPPED state.
2026-07-30 11:04:39 [INFO] [state_change] from_state=CONNECTED | to_state=STOPPED
2026-07-30 11:22:19 [INFO] Automation ENABLED (F8)
2026-07-30 11:22:19 [INFO] [state_change] from_state=STOPPED | to_state=SCANNING
2026-07-30 11:22:19 [INFO] [loop_tick] state=SCANNING | rows=5 | claims=0
2026-07-30 11:22:20 [INFO] [loop_tick] state=SCANNING | rows=5 | claims=0
2026-07-30 11:22:22 [INFO] [loop_tick] state=SCANNING | rows=5 | claims=0
2026-07-30 11:22:25 [INFO] [loop_tick] state=SCANNING | rows=5 | claims=0
2026-07-30 11:22:27 [INFO] [loop_tick] state=SCANNING | rows=5 | claims=0
2026-07-30 11:22:29 [INFO] [loop_tick] state=SCANNING | rows=5 | claims=0
2026-07-30 11:22:32 [INFO] [loop_tick] state=SCANNING | rows=5 | claims=0
2026-07-30 11:22:34 [INFO] [loop_tick] state=SCANNING | rows=5 | claims=0
2026-07-30 11:22:36 [INFO] [loop_tick] state=SCANNING | rows=5 | claims=0
2026-07-30 11:22:39 [INFO] [loop_tick] state=SCANNING | rows=5 | claims=0
2026-07-30 11:22:41 [INFO] [loop_tick] state=SCANNING | rows=5 | claims=0
2026-07-30 11:22:43 [INFO] [loop_tick] state=SCANNING | rows=5 | claims=0
2026-07-30 11:22:46 [INFO] [loop_tick] state=SCANNING | rows=5 | claims=0
2026-07-30 11:22:48 [INFO] [loop_tick] state=SCANNING | rows=5 | claims=0
2026-07-30 11:22:51 [INFO] [loop_tick] state=SCANNING | rows=5 | claims=0
2026-07-30 11:22:53 [INFO] [loop_tick] state=SCANNING | rows=5 | claims=0
2026-07-30 11:22:56 [INFO] [loop_tick] state=SCANNING | rows=5 | claims=0
2026-07-30 11:22:58 [INFO] [loop_tick] state=SCANNING | rows=5 | claims=0
2026-07-30 11:23:01 [INFO] [loop_tick] state=SCANNING | rows=5 | claims=0
2026-07-30 11:23:03 [INFO] [loop_tick] state=SCANNING | rows=4 | claims=0
2026-07-30 11:23:05 [INFO] [loop_tick] state=SCANNING | rows=4 | claims=0
2026-07-30 11:23:08 [INFO] [loop_tick] state=SCANNING | rows=4 | claims=0
2026-07-30 11:23:10 [INFO] [loop_tick] state=SCANNING | rows=4 | claims=0
2026-07-30 11:23:12 [INFO] [loop_tick] state=SCANNING | rows=4 | claims=0
2026-07-30 11:23:15 [INFO] [loop_tick] state=SCANNING | rows=4 | claims=0
2026-07-30 11:23:17 [INFO] [row_detected] total_rows=5 | claim_rows=[0]
2026-07-30 11:23:19 [INFO] [row_detected] total_rows=5 | claim_rows=[0]
2026-07-30 11:23:20 [INFO] [row_detected] total_rows=5 | claim_rows=[0]
2026-07-30 11:23:22 [INFO] [loop_tick] state=SCANNING | rows=5 | claims=0
2026-07-30 11:23:22 [INFO] [loop_tick] state=SCANNING | rows=5 | claims=0
2026-07-30 11:23:22 [INFO] [loop_tick] state=SCANNING | rows=5 | claims=0
2026-07-30 11:23:23 [INFO] [loop_tick] state=SCANNING | rows=5 | claims=0
2026-07-30 11:23:24 [INFO] [loop_tick] state=SCANNING | rows=5 | claims=0
2026-07-30 11:23:27 [INFO] [loop_tick] state=SCANNING | rows=5 | claims=0
2026-07-30 11:23:29 [INFO] [loop_tick] state=SCANNING | rows=5 | claims=0
2026-07-30 11:23:31 [INFO] [loop_tick] state=SCANNING | rows=5 | claims=0
2026-07-30 11:23:34 [INFO] [loop_tick] state=SCANNING | rows=5 | claims=0
2026-07-30 11:23:36 [INFO] [loop_tick] state=SCANNING | rows=5 | claims=0
2026-07-30 11:23:39 [INFO] [loop_tick] state=SCANNING | rows=5 | claims=0
2026-07-30 11:23:41 [INFO] [loop_tick] state=SCANNING | rows=5 | claims=0
2026-07-30 11:23:44 [INFO] [loop_tick] state=SCANNING | rows=5 | claims=0
2026-07-30 11:23:46 [INFO] [loop_tick] state=SCANNING | rows=5 | claims=0
2026-07-30 11:23:49 [INFO] [loop_tick] state=SCANNING | rows=5 | claims=0
2026-07-30 11:23:51 [INFO] [loop_tick] state=SCANNING | rows=5 | claims=0
2026-07-30 11:23:54 [INFO] [row_detected] total_rows=6 | claim_rows=[0]
2026-07-30 11:23:54 [INFO] [claim_found] row_id=0 | text=CLAIM | confidence=0.995 | claim_cell=(1168, 619)
2026-07-30 11:23:54 [INFO] [state_change] from_state=SCANNING | to_state=CLAIM_FOUND
2026-07-30 11:23:54 [INFO] [state_change] from_state=CLAIM_FOUND | to_state=CLICK_CLAIM
2026-07-30 11:23:54 [INFO] [claim_cell_clicked] row_id=0 | x=1168 | y=619
2026-07-30 11:23:54 [INFO] [state_change] from_state=CLICK_CLAIM | to_state=WAIT_USERNAME
2026-07-30 11:23:58 [INFO] [claim_verified] y_key=616 | cell_text=phan | elapsed_s=3.714
2026-07-30 11:23:58 [INFO] [state_change] from_state=WAIT_USERNAME | to_state=CLAIM_SUCCESS
2026-07-30 11:23:59 [INFO] [select_clicked] y_key=616 | x=1316 | y=619
2026-07-30 11:24:00 [INFO] [state_change] from_state=CLAIM_SUCCESS | to_state=CLICK_SELECT
2026-07-30 11:24:00 [INFO] [state_change] from_state=CLICK_SELECT | to_state=CLICK_CONNECT
2026-07-30 11:24:00 [INFO] [connect_clicked] y_key=616 | x=763 | y=104
2026-07-30 11:24:00 [INFO] [state_change] from_state=CLICK_CONNECT | to_state=CONNECTED
2026-07-30 11:24:00 [INFO] ✓ Connected! Waiting 1000ms then entering STOPPED state.
2026-07-30 11:24:01 [INFO] [state_change] from_state=CONNECTED | to_state=STOPPED
2026-07-30 11:28:26 [INFO] Automation ENABLED (F8)
2026-07-30 11:28:26 [INFO] [state_change] from_state=STOPPED | to_state=SCANNING
2026-07-30 11:28:26 [INFO] [loop_tick] state=SCANNING | rows=5 | claims=0
2026-07-30 11:28:28 [INFO] [row_detected] total_rows=6 | claim_rows=[0]
2026-07-30 11:28:28 [INFO] [claim_found] row_id=0 | text=CLAIM | confidence=0.999 | claim_cell=(1169, 619)
2026-07-30 11:28:28 [INFO] [state_change] from_state=SCANNING | to_state=CLAIM_FOUND
2026-07-30 11:28:28 [INFO] [state_change] from_state=CLAIM_FOUND | to_state=CLICK_CLAIM
2026-07-30 11:28:29 [INFO] [claim_cell_clicked] row_id=0 | x=1169 | y=619
2026-07-30 11:28:29 [INFO] [state_change] from_state=CLICK_CLAIM | to_state=WAIT_USERNAME
2026-07-30 11:28:30 [INFO] [claim_verified] y_key=616 | cell_text=phan | elapsed_s=1.505
2026-07-30 11:28:30 [INFO] [state_change] from_state=WAIT_USERNAME | to_state=CLAIM_SUCCESS
2026-07-30 11:28:31 [INFO] [select_clicked] y_key=616 | x=1316 | y=619
2026-07-30 11:28:32 [INFO] [state_change] from_state=CLAIM_SUCCESS | to_state=CLICK_SELECT
2026-07-30 11:28:32 [INFO] [state_change] from_state=CLICK_SELECT | to_state=CLICK_CONNECT
2026-07-30 11:28:32 [INFO] [connect_clicked] y_key=616 | x=763 | y=104
2026-07-30 11:28:32 [INFO] [state_change] from_state=CLICK_CONNECT | to_state=CONNECTED
2026-07-30 11:28:32 [INFO] ✓ Connected! Waiting 1000ms then entering STOPPED state.
2026-07-30 11:28:33 [INFO] [state_change] from_state=CONNECTED | to_state=STOPPED
2026-07-30 11:36:59 [INFO] Clean exit requested (ESC).
2026-07-30 11:36:59 [INFO] WorkflowEngine shut down cleanly.
2026-07-30 11:47:53 [INFO] System Tray initialized. Application is running in the background.
2026-07-30 11:47:54 [INFO] All sub-systems initialised.
2026-07-30 11:47:54 [INFO] [state_change] from_state=IDLE | to_state=SCANNING
2026-07-30 11:47:54 [INFO] WorkflowEngine started — user='phan'  table={'left': 53, 'top': 601, 'width': 1484, 'height': 290}
2026-07-30 11:48:06 [INFO] [loop_tick] state=SCANNING | rows=1 | claims=0
2026-07-30 11:48:06 [INFO] [loop_tick] state=SCANNING | rows=1 | claims=0
2026-07-30 11:48:09 [INFO] [loop_tick] state=SCANNING | rows=1 | claims=0
2026-07-30 11:48:11 [INFO] [loop_tick] state=SCANNING | rows=1 | claims=0
2026-07-30 11:48:13 [INFO] [loop_tick] state=SCANNING | rows=1 | claims=0
2026-07-30 11:48:16 [INFO] [loop_tick] state=SCANNING | rows=1 | claims=0
2026-07-30 11:48:18 [INFO] [loop_tick] state=SCANNING | rows=1 | claims=0
2026-07-30 11:48:20 [INFO] [loop_tick] state=SCANNING | rows=1 | claims=0
2026-07-30 11:48:55 [INFO] [row_detected] total_rows=1 | claim_rows=[0]
2026-07-30 11:48:56 [INFO] [claim_found] row_id=0 | text=CLAIM | confidence=0.995 | claim_cell=(1168, 619)
2026-07-30 11:48:56 [INFO] [state_change] from_state=SCANNING | to_state=CLAIM_FOUND
2026-07-30 11:48:56 [INFO] [state_change] from_state=CLAIM_FOUND | to_state=CLICK_CLAIM
2026-07-30 11:48:56 [INFO] [claim_cell_clicked] row_id=0 | x=1168 | y=619
2026-07-30 11:48:56 [INFO] [state_change] from_state=CLICK_CLAIM | to_state=WAIT_USERNAME
2026-07-30 11:48:58 [INFO] [claim_verified] y_key=616 | cell_text=phan | elapsed_s=1.606
2026-07-30 11:48:58 [INFO] [state_change] from_state=WAIT_USERNAME | to_state=CLAIM_SUCCESS
2026-07-30 11:48:58 [INFO] [select_clicked] y_key=616 | x=1316 | y=619
2026-07-30 11:48:59 [INFO] [state_change] from_state=CLAIM_SUCCESS | to_state=CLICK_SELECT
2026-07-30 11:48:59 [INFO] [state_change] from_state=CLICK_SELECT | to_state=CLICK_CONNECT
2026-07-30 11:49:00 [INFO] [connect_clicked] y_key=616 | x=763 | y=104
2026-07-30 11:49:00 [INFO] [state_change] from_state=CLICK_CONNECT | to_state=CONNECTED
2026-07-30 11:49:00 [INFO] ✓ Connected! Waiting 1000ms then entering STOPPED state.
2026-07-30 11:49:01 [INFO] [state_change] from_state=CONNECTED | to_state=STOPPED
2026-07-30 11:57:40 [INFO] Clean exit requested (ESC).
2026-07-30 11:57:40 [INFO] WorkflowEngine shut down cleanly.
