2026-07-06 06:26:07 [INFO] System Tray initialized. Application is running in the background.
2026-07-06 06:26:07 [INFO] All sub-systems initialised.
2026-07-06 06:26:07 [INFO] [state_change] from_state=IDLE | to_state=SCANNING
2026-07-06 06:26:07 [INFO] WorkflowEngine started — user='phan'  table={'left': 52, 'top': 663, 'width': 1486, 'height': 286}
2026-07-06 06:26:11 [INFO] Automation DISABLED (F8)
2026-07-06 06:26:21 [INFO] [loop_tick] state=SCANNING | rows=1 | claims=0
2026-07-06 06:26:21 [INFO] [state_change] from_state=SCANNING | to_state=STOPPED
2026-07-06 06:31:40 [INFO] Clean exit requested (ESC).
2026-07-06 06:31:40 [INFO] WorkflowEngine shut down cleanly.
2026-07-06 06:34:39 [INFO] System Tray initialized. Application is running in the background.
2026-07-06 06:34:39 [INFO] All sub-systems initialised.
2026-07-06 06:34:39 [INFO] [state_change] from_state=IDLE | to_state=SCANNING
2026-07-06 06:34:39 [INFO] WorkflowEngine started — user='phan'  table={'left': 52, 'top': 663, 'width': 1486, 'height': 286}
2026-07-06 06:34:43 [INFO] [loop_tick] state=SCANNING | rows=6 | claims=0
2026-07-06 06:34:43 [INFO] [loop_tick] state=SCANNING | rows=9 | claims=0
2026-07-06 06:34:44 [INFO] [loop_tick] state=SCANNING | rows=9 | claims=0
2026-07-06 06:34:46 [INFO] [loop_tick] state=SCANNING | rows=9 | claims=0
2026-07-06 06:34:49 [INFO] [loop_tick] state=SCANNING | rows=9 | claims=0
2026-07-06 06:34:51 [INFO] [loop_tick] state=SCANNING | rows=8 | claims=0
2026-07-06 06:34:54 [INFO] [loop_tick] state=SCANNING | rows=8 | claims=0
2026-07-06 06:34:56 [INFO] [loop_tick] state=SCANNING | rows=8 | claims=0
2026-07-06 06:34:59 [INFO] [loop_tick] state=SCANNING | rows=8 | claims=0
2026-07-06 06:35:01 [INFO] [loop_tick] state=SCANNING | rows=6 | claims=0
2026-07-06 06:35:03 [INFO] [loop_tick] state=SCANNING | rows=6 | claims=0
2026-07-06 06:35:06 [INFO] [loop_tick] state=SCANNING | rows=6 | claims=0
2026-07-06 06:35:08 [INFO] [loop_tick] state=SCANNING | rows=6 | claims=0
2026-07-06 06:35:10 [INFO] [loop_tick] state=SCANNING | rows=6 | claims=0
2026-07-06 06:35:12 [INFO] [loop_tick] state=SCANNING | rows=6 | claims=0
2026-07-06 06:35:15 [INFO] [loop_tick] state=SCANNING | rows=6 | claims=0
2026-07-06 06:35:17 [INFO] [loop_tick] state=SCANNING | rows=5 | claims=0
2026-07-06 06:35:19 [INFO] [loop_tick] state=SCANNING | rows=5 | claims=0
2026-07-06 06:35:22 [INFO] [loop_tick] state=SCANNING | rows=4 | claims=0
2026-07-06 06:35:24 [INFO] [loop_tick] state=SCANNING | rows=4 | claims=0
2026-07-06 06:35:27 [INFO] [loop_tick] state=SCANNING | rows=4 | claims=0
2026-07-06 06:35:29 [INFO] [loop_tick] state=SCANNING | rows=4 | claims=0
2026-07-06 06:35:32 [INFO] [loop_tick] state=SCANNING | rows=4 | claims=0
2026-07-06 06:35:34 [INFO] [loop_tick] state=SCANNING | rows=4 | claims=0
2026-07-06 06:35:36 [INFO] [loop_tick] state=SCANNING | rows=4 | claims=0
2026-07-06 06:35:39 [INFO] [loop_tick] state=SCANNING | rows=4 | claims=0
2026-07-06 06:35:41 [INFO] [loop_tick] state=SCANNING | rows=3 | claims=0
2026-07-06 06:35:44 [INFO] [loop_tick] state=SCANNING | rows=3 | claims=0
2026-07-06 06:35:46 [INFO] [loop_tick] state=SCANNING | rows=3 | claims=0
2026-07-06 06:35:49 [INFO] [loop_tick] state=SCANNING | rows=3 | claims=0
2026-07-06 06:35:51 [INFO] [loop_tick] state=SCANNING | rows=3 | claims=0
2026-07-06 06:35:54 [INFO] [loop_tick] state=SCANNING | rows=3 | claims=0
2026-07-06 06:35:56 [INFO] [loop_tick] state=SCANNING | rows=3 | claims=0
2026-07-06 06:35:59 [INFO] [loop_tick] state=SCANNING | rows=4 | claims=0
2026-07-06 06:36:01 [INFO] [loop_tick] state=SCANNING | rows=4 | claims=0
2026-07-06 06:36:03 [INFO] [loop_tick] state=SCANNING | rows=4 | claims=0
2026-07-06 06:36:04 [INFO] Automation DISABLED (F8)
2026-07-06 06:36:04 [INFO] [state_change] from_state=SCANNING | to_state=STOPPED
2026-07-06 06:36:10 [INFO] Clean exit requested (ESC).
2026-07-06 06:36:10 [INFO] WorkflowEngine shut down cleanly.
2026-07-06 06:36:17 [INFO] Running CLI Calibration...
2026-07-06 06:36:17 [INFO] Starting calibration...
2026-07-06 06:36:52 [INFO] Calibration complete — all regions configured.
2026-07-06 06:36:52 [INFO] Calibration finished.
2026-07-06 06:37:00 [INFO] Running CLI Calibration...
2026-07-06 06:37:00 [INFO] Starting calibration...
2026-07-06 06:37:37 [INFO] All sub-systems initialised.
2026-07-06 06:37:37 [INFO] System Tray initialized. Application is running in the background.
2026-07-06 06:37:37 [INFO] [state_change] from_state=IDLE | to_state=SCANNING
2026-07-06 06:37:38 [INFO] WorkflowEngine started — user='phan'  table={'left': 51, 'top': 602, 'width': 1487, 'height': 293}
2026-07-06 06:37:41 [INFO] [loop_tick] state=SCANNING | rows=3 | claims=0
2026-07-06 06:37:41 [INFO] [loop_tick] state=SCANNING | rows=6 | claims=0
2026-07-06 06:37:42 [INFO] [loop_tick] state=SCANNING | rows=6 | claims=0
2026-07-06 06:37:42 [INFO] [loop_tick] state=SCANNING | rows=6 | claims=0
2026-07-06 06:37:43 [INFO] [loop_tick] state=SCANNING | rows=6 | claims=0
2026-07-06 06:37:44 [INFO] [loop_tick] state=SCANNING | rows=6 | claims=0
2026-07-06 06:37:44 [INFO] [loop_tick] state=SCANNING | rows=6 | claims=0
2026-07-06 06:37:45 [INFO] [loop_tick] state=SCANNING | rows=7 | claims=0
2026-07-06 06:37:46 [INFO] [loop_tick] state=SCANNING | rows=6 | claims=0
2026-07-06 06:37:47 [INFO] [loop_tick] state=SCANNING | rows=6 | claims=0
2026-07-06 06:37:49 [INFO] [loop_tick] state=SCANNING | rows=6 | claims=0
2026-07-06 06:37:51 [INFO] [loop_tick] state=SCANNING | rows=6 | claims=0
2026-07-06 06:37:53 [INFO] [loop_tick] state=SCANNING | rows=6 | claims=0
2026-07-06 06:37:56 [INFO] [loop_tick] state=SCANNING | rows=6 | claims=0
2026-07-06 06:37:58 [INFO] [loop_tick] state=SCANNING | rows=6 | claims=0
2026-07-06 06:38:00 [INFO] [loop_tick] state=SCANNING | rows=6 | claims=0
2026-07-06 06:38:03 [INFO] [loop_tick] state=SCANNING | rows=6 | claims=0
2026-07-06 06:38:06 [INFO] [row_detected] total_rows=7 | claim_rows=[0]
2026-07-06 06:38:06 [INFO] [claim_found] row_id=0 | text=CLAIM | confidence=0.996 | claim_cell=(1169, 620)
2026-07-06 06:38:06 [INFO] [state_change] from_state=SCANNING | to_state=CLAIM_FOUND
2026-07-06 06:38:06 [INFO] [state_change] from_state=CLAIM_FOUND | to_state=CLICK_CLAIM
2026-07-06 06:38:06 [INFO] [claim_cell_clicked] row_id=0 | x=1169 | y=620
2026-07-06 06:38:06 [INFO] [state_change] from_state=CLICK_CLAIM | to_state=WAIT_USERNAME
2026-07-06 06:38:06 [WARNING] Cell shows 'Ivailable' (not pending and not 'PHAN') — claimed by someone else.
2026-07-06 06:38:06 [INFO] [claim_stolen] y_key=624 | cell_text=Ivailable
2026-07-06 06:38:06 [INFO] [state_change] from_state=WAIT_USERNAME | to_state=SCANNING
2026-07-06 06:38:07 [INFO] [loop_tick] state=SCANNING | rows=7 | claims=0
2026-07-06 06:38:08 [INFO] [loop_tick] state=SCANNING | rows=7 | claims=0
2026-07-06 06:38:09 [INFO] [loop_tick] state=SCANNING | rows=7 | claims=0
2026-07-06 06:38:09 [INFO] [row_detected] total_rows=7 | claim_rows=[0]
2026-07-06 06:38:09 [INFO] [claim_found] row_id=0 | text=CLAIM | confidence=0.896 | claim_cell=(1169, 619)
2026-07-06 06:38:09 [INFO] [state_change] from_state=SCANNING | to_state=CLAIM_FOUND
2026-07-06 06:38:09 [INFO] [state_change] from_state=CLAIM_FOUND | to_state=CLICK_CLAIM
2026-07-06 06:38:10 [INFO] [claim_cell_clicked] row_id=0 | x=1169 | y=619
2026-07-06 06:38:10 [INFO] [state_change] from_state=CLICK_CLAIM | to_state=WAIT_USERNAME
2026-07-06 06:38:11 [INFO] [claim_verified] y_key=616 | cell_text=phan | elapsed_s=1.405
2026-07-06 06:38:11 [INFO] [state_change] from_state=WAIT_USERNAME | to_state=CLAIM_SUCCESS
2026-07-06 06:38:12 [INFO] [select_clicked] y_key=616 | x=1315 | y=619
2026-07-06 06:38:13 [INFO] [state_change] from_state=CLAIM_SUCCESS | to_state=CLICK_SELECT
2026-07-06 06:38:13 [INFO] [state_change] from_state=CLICK_SELECT | to_state=CLICK_CONNECT
2026-07-06 06:38:13 [INFO] [connect_clicked] y_key=616 | x=766 | y=97
2026-07-06 06:38:13 [INFO] [state_change] from_state=CLICK_CONNECT | to_state=CONNECTED
2026-07-06 06:38:13 [INFO] ✓ Connected! Waiting 1000ms then entering STOPPED state.
2026-07-06 06:38:14 [INFO] [state_change] from_state=CONNECTED | to_state=STOPPED
2026-07-06 06:42:48 [INFO] Automation ENABLED (F8)
2026-07-06 06:42:48 [INFO] [state_change] from_state=STOPPED | to_state=SCANNING
2026-07-06 06:42:48 [INFO] [loop_tick] state=SCANNING | rows=3 | claims=0
2026-07-06 06:42:51 [INFO] [loop_tick] state=SCANNING | rows=3 | claims=0
2026-07-06 06:42:53 [INFO] [loop_tick] state=SCANNING | rows=3 | claims=0
2026-07-06 06:42:56 [INFO] [loop_tick] state=SCANNING | rows=3 | claims=0
2026-07-06 06:42:58 [INFO] [loop_tick] state=SCANNING | rows=3 | claims=0
2026-07-06 06:43:00 [INFO] [loop_tick] state=SCANNING | rows=3 | claims=0
2026-07-06 06:43:03 [INFO] [loop_tick] state=SCANNING | rows=3 | claims=0
2026-07-06 06:43:05 [INFO] [loop_tick] state=SCANNING | rows=3 | claims=0
2026-07-06 06:43:08 [INFO] [loop_tick] state=SCANNING | rows=3 | claims=0
2026-07-06 06:43:10 [INFO] [loop_tick] state=SCANNING | rows=3 | claims=0
2026-07-06 06:43:13 [INFO] [loop_tick] state=SCANNING | rows=3 | claims=0
2026-07-06 06:43:15 [INFO] [loop_tick] state=SCANNING | rows=3 | claims=0
2026-07-06 06:43:18 [INFO] [loop_tick] state=SCANNING | rows=3 | claims=0
2026-07-06 06:43:20 [INFO] [loop_tick] state=SCANNING | rows=3 | claims=0
2026-07-06 06:43:23 [INFO] [loop_tick] state=SCANNING | rows=3 | claims=0
2026-07-06 06:43:25 [INFO] [loop_tick] state=SCANNING | rows=3 | claims=0
2026-07-06 06:43:27 [INFO] [loop_tick] state=SCANNING | rows=3 | claims=0
2026-07-06 06:43:30 [INFO] [loop_tick] state=SCANNING | rows=3 | claims=0
2026-07-06 06:43:32 [INFO] [loop_tick] state=SCANNING | rows=3 | claims=0
2026-07-06 06:43:35 [INFO] [loop_tick] state=SCANNING | rows=3 | claims=0
2026-07-06 06:43:37 [INFO] [loop_tick] state=SCANNING | rows=3 | claims=0
2026-07-06 06:43:40 [INFO] [loop_tick] state=SCANNING | rows=3 | claims=0
2026-07-06 06:43:42 [INFO] [loop_tick] state=SCANNING | rows=3 | claims=0
2026-07-06 06:43:45 [INFO] [loop_tick] state=SCANNING | rows=3 | claims=0
2026-07-06 06:43:47 [INFO] [loop_tick] state=SCANNING | rows=3 | claims=0
2026-07-06 06:43:50 [INFO] [loop_tick] state=SCANNING | rows=3 | claims=0
2026-07-06 06:43:51 [INFO] [loop_tick] state=SCANNING | rows=3 | claims=0
2026-07-06 06:43:54 [INFO] [loop_tick] state=SCANNING | rows=3 | claims=0
2026-07-06 06:43:56 [INFO] [loop_tick] state=SCANNING | rows=3 | claims=0
2026-07-06 06:43:57 [INFO] [loop_tick] state=SCANNING | rows=1 | claims=0
2026-07-06 06:44:01 [INFO] [loop_tick] state=SCANNING | rows=3 | claims=0
2026-07-06 06:44:01 [INFO] [loop_tick] state=SCANNING | rows=3 | claims=0
2026-07-06 06:44:03 [INFO] [loop_tick] state=SCANNING | rows=3 | claims=0
2026-07-06 06:44:05 [INFO] [loop_tick] state=SCANNING | rows=3 | claims=0
2026-07-06 06:44:08 [INFO] [loop_tick] state=SCANNING | rows=3 | claims=0
2026-07-06 06:44:10 [INFO] [loop_tick] state=SCANNING | rows=3 | claims=0
2026-07-06 06:44:13 [INFO] [loop_tick] state=SCANNING | rows=3 | claims=0
2026-07-06 06:44:15 [INFO] [loop_tick] state=SCANNING | rows=3 | claims=0
2026-07-06 06:44:18 [INFO] [loop_tick] state=SCANNING | rows=3 | claims=0
2026-07-06 06:44:20 [INFO] [loop_tick] state=SCANNING | rows=3 | claims=0
2026-07-06 06:44:23 [INFO] [loop_tick] state=SCANNING | rows=2 | claims=0
2026-07-06 06:44:24 [INFO] [loop_tick] state=SCANNING | rows=2 | claims=0
2026-07-06 06:44:27 [INFO] [loop_tick] state=SCANNING | rows=2 | claims=0
2026-07-06 06:44:29 [INFO] [loop_tick] state=SCANNING | rows=2 | claims=0
2026-07-06 06:44:31 [INFO] [loop_tick] state=SCANNING | rows=2 | claims=0
2026-07-06 06:44:34 [INFO] [loop_tick] state=SCANNING | rows=2 | claims=0
2026-07-06 06:44:36 [INFO] [loop_tick] state=SCANNING | rows=2 | claims=0
2026-07-06 06:44:39 [INFO] [loop_tick] state=SCANNING | rows=2 | claims=0
2026-07-06 06:44:41 [INFO] [loop_tick] state=SCANNING | rows=2 | claims=0
2026-07-06 06:44:43 [INFO] [loop_tick] state=SCANNING | rows=2 | claims=0
2026-07-06 06:44:46 [INFO] [loop_tick] state=SCANNING | rows=2 | claims=0
2026-07-06 06:44:48 [INFO] [loop_tick] state=SCANNING | rows=2 | claims=0
2026-07-06 06:44:51 [INFO] [loop_tick] state=SCANNING | rows=2 | claims=0
2026-07-06 06:44:53 [INFO] [loop_tick] state=SCANNING | rows=2 | claims=0
2026-07-06 06:44:56 [INFO] [loop_tick] state=SCANNING | rows=2 | claims=0
2026-07-06 06:44:57 [INFO] [loop_tick] state=SCANNING | rows=2 | claims=0
2026-07-06 06:45:00 [INFO] [loop_tick] state=SCANNING | rows=2 | claims=0
2026-07-06 06:45:02 [INFO] [loop_tick] state=SCANNING | rows=2 | claims=0
2026-07-06 06:45:04 [INFO] [loop_tick] state=SCANNING | rows=2 | claims=0
2026-07-06 06:45:07 [INFO] [loop_tick] state=SCANNING | rows=2 | claims=0
2026-07-06 06:45:09 [INFO] [loop_tick] state=SCANNING | rows=2 | claims=0
2026-07-06 06:45:12 [INFO] [loop_tick] state=SCANNING | rows=2 | claims=0
2026-07-06 06:45:14 [INFO] [loop_tick] state=SCANNING | rows=2 | claims=0
2026-07-06 06:45:17 [INFO] [loop_tick] state=SCANNING | rows=2 | claims=0
2026-07-06 06:45:19 [INFO] [loop_tick] state=SCANNING | rows=2 | claims=0
2026-07-06 06:45:22 [INFO] [row_detected] total_rows=3 | claim_rows=[1]
2026-07-06 06:45:22 [INFO] [claim_found] row_id=1 | text=CLAIM | confidence=0.996 | claim_cell=(1169, 650)
2026-07-06 06:45:22 [INFO] [state_change] from_state=SCANNING | to_state=CLAIM_FOUND
2026-07-06 06:45:22 [INFO] [state_change] from_state=CLAIM_FOUND | to_state=CLICK_CLAIM
2026-07-06 06:45:22 [INFO] [claim_cell_clicked] row_id=1 | x=1169 | y=650
2026-07-06 06:45:22 [INFO] [state_change] from_state=CLICK_CLAIM | to_state=WAIT_USERNAME
2026-07-06 06:45:24 [INFO] [claim_verified] y_key=648 | cell_text=phan | elapsed_s=1.206
2026-07-06 06:45:24 [INFO] [state_change] from_state=WAIT_USERNAME | to_state=CLAIM_SUCCESS
2026-07-06 06:45:24 [INFO] [select_clicked] y_key=648 | x=1315 | y=649
2026-07-06 06:45:25 [INFO] [state_change] from_state=CLAIM_SUCCESS | to_state=CLICK_SELECT
2026-07-06 06:45:25 [INFO] [state_change] from_state=CLICK_SELECT | to_state=CLICK_CONNECT
2026-07-06 06:45:26 [INFO] [connect_clicked] y_key=648 | x=766 | y=97
2026-07-06 06:45:26 [INFO] [state_change] from_state=CLICK_CONNECT | to_state=CONNECTED
2026-07-06 06:45:26 [INFO] ✓ Connected! Waiting 1000ms then entering STOPPED state.
2026-07-06 06:45:27 [INFO] [state_change] from_state=CONNECTED | to_state=STOPPED
2026-07-06 06:48:43 [INFO] Automation ENABLED (F8)
2026-07-06 06:48:43 [INFO] [state_change] from_state=STOPPED | to_state=SCANNING
2026-07-06 06:48:43 [INFO] [loop_tick] state=SCANNING | rows=5 | claims=0
2026-07-06 06:48:44 [INFO] [loop_tick] state=SCANNING | rows=5 | claims=0
2026-07-06 06:48:46 [INFO] [loop_tick] state=SCANNING | rows=5 | claims=0
2026-07-06 06:48:49 [INFO] [loop_tick] state=SCANNING | rows=5 | claims=0
2026-07-06 06:48:51 [INFO] [loop_tick] state=SCANNING | rows=5 | claims=0
2026-07-06 06:48:53 [INFO] [loop_tick] state=SCANNING | rows=5 | claims=0
2026-07-06 06:48:56 [INFO] [loop_tick] state=SCANNING | rows=5 | claims=0
2026-07-06 06:48:58 [INFO] [loop_tick] state=SCANNING | rows=5 | claims=0
2026-07-06 06:49:01 [INFO] [loop_tick] state=SCANNING | rows=5 | claims=0
2026-07-06 06:49:03 [INFO] [loop_tick] state=SCANNING | rows=5 | claims=0
2026-07-06 06:49:06 [INFO] [loop_tick] state=SCANNING | rows=5 | claims=0
2026-07-06 06:49:08 [INFO] [loop_tick] state=SCANNING | rows=5 | claims=0
2026-07-06 06:49:10 [INFO] [loop_tick] state=SCANNING | rows=5 | claims=0
2026-07-06 06:49:13 [INFO] [loop_tick] state=SCANNING | rows=4 | claims=0
2026-07-06 06:49:15 [INFO] [loop_tick] state=SCANNING | rows=4 | claims=0
2026-07-06 06:49:18 [INFO] [loop_tick] state=SCANNING | rows=4 | claims=0
2026-07-06 06:49:20 [INFO] [loop_tick] state=SCANNING | rows=4 | claims=0
2026-07-06 06:49:22 [INFO] [loop_tick] state=SCANNING | rows=4 | claims=0
2026-07-06 06:49:24 [INFO] [loop_tick] state=SCANNING | rows=4 | claims=0
2026-07-06 06:49:27 [INFO] [loop_tick] state=SCANNING | rows=4 | claims=0
2026-07-06 06:49:29 [INFO] [loop_tick] state=SCANNING | rows=4 | claims=0
2026-07-06 06:49:32 [INFO] [loop_tick] state=SCANNING | rows=4 | claims=0
2026-07-06 06:49:34 [INFO] [loop_tick] state=SCANNING | rows=4 | claims=0
2026-07-06 06:49:36 [INFO] [loop_tick] state=SCANNING | rows=4 | claims=0
2026-07-06 06:49:39 [INFO] [loop_tick] state=SCANNING | rows=4 | claims=0
2026-07-06 06:49:41 [INFO] [loop_tick] state=SCANNING | rows=4 | claims=0
2026-07-06 06:49:44 [INFO] [row_detected] total_rows=5 | claim_rows=[0]
2026-07-06 06:49:44 [INFO] [claim_found] row_id=0 | text=CLAIM | confidence=0.996 | claim_cell=(1169, 620)
2026-07-06 06:49:44 [INFO] [state_change] from_state=SCANNING | to_state=CLAIM_FOUND
2026-07-06 06:49:44 [INFO] [state_change] from_state=CLAIM_FOUND | to_state=CLICK_CLAIM
2026-07-06 06:49:45 [INFO] [claim_cell_clicked] row_id=0 | x=1169 | y=620
2026-07-06 06:49:45 [INFO] [state_change] from_state=CLICK_CLAIM | to_state=WAIT_USERNAME
2026-07-06 06:49:46 [INFO] [claim_verified] y_key=624 | cell_text=phan | elapsed_s=1.407
2026-07-06 06:49:46 [INFO] [state_change] from_state=WAIT_USERNAME | to_state=CLAIM_SUCCESS
2026-07-06 06:49:47 [INFO] [select_clicked] y_key=624 | x=1315 | y=619
2026-07-06 06:49:48 [INFO] [state_change] from_state=CLAIM_SUCCESS | to_state=CLICK_SELECT
2026-07-06 06:49:48 [INFO] [state_change] from_state=CLICK_SELECT | to_state=CLICK_CONNECT
2026-07-06 06:49:48 [INFO] [connect_clicked] y_key=624 | x=766 | y=97
2026-07-06 06:49:48 [INFO] [state_change] from_state=CLICK_CONNECT | to_state=CONNECTED
2026-07-06 06:49:48 [INFO] ✓ Connected! Waiting 1000ms then entering STOPPED state.
2026-07-06 06:49:49 [INFO] [state_change] from_state=CONNECTED | to_state=STOPPED
2026-07-06 06:53:00 [INFO] Automation ENABLED (F8)
2026-07-06 06:53:00 [INFO] [state_change] from_state=STOPPED | to_state=SCANNING
2026-07-06 06:53:00 [INFO] [loop_tick] state=SCANNING | rows=5 | claims=0
2026-07-06 06:53:02 [INFO] [loop_tick] state=SCANNING | rows=4 | claims=0
2026-07-06 06:53:04 [INFO] [loop_tick] state=SCANNING | rows=4 | claims=0
2026-07-06 06:53:07 [INFO] [loop_tick] state=SCANNING | rows=4 | claims=0
2026-07-06 06:53:09 [INFO] [loop_tick] state=SCANNING | rows=4 | claims=0
2026-07-06 06:53:11 [INFO] [row_detected] total_rows=5 | claim_rows=[0]
2026-07-06 06:53:11 [INFO] [claim_found] row_id=0 | text=CLAIM | confidence=0.996 | claim_cell=(1169, 620)
2026-07-06 06:53:11 [INFO] [state_change] from_state=SCANNING | to_state=CLAIM_FOUND
2026-07-06 06:53:11 [INFO] [state_change] from_state=CLAIM_FOUND | to_state=CLICK_CLAIM
2026-07-06 06:53:12 [INFO] [claim_cell_clicked] row_id=0 | x=1169 | y=620
2026-07-06 06:53:12 [INFO] [state_change] from_state=CLICK_CLAIM | to_state=WAIT_USERNAME
2026-07-06 06:53:13 [INFO] [claim_verified] y_key=624 | cell_text=phan | elapsed_s=1.309
2026-07-06 06:53:13 [INFO] [state_change] from_state=WAIT_USERNAME | to_state=CLAIM_SUCCESS
2026-07-06 06:53:14 [INFO] [select_clicked] y_key=624 | x=1315 | y=619
2026-07-06 06:53:15 [INFO] [state_change] from_state=CLAIM_SUCCESS | to_state=CLICK_SELECT
2026-07-06 06:53:15 [INFO] [state_change] from_state=CLICK_SELECT | to_state=CLICK_CONNECT
2026-07-06 06:53:15 [INFO] [connect_clicked] y_key=624 | x=766 | y=97
2026-07-06 06:53:15 [INFO] [state_change] from_state=CLICK_CONNECT | to_state=CONNECTED
2026-07-06 06:53:15 [INFO] ✓ Connected! Waiting 1000ms then entering STOPPED state.
2026-07-06 06:53:16 [INFO] [state_change] from_state=CONNECTED | to_state=STOPPED
2026-07-06 07:29:44 [INFO] Automation ENABLED (F8)
2026-07-06 07:29:44 [INFO] [state_change] from_state=STOPPED | to_state=SCANNING
2026-07-06 07:29:44 [INFO] [loop_tick] state=SCANNING | rows=6 | claims=0
2026-07-06 07:29:45 [INFO] [loop_tick] state=SCANNING | rows=6 | claims=0
2026-07-06 07:29:48 [INFO] [row_detected] total_rows=7 | claim_rows=[2]
2026-07-06 07:29:48 [INFO] [claim_found] row_id=2 | text=CLAIM | confidence=0.996 | claim_cell=(1169, 680)
2026-07-06 07:29:48 [INFO] [state_change] from_state=SCANNING | to_state=CLAIM_FOUND
2026-07-06 07:29:48 [INFO] [state_change] from_state=CLAIM_FOUND | to_state=CLICK_CLAIM
2026-07-06 07:29:49 [INFO] [claim_cell_clicked] row_id=2 | x=1169 | y=680
2026-07-06 07:29:49 [INFO] [state_change] from_state=CLICK_CLAIM | to_state=WAIT_USERNAME
2026-07-06 07:29:50 [INFO] [claim_verified] y_key=680 | cell_text=phan | elapsed_s=1.206
2026-07-06 07:29:50 [INFO] [state_change] from_state=WAIT_USERNAME | to_state=CLAIM_SUCCESS
2026-07-06 07:29:50 [INFO] [select_clicked] y_key=680 | x=1315 | y=679
2026-07-06 07:29:51 [INFO] [state_change] from_state=CLAIM_SUCCESS | to_state=CLICK_SELECT
2026-07-06 07:29:51 [INFO] [state_change] from_state=CLICK_SELECT | to_state=CLICK_CONNECT
2026-07-06 07:29:52 [INFO] [connect_clicked] y_key=680 | x=766 | y=97
2026-07-06 07:29:52 [INFO] [state_change] from_state=CLICK_CONNECT | to_state=CONNECTED
2026-07-06 07:29:52 [INFO] ✓ Connected! Waiting 1000ms then entering STOPPED state.
2026-07-06 07:29:53 [INFO] [state_change] from_state=CONNECTED | to_state=STOPPED
2026-07-06 07:33:26 [INFO] Automation ENABLED (F8)
2026-07-06 07:33:26 [INFO] [state_change] from_state=STOPPED | to_state=SCANNING
2026-07-06 07:33:27 [INFO] [loop_tick] state=SCANNING | rows=9 | claims=0
2026-07-06 07:33:28 [INFO] [loop_tick] state=SCANNING | rows=9 | claims=0
2026-07-06 07:33:30 [INFO] [row_detected] total_rows=10 | claim_rows=[2]
2026-07-06 07:33:30 [INFO] [claim_found] row_id=2 | text=CLAIM | confidence=0.992 | claim_cell=(1168, 680)
2026-07-06 07:33:30 [INFO] [state_change] from_state=SCANNING | to_state=CLAIM_FOUND
2026-07-06 07:33:30 [INFO] [state_change] from_state=CLAIM_FOUND | to_state=CLICK_CLAIM
2026-07-06 07:33:31 [INFO] [claim_cell_clicked] row_id=2 | x=1168 | y=680
2026-07-06 07:33:31 [INFO] [state_change] from_state=CLICK_CLAIM | to_state=WAIT_USERNAME
2026-07-06 07:33:32 [WARNING] Cell shows 'sophan' (not pending and not 'PHAN') — claimed by someone else.
2026-07-06 07:33:32 [INFO] [claim_stolen] y_key=680 | cell_text=sophan
2026-07-06 07:33:32 [INFO] [state_change] from_state=WAIT_USERNAME | to_state=SCANNING
2026-07-06 07:33:33 [INFO] [row_detected] total_rows=10 | claim_rows=[1]
2026-07-06 07:33:33 [INFO] [claim_found] row_id=1 | text=CLAIM | confidence=0.996 | claim_cell=(1169, 650)
2026-07-06 07:33:33 [INFO] [state_change] from_state=SCANNING | to_state=CLAIM_FOUND
2026-07-06 07:33:33 [INFO] [state_change] from_state=CLAIM_FOUND | to_state=CLICK_CLAIM
2026-07-06 07:33:34 [INFO] [claim_cell_clicked] row_id=1 | x=1169 | y=650
2026-07-06 07:33:34 [INFO] [state_change] from_state=CLICK_CLAIM | to_state=WAIT_USERNAME
2026-07-06 07:33:34 [INFO] [claim_verified] y_key=648 | cell_text=phan | elapsed_s=0.001
2026-07-06 07:33:34 [INFO] [state_change] from_state=WAIT_USERNAME | to_state=CLAIM_SUCCESS
2026-07-06 07:33:34 [INFO] [select_clicked] y_key=648 | x=1315 | y=649
2026-07-06 07:33:35 [INFO] [state_change] from_state=CLAIM_SUCCESS | to_state=CLICK_SELECT
2026-07-06 07:33:35 [INFO] [state_change] from_state=CLICK_SELECT | to_state=CLICK_CONNECT
2026-07-06 07:33:36 [INFO] [connect_clicked] y_key=648 | x=766 | y=97
2026-07-06 07:33:36 [INFO] [state_change] from_state=CLICK_CONNECT | to_state=CONNECTED
2026-07-06 07:33:36 [INFO] ✓ Connected! Waiting 1000ms then entering STOPPED state.
2026-07-06 07:33:37 [INFO] [state_change] from_state=CONNECTED | to_state=STOPPED
2026-07-06 07:33:41 [INFO] Clean exit requested (ESC).
2026-07-06 07:33:41 [INFO] WorkflowEngine shut down cleanly.
2026-07-06 07:34:23 [INFO] System Tray initialized. Application is running in the background.
2026-07-06 07:34:23 [INFO] All sub-systems initialised.
2026-07-06 07:34:23 [INFO] [state_change] from_state=IDLE | to_state=SCANNING
2026-07-06 07:34:23 [INFO] WorkflowEngine started — user='phan'  table={'left': 51, 'top': 602, 'width': 1487, 'height': 293}
2026-07-06 07:34:32 [INFO] [loop_tick] state=SCANNING | rows=10 | claims=0
2026-07-06 07:34:33 [INFO] [loop_tick] state=SCANNING | rows=10 | claims=0
2026-07-06 07:34:34 [INFO] [loop_tick] state=SCANNING | rows=2 | claims=0
2026-07-06 07:34:35 [INFO] [loop_tick] state=SCANNING | rows=6 | claims=0
2026-07-06 07:34:35 [INFO] [loop_tick] state=SCANNING | rows=2 | claims=0
2026-07-06 07:34:36 [INFO] [loop_tick] state=SCANNING | rows=6 | claims=0
2026-07-06 07:34:36 [INFO] [loop_tick] state=SCANNING | rows=6 | claims=0
2026-07-06 07:34:36 [INFO] [loop_tick] state=SCANNING | rows=6 | claims=0
2026-07-06 07:34:37 [INFO] [loop_tick] state=SCANNING | rows=4 | claims=0
2026-07-06 07:34:37 [INFO] [loop_tick] state=SCANNING | rows=4 | claims=0
2026-07-06 07:34:37 [INFO] [loop_tick] state=SCANNING | rows=6 | claims=0
2026-07-06 07:34:37 [INFO] [loop_tick] state=SCANNING | rows=4 | claims=0
2026-07-06 07:34:38 [INFO] [loop_tick] state=SCANNING | rows=6 | claims=0
2026-07-06 07:34:38 [INFO] [loop_tick] state=SCANNING | rows=7 | claims=0
2026-07-06 07:34:38 [INFO] [loop_tick] state=SCANNING | rows=7 | claims=0
2026-07-06 07:34:38 [INFO] [loop_tick] state=SCANNING | rows=6 | claims=0
2026-07-06 07:34:39 [INFO] [loop_tick] state=SCANNING | rows=6 | claims=0
2026-07-06 07:34:39 [INFO] [loop_tick] state=SCANNING | rows=4 | claims=0
2026-07-06 07:34:39 [INFO] [loop_tick] state=SCANNING | rows=5 | claims=0
2026-07-06 07:34:39 [INFO] [loop_tick] state=SCANNING | rows=5 | claims=0
2026-07-06 07:34:40 [INFO] [loop_tick] state=SCANNING | rows=4 | claims=0
2026-07-06 07:34:40 [INFO] [loop_tick] state=SCANNING | rows=4 | claims=0
2026-07-06 07:34:40 [INFO] [loop_tick] state=SCANNING | rows=4 | claims=0
2026-07-06 07:34:40 [INFO] [loop_tick] state=SCANNING | rows=4 | claims=0
2026-07-06 07:34:41 [INFO] [loop_tick] state=SCANNING | rows=4 | claims=0
2026-07-06 07:34:41 [INFO] [loop_tick] state=SCANNING | rows=5 | claims=0
2026-07-06 07:34:41 [INFO] [loop_tick] state=SCANNING | rows=4 | claims=0
2026-07-06 07:34:41 [INFO] [loop_tick] state=SCANNING | rows=3 | claims=0
2026-07-06 07:34:42 [INFO] [loop_tick] state=SCANNING | rows=4 | claims=0
2026-07-06 07:34:42 [INFO] [loop_tick] state=SCANNING | rows=4 | claims=0
2026-07-06 07:34:42 [INFO] [loop_tick] state=SCANNING | rows=4 | claims=0
2026-07-06 07:34:42 [INFO] [loop_tick] state=SCANNING | rows=4 | claims=0
2026-07-06 07:34:43 [INFO] [loop_tick] state=SCANNING | rows=4 | claims=0
2026-07-06 07:34:43 [INFO] [loop_tick] state=SCANNING | rows=3 | claims=0
2026-07-06 07:34:43 [INFO] [loop_tick] state=SCANNING | rows=3 | claims=0
2026-07-06 07:34:43 [INFO] [loop_tick] state=SCANNING | rows=2 | claims=0
2026-07-06 07:34:43 [INFO] [loop_tick] state=SCANNING | rows=2 | claims=0
2026-07-06 07:34:44 [INFO] [loop_tick] state=SCANNING | rows=2 | claims=0
2026-07-06 07:34:44 [INFO] [loop_tick] state=SCANNING | rows=2 | claims=0
2026-07-06 07:34:44 [INFO] [loop_tick] state=SCANNING | rows=2 | claims=0
2026-07-06 07:34:44 [INFO] [loop_tick] state=SCANNING | rows=2 | claims=0
2026-07-06 07:34:45 [INFO] [loop_tick] state=SCANNING | rows=2 | claims=0
2026-07-06 07:34:45 [INFO] [loop_tick] state=SCANNING | rows=2 | claims=0
2026-07-06 07:34:45 [INFO] [loop_tick] state=SCANNING | rows=2 | claims=0
2026-07-06 07:34:45 [INFO] [loop_tick] state=SCANNING | rows=1 | claims=0
2026-07-06 07:34:46 [INFO] [loop_tick] state=SCANNING | rows=1 | claims=0
2026-07-06 07:34:46 [INFO] [loop_tick] state=SCANNING | rows=1 | claims=0
2026-07-06 07:34:46 [INFO] [loop_tick] state=SCANNING | rows=2 | claims=0
2026-07-06 07:34:46 [INFO] [loop_tick] state=SCANNING | rows=2 | claims=0
2026-07-06 07:34:46 [INFO] [loop_tick] state=SCANNING | rows=2 | claims=0
2026-07-06 07:34:46 [INFO] [loop_tick] state=SCANNING | rows=2 | claims=0
2026-07-06 07:34:47 [INFO] [loop_tick] state=SCANNING | rows=2 | claims=0
2026-07-06 07:34:47 [INFO] [loop_tick] state=SCANNING | rows=2 | claims=0
2026-07-06 07:34:47 [INFO] [loop_tick] state=SCANNING | rows=2 | claims=0
2026-07-06 07:34:47 [INFO] [loop_tick] state=SCANNING | rows=1 | claims=0
2026-07-06 07:34:47 [INFO] [loop_tick] state=SCANNING | rows=1 | claims=0
2026-07-06 07:34:47 [INFO] [loop_tick] state=SCANNING | rows=1 | claims=0
2026-07-06 07:34:48 [INFO] [loop_tick] state=SCANNING | rows=1 | claims=0
2026-07-06 07:34:48 [INFO] [loop_tick] state=SCANNING | rows=2 | claims=0
2026-07-06 07:34:48 [INFO] [loop_tick] state=SCANNING | rows=2 | claims=0
2026-07-06 07:34:48 [INFO] [loop_tick] state=SCANNING | rows=2 | claims=0
2026-07-06 07:34:48 [INFO] [loop_tick] state=SCANNING | rows=2 | claims=0
2026-07-06 07:34:49 [INFO] [loop_tick] state=SCANNING | rows=2 | claims=0
2026-07-06 07:34:49 [INFO] [loop_tick] state=SCANNING | rows=2 | claims=0
2026-07-06 07:34:49 [INFO] [loop_tick] state=SCANNING | rows=2 | claims=0
2026-07-06 07:34:50 [INFO] [loop_tick] state=SCANNING | rows=2 | claims=0
2026-07-06 07:34:50 [INFO] [loop_tick] state=SCANNING | rows=2 | claims=0
2026-07-06 07:34:50 [INFO] [loop_tick] state=SCANNING | rows=2 | claims=0
2026-07-06 07:34:50 [INFO] [loop_tick] state=SCANNING | rows=3 | claims=0
2026-07-06 07:34:51 [INFO] [loop_tick] state=SCANNING | rows=3 | claims=0
2026-07-06 07:34:51 [INFO] [loop_tick] state=SCANNING | rows=3 | claims=0
2026-07-06 07:34:51 [INFO] [loop_tick] state=SCANNING | rows=3 | claims=0
2026-07-06 07:34:51 [INFO] [loop_tick] state=SCANNING | rows=4 | claims=0
2026-07-06 07:34:51 [INFO] [loop_tick] state=SCANNING | rows=6 | claims=0
2026-07-06 07:34:52 [INFO] [loop_tick] state=SCANNING | rows=2 | claims=0
2026-07-06 07:34:52 [INFO] [loop_tick] state=SCANNING | rows=2 | claims=0
2026-07-06 07:34:52 [INFO] [loop_tick] state=SCANNING | rows=2 | claims=0
2026-07-06 07:34:52 [INFO] [loop_tick] state=SCANNING | rows=2 | claims=0
2026-07-06 07:34:52 [INFO] [loop_tick] state=SCANNING | rows=2 | claims=0
2026-07-06 07:34:53 [INFO] [loop_tick] state=SCANNING | rows=3 | claims=0
2026-07-06 07:34:53 [INFO] [loop_tick] state=SCANNING | rows=3 | claims=0
2026-07-06 07:34:53 [INFO] [loop_tick] state=SCANNING | rows=2 | claims=0
2026-07-06 07:34:53 [INFO] [loop_tick] state=SCANNING | rows=3 | claims=0
2026-07-06 07:34:53 [INFO] [loop_tick] state=SCANNING | rows=3 | claims=0
2026-07-06 07:34:54 [INFO] [loop_tick] state=SCANNING | rows=3 | claims=0
2026-07-06 07:34:54 [INFO] [loop_tick] state=SCANNING | rows=3 | claims=0
2026-07-06 07:34:54 [INFO] [loop_tick] state=SCANNING | rows=1 | claims=0
2026-07-06 07:34:54 [INFO] [loop_tick] state=SCANNING | rows=2 | claims=0
2026-07-06 07:34:55 [INFO] [loop_tick] state=SCANNING | rows=2 | claims=0
2026-07-06 07:35:17 [INFO] [loop_tick] state=SCANNING | rows=1 | claims=0
2026-07-06 07:35:17 [INFO] [loop_tick] state=SCANNING | rows=7 | claims=0
2026-07-06 07:35:18 [INFO] [loop_tick] state=SCANNING | rows=7 | claims=0
2026-07-06 07:35:18 [INFO] [loop_tick] state=SCANNING | rows=1 | claims=0
2026-07-06 07:35:18 [INFO] [loop_tick] state=SCANNING | rows=7 | claims=0
2026-07-06 07:35:18 [INFO] [loop_tick] state=SCANNING | rows=1 | claims=0
2026-07-06 07:35:19 [INFO] [loop_tick] state=SCANNING | rows=2 | claims=0
2026-07-06 07:35:19 [INFO] [loop_tick] state=SCANNING | rows=2 | claims=0
2026-07-06 07:35:20 [INFO] [loop_tick] state=SCANNING | rows=6 | claims=0
2026-07-06 07:35:22 [INFO] [loop_tick] state=SCANNING | rows=6 | claims=0
2026-07-06 07:35:22 [INFO] [loop_tick] state=SCANNING | rows=6 | claims=0
2026-07-06 07:35:24 [INFO] [loop_tick] state=SCANNING | rows=6 | claims=0
2026-07-06 07:35:27 [INFO] [loop_tick] state=SCANNING | rows=6 | claims=0
2026-07-06 07:35:29 [INFO] [loop_tick] state=SCANNING | rows=6 | claims=0
2026-07-06 07:35:32 [INFO] [loop_tick] state=SCANNING | rows=6 | claims=0
2026-07-06 07:35:35 [INFO] [loop_tick] state=SCANNING | rows=5 | claims=0
2026-07-06 07:35:37 [INFO] [loop_tick] state=SCANNING | rows=5 | claims=0
2026-07-06 07:35:40 [INFO] [row_detected] total_rows=6 | claim_rows=[0]
2026-07-06 07:35:40 [INFO] [claim_found] row_id=0 | text=CLAIM | confidence=0.996 | claim_cell=(1169, 620)
2026-07-06 07:35:40 [INFO] [state_change] from_state=SCANNING | to_state=CLAIM_FOUND
2026-07-06 07:35:40 [INFO] [state_change] from_state=CLAIM_FOUND | to_state=CLICK_CLAIM
2026-07-06 07:35:40 [INFO] [claim_cell_clicked] row_id=0 | x=1169 | y=620
2026-07-06 07:35:40 [INFO] [state_change] from_state=CLICK_CLAIM | to_state=WAIT_USERNAME
2026-07-06 07:35:42 [INFO] [claim_verified] y_key=624 | cell_text=phan | elapsed_s=1.305
2026-07-06 07:35:42 [INFO] [state_change] from_state=WAIT_USERNAME | to_state=CLAIM_SUCCESS
2026-07-06 07:35:42 [INFO] [select_clicked] y_key=624 | x=1315 | y=619
2026-07-06 07:35:43 [INFO] [state_change] from_state=CLAIM_SUCCESS | to_state=CLICK_SELECT
2026-07-06 07:35:43 [INFO] [state_change] from_state=CLICK_SELECT | to_state=CLICK_CONNECT
2026-07-06 07:35:44 [INFO] [connect_clicked] y_key=624 | x=766 | y=97
2026-07-06 07:35:44 [INFO] [state_change] from_state=CLICK_CONNECT | to_state=CONNECTED
2026-07-06 07:35:44 [INFO] ✓ Connected! Waiting 1000ms then entering STOPPED state.
2026-07-06 07:35:45 [INFO] [state_change] from_state=CONNECTED | to_state=STOPPED
2026-07-06 07:45:40 [INFO] Clean exit requested (ESC).
2026-07-06 07:45:40 [INFO] WorkflowEngine shut down cleanly.
2026-07-06 07:48:59 [INFO] System Tray initialized. Application is running in the background.
2026-07-06 07:48:59 [INFO] All sub-systems initialised.
2026-07-06 07:48:59 [INFO] [state_change] from_state=IDLE | to_state=SCANNING
2026-07-06 07:48:59 [INFO] WorkflowEngine started — user='phan'  table={'left': 51, 'top': 602, 'width': 1487, 'height': 293}
2026-07-06 07:49:08 [INFO] [loop_tick] state=SCANNING | rows=3 | claims=0
2026-07-06 07:49:08 [INFO] [loop_tick] state=SCANNING | rows=8 | claims=0
2026-07-06 07:49:09 [INFO] [loop_tick] state=SCANNING | rows=8 | claims=0
2026-07-06 07:49:09 [INFO] [loop_tick] state=SCANNING | rows=6 | claims=0
2026-07-06 07:49:09 [INFO] [loop_tick] state=SCANNING | rows=6 | claims=0
2026-07-06 07:49:09 [INFO] [loop_tick] state=SCANNING | rows=7 | claims=0
2026-07-06 07:49:09 [INFO] [loop_tick] state=SCANNING | rows=6 | claims=0
2026-07-06 07:49:09 [INFO] [loop_tick] state=SCANNING | rows=7 | claims=0
2026-07-06 07:49:09 [INFO] [loop_tick] state=SCANNING | rows=6 | claims=0
2026-07-06 07:49:10 [INFO] [loop_tick] state=SCANNING | rows=6 | claims=0
2026-07-06 07:49:10 [INFO] [loop_tick] state=SCANNING | rows=7 | claims=0
2026-07-06 07:49:10 [INFO] [loop_tick] state=SCANNING | rows=7 | claims=0
2026-07-06 07:49:10 [INFO] [loop_tick] state=SCANNING | rows=4 | claims=0
2026-07-06 07:49:10 [INFO] [loop_tick] state=SCANNING | rows=5 | claims=0
2026-07-06 07:49:10 [INFO] [loop_tick] state=SCANNING | rows=6 | claims=0
2026-07-06 07:49:10 [INFO] [loop_tick] state=SCANNING | rows=4 | claims=0
2026-07-06 07:49:11 [INFO] [loop_tick] state=SCANNING | rows=4 | claims=0
2026-07-06 07:49:11 [INFO] [loop_tick] state=SCANNING | rows=6 | claims=0
2026-07-06 07:49:11 [INFO] [loop_tick] state=SCANNING | rows=6 | claims=0
2026-07-06 07:49:11 [INFO] [loop_tick] state=SCANNING | rows=7 | claims=0
2026-07-06 07:49:11 [INFO] [loop_tick] state=SCANNING | rows=7 | claims=0
2026-07-06 07:49:11 [INFO] [loop_tick] state=SCANNING | rows=7 | claims=0
2026-07-06 07:49:11 [INFO] [loop_tick] state=SCANNING | rows=7 | claims=0
2026-07-06 07:49:11 [INFO] [loop_tick] state=SCANNING | rows=7 | claims=0
2026-07-06 07:49:12 [INFO] [loop_tick] state=SCANNING | rows=7 | claims=0
2026-07-06 07:49:12 [INFO] [loop_tick] state=SCANNING | rows=7 | claims=0
2026-07-06 07:49:12 [INFO] [loop_tick] state=SCANNING | rows=3 | claims=0
2026-07-06 07:49:12 [INFO] [loop_tick] state=SCANNING | rows=3 | claims=0
2026-07-06 07:49:12 [INFO] [loop_tick] state=SCANNING | rows=4 | claims=0
2026-07-06 07:49:12 [INFO] [loop_tick] state=SCANNING | rows=4 | claims=0
2026-07-06 07:49:12 [INFO] [loop_tick] state=SCANNING | rows=3 | claims=0
2026-07-06 07:49:13 [INFO] [loop_tick] state=SCANNING | rows=3 | claims=0
2026-07-06 07:49:13 [INFO] [loop_tick] state=SCANNING | rows=3 | claims=0
2026-07-06 07:49:13 [INFO] [loop_tick] state=SCANNING | rows=3 | claims=0
2026-07-06 07:49:13 [INFO] [loop_tick] state=SCANNING | rows=3 | claims=0
2026-07-06 07:49:13 [INFO] [loop_tick] state=SCANNING | rows=3 | claims=0
2026-07-06 07:49:13 [INFO] [loop_tick] state=SCANNING | rows=3 | claims=0
2026-07-06 07:49:13 [INFO] [loop_tick] state=SCANNING | rows=4 | claims=0
2026-07-06 07:49:14 [INFO] [loop_tick] state=SCANNING | rows=3 | claims=0
2026-07-06 07:49:14 [INFO] [loop_tick] state=SCANNING | rows=3 | claims=0
2026-07-06 07:49:14 [INFO] [loop_tick] state=SCANNING | rows=3 | claims=0
2026-07-06 07:49:14 [INFO] [loop_tick] state=SCANNING | rows=3 | claims=0
2026-07-06 07:49:14 [INFO] [loop_tick] state=SCANNING | rows=4 | claims=0
2026-07-06 07:49:14 [INFO] [loop_tick] state=SCANNING | rows=3 | claims=0
2026-07-06 07:49:15 [INFO] [loop_tick] state=SCANNING | rows=3 | claims=0
2026-07-06 07:49:15 [INFO] [loop_tick] state=SCANNING | rows=3 | claims=0
2026-07-06 07:49:15 [INFO] [loop_tick] state=SCANNING | rows=3 | claims=0
2026-07-06 07:49:15 [INFO] [loop_tick] state=SCANNING | rows=3 | claims=0
2026-07-06 07:49:15 [INFO] [loop_tick] state=SCANNING | rows=3 | claims=0
2026-07-06 07:49:15 [INFO] [loop_tick] state=SCANNING | rows=3 | claims=0
2026-07-06 07:49:15 [INFO] [loop_tick] state=SCANNING | rows=3 | claims=0
2026-07-06 07:49:15 [INFO] [loop_tick] state=SCANNING | rows=3 | claims=0
2026-07-06 07:49:15 [INFO] [loop_tick] state=SCANNING | rows=3 | claims=0
2026-07-06 07:49:16 [INFO] [loop_tick] state=SCANNING | rows=3 | claims=0
2026-07-06 07:49:16 [INFO] [loop_tick] state=SCANNING | rows=3 | claims=0
2026-07-06 07:49:16 [INFO] [loop_tick] state=SCANNING | rows=3 | claims=0
2026-07-06 07:49:16 [INFO] [loop_tick] state=SCANNING | rows=3 | claims=0
2026-07-06 07:49:16 [INFO] [loop_tick] state=SCANNING | rows=3 | claims=0
2026-07-06 07:49:16 [INFO] [loop_tick] state=SCANNING | rows=3 | claims=0
2026-07-06 07:49:16 [INFO] [loop_tick] state=SCANNING | rows=3 | claims=0
2026-07-06 07:49:17 [INFO] [loop_tick] state=SCANNING | rows=3 | claims=0
2026-07-06 07:49:17 [INFO] [loop_tick] state=SCANNING | rows=3 | claims=0
2026-07-06 07:49:17 [INFO] [loop_tick] state=SCANNING | rows=3 | claims=0
2026-07-06 07:49:17 [INFO] [loop_tick] state=SCANNING | rows=3 | claims=0
2026-07-06 07:49:17 [INFO] [loop_tick] state=SCANNING | rows=3 | claims=0
2026-07-06 07:49:17 [INFO] [loop_tick] state=SCANNING | rows=3 | claims=0
2026-07-06 07:49:17 [INFO] [loop_tick] state=SCANNING | rows=3 | claims=0
2026-07-06 07:49:17 [INFO] [loop_tick] state=SCANNING | rows=3 | claims=0
2026-07-06 07:49:18 [INFO] [loop_tick] state=SCANNING | rows=3 | claims=0
2026-07-06 07:49:18 [INFO] [loop_tick] state=SCANNING | rows=3 | claims=0
2026-07-06 07:49:18 [INFO] [loop_tick] state=SCANNING | rows=3 | claims=0
2026-07-06 07:49:18 [INFO] [loop_tick] state=SCANNING | rows=3 | claims=0
2026-07-06 07:49:18 [INFO] [loop_tick] state=SCANNING | rows=3 | claims=0
2026-07-06 07:49:18 [INFO] [loop_tick] state=SCANNING | rows=3 | claims=0
2026-07-06 07:49:19 [INFO] [loop_tick] state=SCANNING | rows=3 | claims=0
2026-07-06 07:49:19 [INFO] [loop_tick] state=SCANNING | rows=3 | claims=0
2026-07-06 07:49:19 [INFO] [loop_tick] state=SCANNING | rows=3 | claims=0
2026-07-06 07:49:19 [INFO] [loop_tick] state=SCANNING | rows=3 | claims=0
2026-07-06 07:49:19 [INFO] [loop_tick] state=SCANNING | rows=3 | claims=0
2026-07-06 07:49:19 [INFO] [loop_tick] state=SCANNING | rows=3 | claims=0
2026-07-06 07:49:19 [INFO] [loop_tick] state=SCANNING | rows=3 | claims=0
2026-07-06 07:49:20 [INFO] [loop_tick] state=SCANNING | rows=3 | claims=0
2026-07-06 07:49:20 [INFO] [loop_tick] state=SCANNING | rows=3 | claims=0
2026-07-06 07:49:20 [INFO] [loop_tick] state=SCANNING | rows=3 | claims=0
2026-07-06 07:49:20 [INFO] [loop_tick] state=SCANNING | rows=3 | claims=0
2026-07-06 07:49:20 [INFO] [loop_tick] state=SCANNING | rows=4 | claims=0
2026-07-06 07:49:20 [INFO] [loop_tick] state=SCANNING | rows=3 | claims=0
2026-07-06 07:49:20 [INFO] [loop_tick] state=SCANNING | rows=3 | claims=0
2026-07-06 07:49:21 [INFO] [loop_tick] state=SCANNING | rows=3 | claims=0
2026-07-06 07:49:21 [INFO] [loop_tick] state=SCANNING | rows=4 | claims=0
2026-07-06 07:49:21 [INFO] [loop_tick] state=SCANNING | rows=3 | claims=0
2026-07-06 07:49:21 [INFO] [loop_tick] state=SCANNING | rows=3 | claims=0
2026-07-06 07:49:21 [INFO] [loop_tick] state=SCANNING | rows=3 | claims=0
2026-07-06 07:49:21 [INFO] [loop_tick] state=SCANNING | rows=3 | claims=0
2026-07-06 07:49:21 [INFO] [loop_tick] state=SCANNING | rows=3 | claims=0
2026-07-06 07:49:21 [INFO] [loop_tick] state=SCANNING | rows=3 | claims=0
2026-07-06 07:49:22 [INFO] [loop_tick] state=SCANNING | rows=3 | claims=0
2026-07-06 07:49:22 [INFO] [loop_tick] state=SCANNING | rows=3 | claims=0
2026-07-06 07:49:22 [INFO] [loop_tick] state=SCANNING | rows=3 | claims=0
2026-07-06 07:49:22 [INFO] [loop_tick] state=SCANNING | rows=3 | claims=0
2026-07-06 07:49:22 [INFO] [loop_tick] state=SCANNING | rows=3 | claims=0
2026-07-06 07:49:22 [INFO] [loop_tick] state=SCANNING | rows=3 | claims=0
2026-07-06 07:49:22 [INFO] [loop_tick] state=SCANNING | rows=3 | claims=0
2026-07-06 07:49:22 [INFO] [loop_tick] state=SCANNING | rows=3 | claims=0
2026-07-06 07:49:23 [INFO] [loop_tick] state=SCANNING | rows=3 | claims=0
2026-07-06 07:49:23 [INFO] [loop_tick] state=SCANNING | rows=3 | claims=0
2026-07-06 07:49:23 [INFO] [loop_tick] state=SCANNING | rows=4 | claims=0
2026-07-06 07:49:23 [INFO] [loop_tick] state=SCANNING | rows=4 | claims=0
2026-07-06 07:49:23 [INFO] [loop_tick] state=SCANNING | rows=3 | claims=0
2026-07-06 07:49:23 [INFO] [loop_tick] state=SCANNING | rows=3 | claims=0
2026-07-06 07:49:23 [INFO] [loop_tick] state=SCANNING | rows=3 | claims=0
2026-07-06 07:49:24 [INFO] [loop_tick] state=SCANNING | rows=3 | claims=0
2026-07-06 07:49:24 [INFO] [loop_tick] state=SCANNING | rows=3 | claims=0
2026-07-06 07:49:24 [INFO] [loop_tick] state=SCANNING | rows=3 | claims=0
2026-07-06 07:49:24 [INFO] [loop_tick] state=SCANNING | rows=3 | claims=0
2026-07-06 07:49:24 [INFO] [loop_tick] state=SCANNING | rows=4 | claims=0
2026-07-06 07:49:24 [INFO] [loop_tick] state=SCANNING | rows=4 | claims=0
2026-07-06 07:49:25 [INFO] [loop_tick] state=SCANNING | rows=3 | claims=0
2026-07-06 07:49:25 [INFO] [loop_tick] state=SCANNING | rows=3 | claims=0
2026-07-06 07:49:25 [INFO] [loop_tick] state=SCANNING | rows=3 | claims=0
2026-07-06 07:49:25 [INFO] [loop_tick] state=SCANNING | rows=3 | claims=0
2026-07-06 07:49:25 [INFO] [loop_tick] state=SCANNING | rows=3 | claims=0
2026-07-06 07:49:25 [INFO] [loop_tick] state=SCANNING | rows=3 | claims=0
2026-07-06 07:49:25 [INFO] [loop_tick] state=SCANNING | rows=3 | claims=0
2026-07-06 07:49:25 [INFO] [loop_tick] state=SCANNING | rows=3 | claims=0
2026-07-06 07:49:26 [INFO] [loop_tick] state=SCANNING | rows=3 | claims=0
2026-07-06 07:49:26 [INFO] [loop_tick] state=SCANNING | rows=3 | claims=0
2026-07-06 07:49:26 [INFO] [loop_tick] state=SCANNING | rows=3 | claims=0
2026-07-06 07:49:26 [INFO] [loop_tick] state=SCANNING | rows=3 | claims=0
2026-07-06 07:49:26 [INFO] [loop_tick] state=SCANNING | rows=3 | claims=0
2026-07-06 07:49:26 [INFO] [loop_tick] state=SCANNING | rows=3 | claims=0
2026-07-06 07:49:26 [INFO] [loop_tick] state=SCANNING | rows=3 | claims=0
2026-07-06 07:49:26 [INFO] [loop_tick] state=SCANNING | rows=3 | claims=0
2026-07-06 07:49:26 [INFO] [loop_tick] state=SCANNING | rows=3 | claims=0
2026-07-06 07:49:27 [INFO] [loop_tick] state=SCANNING | rows=3 | claims=0
2026-07-06 07:49:27 [INFO] [loop_tick] state=SCANNING | rows=3 | claims=0
2026-07-06 07:49:27 [INFO] [loop_tick] state=SCANNING | rows=3 | claims=0
2026-07-06 07:49:27 [INFO] [loop_tick] state=SCANNING | rows=3 | claims=0
2026-07-06 07:49:27 [INFO] [loop_tick] state=SCANNING | rows=3 | claims=0
2026-07-06 07:49:27 [INFO] [loop_tick] state=SCANNING | rows=3 | claims=0
2026-07-06 07:49:27 [INFO] [loop_tick] state=SCANNING | rows=3 | claims=0
2026-07-06 07:49:27 [INFO] [loop_tick] state=SCANNING | rows=3 | claims=0
2026-07-06 07:49:28 [INFO] [loop_tick] state=SCANNING | rows=4 | claims=0
2026-07-06 07:49:28 [INFO] [loop_tick] state=SCANNING | rows=3 | claims=0
2026-07-06 07:49:28 [INFO] [loop_tick] state=SCANNING | rows=3 | claims=0
2026-07-06 07:49:28 [INFO] [loop_tick] state=SCANNING | rows=4 | claims=0
2026-07-06 07:49:28 [INFO] [loop_tick] state=SCANNING | rows=3 | claims=0
2026-07-06 07:49:28 [INFO] [loop_tick] state=SCANNING | rows=3 | claims=0
2026-07-06 07:49:28 [INFO] [loop_tick] state=SCANNING | rows=3 | claims=0
2026-07-06 07:49:28 [INFO] [loop_tick] state=SCANNING | rows=4 | claims=0
2026-07-06 07:49:29 [INFO] [loop_tick] state=SCANNING | rows=3 | claims=0
2026-07-06 07:49:29 [INFO] [loop_tick] state=SCANNING | rows=4 | claims=0
2026-07-06 07:49:29 [INFO] [loop_tick] state=SCANNING | rows=3 | claims=0
2026-07-06 07:49:29 [INFO] [loop_tick] state=SCANNING | rows=3 | claims=0
2026-07-06 07:49:29 [INFO] [loop_tick] state=SCANNING | rows=3 | claims=0
2026-07-06 07:49:29 [INFO] [loop_tick] state=SCANNING | rows=3 | claims=0
2026-07-06 07:49:29 [INFO] [loop_tick] state=SCANNING | rows=3 | claims=0
2026-07-06 07:49:30 [INFO] [loop_tick] state=SCANNING | rows=3 | claims=0
2026-07-06 07:49:30 [INFO] [loop_tick] state=SCANNING | rows=3 | claims=0
2026-07-06 07:49:30 [INFO] [loop_tick] state=SCANNING | rows=3 | claims=0
2026-07-06 07:49:30 [INFO] [loop_tick] state=SCANNING | rows=3 | claims=0
2026-07-06 07:49:30 [INFO] [loop_tick] state=SCANNING | rows=4 | claims=0
2026-07-06 07:49:30 [INFO] [loop_tick] state=SCANNING | rows=3 | claims=0
2026-07-06 07:49:30 [INFO] [loop_tick] state=SCANNING | rows=3 | claims=0
2026-07-06 07:49:31 [INFO] [loop_tick] state=SCANNING | rows=3 | claims=0
2026-07-06 07:49:31 [INFO] [loop_tick] state=SCANNING | rows=3 | claims=0
2026-07-06 07:49:31 [INFO] [loop_tick] state=SCANNING | rows=3 | claims=0
2026-07-06 07:49:31 [INFO] [loop_tick] state=SCANNING | rows=3 | claims=0
2026-07-06 07:49:31 [INFO] [loop_tick] state=SCANNING | rows=3 | claims=0
2026-07-06 07:49:31 [INFO] [loop_tick] state=SCANNING | rows=3 | claims=0
2026-07-06 07:49:31 [INFO] [loop_tick] state=SCANNING | rows=3 | claims=0
2026-07-06 07:49:31 [INFO] [loop_tick] state=SCANNING | rows=3 | claims=0
2026-07-06 07:49:31 [INFO] [loop_tick] state=SCANNING | rows=3 | claims=0
2026-07-06 07:49:32 [INFO] [loop_tick] state=SCANNING | rows=3 | claims=0
2026-07-06 07:49:32 [INFO] [loop_tick] state=SCANNING | rows=3 | claims=0
2026-07-06 07:49:32 [INFO] [loop_tick] state=SCANNING | rows=3 | claims=0
2026-07-06 07:49:32 [INFO] [loop_tick] state=SCANNING | rows=3 | claims=0
2026-07-06 07:49:32 [INFO] [loop_tick] state=SCANNING | rows=4 | claims=0
2026-07-06 07:49:32 [INFO] [loop_tick] state=SCANNING | rows=3 | claims=0
2026-07-06 07:49:32 [INFO] [loop_tick] state=SCANNING | rows=3 | claims=0
2026-07-06 07:49:33 [INFO] [loop_tick] state=SCANNING | rows=3 | claims=0
2026-07-06 07:49:33 [INFO] [loop_tick] state=SCANNING | rows=3 | claims=0
2026-07-06 07:49:33 [INFO] [loop_tick] state=SCANNING | rows=3 | claims=0
2026-07-06 07:49:33 [INFO] [loop_tick] state=SCANNING | rows=3 | claims=0
2026-07-06 07:49:33 [INFO] [loop_tick] state=SCANNING | rows=3 | claims=0
2026-07-06 07:49:33 [INFO] [loop_tick] state=SCANNING | rows=3 | claims=0
2026-07-06 07:49:33 [INFO] [loop_tick] state=SCANNING | rows=3 | claims=0
2026-07-06 07:49:33 [INFO] [loop_tick] state=SCANNING | rows=3 | claims=0
2026-07-06 07:49:34 [INFO] [loop_tick] state=SCANNING | rows=3 | claims=0
2026-07-06 07:49:34 [INFO] [loop_tick] state=SCANNING | rows=3 | claims=0
2026-07-06 07:49:34 [INFO] [loop_tick] state=SCANNING | rows=3 | claims=0
2026-07-06 07:49:34 [INFO] [loop_tick] state=SCANNING | rows=3 | claims=0
2026-07-06 07:49:34 [INFO] [loop_tick] state=SCANNING | rows=3 | claims=0
2026-07-06 07:49:34 [INFO] [loop_tick] state=SCANNING | rows=3 | claims=0
2026-07-06 07:49:34 [INFO] [loop_tick] state=SCANNING | rows=3 | claims=0
2026-07-06 07:49:35 [INFO] [loop_tick] state=SCANNING | rows=3 | claims=0
2026-07-06 07:49:35 [INFO] [loop_tick] state=SCANNING | rows=3 | claims=0
2026-07-06 07:49:35 [INFO] [loop_tick] state=SCANNING | rows=3 | claims=0
2026-07-06 07:49:35 [INFO] [loop_tick] state=SCANNING | rows=3 | claims=0
2026-07-06 07:49:35 [INFO] [loop_tick] state=SCANNING | rows=3 | claims=0
2026-07-06 07:49:35 [INFO] [loop_tick] state=SCANNING | rows=3 | claims=0
2026-07-06 07:49:36 [INFO] [loop_tick] state=SCANNING | rows=2 | claims=0
2026-07-06 07:49:36 [INFO] [loop_tick] state=SCANNING | rows=6 | claims=0
2026-07-06 07:49:36 [INFO] [loop_tick] state=SCANNING | rows=6 | claims=0
2026-07-06 07:49:37 [INFO] [loop_tick] state=SCANNING | rows=6 | claims=0
2026-07-06 07:49:37 [INFO] [loop_tick] state=SCANNING | rows=6 | claims=0
2026-07-06 07:49:37 [INFO] [loop_tick] state=SCANNING | rows=4 | claims=0
2026-07-06 07:49:37 [INFO] [loop_tick] state=SCANNING | rows=6 | claims=0
2026-07-06 07:49:38 [INFO] [loop_tick] state=SCANNING | rows=4 | claims=0
2026-07-06 07:49:38 [INFO] [loop_tick] state=SCANNING | rows=4 | claims=0
2026-07-06 07:49:38 [INFO] [loop_tick] state=SCANNING | rows=5 | claims=0
2026-07-06 07:49:38 [INFO] [loop_tick] state=SCANNING | rows=4 | claims=0
2026-07-06 07:49:38 [INFO] [loop_tick] state=SCANNING | rows=3 | claims=0
2026-07-06 07:49:39 [INFO] [loop_tick] state=SCANNING | rows=3 | claims=0
2026-07-06 07:49:39 [INFO] [loop_tick] state=SCANNING | rows=4 | claims=0
2026-07-06 07:49:39 [INFO] [loop_tick] state=SCANNING | rows=6 | claims=0
2026-07-06 07:49:39 [INFO] [loop_tick] state=SCANNING | rows=5 | claims=0
2026-07-06 07:49:39 [INFO] [loop_tick] state=SCANNING | rows=5 | claims=0
2026-07-06 07:49:39 [INFO] [loop_tick] state=SCANNING | rows=4 | claims=0
2026-07-06 07:49:40 [INFO] [loop_tick] state=SCANNING | rows=4 | claims=0
2026-07-06 07:49:40 [INFO] [loop_tick] state=SCANNING | rows=4 | claims=0
2026-07-06 07:49:40 [INFO] [loop_tick] state=SCANNING | rows=4 | claims=0
2026-07-06 07:49:41 [INFO] [loop_tick] state=SCANNING | rows=1 | claims=0
2026-07-06 07:49:41 [INFO] [loop_tick] state=SCANNING | rows=1 | claims=0
2026-07-06 07:49:43 [INFO] [loop_tick] state=SCANNING | rows=1 | claims=0
2026-07-06 07:49:45 [INFO] [loop_tick] state=SCANNING | rows=1 | claims=0
2026-07-06 07:49:46 [INFO] [loop_tick] state=SCANNING | rows=1 | claims=0
2026-07-06 07:49:48 [INFO] [loop_tick] state=SCANNING | rows=1 | claims=0
2026-07-06 07:49:50 [INFO] [loop_tick] state=SCANNING | rows=1 | claims=0
2026-07-06 07:50:14 [INFO] [row_detected] total_rows=1 | claim_rows=[0]
2026-07-06 07:50:14 [INFO] [claim_found] row_id=0 | text=CLAIM | confidence=0.996 | claim_cell=(1169, 620)
2026-07-06 07:50:14 [INFO] [state_change] from_state=SCANNING | to_state=CLAIM_FOUND
2026-07-06 07:50:14 [INFO] [state_change] from_state=CLAIM_FOUND | to_state=CLICK_CLAIM
2026-07-06 07:50:15 [INFO] [claim_cell_clicked] row_id=0 | x=1169 | y=620
2026-07-06 07:50:15 [INFO] [state_change] from_state=CLICK_CLAIM | to_state=WAIT_USERNAME
2026-07-06 07:50:17 [INFO] [claim_verified] y_key=624 | cell_text=phan | elapsed_s=1.615
2026-07-06 07:50:17 [INFO] [state_change] from_state=WAIT_USERNAME | to_state=CLAIM_SUCCESS
2026-07-06 07:50:17 [INFO] [select_clicked] y_key=624 | x=1315 | y=619
2026-07-06 07:50:18 [INFO] [state_change] from_state=CLAIM_SUCCESS | to_state=CLICK_SELECT
2026-07-06 07:50:18 [INFO] [state_change] from_state=CLICK_SELECT | to_state=CLICK_CONNECT
2026-07-06 07:50:19 [INFO] [connect_clicked] y_key=624 | x=766 | y=97
2026-07-06 07:50:19 [INFO] [state_change] from_state=CLICK_CONNECT | to_state=CONNECTED
2026-07-06 07:50:19 [INFO] ✓ Connected! Waiting 1000ms then entering STOPPED state.
2026-07-06 07:50:20 [INFO] [state_change] from_state=CONNECTED | to_state=STOPPED
2026-07-06 07:52:48 [INFO] Automation ENABLED (F8)
2026-07-06 07:52:48 [INFO] [state_change] from_state=STOPPED | to_state=SCANNING
2026-07-06 07:52:48 [INFO] [row_detected] total_rows=3 | claim_rows=[0]
2026-07-06 07:52:48 [INFO] [claim_found] row_id=0 | text=CLAIM | confidence=0.996 | claim_cell=(1169, 620)
2026-07-06 07:52:48 [INFO] [state_change] from_state=SCANNING | to_state=CLAIM_FOUND
2026-07-06 07:52:48 [INFO] [state_change] from_state=CLAIM_FOUND | to_state=CLICK_CLAIM
2026-07-06 07:52:49 [INFO] [claim_cell_clicked] row_id=0 | x=1169 | y=620
2026-07-06 07:52:49 [INFO] [state_change] from_state=CLICK_CLAIM | to_state=WAIT_USERNAME
2026-07-06 07:52:50 [INFO] [claim_verified] y_key=624 | cell_text=phan | elapsed_s=1.407
2026-07-06 07:52:50 [INFO] [state_change] from_state=WAIT_USERNAME | to_state=CLAIM_SUCCESS
2026-07-06 07:52:50 [INFO] Automation DISABLED (F8)
2026-07-06 07:52:51 [INFO] [select_clicked] y_key=624 | x=1315 | y=619
2026-07-06 07:52:52 [INFO] [state_change] from_state=CLAIM_SUCCESS | to_state=CLICK_SELECT
2026-07-06 07:52:52 [INFO] [state_change] from_state=CLICK_SELECT | to_state=STOPPED
2026-07-06 08:01:58 [INFO] Clean exit requested (ESC).
2026-07-06 08:01:58 [INFO] WorkflowEngine shut down cleanly.
2026-07-06 08:48:27 [INFO] System Tray initialized. Application is running in the background.
2026-07-06 08:48:27 [INFO] All sub-systems initialised.
2026-07-06 08:48:27 [INFO] [state_change] from_state=IDLE | to_state=SCANNING
2026-07-06 08:48:27 [INFO] WorkflowEngine started — user='phan'  table={'left': 51, 'top': 602, 'width': 1487, 'height': 293}
2026-07-06 08:48:32 [INFO] [loop_tick] state=SCANNING | rows=2 | claims=0
2026-07-06 08:48:32 [INFO] [loop_tick] state=SCANNING | rows=2 | claims=0
2026-07-06 08:48:33 [INFO] [row_detected] total_rows=4 | claim_rows=[0, 1]
2026-07-06 08:48:33 [INFO] [claim_found] row_id=0 | text=CLAIM | confidence=0.996 | claim_cell=(1169, 620)
2026-07-06 08:48:33 [INFO] [state_change] from_state=SCANNING | to_state=CLAIM_FOUND
2026-07-06 08:48:33 [INFO] [state_change] from_state=CLAIM_FOUND | to_state=CLICK_CLAIM
2026-07-06 08:48:34 [INFO] [claim_cell_clicked] row_id=0 | x=1169 | y=620
2026-07-06 08:48:34 [INFO] [state_change] from_state=CLICK_CLAIM | to_state=WAIT_USERNAME
2026-07-06 08:48:35 [INFO] [claim_verified] y_key=624 | cell_text=phan | elapsed_s=1.506
2026-07-06 08:48:35 [INFO] [state_change] from_state=WAIT_USERNAME | to_state=CLAIM_SUCCESS
2026-07-06 08:48:36 [INFO] [select_clicked] y_key=624 | x=1315 | y=619
2026-07-06 08:48:37 [INFO] [state_change] from_state=CLAIM_SUCCESS | to_state=CLICK_SELECT
2026-07-06 08:48:37 [INFO] [state_change] from_state=CLICK_SELECT | to_state=CLICK_CONNECT
2026-07-06 08:48:38 [INFO] [connect_clicked] y_key=624 | x=766 | y=97
2026-07-06 08:48:38 [INFO] [state_change] from_state=CLICK_CONNECT | to_state=CONNECTED
2026-07-06 08:48:38 [INFO] ✓ Connected! Waiting 1000ms then entering STOPPED state.
2026-07-06 08:48:39 [INFO] [state_change] from_state=CONNECTED | to_state=STOPPED
2026-07-06 08:56:26 [INFO] Automation ENABLED (F8)
2026-07-06 08:56:26 [INFO] [state_change] from_state=STOPPED | to_state=SCANNING
2026-07-06 08:56:27 [INFO] [loop_tick] state=SCANNING | rows=9 | claims=0
2026-07-06 08:56:27 [INFO] [loop_tick] state=SCANNING | rows=9 | claims=0
2026-07-06 08:56:30 [INFO] [loop_tick] state=SCANNING | rows=9 | claims=0
2026-07-06 08:56:32 [INFO] [loop_tick] state=SCANNING | rows=9 | claims=0
2026-07-06 08:56:34 [INFO] [loop_tick] state=SCANNING | rows=9 | claims=0
2026-07-06 08:56:37 [INFO] [loop_tick] state=SCANNING | rows=7 | claims=0
2026-07-06 08:56:39 [INFO] [loop_tick] state=SCANNING | rows=7 | claims=0
2026-07-06 08:56:41 [INFO] [loop_tick] state=SCANNING | rows=7 | claims=0
2026-07-06 08:56:44 [INFO] [row_detected] total_rows=7 | claim_rows=[2]
2026-07-06 08:56:44 [INFO] [claim_found] row_id=2 | text=CLAIM | confidence=0.996 | claim_cell=(1169, 680)
2026-07-06 08:56:44 [INFO] [state_change] from_state=SCANNING | to_state=CLAIM_FOUND
2026-07-06 08:56:44 [INFO] [state_change] from_state=CLAIM_FOUND | to_state=CLICK_CLAIM
2026-07-06 08:56:45 [INFO] [claim_cell_clicked] row_id=2 | x=1169 | y=680
2026-07-06 08:56:45 [INFO] [state_change] from_state=CLICK_CLAIM | to_state=WAIT_USERNAME
2026-07-06 08:56:46 [INFO] [claim_verified] y_key=680 | cell_text=phan | elapsed_s=1.506
2026-07-06 08:56:46 [INFO] [state_change] from_state=WAIT_USERNAME | to_state=CLAIM_SUCCESS
2026-07-06 08:56:47 [INFO] [select_clicked] y_key=680 | x=1315 | y=679
2026-07-06 08:56:48 [INFO] [state_change] from_state=CLAIM_SUCCESS | to_state=CLICK_SELECT
2026-07-06 08:56:48 [INFO] [state_change] from_state=CLICK_SELECT | to_state=CLICK_CONNECT
2026-07-06 08:56:49 [INFO] [connect_clicked] y_key=680 | x=766 | y=97
2026-07-06 08:56:49 [INFO] [state_change] from_state=CLICK_CONNECT | to_state=CONNECTED
2026-07-06 08:56:49 [INFO] ✓ Connected! Waiting 1000ms then entering STOPPED state.
2026-07-06 08:56:50 [INFO] [state_change] from_state=CONNECTED | to_state=STOPPED
2026-07-06 08:59:03 [INFO] Clean exit requested (ESC).
2026-07-06 08:59:03 [INFO] WorkflowEngine shut down cleanly.
2026-07-06 09:06:04 [INFO] System Tray initialized. Application is running in the background.
2026-07-06 09:06:04 [INFO] All sub-systems initialised.
2026-07-06 09:06:04 [INFO] [state_change] from_state=IDLE | to_state=SCANNING
2026-07-06 09:06:04 [INFO] WorkflowEngine started — user='phan'  table={'left': 51, 'top': 602, 'width': 1487, 'height': 293}
2026-07-06 09:06:07 [INFO] Automation DISABLED (F8)
2026-07-06 09:06:08 [INFO] [loop_tick] state=SCANNING | rows=3 | claims=0
2026-07-06 09:06:08 [INFO] [state_change] from_state=SCANNING | to_state=STOPPED
2026-07-06 09:18:38 [INFO] Automation ENABLED (F8)
2026-07-06 09:18:38 [INFO] [state_change] from_state=STOPPED | to_state=SCANNING
2026-07-06 09:18:38 [INFO] [loop_tick] state=SCANNING | rows=5 | claims=0
2026-07-06 09:18:39 [INFO] [loop_tick] state=SCANNING | rows=5 | claims=0
2026-07-06 09:18:42 [INFO] [loop_tick] state=SCANNING | rows=4 | claims=0
2026-07-06 09:18:44 [INFO] [loop_tick] state=SCANNING | rows=4 | claims=0
2026-07-06 09:18:46 [INFO] [loop_tick] state=SCANNING | rows=4 | claims=0
2026-07-06 09:18:49 [INFO] [loop_tick] state=SCANNING | rows=4 | claims=0
2026-07-06 09:18:51 [INFO] [row_detected] total_rows=5 | claim_rows=[0]
2026-07-06 09:18:51 [INFO] [claim_found] row_id=0 | text=CLAIM | confidence=0.996 | claim_cell=(1169, 620)
2026-07-06 09:18:51 [INFO] [state_change] from_state=SCANNING | to_state=CLAIM_FOUND
2026-07-06 09:18:51 [INFO] [state_change] from_state=CLAIM_FOUND | to_state=CLICK_CLAIM
2026-07-06 09:18:52 [INFO] [claim_cell_clicked] row_id=0 | x=1169 | y=620
2026-07-06 09:18:52 [INFO] [state_change] from_state=CLICK_CLAIM | to_state=WAIT_USERNAME
2026-07-06 09:18:53 [WARNING] Cell shows 'Ivu' (not pending and not 'PHAN') — claimed by someone else.
2026-07-06 09:18:53 [INFO] [claim_stolen] y_key=624 | cell_text=Ivu
2026-07-06 09:18:53 [INFO] [state_change] from_state=WAIT_USERNAME | to_state=SCANNING
2026-07-06 09:18:54 [INFO] [loop_tick] state=SCANNING | rows=5 | claims=0
2026-07-06 09:18:54 [INFO] [loop_tick] state=SCANNING | rows=5 | claims=0
2026-07-06 09:18:56 [INFO] [loop_tick] state=SCANNING | rows=5 | claims=0
2026-07-06 09:18:56 [INFO] [loop_tick] state=SCANNING | rows=5 | claims=0
2026-07-06 09:18:56 [INFO] [loop_tick] state=SCANNING | rows=5 | claims=0
2026-07-06 09:18:57 [INFO] [loop_tick] state=SCANNING | rows=5 | claims=0
2026-07-06 09:18:57 [INFO] [loop_tick] state=SCANNING | rows=5 | claims=0
2026-07-06 09:18:57 [INFO] [loop_tick] state=SCANNING | rows=5 | claims=0
2026-07-06 09:18:59 [INFO] [loop_tick] state=SCANNING | rows=5 | claims=0
2026-07-06 09:19:00 [INFO] Automation DISABLED (F8)
2026-07-06 09:19:00 [INFO] [state_change] from_state=SCANNING | to_state=STOPPED
2026-07-06 09:47:39 [INFO] Clean exit requested (ESC).
2026-07-06 09:47:39 [INFO] WorkflowEngine shut down cleanly.
2026-07-06 09:47:46 [INFO] System Tray initialized. Application is running in the background.
2026-07-06 09:47:46 [INFO] All sub-systems initialised.
2026-07-06 09:47:46 [INFO] [state_change] from_state=IDLE | to_state=SCANNING
2026-07-06 09:47:46 [INFO] WorkflowEngine started — user='phan'  table={'left': 51, 'top': 602, 'width': 1487, 'height': 293}
2026-07-06 09:47:50 [INFO] [loop_tick] state=SCANNING | rows=1 | claims=0
2026-07-06 09:47:50 [INFO] [loop_tick] state=SCANNING | rows=4 | claims=0
2026-07-06 09:47:51 [INFO] [loop_tick] state=SCANNING | rows=4 | claims=0
2026-07-06 09:47:52 [INFO] [loop_tick] state=SCANNING | rows=4 | claims=0
2026-07-06 09:47:52 [INFO] [loop_tick] state=SCANNING | rows=4 | claims=0
2026-07-06 09:47:55 [INFO] [loop_tick] state=SCANNING | rows=4 | claims=0
2026-07-06 09:47:57 [INFO] [loop_tick] state=SCANNING | rows=4 | claims=0
2026-07-06 09:47:59 [INFO] [loop_tick] state=SCANNING | rows=4 | claims=0
2026-07-06 09:48:02 [INFO] [loop_tick] state=SCANNING | rows=4 | claims=0
2026-07-06 09:48:04 [INFO] [loop_tick] state=SCANNING | rows=4 | claims=0
2026-07-06 09:48:06 [INFO] [loop_tick] state=SCANNING | rows=4 | claims=0
2026-07-06 09:48:09 [INFO] [loop_tick] state=SCANNING | rows=4 | claims=0
2026-07-06 09:48:11 [INFO] [loop_tick] state=SCANNING | rows=4 | claims=0
2026-07-06 09:48:14 [INFO] [loop_tick] state=SCANNING | rows=4 | claims=0
2026-07-06 09:48:16 [INFO] [loop_tick] state=SCANNING | rows=4 | claims=0
2026-07-06 09:48:19 [INFO] [loop_tick] state=SCANNING | rows=4 | claims=0
2026-07-06 09:48:21 [INFO] [loop_tick] state=SCANNING | rows=4 | claims=0
2026-07-06 09:48:23 [INFO] [loop_tick] state=SCANNING | rows=4 | claims=0
2026-07-06 09:48:26 [INFO] [loop_tick] state=SCANNING | rows=4 | claims=0
2026-07-06 09:48:28 [INFO] [loop_tick] state=SCANNING | rows=4 | claims=0
2026-07-06 09:48:31 [INFO] [loop_tick] state=SCANNING | rows=4 | claims=0
2026-07-06 09:48:33 [INFO] [loop_tick] state=SCANNING | rows=4 | claims=0
2026-07-06 09:48:35 [INFO] [loop_tick] state=SCANNING | rows=4 | claims=0
2026-07-06 09:48:37 [INFO] [loop_tick] state=SCANNING | rows=4 | claims=0
2026-07-06 09:48:40 [INFO] [loop_tick] state=SCANNING | rows=4 | claims=0
2026-07-06 09:48:42 [INFO] [loop_tick] state=SCANNING | rows=4 | claims=0
2026-07-06 09:48:45 [INFO] [loop_tick] state=SCANNING | rows=4 | claims=0
2026-07-06 09:48:47 [INFO] [row_detected] total_rows=5 | claim_rows=[0]
2026-07-06 09:48:47 [INFO] [claim_found] row_id=0 | text=CLAIM | confidence=0.996 | claim_cell=(1169, 620)
2026-07-06 09:48:47 [INFO] [state_change] from_state=SCANNING | to_state=CLAIM_FOUND
2026-07-06 09:48:47 [INFO] [state_change] from_state=CLAIM_FOUND | to_state=CLICK_CLAIM
2026-07-06 09:48:48 [INFO] [claim_cell_clicked] row_id=0 | x=1169 | y=620
2026-07-06 09:48:48 [INFO] [state_change] from_state=CLICK_CLAIM | to_state=WAIT_USERNAME
2026-07-06 09:48:50 [INFO] [claim_verified] y_key=624 | cell_text=phan | elapsed_s=1.808
2026-07-06 09:48:50 [INFO] [state_change] from_state=WAIT_USERNAME | to_state=CLAIM_SUCCESS
2026-07-06 09:48:51 [INFO] [select_clicked] y_key=624 | x=1315 | y=619
2026-07-06 09:48:52 [INFO] [state_change] from_state=CLAIM_SUCCESS | to_state=CLICK_SELECT
2026-07-06 09:48:52 [INFO] [state_change] from_state=CLICK_SELECT | to_state=CLICK_CONNECT
2026-07-06 09:48:52 [INFO] [connect_clicked] y_key=624 | x=766 | y=97
2026-07-06 09:48:52 [INFO] [state_change] from_state=CLICK_CONNECT | to_state=CONNECTED
2026-07-06 09:48:52 [INFO] ✓ Connected! Waiting 1000ms then entering STOPPED state.
2026-07-06 09:48:53 [INFO] [state_change] from_state=CONNECTED | to_state=STOPPED
2026-07-06 09:51:21 [INFO] Clean exit requested (ESC).
2026-07-06 09:51:21 [INFO] WorkflowEngine shut down cleanly.
2026-07-06 09:54:00 [INFO] System Tray initialized. Application is running in the background.
2026-07-06 09:54:00 [INFO] All sub-systems initialised.
2026-07-06 09:54:00 [INFO] [state_change] from_state=IDLE | to_state=SCANNING
2026-07-06 09:54:00 [INFO] WorkflowEngine started — user='phan'  table={'left': 51, 'top': 602, 'width': 1487, 'height': 293}
2026-07-06 09:54:04 [INFO] [loop_tick] state=SCANNING | rows=1 | claims=0
2026-07-06 09:54:04 [INFO] [row_detected] total_rows=4 | claim_rows=[1]
2026-07-06 09:54:04 [INFO] [claim_found] row_id=1 | text=CLAIM | confidence=0.996 | claim_cell=(1169, 650)
2026-07-06 09:54:04 [INFO] [state_change] from_state=SCANNING | to_state=CLAIM_FOUND
2026-07-06 09:54:04 [INFO] [state_change] from_state=CLAIM_FOUND | to_state=CLICK_CLAIM
2026-07-06 09:54:05 [INFO] [claim_cell_clicked] row_id=1 | x=1169 | y=650
2026-07-06 09:54:05 [INFO] [state_change] from_state=CLICK_CLAIM | to_state=WAIT_USERNAME
2026-07-06 09:54:07 [INFO] [claim_verified] y_key=648 | cell_text=phan | elapsed_s=1.505
2026-07-06 09:54:07 [INFO] [state_change] from_state=WAIT_USERNAME | to_state=CLAIM_SUCCESS
2026-07-06 09:54:07 [INFO] [select_clicked] y_key=648 | x=1315 | y=649
2026-07-06 09:54:08 [INFO] [state_change] from_state=CLAIM_SUCCESS | to_state=CLICK_SELECT
2026-07-06 09:54:08 [INFO] [state_change] from_state=CLICK_SELECT | to_state=CLICK_CONNECT
2026-07-06 09:54:09 [INFO] [connect_clicked] y_key=648 | x=766 | y=97
2026-07-06 09:54:09 [INFO] [state_change] from_state=CLICK_CONNECT | to_state=CONNECTED
2026-07-06 09:54:09 [INFO] ✓ Connected! Waiting 1000ms then entering STOPPED state.
2026-07-06 09:54:10 [INFO] [state_change] from_state=CONNECTED | to_state=STOPPED
2026-07-06 10:17:05 [INFO] Clean exit requested (ESC).
2026-07-06 10:17:05 [INFO] WorkflowEngine shut down cleanly.
2026-07-06 11:03:14 [INFO] System Tray initialized. Application is running in the background.
2026-07-06 11:03:14 [INFO] All sub-systems initialised.
2026-07-06 11:03:14 [INFO] [state_change] from_state=IDLE | to_state=SCANNING
2026-07-06 11:03:14 [INFO] WorkflowEngine started — user='phan'  table={'left': 51, 'top': 602, 'width': 1487, 'height': 293}
2026-07-06 11:03:19 [INFO] [loop_tick] state=SCANNING | rows=7 | claims=0
2026-07-06 11:03:19 [INFO] [loop_tick] state=SCANNING | rows=7 | claims=0
2026-07-06 11:03:19 [INFO] [loop_tick] state=SCANNING | rows=7 | claims=0
2026-07-06 11:03:19 [INFO] [loop_tick] state=SCANNING | rows=7 | claims=0
2026-07-06 11:03:21 [INFO] [loop_tick] state=SCANNING | rows=7 | claims=0
2026-07-06 11:03:22 [INFO] [loop_tick] state=SCANNING | rows=7 | claims=0
2026-07-06 11:03:22 [INFO] [loop_tick] state=SCANNING | rows=7 | claims=0
2026-07-06 11:03:22 [INFO] [loop_tick] state=SCANNING | rows=7 | claims=0
2026-07-06 11:03:22 [INFO] [loop_tick] state=SCANNING | rows=7 | claims=0
2026-07-06 11:03:23 [INFO] [loop_tick] state=SCANNING | rows=7 | claims=0
2026-07-06 11:03:23 [INFO] [row_detected] total_rows=10 | claim_rows=[1]
2026-07-06 11:03:23 [INFO] [claim_found] row_id=1 | text=CLAIM | confidence=0.996 | claim_cell=(1169, 650)
2026-07-06 11:03:23 [INFO] [state_change] from_state=SCANNING | to_state=CLAIM_FOUND
2026-07-06 11:03:23 [INFO] [state_change] from_state=CLAIM_FOUND | to_state=CLICK_CLAIM
2026-07-06 11:03:24 [INFO] [claim_cell_clicked] row_id=1 | x=1169 | y=650
2026-07-06 11:03:24 [INFO] [state_change] from_state=CLICK_CLAIM | to_state=WAIT_USERNAME
2026-07-06 11:03:25 [INFO] [claim_verified] y_key=648 | cell_text=phan | elapsed_s=1.405
2026-07-06 11:03:25 [INFO] [state_change] from_state=WAIT_USERNAME | to_state=CLAIM_SUCCESS
2026-07-06 11:03:26 [INFO] [select_clicked] y_key=648 | x=1315 | y=653
2026-07-06 11:03:27 [INFO] [state_change] from_state=CLAIM_SUCCESS | to_state=CLICK_SELECT
2026-07-06 11:03:27 [INFO] [state_change] from_state=CLICK_SELECT | to_state=CLICK_CONNECT
2026-07-06 11:03:28 [INFO] [connect_clicked] y_key=648 | x=766 | y=97
2026-07-06 11:03:28 [INFO] [state_change] from_state=CLICK_CONNECT | to_state=CONNECTED
2026-07-06 11:03:28 [INFO] ✓ Connected! Waiting 1000ms then entering STOPPED state.
2026-07-06 11:03:29 [INFO] [state_change] from_state=CONNECTED | to_state=STOPPED
2026-07-06 11:18:42 [INFO] Clean exit requested (ESC).
2026-07-06 11:18:42 [INFO] WorkflowEngine shut down cleanly.
2026-07-06 11:45:01 [INFO] System Tray initialized. Application is running in the background.
2026-07-06 11:45:01 [INFO] All sub-systems initialised.
2026-07-06 11:45:01 [INFO] [state_change] from_state=IDLE | to_state=SCANNING
2026-07-06 11:45:01 [INFO] WorkflowEngine started — user='phan'  table={'left': 51, 'top': 602, 'width': 1487, 'height': 293}
2026-07-06 11:45:05 [INFO] [loop_tick] state=SCANNING | rows=3 | claims=0
2026-07-06 11:45:05 [INFO] [loop_tick] state=SCANNING | rows=3 | claims=0
2026-07-06 11:45:05 [INFO] [loop_tick] state=SCANNING | rows=3 | claims=0
2026-07-06 11:45:08 [INFO] [loop_tick] state=SCANNING | rows=2 | claims=0
2026-07-06 11:45:10 [INFO] [loop_tick] state=SCANNING | rows=2 | claims=0
2026-07-06 11:45:13 [INFO] [loop_tick] state=SCANNING | rows=2 | claims=0
2026-07-06 11:45:15 [INFO] [loop_tick] state=SCANNING | rows=2 | claims=0
2026-07-06 11:45:18 [INFO] [loop_tick] state=SCANNING | rows=2 | claims=0
2026-07-06 11:45:20 [INFO] [row_detected] total_rows=3 | claim_rows=[1]
2026-07-06 11:45:20 [INFO] [claim_found] row_id=1 | text=CLAIM | confidence=0.996 | claim_cell=(1169, 650)
2026-07-06 11:45:20 [INFO] [state_change] from_state=SCANNING | to_state=CLAIM_FOUND
2026-07-06 11:45:20 [INFO] [state_change] from_state=CLAIM_FOUND | to_state=CLICK_CLAIM
2026-07-06 11:45:21 [INFO] [claim_cell_clicked] row_id=1 | x=1169 | y=650
2026-07-06 11:45:21 [INFO] [state_change] from_state=CLICK_CLAIM | to_state=WAIT_USERNAME
2026-07-06 11:45:22 [WARNING] Cell shows 'kudayal' (not pending and not 'PHAN') — claimed by someone else.
2026-07-06 11:45:22 [INFO] [claim_stolen] y_key=648 | cell_text=kudayal
2026-07-06 11:45:22 [INFO] [state_change] from_state=WAIT_USERNAME | to_state=SCANNING
2026-07-06 11:45:22 [INFO] [loop_tick] state=SCANNING | rows=2 | claims=0
2026-07-06 11:45:23 [INFO] [loop_tick] state=SCANNING | rows=2 | claims=0
2026-07-06 11:45:25 [INFO] [loop_tick] state=SCANNING | rows=2 | claims=0
2026-07-06 11:45:27 [INFO] [loop_tick] state=SCANNING | rows=2 | claims=0
2026-07-06 11:45:29 [INFO] [loop_tick] state=SCANNING | rows=2 | claims=0
2026-07-06 11:45:32 [INFO] [loop_tick] state=SCANNING | rows=2 | claims=0
2026-07-06 11:45:34 [INFO] [loop_tick] state=SCANNING | rows=2 | claims=0
2026-07-06 11:45:36 [INFO] [loop_tick] state=SCANNING | rows=2 | claims=0
2026-07-06 11:45:39 [INFO] [loop_tick] state=SCANNING | rows=2 | claims=0
2026-07-06 11:45:41 [INFO] [loop_tick] state=SCANNING | rows=2 | claims=0
2026-07-06 11:45:44 [INFO] [loop_tick] state=SCANNING | rows=2 | claims=0
2026-07-06 11:45:46 [INFO] [loop_tick] state=SCANNING | rows=2 | claims=0
2026-07-06 11:45:49 [INFO] [loop_tick] state=SCANNING | rows=2 | claims=0
2026-07-06 11:45:51 [INFO] [loop_tick] state=SCANNING | rows=2 | claims=0
2026-07-06 11:45:54 [INFO] [loop_tick] state=SCANNING | rows=2 | claims=0
2026-07-06 11:45:56 [INFO] [loop_tick] state=SCANNING | rows=2 | claims=0
2026-07-06 11:45:58 [INFO] [loop_tick] state=SCANNING | rows=2 | claims=0
2026-07-06 11:46:01 [INFO] [loop_tick] state=SCANNING | rows=2 | claims=0
2026-07-06 11:46:03 [INFO] [loop_tick] state=SCANNING | rows=2 | claims=0
2026-07-06 11:46:06 [INFO] [row_detected] total_rows=3 | claim_rows=[1]
2026-07-06 11:46:08 [INFO] [row_detected] total_rows=3 | claim_rows=[1]
2026-07-06 11:46:10 [INFO] [loop_tick] state=SCANNING | rows=3 | claims=0
2026-07-06 11:46:13 [INFO] [loop_tick] state=SCANNING | rows=3 | claims=0
2026-07-06 11:46:15 [INFO] [loop_tick] state=SCANNING | rows=3 | claims=0
2026-07-06 11:46:17 [INFO] [loop_tick] state=SCANNING | rows=3 | claims=0
2026-07-06 11:46:20 [INFO] [loop_tick] state=SCANNING | rows=3 | claims=0
2026-07-06 11:46:22 [INFO] [loop_tick] state=SCANNING | rows=3 | claims=0
2026-07-06 11:46:25 [INFO] [loop_tick] state=SCANNING | rows=3 | claims=0
2026-07-06 11:46:27 [INFO] [loop_tick] state=SCANNING | rows=3 | claims=0
2026-07-06 11:46:29 [INFO] [loop_tick] state=SCANNING | rows=3 | claims=0
2026-07-06 11:46:32 [INFO] [loop_tick] state=SCANNING | rows=3 | claims=0
2026-07-06 11:46:34 [INFO] [loop_tick] state=SCANNING | rows=3 | claims=0
2026-07-06 11:46:36 [INFO] [loop_tick] state=SCANNING | rows=3 | claims=0
2026-07-06 11:46:39 [INFO] [loop_tick] state=SCANNING | rows=3 | claims=0
2026-07-06 11:46:41 [INFO] [loop_tick] state=SCANNING | rows=3 | claims=0
2026-07-06 11:46:43 [INFO] [loop_tick] state=SCANNING | rows=3 | claims=0
2026-07-06 11:46:46 [INFO] [row_detected] total_rows=4 | claim_rows=[1]
2026-07-06 11:46:48 [INFO] [loop_tick] state=SCANNING | rows=4 | claims=0
2026-07-06 11:46:51 [INFO] [loop_tick] state=SCANNING | rows=4 | claims=0
2026-07-06 11:46:52 [INFO] Automation DISABLED (F8)
2026-07-06 11:46:52 [INFO] [state_change] from_state=SCANNING | to_state=STOPPED
2026-07-06 11:46:52 [INFO] Automation ENABLED (F8)
2026-07-06 11:46:52 [INFO] [state_change] from_state=STOPPED | to_state=SCANNING
2026-07-06 11:46:53 [INFO] [loop_tick] state=SCANNING | rows=4 | claims=0
2026-07-06 11:46:56 [INFO] [loop_tick] state=SCANNING | rows=4 | claims=0
2026-07-06 11:46:58 [INFO] [loop_tick] state=SCANNING | rows=4 | claims=0
2026-07-06 11:47:01 [INFO] [loop_tick] state=SCANNING | rows=4 | claims=0
2026-07-06 11:47:03 [INFO] [row_detected] total_rows=5 | claim_rows=[2]
2026-07-06 11:47:03 [INFO] [claim_found] row_id=2 | text=CLAIM | confidence=0.992 | claim_cell=(1168, 680)
2026-07-06 11:47:03 [INFO] [state_change] from_state=SCANNING | to_state=CLAIM_FOUND
2026-07-06 11:47:03 [INFO] [state_change] from_state=CLAIM_FOUND | to_state=CLICK_CLAIM
2026-07-06 11:47:04 [INFO] [claim_cell_clicked] row_id=2 | x=1168 | y=680
2026-07-06 11:47:04 [INFO] [state_change] from_state=CLICK_CLAIM | to_state=WAIT_USERNAME
2026-07-06 11:47:05 [INFO] [claim_verified] y_key=680 | cell_text=phan | elapsed_s=1.406
2026-07-06 11:47:05 [INFO] [state_change] from_state=WAIT_USERNAME | to_state=CLAIM_SUCCESS
2026-07-06 11:47:06 [INFO] [select_clicked] y_key=680 | x=1315 | y=679
2026-07-06 11:47:07 [INFO] [state_change] from_state=CLAIM_SUCCESS | to_state=CLICK_SELECT
2026-07-06 11:47:07 [INFO] [state_change] from_state=CLICK_SELECT | to_state=CLICK_CONNECT
2026-07-06 11:47:07 [INFO] [connect_clicked] y_key=680 | x=766 | y=97
2026-07-06 11:47:07 [INFO] [state_change] from_state=CLICK_CONNECT | to_state=CONNECTED
2026-07-06 11:47:07 [INFO] ✓ Connected! Waiting 1000ms then entering STOPPED state.
2026-07-06 11:47:08 [INFO] [state_change] from_state=CONNECTED | to_state=STOPPED
2026-07-06 11:52:04 [INFO] Clean exit requested (ESC).
2026-07-06 11:52:04 [INFO] WorkflowEngine shut down cleanly.
2026-07-06 12:28:48 [INFO] System Tray initialized. Application is running in the background.
2026-07-06 12:28:48 [INFO] All sub-systems initialised.
2026-07-06 12:28:50 [INFO] [state_change] from_state=IDLE | to_state=SCANNING
2026-07-06 12:28:50 [INFO] WorkflowEngine started — user='phan'  table={'left': 51, 'top': 602, 'width': 1487, 'height': 293}
2026-07-06 12:29:02 [INFO] [loop_tick] state=SCANNING | rows=5 | claims=0
2026-07-06 12:29:02 [INFO] [loop_tick] state=SCANNING | rows=5 | claims=0
2026-07-06 12:29:03 [INFO] [loop_tick] state=SCANNING | rows=5 | claims=0
2026-07-06 12:29:05 [INFO] [loop_tick] state=SCANNING | rows=5 | claims=0
2026-07-06 12:29:08 [INFO] [loop_tick] state=SCANNING | rows=5 | claims=0
2026-07-06 12:29:11 [INFO] [loop_tick] state=SCANNING | rows=4 | claims=0
2026-07-06 12:29:13 [INFO] [loop_tick] state=SCANNING | rows=4 | claims=0
2026-07-06 12:29:15 [INFO] [loop_tick] state=SCANNING | rows=4 | claims=0
2026-07-06 12:29:18 [INFO] [loop_tick] state=SCANNING | rows=4 | claims=0
2026-07-06 12:29:20 [INFO] [loop_tick] state=SCANNING | rows=4 | claims=0
2026-07-06 12:29:23 [INFO] [loop_tick] state=SCANNING | rows=4 | claims=0
2026-07-06 12:29:25 [INFO] [loop_tick] state=SCANNING | rows=4 | claims=0
2026-07-06 12:29:28 [INFO] [loop_tick] state=SCANNING | rows=4 | claims=0
2026-07-06 12:29:30 [INFO] [loop_tick] state=SCANNING | rows=4 | claims=0
2026-07-06 12:29:32 [INFO] [loop_tick] state=SCANNING | rows=4 | claims=0
2026-07-06 12:29:35 [INFO] [loop_tick] state=SCANNING | rows=4 | claims=0
2026-07-06 12:29:37 [INFO] [loop_tick] state=SCANNING | rows=4 | claims=0
2026-07-06 12:29:40 [INFO] [loop_tick] state=SCANNING | rows=4 | claims=0
2026-07-06 12:29:42 [INFO] [loop_tick] state=SCANNING | rows=4 | claims=0
2026-07-06 12:29:45 [INFO] [loop_tick] state=SCANNING | rows=4 | claims=0
2026-07-06 12:29:48 [INFO] [loop_tick] state=SCANNING | rows=4 | claims=0
2026-07-06 12:29:50 [INFO] [loop_tick] state=SCANNING | rows=4 | claims=0
2026-07-06 12:29:52 [INFO] [loop_tick] state=SCANNING | rows=4 | claims=0
2026-07-06 12:29:55 [INFO] [loop_tick] state=SCANNING | rows=4 | claims=0
2026-07-06 12:29:57 [INFO] [loop_tick] state=SCANNING | rows=4 | claims=0
2026-07-06 12:30:00 [INFO] [loop_tick] state=SCANNING | rows=4 | claims=0
2026-07-06 12:30:02 [INFO] [loop_tick] state=SCANNING | rows=4 | claims=0
2026-07-06 12:30:04 [INFO] [loop_tick] state=SCANNING | rows=4 | claims=0
2026-07-06 12:30:07 [INFO] [loop_tick] state=SCANNING | rows=4 | claims=0
2026-07-06 12:30:09 [INFO] [loop_tick] state=SCANNING | rows=4 | claims=0
2026-07-06 12:30:11 [INFO] [loop_tick] state=SCANNING | rows=4 | claims=0
2026-07-06 12:30:14 [INFO] [loop_tick] state=SCANNING | rows=4 | claims=0
2026-07-06 12:30:16 [INFO] [loop_tick] state=SCANNING | rows=4 | claims=0
2026-07-06 12:30:19 [INFO] [loop_tick] state=SCANNING | rows=4 | claims=0
2026-07-06 12:30:21 [INFO] [row_detected] total_rows=5 | claim_rows=[0]
2026-07-06 12:30:21 [INFO] [claim_found] row_id=0 | text=CLAIM | confidence=0.996 | claim_cell=(1169, 620)
2026-07-06 12:30:21 [INFO] [state_change] from_state=SCANNING | to_state=CLAIM_FOUND
2026-07-06 12:30:21 [INFO] [state_change] from_state=CLAIM_FOUND | to_state=CLICK_CLAIM
2026-07-06 12:30:22 [INFO] [claim_cell_clicked] row_id=0 | x=1169 | y=620
2026-07-06 12:30:22 [INFO] [state_change] from_state=CLICK_CLAIM | to_state=WAIT_USERNAME
2026-07-06 12:30:23 [INFO] [claim_verified] y_key=624 | cell_text=phan | elapsed_s=1.506
2026-07-06 12:30:23 [INFO] [state_change] from_state=WAIT_USERNAME | to_state=CLAIM_SUCCESS
2026-07-06 12:30:24 [INFO] [select_clicked] y_key=624 | x=1315 | y=619
2026-07-06 12:30:25 [INFO] [state_change] from_state=CLAIM_SUCCESS | to_state=CLICK_SELECT
2026-07-06 12:30:25 [INFO] [state_change] from_state=CLICK_SELECT | to_state=CLICK_CONNECT
2026-07-06 12:30:26 [INFO] [connect_clicked] y_key=624 | x=766 | y=97
2026-07-06 12:30:26 [INFO] [state_change] from_state=CLICK_CONNECT | to_state=CONNECTED
2026-07-06 12:30:26 [INFO] ✓ Connected! Waiting 1000ms then entering STOPPED state.
2026-07-06 12:30:27 [INFO] [state_change] from_state=CONNECTED | to_state=STOPPED
2026-07-06 12:32:35 [INFO] Automation ENABLED (F8)
2026-07-06 12:32:35 [INFO] [state_change] from_state=STOPPED | to_state=SCANNING
2026-07-06 12:32:35 [INFO] [loop_tick] state=SCANNING | rows=4 | claims=0
2026-07-06 12:32:36 [INFO] [loop_tick] state=SCANNING | rows=6 | claims=0
2026-07-06 12:32:36 [INFO] [loop_tick] state=SCANNING | rows=6 | claims=0
2026-07-06 12:32:39 [INFO] [loop_tick] state=SCANNING | rows=6 | claims=0
2026-07-06 12:32:41 [INFO] [loop_tick] state=SCANNING | rows=6 | claims=0
2026-07-06 12:32:44 [INFO] [loop_tick] state=SCANNING | rows=6 | claims=0
2026-07-06 12:32:46 [INFO] [loop_tick] state=SCANNING | rows=6 | claims=0
2026-07-06 12:32:49 [INFO] [loop_tick] state=SCANNING | rows=6 | claims=0
2026-07-06 12:32:51 [INFO] [loop_tick] state=SCANNING | rows=6 | claims=0
2026-07-06 12:32:53 [INFO] [loop_tick] state=SCANNING | rows=6 | claims=0
2026-07-06 12:32:56 [INFO] [loop_tick] state=SCANNING | rows=6 | claims=0
2026-07-06 12:32:58 [INFO] [loop_tick] state=SCANNING | rows=6 | claims=0
2026-07-06 12:33:01 [INFO] [loop_tick] state=SCANNING | rows=6 | claims=0
2026-07-06 12:33:03 [INFO] [loop_tick] state=SCANNING | rows=5 | claims=0
2026-07-06 12:33:06 [INFO] [loop_tick] state=SCANNING | rows=5 | claims=0
2026-07-06 12:33:08 [INFO] [loop_tick] state=SCANNING | rows=5 | claims=0
2026-07-06 12:33:10 [INFO] [loop_tick] state=SCANNING | rows=5 | claims=0
2026-07-06 12:33:13 [INFO] [loop_tick] state=SCANNING | rows=5 | claims=0
2026-07-06 12:33:15 [INFO] [loop_tick] state=SCANNING | rows=5 | claims=0
2026-07-06 12:33:18 [INFO] [loop_tick] state=SCANNING | rows=5 | claims=0
2026-07-06 12:33:20 [INFO] [loop_tick] state=SCANNING | rows=5 | claims=0
2026-07-06 12:33:23 [INFO] [loop_tick] state=SCANNING | rows=5 | claims=0
2026-07-06 12:33:25 [INFO] [loop_tick] state=SCANNING | rows=5 | claims=0
2026-07-06 12:33:27 [INFO] [loop_tick] state=SCANNING | rows=5 | claims=0
2026-07-06 12:33:30 [INFO] [loop_tick] state=SCANNING | rows=5 | claims=0
2026-07-06 12:33:32 [INFO] [row_detected] total_rows=6 | claim_rows=[0]
2026-07-06 12:33:32 [INFO] [claim_found] row_id=0 | text=CLAIM | confidence=0.992 | claim_cell=(1168, 620)
2026-07-06 12:33:32 [INFO] [state_change] from_state=SCANNING | to_state=CLAIM_FOUND
2026-07-06 12:33:32 [INFO] [state_change] from_state=CLAIM_FOUND | to_state=CLICK_CLAIM
2026-07-06 12:33:33 [INFO] [claim_cell_clicked] row_id=0 | x=1168 | y=620
2026-07-06 12:33:33 [INFO] [state_change] from_state=CLICK_CLAIM | to_state=WAIT_USERNAME
2026-07-06 12:33:34 [INFO] [claim_verified] y_key=624 | cell_text=phan | elapsed_s=1.406
2026-07-06 12:33:34 [INFO] [state_change] from_state=WAIT_USERNAME | to_state=CLAIM_SUCCESS
2026-07-06 12:33:35 [INFO] [select_clicked] y_key=624 | x=1315 | y=619
2026-07-06 12:33:36 [INFO] [state_change] from_state=CLAIM_SUCCESS | to_state=CLICK_SELECT
2026-07-06 12:33:36 [INFO] [state_change] from_state=CLICK_SELECT | to_state=CLICK_CONNECT
2026-07-06 12:33:37 [INFO] [connect_clicked] y_key=624 | x=766 | y=97
2026-07-06 12:33:37 [INFO] [state_change] from_state=CLICK_CONNECT | to_state=CONNECTED
2026-07-06 12:33:37 [INFO] ✓ Connected! Waiting 1000ms then entering STOPPED state.
2026-07-06 12:33:38 [INFO] [state_change] from_state=CONNECTED | to_state=STOPPED
2026-07-06 12:37:43 [INFO] Automation ENABLED (F8)
2026-07-06 12:37:43 [INFO] [state_change] from_state=STOPPED | to_state=SCANNING
2026-07-06 12:37:43 [INFO] [loop_tick] state=SCANNING | rows=10 | claims=0
2026-07-06 12:37:44 [INFO] [loop_tick] state=SCANNING | rows=10 | claims=0
2026-07-06 12:37:47 [INFO] [loop_tick] state=SCANNING | rows=10 | claims=0
2026-07-06 12:37:49 [INFO] [loop_tick] state=SCANNING | rows=10 | claims=0
2026-07-06 12:37:51 [INFO] [loop_tick] state=SCANNING | rows=10 | claims=0
2026-07-06 12:37:54 [INFO] [loop_tick] state=SCANNING | rows=10 | claims=0
2026-07-06 12:37:56 [INFO] [loop_tick] state=SCANNING | rows=10 | claims=0
2026-07-06 12:37:58 [INFO] [loop_tick] state=SCANNING | rows=9 | claims=0
2026-07-06 12:38:00 [INFO] [loop_tick] state=SCANNING | rows=9 | claims=0
2026-07-06 12:38:03 [INFO] [loop_tick] state=SCANNING | rows=9 | claims=0
2026-07-06 12:38:05 [INFO] [loop_tick] state=SCANNING | rows=9 | claims=0
2026-07-06 12:38:08 [INFO] [loop_tick] state=SCANNING | rows=9 | claims=0
2026-07-06 12:38:10 [INFO] [loop_tick] state=SCANNING | rows=9 | claims=0
2026-07-06 12:38:13 [INFO] [loop_tick] state=SCANNING | rows=7 | claims=0
2026-07-06 12:38:15 [INFO] [row_detected] total_rows=9 | claim_rows=[0]
2026-07-06 12:38:15 [INFO] [claim_found] row_id=0 | text=CLAIM | confidence=0.996 | claim_cell=(1169, 620)
2026-07-06 12:38:15 [INFO] [state_change] from_state=SCANNING | to_state=CLAIM_FOUND
2026-07-06 12:38:15 [INFO] [state_change] from_state=CLAIM_FOUND | to_state=CLICK_CLAIM
2026-07-06 12:38:16 [INFO] [claim_cell_clicked] row_id=0 | x=1169 | y=620
2026-07-06 12:38:16 [INFO] [state_change] from_state=CLICK_CLAIM | to_state=WAIT_USERNAME
2026-07-06 12:38:17 [INFO] [claim_verified] y_key=624 | cell_text=phan | elapsed_s=1.405
2026-07-06 12:38:17 [INFO] [state_change] from_state=WAIT_USERNAME | to_state=CLAIM_SUCCESS
2026-07-06 12:38:18 [INFO] [select_clicked] y_key=624 | x=1315 | y=619
2026-07-06 12:38:19 [INFO] [state_change] from_state=CLAIM_SUCCESS | to_state=CLICK_SELECT
2026-07-06 12:38:19 [INFO] [state_change] from_state=CLICK_SELECT | to_state=CLICK_CONNECT
2026-07-06 12:38:19 [INFO] [connect_clicked] y_key=624 | x=766 | y=97
2026-07-06 12:38:19 [INFO] [state_change] from_state=CLICK_CONNECT | to_state=CONNECTED
2026-07-06 12:38:19 [INFO] ✓ Connected! Waiting 1000ms then entering STOPPED state.
2026-07-06 12:38:20 [INFO] [state_change] from_state=CONNECTED | to_state=STOPPED
2026-07-06 12:46:01 [INFO] Automation ENABLED (F8)
2026-07-06 12:46:01 [INFO] [state_change] from_state=STOPPED | to_state=SCANNING
2026-07-06 12:46:01 [INFO] [loop_tick] state=SCANNING | rows=4 | claims=0
2026-07-06 12:46:04 [INFO] [loop_tick] state=SCANNING | rows=3 | claims=0
2026-07-06 12:46:05 [INFO] [loop_tick] state=SCANNING | rows=3 | claims=0
2026-07-06 12:46:07 [INFO] [loop_tick] state=SCANNING | rows=3 | claims=0
2026-07-06 12:46:10 [INFO] [loop_tick] state=SCANNING | rows=3 | claims=0
2026-07-06 12:46:12 [INFO] [loop_tick] state=SCANNING | rows=3 | claims=0
2026-07-06 12:46:15 [INFO] [loop_tick] state=SCANNING | rows=3 | claims=0
2026-07-06 12:46:17 [INFO] [loop_tick] state=SCANNING | rows=3 | claims=0
2026-07-06 12:46:20 [INFO] [loop_tick] state=SCANNING | rows=2 | claims=0
2026-07-06 12:46:22 [INFO] [loop_tick] state=SCANNING | rows=2 | claims=0
2026-07-06 12:46:24 [INFO] [loop_tick] state=SCANNING | rows=2 | claims=0
2026-07-06 12:46:27 [INFO] [loop_tick] state=SCANNING | rows=2 | claims=0
2026-07-06 12:46:29 [INFO] [loop_tick] state=SCANNING | rows=2 | claims=0
2026-07-06 12:46:32 [INFO] [loop_tick] state=SCANNING | rows=2 | claims=0
2026-07-06 12:46:34 [INFO] [loop_tick] state=SCANNING | rows=2 | claims=0
2026-07-06 12:46:37 [INFO] [loop_tick] state=SCANNING | rows=2 | claims=0
2026-07-06 12:46:39 [INFO] [loop_tick] state=SCANNING | rows=2 | claims=0
2026-07-06 12:46:42 [INFO] [row_detected] total_rows=3 | claim_rows=[0]
2026-07-06 12:46:42 [INFO] [claim_found] row_id=0 | text=CLAIM | confidence=0.996 | claim_cell=(1169, 620)
2026-07-06 12:46:42 [INFO] [state_change] from_state=SCANNING | to_state=CLAIM_FOUND
2026-07-06 12:46:42 [INFO] [state_change] from_state=CLAIM_FOUND | to_state=CLICK_CLAIM
2026-07-06 12:46:43 [INFO] [claim_cell_clicked] row_id=0 | x=1169 | y=620
2026-07-06 12:46:43 [INFO] [state_change] from_state=CLICK_CLAIM | to_state=WAIT_USERNAME
2026-07-06 12:46:44 [INFO] [claim_verified] y_key=624 | cell_text=phan | elapsed_s=1.708
2026-07-06 12:46:44 [INFO] [state_change] from_state=WAIT_USERNAME | to_state=CLAIM_SUCCESS
2026-07-06 12:46:45 [INFO] [select_clicked] y_key=624 | x=1315 | y=619
2026-07-06 12:46:46 [INFO] [state_change] from_state=CLAIM_SUCCESS | to_state=CLICK_SELECT
2026-07-06 12:46:46 [INFO] [state_change] from_state=CLICK_SELECT | to_state=CLICK_CONNECT
2026-07-06 12:46:47 [INFO] [connect_clicked] y_key=624 | x=766 | y=97
2026-07-06 12:46:47 [INFO] [state_change] from_state=CLICK_CONNECT | to_state=CONNECTED
2026-07-06 12:46:47 [INFO] ✓ Connected! Waiting 1000ms then entering STOPPED state.
2026-07-06 12:46:48 [INFO] [state_change] from_state=CONNECTED | to_state=STOPPED
2026-07-06 12:47:44 [INFO] Clean exit requested (ESC).
2026-07-06 12:47:44 [INFO] WorkflowEngine shut down cleanly.
2026-07-06 13:13:27 [INFO] All sub-systems initialised.
2026-07-06 13:13:27 [INFO] System Tray initialized. Application is running in the background.
2026-07-06 13:13:27 [INFO] [state_change] from_state=IDLE | to_state=SCANNING
2026-07-06 13:13:27 [INFO] WorkflowEngine started — user='phan'  table={'left': 51, 'top': 602, 'width': 1487, 'height': 293}
2026-07-06 13:13:30 [INFO] Automation DISABLED (F8)
2026-07-06 13:13:31 [INFO] [row_detected] total_rows=3 | claim_rows=[1]
2026-07-06 13:13:31 [INFO] [claim_found] row_id=1 | text=CLAIM | confidence=0.999 | claim_cell=(1169, 642)
2026-07-06 13:13:31 [INFO] [state_change] from_state=SCANNING | to_state=CLAIM_FOUND
2026-07-06 13:13:31 [INFO] [state_change] from_state=CLAIM_FOUND | to_state=STOPPED
2026-07-06 13:16:08 [INFO] Automation ENABLED (F8)
2026-07-06 13:16:08 [INFO] [state_change] from_state=STOPPED | to_state=SCANNING
2026-07-06 13:16:08 [INFO] [row_detected] total_rows=4 | claim_rows=[0, 1]
2026-07-06 13:16:08 [INFO] [claim_found] row_id=0 | text=CLAIM | confidence=0.996 | claim_cell=(1169, 620)
2026-07-06 13:16:08 [INFO] [state_change] from_state=SCANNING | to_state=CLAIM_FOUND
2026-07-06 13:16:08 [INFO] [state_change] from_state=CLAIM_FOUND | to_state=CLICK_CLAIM
2026-07-06 13:16:09 [INFO] [claim_cell_clicked] row_id=0 | x=1169 | y=620
2026-07-06 13:16:09 [INFO] [state_change] from_state=CLICK_CLAIM | to_state=WAIT_USERNAME
2026-07-06 13:16:10 [INFO] Automation DISABLED (F8)
2026-07-06 13:16:10 [INFO] [state_change] from_state=WAIT_USERNAME | to_state=STOPPED
2026-07-06 13:18:20 [INFO] Automation ENABLED (F8)
2026-07-06 13:18:20 [INFO] [state_change] from_state=STOPPED | to_state=SCANNING
2026-07-06 13:18:20 [INFO] [loop_tick] state=SCANNING | rows=2 | claims=0
2026-07-06 13:18:21 [INFO] [loop_tick] state=SCANNING | rows=2 | claims=0
2026-07-06 13:18:23 [INFO] [loop_tick] state=SCANNING | rows=2 | claims=0
2026-07-06 13:18:26 [INFO] [row_detected] total_rows=3 | claim_rows=[0]
2026-07-06 13:18:26 [INFO] [claim_found] row_id=0 | text=CLAIM | confidence=0.996 | claim_cell=(1169, 620)
2026-07-06 13:18:26 [INFO] [state_change] from_state=SCANNING | to_state=CLAIM_FOUND
2026-07-06 13:18:26 [INFO] [state_change] from_state=CLAIM_FOUND | to_state=CLICK_CLAIM
2026-07-06 13:18:26 [INFO] [claim_cell_clicked] row_id=0 | x=1169 | y=620
2026-07-06 13:18:26 [INFO] [state_change] from_state=CLICK_CLAIM | to_state=WAIT_USERNAME
2026-07-06 13:18:28 [INFO] [claim_verified] y_key=624 | cell_text=phan | elapsed_s=1.406
2026-07-06 13:18:28 [INFO] [state_change] from_state=WAIT_USERNAME | to_state=CLAIM_SUCCESS
2026-07-06 13:18:28 [INFO] [select_clicked] y_key=624 | x=1315 | y=619
2026-07-06 13:18:29 [INFO] [state_change] from_state=CLAIM_SUCCESS | to_state=CLICK_SELECT
2026-07-06 13:18:29 [INFO] [state_change] from_state=CLICK_SELECT | to_state=CLICK_CONNECT
2026-07-06 13:18:30 [INFO] [connect_clicked] y_key=624 | x=766 | y=97
2026-07-06 13:18:30 [INFO] [state_change] from_state=CLICK_CONNECT | to_state=CONNECTED
2026-07-06 13:18:30 [INFO] ✓ Connected! Waiting 1000ms then entering STOPPED state.
2026-07-06 13:18:31 [INFO] [state_change] from_state=CONNECTED | to_state=STOPPED
2026-07-06 13:18:38 [INFO] Automation ENABLED (F8)
2026-07-06 13:18:38 [INFO] [state_change] from_state=STOPPED | to_state=SCANNING
2026-07-06 13:18:38 [INFO] [row_detected] total_rows=4 | claim_rows=[1]
2026-07-06 13:18:39 [INFO] [claim_found] row_id=1 | text=CLAIM | confidence=0.996 | claim_cell=(1169, 650)
2026-07-06 13:18:39 [INFO] [state_change] from_state=SCANNING | to_state=CLAIM_FOUND
2026-07-06 13:18:39 [INFO] [state_change] from_state=CLAIM_FOUND | to_state=CLICK_CLAIM
2026-07-06 13:18:39 [INFO] Automation DISABLED (F8)
2026-07-06 13:18:39 [INFO] [claim_cell_clicked] row_id=1 | x=1169 | y=650
2026-07-06 13:18:39 [INFO] [state_change] from_state=CLICK_CLAIM | to_state=WAIT_USERNAME
2026-07-06 13:18:39 [INFO] [state_change] from_state=WAIT_USERNAME | to_state=STOPPED
2026-07-06 13:19:13 [INFO] Clean exit requested (ESC).
2026-07-06 13:19:13 [INFO] WorkflowEngine shut down cleanly.
2026-07-06 14:04:22 [INFO] Running CLI Calibration...
2026-07-06 14:04:22 [INFO] Starting calibration...
2026-07-06 14:04:54 [INFO] Calibration complete — all regions configured.
2026-07-06 14:04:54 [INFO] Calibration finished.
2026-07-06 14:05:31 [INFO] System Tray initialized. Application is running in the background.
2026-07-06 14:05:31 [INFO] All sub-systems initialised.
2026-07-06 14:05:31 [INFO] [state_change] from_state=IDLE | to_state=SCANNING
2026-07-06 14:05:31 [INFO] WorkflowEngine started — user='phan'  table={'left': 53, 'top': 601, 'width': 1484, 'height': 290}
2026-07-06 14:05:35 [INFO] [loop_tick] state=SCANNING | rows=4 | claims=0
2026-07-06 14:05:35 [INFO] [loop_tick] state=SCANNING | rows=6 | claims=0
2026-07-06 14:05:35 [INFO] [loop_tick] state=SCANNING | rows=6 | claims=0
2026-07-06 14:05:36 [INFO] [loop_tick] state=SCANNING | rows=6 | claims=0
2026-07-06 14:05:36 [INFO] [loop_tick] state=SCANNING | rows=6 | claims=0
2026-07-06 14:05:36 [INFO] [loop_tick] state=SCANNING | rows=6 | claims=0
2026-07-06 14:05:36 [INFO] [loop_tick] state=SCANNING | rows=6 | claims=0
2026-07-06 14:05:36 [INFO] [loop_tick] state=SCANNING | rows=5 | claims=0
2026-07-06 14:05:37 [INFO] [loop_tick] state=SCANNING | rows=5 | claims=0
2026-07-06 14:05:37 [INFO] [loop_tick] state=SCANNING | rows=6 | claims=0
2026-07-06 14:05:37 [INFO] [loop_tick] state=SCANNING | rows=6 | claims=0
2026-07-06 14:05:37 [INFO] [loop_tick] state=SCANNING | rows=7 | claims=0
2026-07-06 14:05:37 [INFO] [loop_tick] state=SCANNING | rows=7 | claims=0
2026-07-06 14:05:37 [INFO] [loop_tick] state=SCANNING | rows=7 | claims=0
2026-07-06 14:05:37 [INFO] [loop_tick] state=SCANNING | rows=7 | claims=0
2026-07-06 14:05:37 [INFO] [loop_tick] state=SCANNING | rows=6 | claims=0
2026-07-06 14:05:38 [INFO] [loop_tick] state=SCANNING | rows=6 | claims=0
2026-07-06 14:05:38 [INFO] [loop_tick] state=SCANNING | rows=6 | claims=0
2026-07-06 14:05:38 [INFO] [loop_tick] state=SCANNING | rows=5 | claims=0
2026-07-06 14:05:38 [INFO] [loop_tick] state=SCANNING | rows=5 | claims=0
2026-07-06 14:05:38 [INFO] [loop_tick] state=SCANNING | rows=4 | claims=0
2026-07-06 14:05:38 [INFO] [loop_tick] state=SCANNING | rows=3 | claims=0
2026-07-06 14:05:38 [INFO] [loop_tick] state=SCANNING | rows=4 | claims=0
2026-07-06 14:05:38 [INFO] [loop_tick] state=SCANNING | rows=5 | claims=0
2026-07-06 14:05:38 [INFO] [loop_tick] state=SCANNING | rows=6 | claims=0
2026-07-06 14:05:38 [INFO] [loop_tick] state=SCANNING | rows=6 | claims=0
2026-07-06 14:05:39 [INFO] [loop_tick] state=SCANNING | rows=5 | claims=0
2026-07-06 14:05:39 [INFO] [loop_tick] state=SCANNING | rows=4 | claims=0
2026-07-06 14:05:39 [INFO] [loop_tick] state=SCANNING | rows=3 | claims=0
2026-07-06 14:05:39 [INFO] [loop_tick] state=SCANNING | rows=3 | claims=0
2026-07-06 14:05:39 [INFO] [loop_tick] state=SCANNING | rows=3 | claims=0
2026-07-06 14:05:39 [INFO] [loop_tick] state=SCANNING | rows=4 | claims=0
2026-07-06 14:05:39 [INFO] [loop_tick] state=SCANNING | rows=5 | claims=0
2026-07-06 14:05:39 [INFO] [loop_tick] state=SCANNING | rows=6 | claims=0
2026-07-06 14:05:39 [INFO] [loop_tick] state=SCANNING | rows=7 | claims=0
2026-07-06 14:05:39 [INFO] [loop_tick] state=SCANNING | rows=7 | claims=0
2026-07-06 14:05:40 [INFO] Clean exit requested (ESC).
2026-07-06 14:05:40 [INFO] [loop_tick] state=SCANNING | rows=7 | claims=0
2026-07-06 14:05:40 [INFO] WorkflowEngine shut down cleanly.
2026-07-06 14:07:47 [INFO] Clean exit requested (ESC).
2026-07-06 14:07:48 [INFO] Clean exit requested (ESC).
2026-07-06 14:07:53 [INFO] System Tray initialized. Application is running in the background.
2026-07-06 14:07:53 [INFO] All sub-systems initialised.
2026-07-06 14:07:53 [INFO] [state_change] from_state=IDLE | to_state=SCANNING
2026-07-06 14:07:53 [INFO] WorkflowEngine started — user='phan'  table={'left': 53, 'top': 601, 'width': 1484, 'height': 290}
2026-07-06 14:07:57 [INFO] [loop_tick] state=SCANNING | rows=3 | claims=0
2026-07-06 14:07:57 [INFO] [loop_tick] state=SCANNING | rows=5 | claims=0
2026-07-06 14:07:57 [INFO] [loop_tick] state=SCANNING | rows=5 | claims=0
2026-07-06 14:07:59 [INFO] [loop_tick] state=SCANNING | rows=5 | claims=0
2026-07-06 14:07:59 [INFO] [loop_tick] state=SCANNING | rows=5 | claims=0
2026-07-06 14:07:59 [INFO] [loop_tick] state=SCANNING | rows=2 | claims=0
2026-07-06 14:07:59 [INFO] [loop_tick] state=SCANNING | rows=2 | claims=0
2026-07-06 14:07:59 [INFO] [loop_tick] state=SCANNING | rows=2 | claims=0
2026-07-06 14:07:59 [INFO] [loop_tick] state=SCANNING | rows=2 | claims=0
2026-07-06 14:07:59 [INFO] [loop_tick] state=SCANNING | rows=5 | claims=0
2026-07-06 14:07:59 [INFO] [loop_tick] state=SCANNING | rows=5 | claims=0
2026-07-06 14:08:00 [INFO] [loop_tick] state=SCANNING | rows=5 | claims=0
2026-07-06 14:08:00 [INFO] [loop_tick] state=SCANNING | rows=5 | claims=0
2026-07-06 14:08:00 [INFO] [loop_tick] state=SCANNING | rows=5 | claims=0
2026-07-06 14:08:00 [INFO] [loop_tick] state=SCANNING | rows=5 | claims=0
2026-07-06 14:08:00 [INFO] [loop_tick] state=SCANNING | rows=5 | claims=0
2026-07-06 14:08:00 [INFO] [loop_tick] state=SCANNING | rows=5 | claims=0
2026-07-06 14:08:01 [INFO] [loop_tick] state=SCANNING | rows=5 | claims=0
2026-07-06 14:08:01 [INFO] [loop_tick] state=SCANNING | rows=4 | claims=0
2026-07-06 14:08:01 [INFO] [loop_tick] state=SCANNING | rows=4 | claims=0
2026-07-06 14:08:02 [INFO] [loop_tick] state=SCANNING | rows=5 | claims=0
2026-07-06 14:08:02 [INFO] [loop_tick] state=SCANNING | rows=5 | claims=0
2026-07-06 14:08:02 [INFO] [loop_tick] state=SCANNING | rows=5 | claims=0
2026-07-06 14:08:03 [INFO] [loop_tick] state=SCANNING | rows=7 | claims=0
2026-07-06 14:08:04 [INFO] [loop_tick] state=SCANNING | rows=6 | claims=0
2026-07-06 14:08:04 [INFO] [loop_tick] state=SCANNING | rows=6 | claims=0
2026-07-06 14:08:06 [INFO] [loop_tick] state=SCANNING | rows=10 | claims=0
2026-07-06 14:08:07 [INFO] [row_detected] total_rows=5 | claim_rows=[3]
2026-07-06 14:08:07 [INFO] [claim_found] row_id=3 | text=CLAIM | confidence=0.999 | claim_cell=(1169, 709)
2026-07-06 14:08:07 [INFO] [state_change] from_state=SCANNING | to_state=CLAIM_FOUND
2026-07-06 14:08:07 [INFO] [state_change] from_state=CLAIM_FOUND | to_state=CLICK_CLAIM
2026-07-06 14:08:07 [INFO] [claim_cell_clicked] row_id=3 | x=1169 | y=709
2026-07-06 14:08:07 [INFO] [state_change] from_state=CLICK_CLAIM | to_state=WAIT_USERNAME
2026-07-06 14:08:12 [WARNING] WAIT_USERNAME timed out (5s) — row y=712. Stopping to prevent double claims.
2026-07-06 14:08:12 [INFO] [timeout] state=WAIT_USERNAME | y_key=712
2026-07-06 14:08:12 [INFO] [state_change] from_state=WAIT_USERNAME | to_state=STOPPED
2026-07-06 14:08:21 [INFO] Automation DISABLED (F8)
2026-07-06 14:08:51 [INFO] Clean exit requested (ESC).
2026-07-06 14:08:51 [INFO] WorkflowEngine shut down cleanly.
2026-07-06 14:09:12 [INFO] System Tray initialized. Application is running in the background.
2026-07-06 14:09:12 [INFO] All sub-systems initialised.
2026-07-06 14:09:12 [INFO] [state_change] from_state=IDLE | to_state=SCANNING
2026-07-06 14:09:12 [INFO] WorkflowEngine started — user='phan'  table={'left': 53, 'top': 601, 'width': 1484, 'height': 290}
2026-07-06 14:09:16 [INFO] [loop_tick] state=SCANNING | rows=5 | claims=0
2026-07-06 14:09:16 [INFO] [loop_tick] state=SCANNING | rows=5 | claims=0
2026-07-06 14:09:17 [INFO] [loop_tick] state=SCANNING | rows=5 | claims=0
2026-07-06 14:09:19 [INFO] [loop_tick] state=SCANNING | rows=5 | claims=0
2026-07-06 14:09:22 [INFO] [loop_tick] state=SCANNING | rows=5 | claims=0
2026-07-06 14:09:24 [INFO] [loop_tick] state=SCANNING | rows=5 | claims=0
2026-07-06 14:09:27 [INFO] [loop_tick] state=SCANNING | rows=5 | claims=0
2026-07-06 14:09:29 [INFO] [loop_tick] state=SCANNING | rows=5 | claims=0
2026-07-06 14:09:32 [INFO] [loop_tick] state=SCANNING | rows=5 | claims=0
2026-07-06 14:09:34 [INFO] [loop_tick] state=SCANNING | rows=5 | claims=0
2026-07-06 14:09:37 [INFO] [loop_tick] state=SCANNING | rows=5 | claims=0
2026-07-06 14:09:39 [INFO] [loop_tick] state=SCANNING | rows=5 | claims=0
2026-07-06 14:09:42 [INFO] [loop_tick] state=SCANNING | rows=5 | claims=0
2026-07-06 14:09:44 [INFO] [loop_tick] state=SCANNING | rows=5 | claims=0
2026-07-06 14:09:47 [INFO] [loop_tick] state=SCANNING | rows=5 | claims=0
2026-07-06 14:09:49 [INFO] [loop_tick] state=SCANNING | rows=5 | claims=0
2026-07-06 14:09:51 [INFO] [loop_tick] state=SCANNING | rows=5 | claims=0
2026-07-06 14:09:54 [INFO] [loop_tick] state=SCANNING | rows=5 | claims=0
2026-07-06 14:09:56 [INFO] [loop_tick] state=SCANNING | rows=5 | claims=0
2026-07-06 14:09:58 [INFO] [loop_tick] state=SCANNING | rows=5 | claims=0
2026-07-06 14:09:59 [INFO] [loop_tick] state=SCANNING | rows=5 | claims=0
2026-07-06 14:10:01 [INFO] [loop_tick] state=SCANNING | rows=5 | claims=0
2026-07-06 14:10:03 [INFO] [loop_tick] state=SCANNING | rows=5 | claims=0
2026-07-06 14:10:05 [INFO] [loop_tick] state=SCANNING | rows=5 | claims=0
2026-07-06 14:10:08 [INFO] [loop_tick] state=SCANNING | rows=5 | claims=0
2026-07-06 14:10:10 [INFO] [loop_tick] state=SCANNING | rows=5 | claims=0
2026-07-06 14:10:13 [INFO] [loop_tick] state=SCANNING | rows=5 | claims=0
2026-07-06 14:10:15 [INFO] [loop_tick] state=SCANNING | rows=5 | claims=0
2026-07-06 14:10:18 [INFO] [loop_tick] state=SCANNING | rows=5 | claims=0
2026-07-06 14:10:20 [INFO] [loop_tick] state=SCANNING | rows=5 | claims=0
2026-07-06 14:10:23 [INFO] [loop_tick] state=SCANNING | rows=5 | claims=0
2026-07-06 14:10:25 [INFO] [loop_tick] state=SCANNING | rows=5 | claims=0
2026-07-06 14:10:27 [INFO] [loop_tick] state=SCANNING | rows=5 | claims=0
2026-07-06 14:10:30 [INFO] [loop_tick] state=SCANNING | rows=5 | claims=0
2026-07-06 14:10:32 [INFO] [loop_tick] state=SCANNING | rows=5 | claims=0
2026-07-06 14:10:35 [INFO] [row_detected] total_rows=6 | claim_rows=[0]
2026-07-06 14:10:35 [INFO] [claim_found] row_id=0 | text=CLAIM | confidence=0.982 | claim_cell=(1168, 619)
2026-07-06 14:10:35 [INFO] [state_change] from_state=SCANNING | to_state=CLAIM_FOUND
2026-07-06 14:10:35 [INFO] [state_change] from_state=CLAIM_FOUND | to_state=CLICK_CLAIM
2026-07-06 14:10:36 [INFO] [claim_cell_clicked] row_id=0 | x=1168 | y=619
2026-07-06 14:10:36 [INFO] [state_change] from_state=CLICK_CLAIM | to_state=WAIT_USERNAME
2026-07-06 14:10:38 [INFO] [claim_verified] y_key=616 | cell_text=phan | elapsed_s=1.607
2026-07-06 14:10:38 [INFO] [state_change] from_state=WAIT_USERNAME | to_state=CLAIM_SUCCESS
2026-07-06 14:10:38 [INFO] [select_clicked] y_key=616 | x=1316 | y=619
2026-07-06 14:10:39 [INFO] [state_change] from_state=CLAIM_SUCCESS | to_state=CLICK_SELECT
2026-07-06 14:10:39 [INFO] [state_change] from_state=CLICK_SELECT | to_state=CLICK_CONNECT
2026-07-06 14:10:40 [INFO] [connect_clicked] y_key=616 | x=763 | y=104
2026-07-06 14:10:40 [INFO] [state_change] from_state=CLICK_CONNECT | to_state=CONNECTED
2026-07-06 14:10:40 [INFO] ✓ Connected! Waiting 1000ms then entering STOPPED state.
2026-07-06 14:10:41 [INFO] [state_change] from_state=CONNECTED | to_state=STOPPED
2026-07-06 14:11:13 [INFO] Clean exit requested (ESC).
2026-07-06 14:11:13 [INFO] WorkflowEngine shut down cleanly.
2026-07-06 14:14:06 [INFO] System Tray initialized. Application is running in the background.
2026-07-06 14:14:06 [INFO] All sub-systems initialised.
2026-07-06 14:14:06 [INFO] [state_change] from_state=IDLE | to_state=SCANNING
2026-07-06 14:14:06 [INFO] WorkflowEngine started — user='phan'  table={'left': 53, 'top': 601, 'width': 1484, 'height': 290}
2026-07-06 14:14:10 [INFO] [loop_tick] state=SCANNING | rows=1 | claims=0
2026-07-06 14:14:10 [INFO] [loop_tick] state=SCANNING | rows=1 | claims=0
2026-07-06 14:14:11 [INFO] [loop_tick] state=SCANNING | rows=1 | claims=0
2026-07-06 14:14:14 [INFO] [loop_tick] state=SCANNING | rows=1 | claims=0
2026-07-06 14:14:16 [INFO] [loop_tick] state=SCANNING | rows=1 | claims=0
2026-07-06 14:14:19 [INFO] [loop_tick] state=SCANNING | rows=1 | claims=0
2026-07-06 14:14:21 [INFO] [loop_tick] state=SCANNING | rows=1 | claims=0
2026-07-06 14:14:24 [INFO] [loop_tick] state=SCANNING | rows=1 | claims=0
2026-07-06 14:14:26 [INFO] [loop_tick] state=SCANNING | rows=1 | claims=0
2026-07-06 14:14:29 [INFO] [loop_tick] state=SCANNING | rows=1 | claims=0
2026-07-06 14:14:31 [INFO] [loop_tick] state=SCANNING | rows=1 | claims=0
2026-07-06 14:14:34 [INFO] [row_detected] total_rows=2 | claim_rows=[1]
2026-07-06 14:14:34 [INFO] [claim_found] row_id=1 | text=CLAIM | confidence=0.999 | claim_cell=(1169, 649)
2026-07-06 14:14:34 [INFO] [state_change] from_state=SCANNING | to_state=CLAIM_FOUND
2026-07-06 14:14:34 [INFO] [state_change] from_state=CLAIM_FOUND | to_state=CLICK_CLAIM
2026-07-06 14:14:34 [INFO] [claim_cell_clicked] row_id=1 | x=1169 | y=649
2026-07-06 14:14:34 [INFO] [state_change] from_state=CLICK_CLAIM | to_state=WAIT_USERNAME
2026-07-06 14:14:38 [INFO] [claim_verified] y_key=648 | cell_text=phan | elapsed_s=3.914
2026-07-06 14:14:38 [INFO] [state_change] from_state=WAIT_USERNAME | to_state=CLAIM_SUCCESS
2026-07-06 14:14:39 [INFO] [select_clicked] y_key=648 | x=1316 | y=649
2026-07-06 14:14:40 [INFO] [state_change] from_state=CLAIM_SUCCESS | to_state=CLICK_SELECT
2026-07-06 14:14:40 [INFO] [state_change] from_state=CLICK_SELECT | to_state=CLICK_CONNECT
2026-07-06 14:14:40 [INFO] [connect_clicked] y_key=648 | x=763 | y=104
2026-07-06 14:14:40 [INFO] [state_change] from_state=CLICK_CONNECT | to_state=CONNECTED
2026-07-06 14:14:40 [INFO] ✓ Connected! Waiting 1000ms then entering STOPPED state.
2026-07-06 14:14:41 [INFO] [state_change] from_state=CONNECTED | to_state=STOPPED
2026-07-06 14:15:40 [INFO] Clean exit requested (ESC).
2026-07-06 14:15:40 [INFO] WorkflowEngine shut down cleanly.
2026-07-06 14:17:25 [INFO] System Tray initialized. Application is running in the background.
2026-07-06 14:17:25 [INFO] All sub-systems initialised.
2026-07-06 14:17:25 [INFO] [state_change] from_state=IDLE | to_state=SCANNING
2026-07-06 14:17:25 [INFO] WorkflowEngine started — user='phan'  table={'left': 53, 'top': 601, 'width': 1484, 'height': 290}
2026-07-06 14:17:29 [INFO] [loop_tick] state=SCANNING | rows=5 | claims=0
2026-07-06 14:17:29 [INFO] [loop_tick] state=SCANNING | rows=4 | claims=0
2026-07-06 14:17:29 [INFO] [loop_tick] state=SCANNING | rows=4 | claims=0
2026-07-06 14:17:32 [INFO] [loop_tick] state=SCANNING | rows=4 | claims=0
2026-07-06 14:17:34 [INFO] [loop_tick] state=SCANNING | rows=4 | claims=0
2026-07-06 14:17:37 [INFO] [loop_tick] state=SCANNING | rows=4 | claims=0
2026-07-06 14:17:39 [INFO] [loop_tick] state=SCANNING | rows=4 | claims=0
2026-07-06 14:17:42 [INFO] [loop_tick] state=SCANNING | rows=4 | claims=0
2026-07-06 14:17:44 [INFO] [loop_tick] state=SCANNING | rows=4 | claims=0
2026-07-06 14:17:47 [INFO] [loop_tick] state=SCANNING | rows=4 | claims=0
2026-07-06 14:17:49 [INFO] [loop_tick] state=SCANNING | rows=4 | claims=0
2026-07-06 14:17:52 [INFO] [row_detected] total_rows=5 | claim_rows=[0]
2026-07-06 14:17:52 [INFO] [claim_found] row_id=0 | text=CLAIM | confidence=0.999 | claim_cell=(1169, 619)
2026-07-06 14:17:52 [INFO] [state_change] from_state=SCANNING | to_state=CLAIM_FOUND
2026-07-06 14:17:52 [INFO] [state_change] from_state=CLAIM_FOUND | to_state=CLICK_CLAIM
2026-07-06 14:17:53 [INFO] [claim_cell_clicked] row_id=0 | x=1169 | y=619
2026-07-06 14:17:53 [INFO] [state_change] from_state=CLICK_CLAIM | to_state=WAIT_USERNAME
2026-07-06 14:17:55 [INFO] [claim_verified] y_key=616 | cell_text=phan | elapsed_s=2.61
2026-07-06 14:17:55 [INFO] [state_change] from_state=WAIT_USERNAME | to_state=CLAIM_SUCCESS
2026-07-06 14:17:56 [INFO] [select_clicked] y_key=616 | x=1316 | y=619
2026-07-06 14:17:57 [INFO] [state_change] from_state=CLAIM_SUCCESS | to_state=CLICK_SELECT
2026-07-06 14:17:57 [INFO] [state_change] from_state=CLICK_SELECT | to_state=CLICK_CONNECT
2026-07-06 14:17:58 [INFO] [connect_clicked] y_key=616 | x=763 | y=104
2026-07-06 14:17:58 [INFO] [state_change] from_state=CLICK_CONNECT | to_state=CONNECTED
2026-07-06 14:17:58 [INFO] ✓ Connected! Waiting 1000ms then entering STOPPED state.
2026-07-06 14:17:59 [INFO] [state_change] from_state=CONNECTED | to_state=STOPPED
2026-07-06 14:19:36 [INFO] Clean exit requested (ESC).
2026-07-06 14:19:36 [INFO] WorkflowEngine shut down cleanly.
