2026-08-12 09:23:01 [INFO] All sub-systems initialised.
2026-08-12 09:23:01 [INFO] [state_change] from_state=IDLE | to_state=SCANNING
2026-08-12 09:23:01 [INFO] WorkflowEngine started — user='lvu'  table={'left': 37, 'top': 586, 'width': 1503, 'height': 320}
2026-08-12 09:23:01 [ERROR] Unhandled loop exception: Windows graphics function failed: BitBlt: Access is denied.
2026-08-12 09:23:01 [INFO] [error] error=Windows graphics function failed: BitBlt: Access is denied.
2026-08-12 09:23:01 [INFO] [state_change] from_state=SCANNING | to_state=ERROR
2026-08-12 09:23:01 [WARNING] ERROR — stopping automation for safety.
2026-08-12 09:24:27 [INFO] All sub-systems initialised.
2026-08-12 09:24:27 [INFO] [state_change] from_state=IDLE | to_state=SCANNING
2026-08-12 09:24:27 [INFO] WorkflowEngine started — user='lvu'  table={'left': 37, 'top': 586, 'width': 1503, 'height': 320}
2026-08-12 09:24:27 [ERROR] Unhandled loop exception: Windows graphics function failed: BitBlt: Access is denied.
2026-08-12 09:24:27 [INFO] [error] error=Windows graphics function failed: BitBlt: Access is denied.
2026-08-12 09:24:27 [INFO] [state_change] from_state=SCANNING | to_state=ERROR
2026-08-12 09:24:27 [WARNING] ERROR — stopping automation for safety.
2026-08-12 09:24:28 [INFO] [state_change] from_state=ERROR | to_state=STOPPED
2026-08-12 09:31:05 [INFO] Bắt đầu hiệu chỉnh CLI...
2026-08-12 09:31:05 [INFO] Starting calibration...
2026-08-12 09:31:42 [INFO] Bắt đầu hiệu chỉnh CLI...
2026-08-12 09:31:42 [INFO] Starting calibration...
2026-08-12 09:32:28 [INFO] Calibration complete — all regions configured.
2026-08-12 09:32:28 [INFO] Hiệu chỉnh xong.
2026-08-12 09:32:44 [INFO] All sub-systems initialised.
2026-08-12 09:32:44 [INFO] [state_change] from_state=IDLE | to_state=SCANNING
2026-08-12 09:32:44 [INFO] WorkflowEngine started — user='lvu'  table={'left': 21, 'top': 545, 'width': 1523, 'height': 373}
2026-08-12 09:32:54 [INFO] Automation DISABLED (F8)
2026-08-12 09:32:56 [INFO] Automation ENABLED (F8)
2026-08-12 09:33:17 [INFO] [row_detected] total_rows=13 | claim_rows=[2, 3]
2026-08-12 09:33:18 [INFO] [row_detected] total_rows=14 | claim_rows=[2, 3]
2026-08-12 09:33:19 [INFO] [row_detected] total_rows=14 | claim_rows=[2, 3]
2026-08-12 09:33:21 [INFO] [row_detected] total_rows=14 | claim_rows=[2, 3]
2026-08-12 09:33:24 [INFO] [row_detected] total_rows=14 | claim_rows=[2, 3]
2026-08-12 09:33:26 [INFO] [loop_tick] state=SCANNING | rows=9 | claims=0
2026-08-12 09:33:26 [INFO] [row_detected] total_rows=11 | claim_rows=[0, 1]
2026-08-12 09:33:26 [INFO] [loop_tick] state=SCANNING | rows=9 | claims=0
2026-08-12 09:33:27 [INFO] [row_detected] total_rows=14 | claim_rows=[2, 3]
2026-08-12 09:33:28 [INFO] [row_detected] total_rows=14 | claim_rows=[2, 3]
2026-08-12 09:33:31 [INFO] [row_detected] total_rows=14 | claim_rows=[2, 3]
2026-08-12 09:33:33 [INFO] [row_detected] total_rows=14 | claim_rows=[2, 3]
2026-08-12 09:33:36 [INFO] [row_detected] total_rows=14 | claim_rows=[2, 3]
2026-08-12 09:33:38 [INFO] [row_detected] total_rows=14 | claim_rows=[2, 3]
2026-08-12 09:33:41 [INFO] [row_detected] total_rows=13 | claim_rows=[2, 3]
2026-08-12 09:33:43 [INFO] [row_detected] total_rows=13 | claim_rows=[2, 3]
2026-08-12 09:33:45 [INFO] [row_detected] total_rows=13 | claim_rows=[2, 3]
2026-08-12 09:33:46 [INFO] [loop_tick] state=SCANNING | rows=12 | claims=0
2026-08-12 09:33:46 [INFO] [loop_tick] state=SCANNING | rows=12 | claims=0
2026-08-12 09:33:47 [INFO] [loop_tick] state=SCANNING | rows=11 | claims=0
2026-08-12 09:33:48 [INFO] [row_detected] total_rows=13 | claim_rows=[2, 3]
2026-08-12 09:33:48 [INFO] [row_detected] total_rows=13 | claim_rows=[2, 3]
2026-08-12 09:33:50 [INFO] [row_detected] total_rows=13 | claim_rows=[2, 3]
2026-08-12 09:33:51 [INFO] [row_detected] total_rows=13 | claim_rows=[2, 3]
2026-08-12 09:33:51 [INFO] [loop_tick] state=SCANNING | rows=12 | claims=0
2026-08-12 09:33:51 [INFO] [loop_tick] state=SCANNING | rows=12 | claims=0
2026-08-12 09:33:51 [INFO] [loop_tick] state=SCANNING | rows=12 | claims=0
2026-08-12 09:33:51 [INFO] [loop_tick] state=SCANNING | rows=11 | claims=0
2026-08-12 09:33:55 [INFO] [loop_tick] state=SCANNING | rows=12 | claims=0
2026-08-12 09:33:57 [INFO] [loop_tick] state=SCANNING | rows=12 | claims=0
2026-08-12 09:33:58 [INFO] [loop_tick] state=SCANNING | rows=11 | claims=0
2026-08-12 09:33:58 [INFO] [row_detected] total_rows=12 | claim_rows=[1, 3]
2026-08-12 09:33:58 [INFO] [claim_found] row_id=3 | text=CLAIM | confidence=0.671 | claim_cell=(1169, 649)
2026-08-12 09:33:58 [INFO] [state_change] from_state=SCANNING | to_state=CLAIM_FOUND
2026-08-12 09:33:58 [INFO] [state_change] from_state=CLAIM_FOUND | to_state=CLICK_CLAIM
2026-08-12 09:33:59 [INFO] [claim_cell_clicked] row_id=3 | x=1169 | y=649
2026-08-12 09:33:59 [INFO] [state_change] from_state=CLICK_CLAIM | to_state=WAIT_USERNAME
2026-08-12 09:34:00 [WARNING] Cell shows 'pnguyen' (not pending and not 'LVU') — claimed by someone else.
2026-08-12 09:34:00 [INFO] [claim_stolen] y_key=648 | cell_text=pnguyen
2026-08-12 09:34:00 [INFO] [state_change] from_state=WAIT_USERNAME | to_state=SCANNING
2026-08-12 09:34:00 [INFO] [row_detected] total_rows=13 | claim_rows=[2, 3]
2026-08-12 09:34:03 [INFO] [row_detected] total_rows=13 | claim_rows=[2, 3]
2026-08-12 09:34:05 [INFO] [row_detected] total_rows=13 | claim_rows=[2, 3]
2026-08-12 09:34:07 [INFO] [row_detected] total_rows=13 | claim_rows=[2, 3]
2026-08-12 09:34:10 [INFO] [row_detected] total_rows=13 | claim_rows=[2, 3]
2026-08-12 09:34:12 [INFO] [row_detected] total_rows=13 | claim_rows=[2, 3]
2026-08-12 09:34:15 [INFO] [row_detected] total_rows=13 | claim_rows=[2, 3]
2026-08-12 09:34:17 [INFO] [row_detected] total_rows=11 | claim_rows=[2, 3]
2026-08-12 09:34:20 [INFO] [row_detected] total_rows=11 | claim_rows=[2, 3]
2026-08-12 09:34:22 [INFO] [row_detected] total_rows=11 | claim_rows=[2, 3]
2026-08-12 09:34:24 [INFO] [row_detected] total_rows=11 | claim_rows=[2, 3]
2026-08-12 09:34:26 [INFO] [row_detected] total_rows=11 | claim_rows=[3]
2026-08-12 09:34:27 [INFO] [row_detected] total_rows=11 | claim_rows=[4]
2026-08-12 09:34:27 [INFO] [claim_found] row_id=4 | text=claim | confidence=0.991 | claim_cell=(1126, 654)
2026-08-12 09:34:27 [INFO] [state_change] from_state=SCANNING | to_state=CLAIM_FOUND
2026-08-12 09:34:27 [INFO] [state_change] from_state=CLAIM_FOUND | to_state=CLICK_CLAIM
2026-08-12 09:34:27 [INFO] [claim_cell_clicked] row_id=4 | x=1126 | y=654
2026-08-12 09:34:27 [INFO] [state_change] from_state=CLICK_CLAIM | to_state=WAIT_USERNAME
2026-08-12 09:34:32 [WARNING] WAIT_USERNAME timed out (5s) — row y=656. Stopping to prevent double claims.
2026-08-12 09:34:32 [INFO] [timeout] state=WAIT_USERNAME | y_key=656
2026-08-12 09:34:32 [INFO] [state_change] from_state=WAIT_USERNAME | to_state=STOPPED
2026-08-12 09:35:24 [INFO] Automation DISABLED (F8)
2026-08-12 09:35:25 [INFO] Automation ENABLED (F8)
2026-08-12 09:35:25 [INFO] [state_change] from_state=STOPPED | to_state=SCANNING
2026-08-12 09:35:25 [INFO] [row_detected] total_rows=9 | claim_rows=[2, 3, 4]
2026-08-12 09:35:25 [INFO] [claim_found] row_id=4 | text=CLAIM | confidence=0.999 | claim_cell=(1169, 649)
2026-08-12 09:35:25 [INFO] [state_change] from_state=SCANNING | to_state=CLAIM_FOUND
2026-08-12 09:35:25 [INFO] [state_change] from_state=CLAIM_FOUND | to_state=CLICK_CLAIM
2026-08-12 09:35:26 [INFO] [claim_cell_clicked] row_id=4 | x=1169 | y=649
2026-08-12 09:35:26 [INFO] [state_change] from_state=CLICK_CLAIM | to_state=WAIT_USERNAME
2026-08-12 09:35:27 [WARNING] Cell shows 'fwaitara' (not pending and not 'LVU') — claimed by someone else.
2026-08-12 09:35:27 [INFO] [claim_stolen] y_key=648 | cell_text=fwaitara
2026-08-12 09:35:27 [INFO] [state_change] from_state=WAIT_USERNAME | to_state=SCANNING
2026-08-12 09:35:27 [INFO] [row_detected] total_rows=9 | claim_rows=[2, 3]
2026-08-12 09:35:28 [INFO] [row_detected] total_rows=9 | claim_rows=[2, 3]
2026-08-12 09:35:30 [INFO] [row_detected] total_rows=9 | claim_rows=[2, 3]
2026-08-12 09:35:32 [INFO] [row_detected] total_rows=9 | claim_rows=[2, 3]
2026-08-12 09:35:34 [INFO] [row_detected] total_rows=10 | claim_rows=[2, 3, 4]
2026-08-12 09:35:37 [INFO] [row_detected] total_rows=10 | claim_rows=[2, 3, 5]
2026-08-12 09:35:37 [INFO] [claim_found] row_id=5 | text=CLAIM | confidence=0.999 | claim_cell=(1169, 679)
2026-08-12 09:35:37 [INFO] [state_change] from_state=SCANNING | to_state=CLAIM_FOUND
2026-08-12 09:35:37 [INFO] [state_change] from_state=CLAIM_FOUND | to_state=CLICK_CLAIM
2026-08-12 09:35:38 [INFO] [claim_cell_clicked] row_id=5 | x=1169 | y=679
2026-08-12 09:35:38 [INFO] [state_change] from_state=CLICK_CLAIM | to_state=WAIT_USERNAME
2026-08-12 09:35:39 [WARNING] Cell shows 'Ivu' (not pending and not 'LVU') — claimed by someone else.
2026-08-12 09:35:39 [INFO] [claim_stolen] y_key=680 | cell_text=Ivu
2026-08-12 09:35:39 [INFO] [state_change] from_state=WAIT_USERNAME | to_state=SCANNING
2026-08-12 09:35:39 [INFO] [row_detected] total_rows=10 | claim_rows=[2, 3]
2026-08-12 09:35:42 [INFO] [row_detected] total_rows=10 | claim_rows=[2, 3]
2026-08-12 09:35:44 [INFO] [row_detected] total_rows=10 | claim_rows=[2, 3]
2026-08-12 09:35:47 [INFO] [row_detected] total_rows=11 | claim_rows=[2, 3, 5]
2026-08-12 09:35:49 [INFO] [row_detected] total_rows=11 | claim_rows=[2, 3, 5]
2026-08-12 09:35:52 [INFO] [row_detected] total_rows=11 | claim_rows=[2, 3]
2026-08-12 09:35:52 [INFO] [row_detected] total_rows=11 | claim_rows=[2, 3]
2026-08-12 09:35:53 [INFO] [row_detected] total_rows=11 | claim_rows=[2, 3]
2026-08-12 09:35:53 [INFO] [row_detected] total_rows=11 | claim_rows=[2, 3]
2026-08-12 09:35:54 [INFO] [row_detected] total_rows=11 | claim_rows=[2, 3]
2026-08-12 09:35:57 [INFO] [row_detected] total_rows=11 | claim_rows=[2, 3]
2026-08-12 09:35:59 [INFO] [row_detected] total_rows=11 | claim_rows=[2, 3]
2026-08-12 09:36:02 [INFO] [row_detected] total_rows=11 | claim_rows=[2, 3]
2026-08-12 09:36:04 [INFO] [loop_tick] state=SCANNING | rows=9 | claims=0
2026-08-12 09:36:05 [INFO] [row_detected] total_rows=11 | claim_rows=[2, 3]
2026-08-12 09:36:07 [INFO] [row_detected] total_rows=11 | claim_rows=[2, 3]
2026-08-12 09:36:09 [INFO] [row_detected] total_rows=11 | claim_rows=[2, 3]
2026-08-12 09:36:11 [INFO] [row_detected] total_rows=11 | claim_rows=[2, 3]
2026-08-12 09:36:13 [INFO] [row_detected] total_rows=11 | claim_rows=[2, 3]
2026-08-12 09:36:15 [INFO] [row_detected] total_rows=11 | claim_rows=[2, 3]
2026-08-12 09:36:18 [INFO] [row_detected] total_rows=11 | claim_rows=[2, 3]
2026-08-12 09:36:18 [INFO] [loop_tick] state=SCANNING | rows=1 | claims=0
2026-08-12 09:36:26 [INFO] [loop_tick] state=SCANNING | rows=1 | claims=0
2026-08-12 09:36:26 [INFO] [loop_tick] state=SCANNING | rows=1 | claims=0
2026-08-12 09:36:37 [INFO] [loop_tick] state=SCANNING | rows=1 | claims=0
2026-08-12 09:36:38 [INFO] [loop_tick] state=SCANNING | rows=1 | claims=0
2026-08-12 09:36:38 [INFO] [loop_tick] state=SCANNING | rows=1 | claims=0
2026-08-12 09:36:38 [INFO] [loop_tick] state=SCANNING | rows=1 | claims=0
2026-08-12 09:36:38 [INFO] [loop_tick] state=SCANNING | rows=1 | claims=0
2026-08-12 09:36:39 [INFO] [loop_tick] state=SCANNING | rows=1 | claims=0
2026-08-12 09:36:39 [INFO] [loop_tick] state=SCANNING | rows=1 | claims=0
2026-08-12 09:36:39 [INFO] [loop_tick] state=SCANNING | rows=1 | claims=0
2026-08-12 09:36:39 [INFO] [loop_tick] state=SCANNING | rows=1 | claims=0
2026-08-12 09:36:40 [INFO] [loop_tick] state=SCANNING | rows=1 | claims=0
2026-08-12 09:36:40 [INFO] [loop_tick] state=SCANNING | rows=1 | claims=0
2026-08-12 09:36:40 [INFO] [loop_tick] state=SCANNING | rows=1 | claims=0
2026-08-12 09:36:41 [INFO] [loop_tick] state=SCANNING | rows=1 | claims=0
2026-08-12 09:36:41 [INFO] [loop_tick] state=SCANNING | rows=1 | claims=0
2026-08-12 09:36:41 [INFO] [loop_tick] state=SCANNING | rows=1 | claims=0
2026-08-12 09:36:41 [INFO] [loop_tick] state=SCANNING | rows=1 | claims=0
2026-08-12 09:36:42 [INFO] [loop_tick] state=SCANNING | rows=4 | claims=0
2026-08-12 09:36:42 [INFO] [loop_tick] state=SCANNING | rows=5 | claims=0
2026-08-12 09:36:42 [INFO] [loop_tick] state=SCANNING | rows=5 | claims=0
2026-08-12 09:36:43 [INFO] [loop_tick] state=SCANNING | rows=4 | claims=0
2026-08-12 09:36:43 [INFO] [loop_tick] state=SCANNING | rows=6 | claims=0
2026-08-12 09:36:43 [INFO] [loop_tick] state=SCANNING | rows=6 | claims=0
2026-08-12 09:36:43 [INFO] [loop_tick] state=SCANNING | rows=6 | claims=0
2026-08-12 09:36:43 [INFO] [loop_tick] state=SCANNING | rows=6 | claims=0
2026-08-12 09:36:43 [INFO] [loop_tick] state=SCANNING | rows=6 | claims=0
2026-08-12 09:36:43 [INFO] [loop_tick] state=SCANNING | rows=6 | claims=0
2026-08-12 09:36:43 [INFO] [loop_tick] state=SCANNING | rows=4 | claims=0
2026-08-12 09:36:44 [INFO] [loop_tick] state=SCANNING | rows=4 | claims=0
2026-08-12 09:36:44 [INFO] [loop_tick] state=SCANNING | rows=4 | claims=0
2026-08-12 09:36:44 [INFO] [loop_tick] state=SCANNING | rows=5 | claims=0
2026-08-12 09:36:44 [INFO] [loop_tick] state=SCANNING | rows=5 | claims=0
2026-08-12 09:36:44 [INFO] [loop_tick] state=SCANNING | rows=5 | claims=0
2026-08-12 09:36:44 [INFO] [loop_tick] state=SCANNING | rows=5 | claims=0
2026-08-12 09:36:44 [INFO] [loop_tick] state=SCANNING | rows=5 | claims=0
2026-08-12 09:36:45 [INFO] [loop_tick] state=SCANNING | rows=5 | claims=0
2026-08-12 09:36:45 [INFO] [loop_tick] state=SCANNING | rows=9 | claims=0
2026-08-12 09:36:45 [INFO] [loop_tick] state=SCANNING | rows=5 | claims=0
2026-08-12 09:36:46 [INFO] [loop_tick] state=SCANNING | rows=5 | claims=0
2026-08-12 09:36:46 [INFO] [loop_tick] state=SCANNING | rows=5 | claims=0
2026-08-12 09:36:46 [INFO] [loop_tick] state=SCANNING | rows=5 | claims=0
2026-08-12 09:36:46 [INFO] [loop_tick] state=SCANNING | rows=5 | claims=0
2026-08-12 09:36:46 [INFO] [loop_tick] state=SCANNING | rows=5 | claims=0
2026-08-12 09:36:46 [INFO] [loop_tick] state=SCANNING | rows=5 | claims=0
2026-08-12 09:36:46 [INFO] [loop_tick] state=SCANNING | rows=5 | claims=0
2026-08-12 09:36:47 [INFO] [loop_tick] state=SCANNING | rows=5 | claims=0
2026-08-12 09:36:47 [INFO] [loop_tick] state=SCANNING | rows=4 | claims=0
2026-08-12 09:36:47 [INFO] [loop_tick] state=SCANNING | rows=4 | claims=0
2026-08-12 09:36:47 [INFO] [loop_tick] state=SCANNING | rows=4 | claims=0
2026-08-12 09:36:47 [INFO] [loop_tick] state=SCANNING | rows=4 | claims=0
2026-08-12 09:36:47 [INFO] [loop_tick] state=SCANNING | rows=4 | claims=0
2026-08-12 09:36:47 [INFO] [loop_tick] state=SCANNING | rows=4 | claims=0
2026-08-12 09:36:48 [INFO] [loop_tick] state=SCANNING | rows=4 | claims=0
2026-08-12 09:36:48 [INFO] [loop_tick] state=SCANNING | rows=4 | claims=0
2026-08-12 09:36:48 [INFO] [loop_tick] state=SCANNING | rows=5 | claims=0
2026-08-12 09:36:48 [INFO] [loop_tick] state=SCANNING | rows=4 | claims=0
2026-08-12 09:36:48 [INFO] [loop_tick] state=SCANNING | rows=5 | claims=0
2026-08-12 09:36:48 [INFO] [loop_tick] state=SCANNING | rows=5 | claims=0
2026-08-12 09:36:48 [INFO] [loop_tick] state=SCANNING | rows=5 | claims=0
2026-08-12 09:36:48 [INFO] [loop_tick] state=SCANNING | rows=5 | claims=0
2026-08-12 09:36:49 [INFO] [loop_tick] state=SCANNING | rows=5 | claims=0
2026-08-12 09:36:49 [INFO] [loop_tick] state=SCANNING | rows=5 | claims=0
2026-08-12 09:36:49 [INFO] [loop_tick] state=SCANNING | rows=5 | claims=0
2026-08-12 09:36:49 [INFO] [loop_tick] state=SCANNING | rows=5 | claims=0
2026-08-12 09:36:49 [INFO] [loop_tick] state=SCANNING | rows=5 | claims=0
2026-08-12 09:36:49 [INFO] [loop_tick] state=SCANNING | rows=5 | claims=0
2026-08-12 09:36:49 [INFO] [loop_tick] state=SCANNING | rows=5 | claims=0
2026-08-12 09:36:50 [INFO] Clean exit requested (ESC).
2026-08-12 09:36:50 [INFO] Clean exit requested (ESC).
2026-08-12 09:40:40 [INFO] All sub-systems initialised.
2026-08-12 09:40:40 [INFO] [state_change] from_state=IDLE | to_state=SCANNING
2026-08-12 09:40:40 [INFO] WorkflowEngine started — user='lvu'  table={'left': 21, 'top': 545, 'width': 1523, 'height': 373}
2026-08-12 09:40:44 [INFO] [row_detected] total_rows=14 | claim_rows=[2, 3, 4]
2026-08-12 09:40:44 [INFO] [claim_found] row_id=4 | text=CLAIM | confidence=0.999 | claim_cell=(1160, 649)
2026-08-12 09:40:44 [INFO] [state_change] from_state=SCANNING | to_state=CLAIM_FOUND
2026-08-12 09:40:44 [INFO] [state_change] from_state=CLAIM_FOUND | to_state=CLICK_CLAIM
2026-08-12 09:40:44 [INFO] [claim_cell_clicked] row_id=4 | x=1160 | y=649
2026-08-12 09:40:44 [INFO] [state_change] from_state=CLICK_CLAIM | to_state=WAIT_USERNAME
2026-08-12 09:40:46 [WARNING] Cell shows 'Ivu' (not pending and not 'LVU') — claimed by someone else.
2026-08-12 09:40:46 [INFO] [claim_stolen] y_key=648 | cell_text=Ivu
2026-08-12 09:40:46 [INFO] [state_change] from_state=WAIT_USERNAME | to_state=SCANNING
2026-08-12 09:40:47 [INFO] [row_detected] total_rows=14 | claim_rows=[2, 3]
2026-08-12 09:40:49 [INFO] [row_detected] total_rows=14 | claim_rows=[2, 3]
2026-08-12 09:40:51 [INFO] [row_detected] total_rows=14 | claim_rows=[2, 3]
2026-08-12 09:40:53 [INFO] [row_detected] total_rows=14 | claim_rows=[2, 3]
2026-08-12 09:40:54 [INFO] Clean exit requested (ESC).
2026-08-12 09:40:54 [INFO] Clean exit requested (ESC).
2026-08-12 09:40:56 [INFO] Bắt đầu hiệu chỉnh CLI...
2026-08-12 09:40:56 [INFO] Starting calibration...
2026-08-12 09:41:33 [INFO] Calibration complete — all regions configured.
2026-08-12 09:41:33 [INFO] Hiệu chỉnh xong.
2026-08-12 09:41:40 [INFO] All sub-systems initialised.
2026-08-12 09:41:40 [INFO] [state_change] from_state=IDLE | to_state=SCANNING
2026-08-12 09:41:40 [INFO] WorkflowEngine started — user='lvu'  table={'left': 41, 'top': 585, 'width': 1497, 'height': 313}
2026-08-12 09:41:44 [INFO] [row_detected] total_rows=11 | claim_rows=[0, 1]
2026-08-12 09:41:45 [INFO] [row_detected] total_rows=11 | claim_rows=[0, 1, 4]
2026-08-12 09:41:45 [INFO] [claim_found] row_id=4 | text=CLAIM | confidence=0.999 | claim_cell=(1160, 709)
2026-08-12 09:41:45 [INFO] [state_change] from_state=SCANNING | to_state=CLAIM_FOUND
2026-08-12 09:41:45 [INFO] [state_change] from_state=CLAIM_FOUND | to_state=CLICK_CLAIM
2026-08-12 09:41:45 [INFO] [claim_cell_clicked] row_id=4 | x=1160 | y=709
2026-08-12 09:41:45 [INFO] [state_change] from_state=CLICK_CLAIM | to_state=WAIT_USERNAME
2026-08-12 09:41:49 [WARNING] Cell shows 'inguyen' (not pending and not 'LVU') — claimed by someone else.
2026-08-12 09:41:49 [INFO] [claim_stolen] y_key=712 | cell_text=inguyen
2026-08-12 09:41:49 [INFO] [state_change] from_state=WAIT_USERNAME | to_state=SCANNING
2026-08-12 09:41:49 [INFO] [row_detected] total_rows=11 | claim_rows=[0, 1, 5]
2026-08-12 09:41:49 [INFO] [claim_found] row_id=5 | text=CLAIM | confidence=0.999 | claim_cell=(1160, 739)
2026-08-12 09:41:49 [INFO] [state_change] from_state=SCANNING | to_state=CLAIM_FOUND
2026-08-12 09:41:49 [INFO] [state_change] from_state=CLAIM_FOUND | to_state=CLICK_CLAIM
2026-08-12 09:41:49 [INFO] [claim_cell_clicked] row_id=5 | x=1160 | y=739
2026-08-12 09:41:49 [INFO] [state_change] from_state=CLICK_CLAIM | to_state=WAIT_USERNAME
2026-08-12 09:41:53 [WARNING] Cell shows 'inguyen' (not pending and not 'LVU') — claimed by someone else.
2026-08-12 09:41:53 [INFO] [claim_stolen] y_key=736 | cell_text=inguyen
2026-08-12 09:41:53 [INFO] [state_change] from_state=WAIT_USERNAME | to_state=SCANNING
2026-08-12 09:41:53 [INFO] [row_detected] total_rows=11 | claim_rows=[0, 1]
2026-08-12 09:41:54 [INFO] [row_detected] total_rows=11 | claim_rows=[0, 1]
2026-08-12 09:41:55 [INFO] [row_detected] total_rows=11 | claim_rows=[0, 1]
2026-08-12 09:41:56 [INFO] [row_detected] total_rows=11 | claim_rows=[0, 1]
2026-08-12 09:41:57 [INFO] [row_detected] total_rows=11 | claim_rows=[0, 1]
2026-08-12 09:41:59 [INFO] [loop_tick] state=SCANNING | rows=3 | claims=0
2026-08-12 09:41:59 [INFO] [loop_tick] state=SCANNING | rows=3 | claims=0
2026-08-12 09:41:59 [INFO] [loop_tick] state=SCANNING | rows=3 | claims=0
2026-08-12 09:41:59 [INFO] [loop_tick] state=SCANNING | rows=3 | claims=0
2026-08-12 09:41:59 [INFO] [loop_tick] state=SCANNING | rows=3 | claims=0
2026-08-12 09:41:59 [INFO] [loop_tick] state=SCANNING | rows=3 | claims=0
2026-08-12 09:42:00 [INFO] [loop_tick] state=SCANNING | rows=3 | claims=0
2026-08-12 09:42:00 [INFO] [loop_tick] state=SCANNING | rows=3 | claims=0
2026-08-12 09:42:00 [INFO] [loop_tick] state=SCANNING | rows=3 | claims=0
2026-08-12 09:42:01 [INFO] [loop_tick] state=SCANNING | rows=3 | claims=0
2026-08-12 09:42:01 [INFO] [loop_tick] state=SCANNING | rows=3 | claims=0
2026-08-12 09:42:01 [INFO] [loop_tick] state=SCANNING | rows=3 | claims=0
2026-08-12 09:42:01 [INFO] [loop_tick] state=SCANNING | rows=3 | claims=0
2026-08-12 09:42:02 [INFO] [loop_tick] state=SCANNING | rows=3 | claims=0
2026-08-12 09:42:02 [INFO] [loop_tick] state=SCANNING | rows=3 | claims=0
2026-08-12 09:42:03 [INFO] [loop_tick] state=SCANNING | rows=3 | claims=0
2026-08-12 09:42:03 [INFO] [loop_tick] state=SCANNING | rows=3 | claims=0
2026-08-12 09:42:03 [INFO] [loop_tick] state=SCANNING | rows=3 | claims=0
2026-08-12 09:42:03 [INFO] [loop_tick] state=SCANNING | rows=3 | claims=0
2026-08-12 09:42:04 [INFO] [loop_tick] state=SCANNING | rows=3 | claims=0
2026-08-12 09:42:04 [INFO] [loop_tick] state=SCANNING | rows=1 | claims=0
2026-08-12 09:42:04 [INFO] [loop_tick] state=SCANNING | rows=3 | claims=0
2026-08-12 09:42:04 [INFO] [loop_tick] state=SCANNING | rows=3 | claims=0
2026-08-12 09:42:04 [INFO] [loop_tick] state=SCANNING | rows=2 | claims=0
2026-08-12 09:42:04 [INFO] [loop_tick] state=SCANNING | rows=3 | claims=0
2026-08-12 09:42:04 [INFO] [loop_tick] state=SCANNING | rows=3 | claims=0
2026-08-12 09:42:04 [INFO] [loop_tick] state=SCANNING | rows=3 | claims=0
2026-08-12 09:42:04 [INFO] [loop_tick] state=SCANNING | rows=3 | claims=0
2026-08-12 09:42:05 [INFO] [loop_tick] state=SCANNING | rows=3 | claims=0
2026-08-12 09:42:05 [INFO] [loop_tick] state=SCANNING | rows=3 | claims=0
2026-08-12 09:42:05 [INFO] [loop_tick] state=SCANNING | rows=3 | claims=0
2026-08-12 09:42:05 [INFO] [loop_tick] state=SCANNING | rows=3 | claims=0
2026-08-12 09:42:05 [INFO] [loop_tick] state=SCANNING | rows=3 | claims=0
2026-08-12 09:42:05 [INFO] [loop_tick] state=SCANNING | rows=3 | claims=0
2026-08-12 09:42:05 [INFO] [loop_tick] state=SCANNING | rows=2 | claims=0
2026-08-12 09:42:05 [INFO] [loop_tick] state=SCANNING | rows=3 | claims=0
2026-08-12 09:42:06 [INFO] [loop_tick] state=SCANNING | rows=3 | claims=0
2026-08-12 09:42:06 [INFO] [loop_tick] state=SCANNING | rows=3 | claims=0
2026-08-12 09:42:06 [INFO] [loop_tick] state=SCANNING | rows=3 | claims=0
2026-08-12 09:42:06 [INFO] [loop_tick] state=SCANNING | rows=3 | claims=0
2026-08-12 09:42:06 [INFO] [loop_tick] state=SCANNING | rows=3 | claims=0
2026-08-12 09:42:06 [INFO] [loop_tick] state=SCANNING | rows=3 | claims=0
2026-08-12 09:42:06 [INFO] [loop_tick] state=SCANNING | rows=3 | claims=0
2026-08-12 09:42:06 [INFO] [loop_tick] state=SCANNING | rows=3 | claims=0
2026-08-12 09:42:07 [INFO] [loop_tick] state=SCANNING | rows=3 | claims=0
2026-08-12 09:42:07 [INFO] [loop_tick] state=SCANNING | rows=2 | claims=0
2026-08-12 09:42:07 [INFO] [loop_tick] state=SCANNING | rows=2 | claims=0
2026-08-12 09:42:07 [INFO] [loop_tick] state=SCANNING | rows=2 | claims=0
2026-08-12 09:42:07 [INFO] [loop_tick] state=SCANNING | rows=3 | claims=0
2026-08-12 09:42:08 [INFO] [loop_tick] state=SCANNING | rows=3 | claims=0
2026-08-12 09:42:08 [INFO] [loop_tick] state=SCANNING | rows=3 | claims=0
2026-08-12 09:42:08 [INFO] [loop_tick] state=SCANNING | rows=3 | claims=0
2026-08-12 09:42:08 [INFO] [loop_tick] state=SCANNING | rows=2 | claims=0
2026-08-12 09:42:09 [INFO] [loop_tick] state=SCANNING | rows=2 | claims=0
2026-08-12 09:42:09 [INFO] [loop_tick] state=SCANNING | rows=2 | claims=0
2026-08-12 09:42:10 [INFO] [loop_tick] state=SCANNING | rows=5 | claims=0
2026-08-12 09:42:10 [INFO] [loop_tick] state=SCANNING | rows=5 | claims=0
2026-08-12 09:42:10 [INFO] [loop_tick] state=SCANNING | rows=7 | claims=0
2026-08-12 09:42:10 [INFO] [loop_tick] state=SCANNING | rows=5 | claims=0
2026-08-12 09:42:10 [INFO] [loop_tick] state=SCANNING | rows=6 | claims=0
2026-08-12 09:42:10 [INFO] [loop_tick] state=SCANNING | rows=4 | claims=0
2026-08-12 09:42:10 [INFO] [loop_tick] state=SCANNING | rows=4 | claims=0
2026-08-12 09:42:11 [INFO] [loop_tick] state=SCANNING | rows=4 | claims=0
2026-08-12 09:42:11 [INFO] [loop_tick] state=SCANNING | rows=6 | claims=0
2026-08-12 09:42:11 [INFO] [loop_tick] state=SCANNING | rows=5 | claims=0
2026-08-12 09:42:11 [INFO] [loop_tick] state=SCANNING | rows=4 | claims=0
2026-08-12 09:42:11 [INFO] [loop_tick] state=SCANNING | rows=7 | claims=0
2026-08-12 09:42:11 [INFO] [loop_tick] state=SCANNING | rows=5 | claims=0
2026-08-12 09:42:11 [INFO] [loop_tick] state=SCANNING | rows=6 | claims=0
2026-08-12 09:42:11 [INFO] [loop_tick] state=SCANNING | rows=5 | claims=0
2026-08-12 09:42:12 [INFO] [loop_tick] state=SCANNING | rows=7 | claims=0
2026-08-12 09:42:12 [INFO] [loop_tick] state=SCANNING | rows=7 | claims=0
2026-08-12 09:42:12 [INFO] [loop_tick] state=SCANNING | rows=7 | claims=0
2026-08-12 09:42:12 [INFO] [loop_tick] state=SCANNING | rows=6 | claims=0
2026-08-12 09:42:12 [INFO] [loop_tick] state=SCANNING | rows=7 | claims=0
2026-08-12 09:42:12 [INFO] [loop_tick] state=SCANNING | rows=6 | claims=0
2026-08-12 09:42:12 [INFO] [loop_tick] state=SCANNING | rows=6 | claims=0
2026-08-12 09:42:12 [INFO] [loop_tick] state=SCANNING | rows=7 | claims=0
2026-08-12 09:42:13 [INFO] [loop_tick] state=SCANNING | rows=4 | claims=0
2026-08-12 09:42:13 [INFO] [loop_tick] state=SCANNING | rows=6 | claims=0
2026-08-12 09:42:13 [INFO] [loop_tick] state=SCANNING | rows=6 | claims=0
2026-08-12 09:42:13 [INFO] [loop_tick] state=SCANNING | rows=6 | claims=0
2026-08-12 09:42:13 [INFO] [loop_tick] state=SCANNING | rows=6 | claims=0
2026-08-12 09:42:13 [INFO] [loop_tick] state=SCANNING | rows=7 | claims=0
2026-08-12 09:42:13 [INFO] [loop_tick] state=SCANNING | rows=7 | claims=0
2026-08-12 09:42:13 [INFO] [loop_tick] state=SCANNING | rows=6 | claims=0
2026-08-12 09:42:14 [INFO] [loop_tick] state=SCANNING | rows=6 | claims=0
2026-08-12 09:42:14 [INFO] [loop_tick] state=SCANNING | rows=6 | claims=0
2026-08-12 09:42:14 [INFO] [loop_tick] state=SCANNING | rows=6 | claims=0
2026-08-12 09:42:14 [INFO] [loop_tick] state=SCANNING | rows=6 | claims=0
2026-08-12 09:42:14 [INFO] [loop_tick] state=SCANNING | rows=6 | claims=0
2026-08-12 09:42:14 [INFO] [loop_tick] state=SCANNING | rows=6 | claims=0
2026-08-12 09:42:14 [INFO] [loop_tick] state=SCANNING | rows=6 | claims=0
2026-08-12 09:42:14 [INFO] [loop_tick] state=SCANNING | rows=6 | claims=0
2026-08-12 09:42:15 [INFO] [loop_tick] state=SCANNING | rows=6 | claims=0
2026-08-12 09:42:15 [INFO] [loop_tick] state=SCANNING | rows=6 | claims=0
2026-08-12 09:42:15 [INFO] [loop_tick] state=SCANNING | rows=6 | claims=0
2026-08-12 09:42:15 [INFO] [loop_tick] state=SCANNING | rows=6 | claims=0
2026-08-12 09:42:15 [INFO] [loop_tick] state=SCANNING | rows=6 | claims=0
2026-08-12 09:42:15 [INFO] [loop_tick] state=SCANNING | rows=2 | claims=0
2026-08-12 09:42:15 [INFO] [loop_tick] state=SCANNING | rows=3 | claims=0
2026-08-12 09:42:15 [INFO] [loop_tick] state=SCANNING | rows=2 | claims=0
2026-08-12 09:42:15 [INFO] [loop_tick] state=SCANNING | rows=3 | claims=0
2026-08-12 09:42:16 [INFO] [loop_tick] state=SCANNING | rows=3 | claims=0
2026-08-12 09:42:16 [INFO] [loop_tick] state=SCANNING | rows=3 | claims=0
2026-08-12 09:42:16 [INFO] [loop_tick] state=SCANNING | rows=3 | claims=0
2026-08-12 09:42:16 [INFO] [loop_tick] state=SCANNING | rows=3 | claims=0
2026-08-12 09:42:17 [INFO] [loop_tick] state=SCANNING | rows=3 | claims=0
2026-08-12 09:42:17 [INFO] [loop_tick] state=SCANNING | rows=3 | claims=0
2026-08-12 09:42:17 [INFO] [loop_tick] state=SCANNING | rows=3 | claims=0
2026-08-12 09:42:17 [INFO] [loop_tick] state=SCANNING | rows=3 | claims=0
2026-08-12 09:42:17 [INFO] [loop_tick] state=SCANNING | rows=3 | claims=0
2026-08-12 09:42:18 [INFO] [loop_tick] state=SCANNING | rows=3 | claims=0
2026-08-12 09:42:18 [INFO] [loop_tick] state=SCANNING | rows=3 | claims=0
2026-08-12 09:42:18 [INFO] [loop_tick] state=SCANNING | rows=3 | claims=0
2026-08-12 09:42:18 [INFO] [loop_tick] state=SCANNING | rows=3 | claims=0
2026-08-12 09:42:19 [INFO] [loop_tick] state=SCANNING | rows=3 | claims=0
2026-08-12 09:42:19 [INFO] [loop_tick] state=SCANNING | rows=3 | claims=0
2026-08-12 09:42:19 [INFO] [loop_tick] state=SCANNING | rows=3 | claims=0
2026-08-12 09:42:19 [INFO] [loop_tick] state=SCANNING | rows=3 | claims=0
2026-08-12 09:42:19 [INFO] [loop_tick] state=SCANNING | rows=3 | claims=0
2026-08-12 09:42:19 [INFO] [loop_tick] state=SCANNING | rows=3 | claims=0
2026-08-12 09:42:19 [INFO] [loop_tick] state=SCANNING | rows=3 | claims=0
2026-08-12 09:42:19 [INFO] [loop_tick] state=SCANNING | rows=3 | claims=0
2026-08-12 09:42:19 [INFO] [loop_tick] state=SCANNING | rows=3 | claims=0
2026-08-12 09:42:19 [INFO] [loop_tick] state=SCANNING | rows=3 | claims=0
2026-08-12 09:42:19 [INFO] [loop_tick] state=SCANNING | rows=3 | claims=0
2026-08-12 09:42:19 [INFO] [loop_tick] state=SCANNING | rows=3 | claims=0
2026-08-12 09:42:19 [INFO] [loop_tick] state=SCANNING | rows=3 | claims=0
2026-08-12 09:42:20 [INFO] [loop_tick] state=SCANNING | rows=3 | claims=0
2026-08-12 09:42:20 [INFO] [loop_tick] state=SCANNING | rows=3 | claims=0
2026-08-12 09:42:20 [INFO] [loop_tick] state=SCANNING | rows=3 | claims=0
2026-08-12 09:42:20 [INFO] [loop_tick] state=SCANNING | rows=3 | claims=0
2026-08-12 09:42:20 [INFO] [loop_tick] state=SCANNING | rows=3 | claims=0
2026-08-12 09:42:20 [INFO] [loop_tick] state=SCANNING | rows=3 | claims=0
2026-08-12 09:42:20 [INFO] [loop_tick] state=SCANNING | rows=3 | claims=0
2026-08-12 09:42:20 [INFO] [loop_tick] state=SCANNING | rows=3 | claims=0
2026-08-12 09:42:20 [INFO] [loop_tick] state=SCANNING | rows=3 | claims=0
2026-08-12 09:42:20 [INFO] [loop_tick] state=SCANNING | rows=3 | claims=0
2026-08-12 09:42:20 [INFO] [loop_tick] state=SCANNING | rows=3 | claims=0
2026-08-12 09:42:20 [INFO] [loop_tick] state=SCANNING | rows=3 | claims=0
2026-08-12 09:42:21 [INFO] [loop_tick] state=SCANNING | rows=3 | claims=0
2026-08-12 09:42:21 [INFO] [loop_tick] state=SCANNING | rows=3 | claims=0
2026-08-12 09:42:21 [INFO] [loop_tick] state=SCANNING | rows=3 | claims=0
2026-08-12 09:42:21 [INFO] [loop_tick] state=SCANNING | rows=3 | claims=0
2026-08-12 09:42:21 [INFO] [loop_tick] state=SCANNING | rows=3 | claims=0
2026-08-12 09:42:21 [INFO] [loop_tick] state=SCANNING | rows=3 | claims=0
2026-08-12 09:42:21 [INFO] [loop_tick] state=SCANNING | rows=3 | claims=0
2026-08-12 09:42:22 [INFO] [loop_tick] state=SCANNING | rows=3 | claims=0
2026-08-12 09:42:22 [INFO] [loop_tick] state=SCANNING | rows=3 | claims=0
2026-08-12 09:42:22 [INFO] [loop_tick] state=SCANNING | rows=3 | claims=0
2026-08-12 09:42:22 [INFO] [loop_tick] state=SCANNING | rows=3 | claims=0
2026-08-12 09:42:22 [INFO] [loop_tick] state=SCANNING | rows=3 | claims=0
2026-08-12 09:42:22 [INFO] [loop_tick] state=SCANNING | rows=3 | claims=0
2026-08-12 09:42:22 [INFO] [loop_tick] state=SCANNING | rows=3 | claims=0
2026-08-12 09:42:22 [INFO] [loop_tick] state=SCANNING | rows=3 | claims=0
2026-08-12 09:42:22 [INFO] [loop_tick] state=SCANNING | rows=3 | claims=0
2026-08-12 09:42:22 [INFO] [loop_tick] state=SCANNING | rows=3 | claims=0
2026-08-12 09:42:23 [INFO] [loop_tick] state=SCANNING | rows=3 | claims=0
2026-08-12 09:42:23 [INFO] [loop_tick] state=SCANNING | rows=3 | claims=0
2026-08-12 09:42:23 [INFO] [loop_tick] state=SCANNING | rows=3 | claims=0
2026-08-12 09:42:23 [INFO] [loop_tick] state=SCANNING | rows=3 | claims=0
2026-08-12 09:42:23 [INFO] [loop_tick] state=SCANNING | rows=3 | claims=0
2026-08-12 09:42:23 [INFO] [loop_tick] state=SCANNING | rows=3 | claims=0
2026-08-12 09:42:23 [INFO] [loop_tick] state=SCANNING | rows=3 | claims=0
2026-08-12 09:42:24 [INFO] [loop_tick] state=SCANNING | rows=3 | claims=0
2026-08-12 09:42:24 [INFO] [loop_tick] state=SCANNING | rows=3 | claims=0
2026-08-12 09:42:24 [INFO] [loop_tick] state=SCANNING | rows=3 | claims=0
2026-08-12 09:42:24 [INFO] [loop_tick] state=SCANNING | rows=3 | claims=0
2026-08-12 09:42:24 [INFO] [loop_tick] state=SCANNING | rows=3 | claims=0
2026-08-12 09:42:24 [INFO] [loop_tick] state=SCANNING | rows=3 | claims=0
2026-08-12 09:42:24 [INFO] [loop_tick] state=SCANNING | rows=3 | claims=0
2026-08-12 09:42:25 [INFO] [loop_tick] state=SCANNING | rows=3 | claims=0
2026-08-12 09:42:25 [INFO] [loop_tick] state=SCANNING | rows=3 | claims=0
2026-08-12 09:42:25 [INFO] [loop_tick] state=SCANNING | rows=3 | claims=0
2026-08-12 09:42:26 [INFO] [loop_tick] state=SCANNING | rows=3 | claims=0
2026-08-12 09:42:26 [INFO] [loop_tick] state=SCANNING | rows=3 | claims=0
2026-08-12 09:42:26 [INFO] [loop_tick] state=SCANNING | rows=3 | claims=0
2026-08-12 09:42:26 [INFO] [loop_tick] state=SCANNING | rows=3 | claims=0
2026-08-12 09:42:26 [INFO] [loop_tick] state=SCANNING | rows=3 | claims=0
2026-08-12 09:42:26 [INFO] [loop_tick] state=SCANNING | rows=3 | claims=0
2026-08-12 09:42:27 [INFO] [loop_tick] state=SCANNING | rows=3 | claims=0
2026-08-12 09:42:27 [INFO] [loop_tick] state=SCANNING | rows=3 | claims=0
2026-08-12 09:42:27 [INFO] [loop_tick] state=SCANNING | rows=3 | claims=0
2026-08-12 09:42:27 [INFO] [loop_tick] state=SCANNING | rows=3 | claims=0
2026-08-12 09:42:27 [INFO] [loop_tick] state=SCANNING | rows=3 | claims=0
2026-08-12 09:42:27 [INFO] [loop_tick] state=SCANNING | rows=3 | claims=0
2026-08-12 09:42:27 [INFO] [loop_tick] state=SCANNING | rows=3 | claims=0
2026-08-12 09:42:28 [INFO] [loop_tick] state=SCANNING | rows=3 | claims=0
2026-08-12 09:42:28 [INFO] [loop_tick] state=SCANNING | rows=3 | claims=0
2026-08-12 09:42:28 [INFO] [loop_tick] state=SCANNING | rows=3 | claims=0
2026-08-12 09:42:28 [INFO] [loop_tick] state=SCANNING | rows=3 | claims=0
2026-08-12 09:42:29 [INFO] [loop_tick] state=SCANNING | rows=3 | claims=0
2026-08-12 09:42:29 [INFO] [loop_tick] state=SCANNING | rows=3 | claims=0
2026-08-12 09:42:29 [INFO] [loop_tick] state=SCANNING | rows=3 | claims=0
2026-08-12 09:42:29 [INFO] [loop_tick] state=SCANNING | rows=3 | claims=0
2026-08-12 09:42:29 [INFO] [loop_tick] state=SCANNING | rows=3 | claims=0
2026-08-12 09:42:29 [INFO] [loop_tick] state=SCANNING | rows=3 | claims=0
2026-08-12 09:42:29 [INFO] [loop_tick] state=SCANNING | rows=3 | claims=0
2026-08-12 09:42:29 [INFO] [loop_tick] state=SCANNING | rows=3 | claims=0
2026-08-12 09:42:29 [INFO] [loop_tick] state=SCANNING | rows=3 | claims=0
2026-08-12 09:42:30 [INFO] [loop_tick] state=SCANNING | rows=3 | claims=0
2026-08-12 09:42:30 [INFO] [loop_tick] state=SCANNING | rows=3 | claims=0
2026-08-12 09:42:30 [INFO] [loop_tick] state=SCANNING | rows=3 | claims=0
2026-08-12 09:42:30 [INFO] [loop_tick] state=SCANNING | rows=3 | claims=0
2026-08-12 09:42:30 [INFO] [loop_tick] state=SCANNING | rows=3 | claims=0
2026-08-12 09:42:30 [INFO] [loop_tick] state=SCANNING | rows=3 | claims=0
2026-08-12 09:42:30 [INFO] [loop_tick] state=SCANNING | rows=3 | claims=0
2026-08-12 09:42:30 [INFO] [loop_tick] state=SCANNING | rows=3 | claims=0
2026-08-12 09:42:30 [INFO] [loop_tick] state=SCANNING | rows=3 | claims=0
2026-08-12 09:42:30 [INFO] [loop_tick] state=SCANNING | rows=3 | claims=0
2026-08-12 09:42:31 [INFO] [loop_tick] state=SCANNING | rows=3 | claims=0
2026-08-12 09:42:31 [INFO] [loop_tick] state=SCANNING | rows=3 | claims=0
2026-08-12 09:42:31 [INFO] [loop_tick] state=SCANNING | rows=3 | claims=0
2026-08-12 09:42:31 [INFO] [loop_tick] state=SCANNING | rows=3 | claims=0
2026-08-12 09:42:31 [INFO] [loop_tick] state=SCANNING | rows=3 | claims=0
2026-08-12 09:42:31 [INFO] [loop_tick] state=SCANNING | rows=3 | claims=0
2026-08-12 09:42:31 [INFO] [loop_tick] state=SCANNING | rows=3 | claims=0
2026-08-12 09:42:31 [INFO] [loop_tick] state=SCANNING | rows=3 | claims=0
2026-08-12 09:42:31 [INFO] [loop_tick] state=SCANNING | rows=3 | claims=0
2026-08-12 09:42:31 [INFO] [loop_tick] state=SCANNING | rows=4 | claims=0
2026-08-12 09:42:32 [INFO] [loop_tick] state=SCANNING | rows=3 | claims=0
2026-08-12 09:42:32 [INFO] [loop_tick] state=SCANNING | rows=3 | claims=0
2026-08-12 09:42:32 [INFO] [loop_tick] state=SCANNING | rows=3 | claims=0
2026-08-12 09:42:32 [INFO] [loop_tick] state=SCANNING | rows=3 | claims=0
2026-08-12 09:42:32 [INFO] [loop_tick] state=SCANNING | rows=3 | claims=0
2026-08-12 09:42:32 [INFO] [loop_tick] state=SCANNING | rows=3 | claims=0
2026-08-12 09:42:32 [INFO] [loop_tick] state=SCANNING | rows=3 | claims=0
2026-08-12 09:42:32 [INFO] [loop_tick] state=SCANNING | rows=3 | claims=0
2026-08-12 09:42:32 [INFO] [loop_tick] state=SCANNING | rows=3 | claims=0
2026-08-12 09:42:32 [INFO] [loop_tick] state=SCANNING | rows=3 | claims=0
2026-08-12 09:42:32 [INFO] [loop_tick] state=SCANNING | rows=3 | claims=0
2026-08-12 09:42:32 [INFO] [loop_tick] state=SCANNING | rows=3 | claims=0
2026-08-12 09:42:33 [INFO] [loop_tick] state=SCANNING | rows=3 | claims=0
2026-08-12 09:42:33 [INFO] [loop_tick] state=SCANNING | rows=3 | claims=0
2026-08-12 09:42:33 [INFO] [loop_tick] state=SCANNING | rows=3 | claims=0
2026-08-12 09:42:33 [INFO] [loop_tick] state=SCANNING | rows=4 | claims=0
2026-08-12 09:42:33 [INFO] [loop_tick] state=SCANNING | rows=4 | claims=0
2026-08-12 09:42:33 [INFO] [loop_tick] state=SCANNING | rows=4 | claims=0
2026-08-12 09:42:33 [INFO] [loop_tick] state=SCANNING | rows=3 | claims=0
2026-08-12 09:42:33 [INFO] [loop_tick] state=SCANNING | rows=3 | claims=0
2026-08-12 09:42:33 [INFO] [loop_tick] state=SCANNING | rows=3 | claims=0
2026-08-12 09:42:33 [INFO] [loop_tick] state=SCANNING | rows=3 | claims=0
2026-08-12 09:42:33 [INFO] [loop_tick] state=SCANNING | rows=3 | claims=0
2026-08-12 09:42:33 [INFO] [loop_tick] state=SCANNING | rows=3 | claims=0
2026-08-12 09:42:33 [INFO] [loop_tick] state=SCANNING | rows=3 | claims=0
2026-08-12 09:42:33 [INFO] [loop_tick] state=SCANNING | rows=4 | claims=0
2026-08-12 09:42:33 [INFO] [loop_tick] state=SCANNING | rows=3 | claims=0
2026-08-12 09:42:33 [INFO] [loop_tick] state=SCANNING | rows=3 | claims=0
2026-08-12 09:42:33 [INFO] [loop_tick] state=SCANNING | rows=3 | claims=0
2026-08-12 09:42:33 [INFO] [loop_tick] state=SCANNING | rows=3 | claims=0
2026-08-12 09:42:33 [INFO] [loop_tick] state=SCANNING | rows=3 | claims=0
2026-08-12 09:42:33 [INFO] [loop_tick] state=SCANNING | rows=3 | claims=0
2026-08-12 09:42:33 [INFO] [loop_tick] state=SCANNING | rows=5 | claims=0
2026-08-12 09:42:33 [INFO] [loop_tick] state=SCANNING | rows=5 | claims=0
2026-08-12 09:42:33 [INFO] [loop_tick] state=SCANNING | rows=5 | claims=0
2026-08-12 09:42:34 [INFO] [loop_tick] state=SCANNING | rows=5 | claims=0
2026-08-12 09:42:34 [INFO] [loop_tick] state=SCANNING | rows=1 | claims=0
2026-08-12 09:42:34 [INFO] [loop_tick] state=SCANNING | rows=1 | claims=0
2026-08-12 09:42:34 [INFO] [loop_tick] state=SCANNING | rows=1 | claims=0
2026-08-12 09:42:34 [INFO] [loop_tick] state=SCANNING | rows=1 | claims=0
2026-08-12 09:42:34 [INFO] [loop_tick] state=SCANNING | rows=1 | claims=0
2026-08-12 09:42:34 [INFO] [loop_tick] state=SCANNING | rows=1 | claims=0
2026-08-12 09:42:34 [INFO] [loop_tick] state=SCANNING | rows=1 | claims=0
2026-08-12 09:42:35 [INFO] [loop_tick] state=SCANNING | rows=2 | claims=0
2026-08-12 09:42:35 [INFO] [loop_tick] state=SCANNING | rows=1 | claims=0
2026-08-12 09:42:35 [INFO] [loop_tick] state=SCANNING | rows=1 | claims=0
2026-08-12 09:42:35 [INFO] [loop_tick] state=SCANNING | rows=2 | claims=0
2026-08-12 09:42:35 [INFO] [loop_tick] state=SCANNING | rows=2 | claims=0
2026-08-12 09:42:35 [INFO] [loop_tick] state=SCANNING | rows=1 | claims=0
2026-08-12 09:42:36 [INFO] [loop_tick] state=SCANNING | rows=2 | claims=0
2026-08-12 09:42:36 [INFO] [loop_tick] state=SCANNING | rows=2 | claims=0
2026-08-12 09:42:36 [INFO] [loop_tick] state=SCANNING | rows=2 | claims=0
2026-08-12 09:42:36 [INFO] [loop_tick] state=SCANNING | rows=2 | claims=0
2026-08-12 09:42:36 [INFO] [loop_tick] state=SCANNING | rows=2 | claims=0
2026-08-12 09:42:36 [INFO] [loop_tick] state=SCANNING | rows=1 | claims=0
2026-08-12 09:42:36 [INFO] [loop_tick] state=SCANNING | rows=2 | claims=0
2026-08-12 09:42:36 [INFO] [loop_tick] state=SCANNING | rows=2 | claims=0
2026-08-12 09:42:36 [INFO] [loop_tick] state=SCANNING | rows=1 | claims=0
2026-08-12 09:42:37 [INFO] [loop_tick] state=SCANNING | rows=1 | claims=0
2026-08-12 09:42:37 [INFO] [loop_tick] state=SCANNING | rows=1 | claims=0
2026-08-12 09:42:37 [INFO] [loop_tick] state=SCANNING | rows=1 | claims=0
2026-08-12 09:42:37 [INFO] [loop_tick] state=SCANNING | rows=1 | claims=0
2026-08-12 09:43:03 [INFO] [loop_tick] state=SCANNING | rows=1 | claims=0
2026-08-12 09:43:04 [INFO] [loop_tick] state=SCANNING | rows=5 | claims=0
2026-08-12 09:43:04 [INFO] [loop_tick] state=SCANNING | rows=5 | claims=0
2026-08-12 09:43:04 [INFO] [loop_tick] state=SCANNING | rows=5 | claims=0
2026-08-12 09:43:04 [INFO] [loop_tick] state=SCANNING | rows=1 | claims=0
2026-08-12 09:43:04 [INFO] [loop_tick] state=SCANNING | rows=5 | claims=0
2026-08-12 09:43:05 [INFO] [loop_tick] state=SCANNING | rows=1 | claims=0
2026-08-12 09:43:05 [INFO] [loop_tick] state=SCANNING | rows=1 | claims=0
2026-08-12 09:43:05 [INFO] [loop_tick] state=SCANNING | rows=1 | claims=0
2026-08-12 09:43:05 [INFO] [loop_tick] state=SCANNING | rows=7 | claims=0
2026-08-12 09:43:05 [INFO] [loop_tick] state=SCANNING | rows=7 | claims=0
2026-08-12 09:43:05 [INFO] [loop_tick] state=SCANNING | rows=1 | claims=0
2026-08-12 09:43:05 [INFO] [loop_tick] state=SCANNING | rows=1 | claims=0
2026-08-12 09:43:06 [INFO] [loop_tick] state=SCANNING | rows=1 | claims=0
2026-08-12 09:43:06 [INFO] [loop_tick] state=SCANNING | rows=2 | claims=0
2026-08-12 09:43:07 [INFO] [loop_tick] state=SCANNING | rows=4 | claims=0
2026-08-12 09:43:19 [INFO] [row_detected] total_rows=11 | claim_rows=[0, 1]
2026-08-12 09:43:20 [INFO] [row_detected] total_rows=11 | claim_rows=[0, 1]
2026-08-12 09:43:23 [INFO] [row_detected] total_rows=11 | claim_rows=[0, 1]
2026-08-12 09:43:25 [INFO] [row_detected] total_rows=11 | claim_rows=[0, 1]
2026-08-12 09:43:27 [INFO] [row_detected] total_rows=11 | claim_rows=[0, 1]
2026-08-12 09:43:29 [INFO] [row_detected] total_rows=11 | claim_rows=[0, 1]
2026-08-12 09:43:32 [INFO] [row_detected] total_rows=11 | claim_rows=[0, 1]
2026-08-12 09:43:34 [INFO] [row_detected] total_rows=11 | claim_rows=[0, 1]
2026-08-12 09:43:37 [INFO] [row_detected] total_rows=11 | claim_rows=[0, 1]
2026-08-12 09:43:39 [INFO] [row_detected] total_rows=11 | claim_rows=[0, 1]
2026-08-12 09:43:42 [INFO] [row_detected] total_rows=11 | claim_rows=[0, 1]
2026-08-12 09:43:44 [INFO] [row_detected] total_rows=11 | claim_rows=[0, 1]
2026-08-12 09:43:47 [INFO] [row_detected] total_rows=10 | claim_rows=[0, 1]
2026-08-12 09:43:49 [INFO] [row_detected] total_rows=10 | claim_rows=[0, 1]
2026-08-12 09:43:52 [INFO] [row_detected] total_rows=10 | claim_rows=[0, 1]
2026-08-12 09:43:54 [INFO] [row_detected] total_rows=10 | claim_rows=[0, 1]
2026-08-12 09:43:57 [INFO] [row_detected] total_rows=10 | claim_rows=[0, 1]
2026-08-12 09:43:59 [INFO] [row_detected] total_rows=10 | claim_rows=[0, 1]
2026-08-12 09:44:00 [INFO] [row_detected] total_rows=10 | claim_rows=[0, 1]
2026-08-12 09:44:03 [INFO] [row_detected] total_rows=10 | claim_rows=[0, 1]
2026-08-12 09:44:05 [INFO] [row_detected] total_rows=10 | claim_rows=[0, 1]
2026-08-12 09:44:08 [INFO] [row_detected] total_rows=11 | claim_rows=[0, 1, 2]
2026-08-12 09:44:08 [INFO] [claim_found] row_id=2 | text=CLAIM | confidence=0.999 | claim_cell=(1169, 649)
2026-08-12 09:44:08 [INFO] [state_change] from_state=SCANNING | to_state=CLAIM_FOUND
2026-08-12 09:44:08 [INFO] [state_change] from_state=CLAIM_FOUND | to_state=CLICK_CLAIM
2026-08-12 09:44:08 [INFO] [claim_cell_clicked] row_id=2 | x=1169 | y=649
2026-08-12 09:44:08 [INFO] [state_change] from_state=CLICK_CLAIM | to_state=WAIT_USERNAME
2026-08-12 09:44:10 [WARNING] Cell shows 'Ivu' (not pending and not 'LVU') — claimed by someone else.
2026-08-12 09:44:10 [INFO] [claim_stolen] y_key=648 | cell_text=Ivu
2026-08-12 09:44:10 [INFO] [state_change] from_state=WAIT_USERNAME | to_state=SCANNING
2026-08-12 09:44:10 [INFO] [row_detected] total_rows=11 | claim_rows=[0, 1]
2026-08-12 09:44:13 [INFO] [row_detected] total_rows=11 | claim_rows=[0, 1]
2026-08-12 09:44:15 [INFO] [row_detected] total_rows=11 | claim_rows=[0, 1, 3]
2026-08-12 09:44:15 [INFO] [claim_found] row_id=3 | text=CLAIM | confidence=0.999 | claim_cell=(1160, 679)
2026-08-12 09:44:15 [INFO] [state_change] from_state=SCANNING | to_state=CLAIM_FOUND
2026-08-12 09:44:15 [INFO] [state_change] from_state=CLAIM_FOUND | to_state=CLICK_CLAIM
2026-08-12 09:44:15 [INFO] [claim_cell_clicked] row_id=3 | x=1160 | y=679
2026-08-12 09:44:15 [INFO] [state_change] from_state=CLICK_CLAIM | to_state=WAIT_USERNAME
2026-08-12 09:44:17 [WARNING] Cell shows 'calamba;' (not pending and not 'LVU') — claimed by someone else.
2026-08-12 09:44:17 [INFO] [claim_stolen] y_key=680 | cell_text=calamba;
2026-08-12 09:44:17 [INFO] [state_change] from_state=WAIT_USERNAME | to_state=SCANNING
2026-08-12 09:44:18 [INFO] [row_detected] total_rows=11 | claim_rows=[0, 1]
2026-08-12 09:44:19 [INFO] [row_detected] total_rows=11 | claim_rows=[0, 1]
2026-08-12 09:44:20 [INFO] [row_detected] total_rows=11 | claim_rows=[0, 1]
2026-08-12 09:44:20 [INFO] [row_detected] total_rows=11 | claim_rows=[0, 1]
2026-08-12 09:44:21 [INFO] [row_detected] total_rows=11 | claim_rows=[0, 1, 4]
2026-08-12 09:44:23 [INFO] [row_detected] total_rows=11 | claim_rows=[0, 1]
2026-08-12 09:44:25 [INFO] [row_detected] total_rows=11 | claim_rows=[0, 1]
2026-08-12 09:44:28 [INFO] [row_detected] total_rows=11 | claim_rows=[0, 1]
2026-08-12 09:44:31 [INFO] [row_detected] total_rows=11 | claim_rows=[0, 1]
2026-08-12 09:44:33 [INFO] [row_detected] total_rows=11 | claim_rows=[0, 1]
2026-08-12 09:44:36 [INFO] [row_detected] total_rows=11 | claim_rows=[0, 1, 4]
2026-08-12 09:44:38 [INFO] [row_detected] total_rows=11 | claim_rows=[0, 1, 4, 5]
2026-08-12 09:44:39 [INFO] [row_detected] total_rows=11 | claim_rows=[0, 1]
2026-08-12 09:44:42 [INFO] [row_detected] total_rows=11 | claim_rows=[0, 1]
2026-08-12 09:44:44 [INFO] [row_detected] total_rows=11 | claim_rows=[0, 1]
2026-08-12 09:44:45 [INFO] [loop_tick] state=SCANNING | rows=3 | claims=0
2026-08-12 09:44:45 [INFO] [loop_tick] state=SCANNING | rows=3 | claims=0
2026-08-12 09:44:46 [INFO] [loop_tick] state=SCANNING | rows=3 | claims=0
2026-08-12 09:44:47 [INFO] [loop_tick] state=SCANNING | rows=3 | claims=0
2026-08-12 09:44:47 [INFO] [loop_tick] state=SCANNING | rows=3 | claims=0
2026-08-12 09:44:47 [INFO] [loop_tick] state=SCANNING | rows=3 | claims=0
2026-08-12 09:44:47 [INFO] [loop_tick] state=SCANNING | rows=7 | claims=0
2026-08-12 09:44:47 [INFO] [loop_tick] state=SCANNING | rows=6 | claims=0
2026-08-12 09:44:48 [INFO] [loop_tick] state=SCANNING | rows=3 | claims=0
2026-08-12 09:44:48 [INFO] [loop_tick] state=SCANNING | rows=3 | claims=0
2026-08-12 09:44:49 [INFO] [loop_tick] state=SCANNING | rows=3 | claims=0
2026-08-12 09:44:49 [INFO] [loop_tick] state=SCANNING | rows=3 | claims=0
2026-08-12 09:44:49 [INFO] [loop_tick] state=SCANNING | rows=3 | claims=0
2026-08-12 09:44:49 [INFO] [loop_tick] state=SCANNING | rows=3 | claims=0
2026-08-12 09:44:49 [INFO] [loop_tick] state=SCANNING | rows=3 | claims=0
2026-08-12 09:44:49 [INFO] [loop_tick] state=SCANNING | rows=3 | claims=0
2026-08-12 09:44:49 [INFO] [loop_tick] state=SCANNING | rows=3 | claims=0
2026-08-12 09:44:49 [INFO] [loop_tick] state=SCANNING | rows=2 | claims=0
2026-08-12 09:44:49 [INFO] [loop_tick] state=SCANNING | rows=3 | claims=0
2026-08-12 09:44:50 [INFO] [loop_tick] state=SCANNING | rows=2 | claims=0
2026-08-12 09:44:50 [INFO] [loop_tick] state=SCANNING | rows=2 | claims=0
2026-08-12 09:44:50 [INFO] [loop_tick] state=SCANNING | rows=3 | claims=0
2026-08-12 09:44:50 [INFO] [loop_tick] state=SCANNING | rows=3 | claims=0
2026-08-12 09:44:50 [INFO] [loop_tick] state=SCANNING | rows=3 | claims=0
2026-08-12 09:44:50 [INFO] [loop_tick] state=SCANNING | rows=3 | claims=0
2026-08-12 09:44:50 [INFO] [loop_tick] state=SCANNING | rows=2 | claims=0
2026-08-12 09:44:50 [INFO] [loop_tick] state=SCANNING | rows=2 | claims=0
2026-08-12 09:44:50 [INFO] [loop_tick] state=SCANNING | rows=2 | claims=0
2026-08-12 09:44:51 [INFO] [loop_tick] state=SCANNING | rows=2 | claims=0
2026-08-12 09:44:51 [INFO] [loop_tick] state=SCANNING | rows=3 | claims=0
2026-08-12 09:44:51 [INFO] [loop_tick] state=SCANNING | rows=3 | claims=0
2026-08-12 09:44:52 [INFO] [loop_tick] state=SCANNING | rows=3 | claims=0
2026-08-12 09:44:52 [INFO] [loop_tick] state=SCANNING | rows=2 | claims=0
2026-08-12 09:44:52 [INFO] [loop_tick] state=SCANNING | rows=3 | claims=0
2026-08-12 09:44:54 [INFO] [loop_tick] state=SCANNING | rows=5 | claims=0
2026-08-12 09:44:54 [INFO] [loop_tick] state=SCANNING | rows=6 | claims=0
2026-08-12 09:44:54 [INFO] [loop_tick] state=SCANNING | rows=6 | claims=0
2026-08-12 09:44:55 [INFO] [loop_tick] state=SCANNING | rows=5 | claims=0
2026-08-12 09:44:55 [INFO] [loop_tick] state=SCANNING | rows=6 | claims=0
2026-08-12 09:44:55 [INFO] [loop_tick] state=SCANNING | rows=4 | claims=0
2026-08-12 09:44:55 [INFO] [loop_tick] state=SCANNING | rows=7 | claims=0
2026-08-12 09:44:55 [INFO] [loop_tick] state=SCANNING | rows=7 | claims=0
2026-08-12 09:44:55 [INFO] [loop_tick] state=SCANNING | rows=6 | claims=0
2026-08-12 09:44:55 [INFO] [loop_tick] state=SCANNING | rows=4 | claims=0
2026-08-12 09:44:55 [INFO] [loop_tick] state=SCANNING | rows=6 | claims=0
2026-08-12 09:44:56 [INFO] [loop_tick] state=SCANNING | rows=4 | claims=0
2026-08-12 09:44:56 [INFO] [loop_tick] state=SCANNING | rows=4 | claims=0
2026-08-12 09:44:56 [INFO] [loop_tick] state=SCANNING | rows=6 | claims=0
2026-08-12 09:44:56 [INFO] [loop_tick] state=SCANNING | rows=3 | claims=0
2026-08-12 09:44:56 [INFO] [loop_tick] state=SCANNING | rows=2 | claims=0
2026-08-12 09:44:56 [INFO] [loop_tick] state=SCANNING | rows=2 | claims=0
2026-08-12 09:44:56 [INFO] [loop_tick] state=SCANNING | rows=2 | claims=0
2026-08-12 09:44:57 [INFO] [loop_tick] state=SCANNING | rows=2 | claims=0
2026-08-12 09:44:57 [INFO] [loop_tick] state=SCANNING | rows=2 | claims=0
2026-08-12 09:44:57 [INFO] [loop_tick] state=SCANNING | rows=3 | claims=0
2026-08-12 09:44:57 [INFO] [loop_tick] state=SCANNING | rows=2 | claims=0
2026-08-12 09:44:57 [INFO] [loop_tick] state=SCANNING | rows=2 | claims=0
2026-08-12 09:44:57 [INFO] [loop_tick] state=SCANNING | rows=2 | claims=0
2026-08-12 09:44:58 [INFO] [loop_tick] state=SCANNING | rows=3 | claims=0
2026-08-12 09:44:58 [INFO] [loop_tick] state=SCANNING | rows=3 | claims=0
2026-08-12 09:44:58 [INFO] [loop_tick] state=SCANNING | rows=3 | claims=0
2026-08-12 09:44:58 [INFO] [loop_tick] state=SCANNING | rows=3 | claims=0
2026-08-12 09:44:58 [INFO] [loop_tick] state=SCANNING | rows=3 | claims=0
2026-08-12 09:44:58 [INFO] [loop_tick] state=SCANNING | rows=3 | claims=0
2026-08-12 09:44:59 [INFO] [loop_tick] state=SCANNING | rows=3 | claims=0
2026-08-12 09:44:59 [INFO] [loop_tick] state=SCANNING | rows=3 | claims=0
2026-08-12 09:44:59 [INFO] [loop_tick] state=SCANNING | rows=3 | claims=0
2026-08-12 09:44:59 [INFO] [loop_tick] state=SCANNING | rows=3 | claims=0
2026-08-12 09:44:59 [INFO] [loop_tick] state=SCANNING | rows=3 | claims=0
2026-08-12 09:44:59 [INFO] [loop_tick] state=SCANNING | rows=3 | claims=0
2026-08-12 09:44:59 [INFO] [loop_tick] state=SCANNING | rows=3 | claims=0
2026-08-12 09:45:00 [INFO] [loop_tick] state=SCANNING | rows=3 | claims=0
2026-08-12 09:45:00 [INFO] [loop_tick] state=SCANNING | rows=3 | claims=0
2026-08-12 09:45:00 [INFO] [loop_tick] state=SCANNING | rows=3 | claims=0
2026-08-12 09:45:00 [INFO] [loop_tick] state=SCANNING | rows=3 | claims=0
2026-08-12 09:45:00 [INFO] [loop_tick] state=SCANNING | rows=3 | claims=0
2026-08-12 09:45:00 [INFO] [loop_tick] state=SCANNING | rows=3 | claims=0
2026-08-12 09:45:00 [INFO] [loop_tick] state=SCANNING | rows=3 | claims=0
2026-08-12 09:45:00 [INFO] [loop_tick] state=SCANNING | rows=3 | claims=0
2026-08-12 09:45:01 [INFO] [loop_tick] state=SCANNING | rows=3 | claims=0
2026-08-12 09:45:01 [INFO] [loop_tick] state=SCANNING | rows=3 | claims=0
2026-08-12 09:45:01 [INFO] [loop_tick] state=SCANNING | rows=3 | claims=0
2026-08-12 09:45:01 [INFO] [loop_tick] state=SCANNING | rows=3 | claims=0
2026-08-12 09:45:01 [INFO] [loop_tick] state=SCANNING | rows=3 | claims=0
2026-08-12 09:45:01 [INFO] [loop_tick] state=SCANNING | rows=3 | claims=0
2026-08-12 09:45:01 [INFO] [loop_tick] state=SCANNING | rows=3 | claims=0
2026-08-12 09:45:01 [INFO] [loop_tick] state=SCANNING | rows=3 | claims=0
2026-08-12 09:45:01 [INFO] [loop_tick] state=SCANNING | rows=3 | claims=0
2026-08-12 09:45:01 [INFO] [loop_tick] state=SCANNING | rows=3 | claims=0
2026-08-12 09:45:02 [INFO] [loop_tick] state=SCANNING | rows=3 | claims=0
2026-08-12 09:45:02 [INFO] [loop_tick] state=SCANNING | rows=3 | claims=0
2026-08-12 09:45:02 [INFO] [loop_tick] state=SCANNING | rows=3 | claims=0
2026-08-12 09:45:02 [INFO] [loop_tick] state=SCANNING | rows=3 | claims=0
2026-08-12 09:45:02 [INFO] [loop_tick] state=SCANNING | rows=3 | claims=0
2026-08-12 09:45:02 [INFO] [loop_tick] state=SCANNING | rows=3 | claims=0
2026-08-12 09:45:02 [INFO] [loop_tick] state=SCANNING | rows=3 | claims=0
2026-08-12 09:45:02 [INFO] [loop_tick] state=SCANNING | rows=3 | claims=0
2026-08-12 09:45:02 [INFO] [loop_tick] state=SCANNING | rows=3 | claims=0
2026-08-12 09:45:02 [INFO] [loop_tick] state=SCANNING | rows=3 | claims=0
2026-08-12 09:45:02 [INFO] [loop_tick] state=SCANNING | rows=3 | claims=0
2026-08-12 09:45:02 [INFO] [loop_tick] state=SCANNING | rows=3 | claims=0
2026-08-12 09:45:02 [INFO] [loop_tick] state=SCANNING | rows=3 | claims=0
2026-08-12 09:45:02 [INFO] [loop_tick] state=SCANNING | rows=3 | claims=0
2026-08-12 09:45:03 [INFO] [loop_tick] state=SCANNING | rows=3 | claims=0
2026-08-12 09:45:03 [INFO] [loop_tick] state=SCANNING | rows=3 | claims=0
2026-08-12 09:45:03 [INFO] [loop_tick] state=SCANNING | rows=3 | claims=0
2026-08-12 09:45:03 [INFO] [loop_tick] state=SCANNING | rows=3 | claims=0
2026-08-12 09:45:03 [INFO] [loop_tick] state=SCANNING | rows=3 | claims=0
2026-08-12 09:45:03 [INFO] [loop_tick] state=SCANNING | rows=3 | claims=0
2026-08-12 09:45:03 [INFO] [loop_tick] state=SCANNING | rows=3 | claims=0
2026-08-12 09:45:03 [INFO] [loop_tick] state=SCANNING | rows=3 | claims=0
2026-08-12 09:45:03 [INFO] [loop_tick] state=SCANNING | rows=3 | claims=0
2026-08-12 09:45:03 [INFO] [loop_tick] state=SCANNING | rows=3 | claims=0
2026-08-12 09:45:04 [INFO] [loop_tick] state=SCANNING | rows=3 | claims=0
2026-08-12 09:45:04 [INFO] [loop_tick] state=SCANNING | rows=3 | claims=0
2026-08-12 09:45:04 [INFO] [loop_tick] state=SCANNING | rows=3 | claims=0
2026-08-12 09:45:04 [INFO] [loop_tick] state=SCANNING | rows=3 | claims=0
2026-08-12 09:45:05 [INFO] [loop_tick] state=SCANNING | rows=3 | claims=0
2026-08-12 09:45:05 [INFO] [loop_tick] state=SCANNING | rows=3 | claims=0
2026-08-12 09:45:05 [INFO] [loop_tick] state=SCANNING | rows=3 | claims=0
2026-08-12 09:45:05 [INFO] [loop_tick] state=SCANNING | rows=3 | claims=0
2026-08-12 09:45:05 [INFO] [loop_tick] state=SCANNING | rows=3 | claims=0
2026-08-12 09:45:05 [INFO] [loop_tick] state=SCANNING | rows=3 | claims=0
2026-08-12 09:45:05 [INFO] [loop_tick] state=SCANNING | rows=3 | claims=0
2026-08-12 09:45:06 [INFO] [loop_tick] state=SCANNING | rows=3 | claims=0
2026-08-12 09:45:06 [INFO] [loop_tick] state=SCANNING | rows=3 | claims=0
2026-08-12 09:45:06 [INFO] [loop_tick] state=SCANNING | rows=3 | claims=0
2026-08-12 09:45:06 [INFO] [loop_tick] state=SCANNING | rows=3 | claims=0
2026-08-12 09:45:06 [INFO] [loop_tick] state=SCANNING | rows=3 | claims=0
2026-08-12 09:45:06 [INFO] [loop_tick] state=SCANNING | rows=3 | claims=0
2026-08-12 09:45:06 [INFO] [loop_tick] state=SCANNING | rows=3 | claims=0
2026-08-12 09:45:06 [INFO] [loop_tick] state=SCANNING | rows=3 | claims=0
2026-08-12 09:45:07 [INFO] [loop_tick] state=SCANNING | rows=3 | claims=0
2026-08-12 09:45:07 [INFO] [loop_tick] state=SCANNING | rows=3 | claims=0
2026-08-12 09:45:07 [INFO] [loop_tick] state=SCANNING | rows=3 | claims=0
2026-08-12 09:45:07 [INFO] [loop_tick] state=SCANNING | rows=3 | claims=0
2026-08-12 09:45:08 [INFO] [loop_tick] state=SCANNING | rows=3 | claims=0
2026-08-12 09:45:08 [INFO] [loop_tick] state=SCANNING | rows=3 | claims=0
2026-08-12 09:45:08 [INFO] [loop_tick] state=SCANNING | rows=3 | claims=0
2026-08-12 09:45:08 [INFO] [loop_tick] state=SCANNING | rows=3 | claims=0
2026-08-12 09:45:08 [INFO] [loop_tick] state=SCANNING | rows=3 | claims=0
2026-08-12 09:45:08 [INFO] [loop_tick] state=SCANNING | rows=3 | claims=0
2026-08-12 09:45:08 [INFO] [loop_tick] state=SCANNING | rows=3 | claims=0
2026-08-12 09:45:08 [INFO] [loop_tick] state=SCANNING | rows=3 | claims=0
2026-08-12 09:45:09 [INFO] [loop_tick] state=SCANNING | rows=3 | claims=0
2026-08-12 09:45:09 [INFO] [loop_tick] state=SCANNING | rows=3 | claims=0
2026-08-12 09:45:09 [INFO] [loop_tick] state=SCANNING | rows=3 | claims=0
2026-08-12 09:45:09 [INFO] [loop_tick] state=SCANNING | rows=3 | claims=0
2026-08-12 09:45:09 [INFO] [loop_tick] state=SCANNING | rows=3 | claims=0
2026-08-12 09:45:09 [INFO] [loop_tick] state=SCANNING | rows=3 | claims=0
2026-08-12 09:45:09 [INFO] [loop_tick] state=SCANNING | rows=3 | claims=0
2026-08-12 09:45:09 [INFO] [loop_tick] state=SCANNING | rows=3 | claims=0
2026-08-12 09:45:09 [INFO] [loop_tick] state=SCANNING | rows=3 | claims=0
2026-08-12 09:45:09 [INFO] [loop_tick] state=SCANNING | rows=3 | claims=0
2026-08-12 09:45:09 [INFO] [loop_tick] state=SCANNING | rows=3 | claims=0
2026-08-12 09:45:10 [INFO] [loop_tick] state=SCANNING | rows=3 | claims=0
2026-08-12 09:45:10 [INFO] [loop_tick] state=SCANNING | rows=3 | claims=0
2026-08-12 09:45:10 [INFO] [loop_tick] state=SCANNING | rows=3 | claims=0
2026-08-12 09:45:10 [INFO] [loop_tick] state=SCANNING | rows=3 | claims=0
2026-08-12 09:45:10 [INFO] [loop_tick] state=SCANNING | rows=3 | claims=0
2026-08-12 09:45:10 [INFO] [loop_tick] state=SCANNING | rows=3 | claims=0
2026-08-12 09:45:10 [INFO] [loop_tick] state=SCANNING | rows=3 | claims=0
2026-08-12 09:45:10 [INFO] [loop_tick] state=SCANNING | rows=3 | claims=0
2026-08-12 09:45:10 [INFO] [loop_tick] state=SCANNING | rows=3 | claims=0
2026-08-12 09:45:11 [INFO] [loop_tick] state=SCANNING | rows=3 | claims=0
2026-08-12 09:45:11 [INFO] [loop_tick] state=SCANNING | rows=3 | claims=0
2026-08-12 09:45:11 [INFO] [loop_tick] state=SCANNING | rows=3 | claims=0
2026-08-12 09:45:11 [INFO] [loop_tick] state=SCANNING | rows=3 | claims=0
2026-08-12 09:45:11 [INFO] [loop_tick] state=SCANNING | rows=3 | claims=0
2026-08-12 09:45:11 [INFO] [loop_tick] state=SCANNING | rows=3 | claims=0
2026-08-12 09:45:11 [INFO] [loop_tick] state=SCANNING | rows=3 | claims=0
2026-08-12 09:45:11 [INFO] [loop_tick] state=SCANNING | rows=3 | claims=0
2026-08-12 09:45:12 [INFO] [loop_tick] state=SCANNING | rows=3 | claims=0
2026-08-12 09:45:12 [INFO] [loop_tick] state=SCANNING | rows=3 | claims=0
2026-08-12 09:45:12 [INFO] [loop_tick] state=SCANNING | rows=3 | claims=0
2026-08-12 09:45:12 [INFO] [loop_tick] state=SCANNING | rows=3 | claims=0
2026-08-12 09:45:12 [INFO] [loop_tick] state=SCANNING | rows=3 | claims=0
2026-08-12 09:45:12 [INFO] [loop_tick] state=SCANNING | rows=3 | claims=0
2026-08-12 09:45:12 [INFO] [loop_tick] state=SCANNING | rows=3 | claims=0
2026-08-12 09:45:13 [INFO] [loop_tick] state=SCANNING | rows=3 | claims=0
2026-08-12 09:45:13 [INFO] [loop_tick] state=SCANNING | rows=3 | claims=0
2026-08-12 09:45:13 [INFO] [loop_tick] state=SCANNING | rows=3 | claims=0
2026-08-12 09:45:13 [INFO] [loop_tick] state=SCANNING | rows=3 | claims=0
2026-08-12 09:45:13 [INFO] [loop_tick] state=SCANNING | rows=3 | claims=0
2026-08-12 09:45:13 [INFO] [loop_tick] state=SCANNING | rows=3 | claims=0
2026-08-12 09:45:13 [INFO] [loop_tick] state=SCANNING | rows=3 | claims=0
2026-08-12 09:45:13 [INFO] [loop_tick] state=SCANNING | rows=3 | claims=0
2026-08-12 09:45:13 [INFO] [loop_tick] state=SCANNING | rows=3 | claims=0
2026-08-12 09:45:13 [INFO] [loop_tick] state=SCANNING | rows=3 | claims=0
2026-08-12 09:45:13 [INFO] [loop_tick] state=SCANNING | rows=3 | claims=0
2026-08-12 09:45:13 [INFO] [loop_tick] state=SCANNING | rows=6 | claims=0
2026-08-12 09:45:13 [INFO] [loop_tick] state=SCANNING | rows=7 | claims=0
2026-08-12 09:45:13 [INFO] [loop_tick] state=SCANNING | rows=6 | claims=0
2026-08-12 09:45:13 [INFO] [loop_tick] state=SCANNING | rows=4 | claims=0
2026-08-12 09:45:13 [INFO] [loop_tick] state=SCANNING | rows=4 | claims=0
2026-08-12 09:45:13 [INFO] [loop_tick] state=SCANNING | rows=7 | claims=0
2026-08-12 09:45:13 [INFO] [loop_tick] state=SCANNING | rows=7 | claims=0
2026-08-12 09:45:13 [INFO] [loop_tick] state=SCANNING | rows=6 | claims=0
2026-08-12 09:45:13 [INFO] [loop_tick] state=SCANNING | rows=6 | claims=0
2026-08-12 09:45:14 [INFO] [loop_tick] state=SCANNING | rows=8 | claims=0
2026-08-12 09:45:14 [INFO] [loop_tick] state=SCANNING | rows=8 | claims=0
2026-08-12 09:45:14 [INFO] [loop_tick] state=SCANNING | rows=8 | claims=0
2026-08-12 09:45:14 [INFO] [loop_tick] state=SCANNING | rows=8 | claims=0
2026-08-12 09:45:14 [INFO] [loop_tick] state=SCANNING | rows=8 | claims=0
2026-08-12 09:45:14 [INFO] [loop_tick] state=SCANNING | rows=8 | claims=0
2026-08-12 09:45:14 [INFO] [loop_tick] state=SCANNING | rows=2 | claims=0
2026-08-12 09:45:14 [INFO] [loop_tick] state=SCANNING | rows=2 | claims=0
2026-08-12 09:45:14 [INFO] [loop_tick] state=SCANNING | rows=2 | claims=0
2026-08-12 09:45:15 [INFO] [loop_tick] state=SCANNING | rows=2 | claims=0
2026-08-12 09:45:15 [INFO] [loop_tick] state=SCANNING | rows=2 | claims=0
2026-08-12 09:45:15 [INFO] [loop_tick] state=SCANNING | rows=2 | claims=0
2026-08-12 09:45:15 [INFO] [loop_tick] state=SCANNING | rows=3 | claims=0
2026-08-12 09:45:15 [INFO] [loop_tick] state=SCANNING | rows=2 | claims=0
2026-08-12 09:45:15 [INFO] [loop_tick] state=SCANNING | rows=2 | claims=0
2026-08-12 09:45:15 [INFO] [loop_tick] state=SCANNING | rows=3 | claims=0
2026-08-12 09:45:15 [INFO] [loop_tick] state=SCANNING | rows=1 | claims=0
2026-08-12 09:45:15 [INFO] [loop_tick] state=SCANNING | rows=3 | claims=0
2026-08-12 09:45:16 [INFO] [loop_tick] state=SCANNING | rows=3 | claims=0
2026-08-12 09:45:16 [INFO] [loop_tick] state=SCANNING | rows=2 | claims=0
2026-08-12 09:45:16 [INFO] [loop_tick] state=SCANNING | rows=2 | claims=0
2026-08-12 09:45:16 [INFO] [loop_tick] state=SCANNING | rows=3 | claims=0
2026-08-12 09:45:16 [INFO] [loop_tick] state=SCANNING | rows=3 | claims=0
2026-08-12 09:45:16 [INFO] [loop_tick] state=SCANNING | rows=1 | claims=0
2026-08-12 09:45:16 [INFO] [loop_tick] state=SCANNING | rows=1 | claims=0
2026-08-12 09:45:17 [INFO] [loop_tick] state=SCANNING | rows=2 | claims=0
2026-08-12 09:45:17 [INFO] [loop_tick] state=SCANNING | rows=2 | claims=0
2026-08-12 09:45:35 [INFO] [loop_tick] state=SCANNING | rows=2 | claims=0
2026-08-12 09:45:36 [INFO] [loop_tick] state=SCANNING | rows=2 | claims=0
2026-08-12 09:45:36 [INFO] [loop_tick] state=SCANNING | rows=2 | claims=0
2026-08-12 09:45:36 [INFO] [loop_tick] state=SCANNING | rows=2 | claims=0
2026-08-12 09:45:36 [INFO] [loop_tick] state=SCANNING | rows=3 | claims=0
2026-08-12 09:45:36 [INFO] [loop_tick] state=SCANNING | rows=3 | claims=0
2026-08-12 09:45:37 [INFO] [loop_tick] state=SCANNING | rows=3 | claims=0
2026-08-12 09:45:37 [INFO] [loop_tick] state=SCANNING | rows=3 | claims=0
2026-08-12 09:45:37 [INFO] [loop_tick] state=SCANNING | rows=3 | claims=0
2026-08-12 09:45:37 [INFO] [loop_tick] state=SCANNING | rows=3 | claims=0
2026-08-12 09:45:37 [INFO] [loop_tick] state=SCANNING | rows=3 | claims=0
2026-08-12 09:45:37 [INFO] [loop_tick] state=SCANNING | rows=3 | claims=0
2026-08-12 09:45:37 [INFO] [loop_tick] state=SCANNING | rows=3 | claims=0
2026-08-12 09:45:37 [INFO] [loop_tick] state=SCANNING | rows=3 | claims=0
2026-08-12 09:45:37 [INFO] [loop_tick] state=SCANNING | rows=3 | claims=0
2026-08-12 09:45:37 [INFO] [loop_tick] state=SCANNING | rows=3 | claims=0
2026-08-12 09:45:37 [INFO] [loop_tick] state=SCANNING | rows=3 | claims=0
2026-08-12 09:45:37 [INFO] [loop_tick] state=SCANNING | rows=3 | claims=0
2026-08-12 09:45:37 [INFO] [loop_tick] state=SCANNING | rows=4 | claims=0
2026-08-12 09:45:37 [INFO] [loop_tick] state=SCANNING | rows=4 | claims=0
2026-08-12 09:45:37 [INFO] [loop_tick] state=SCANNING | rows=4 | claims=0
2026-08-12 09:45:37 [INFO] [loop_tick] state=SCANNING | rows=4 | claims=0
2026-08-12 09:45:37 [INFO] [loop_tick] state=SCANNING | rows=4 | claims=0
2026-08-12 09:45:37 [INFO] [loop_tick] state=SCANNING | rows=3 | claims=0
2026-08-12 09:45:37 [INFO] [loop_tick] state=SCANNING | rows=3 | claims=0
2026-08-12 09:45:37 [INFO] [loop_tick] state=SCANNING | rows=3 | claims=0
2026-08-12 09:45:37 [INFO] [loop_tick] state=SCANNING | rows=4 | claims=0
2026-08-12 09:45:37 [INFO] [loop_tick] state=SCANNING | rows=4 | claims=0
2026-08-12 09:45:37 [INFO] [loop_tick] state=SCANNING | rows=4 | claims=0
2026-08-12 09:45:37 [INFO] [loop_tick] state=SCANNING | rows=4 | claims=0
2026-08-12 09:45:38 [INFO] [loop_tick] state=SCANNING | rows=4 | claims=0
2026-08-12 09:45:38 [INFO] [loop_tick] state=SCANNING | rows=4 | claims=0
2026-08-12 09:45:38 [INFO] [loop_tick] state=SCANNING | rows=4 | claims=0
2026-08-12 09:45:38 [INFO] [loop_tick] state=SCANNING | rows=4 | claims=0
2026-08-12 09:45:38 [INFO] [loop_tick] state=SCANNING | rows=4 | claims=0
2026-08-12 09:45:38 [INFO] [loop_tick] state=SCANNING | rows=4 | claims=0
2026-08-12 09:45:38 [INFO] [loop_tick] state=SCANNING | rows=4 | claims=0
2026-08-12 09:45:38 [INFO] [loop_tick] state=SCANNING | rows=4 | claims=0
2026-08-12 09:45:38 [INFO] [loop_tick] state=SCANNING | rows=4 | claims=0
2026-08-12 09:45:38 [INFO] [loop_tick] state=SCANNING | rows=4 | claims=0
2026-08-12 09:45:38 [INFO] [loop_tick] state=SCANNING | rows=4 | claims=0
2026-08-12 09:45:38 [INFO] [loop_tick] state=SCANNING | rows=4 | claims=0
2026-08-12 09:45:38 [INFO] [loop_tick] state=SCANNING | rows=4 | claims=0
2026-08-12 09:45:38 [INFO] [loop_tick] state=SCANNING | rows=4 | claims=0
2026-08-12 09:45:38 [INFO] [loop_tick] state=SCANNING | rows=4 | claims=0
2026-08-12 09:45:38 [INFO] [loop_tick] state=SCANNING | rows=4 | claims=0
2026-08-12 09:45:38 [INFO] [loop_tick] state=SCANNING | rows=4 | claims=0
2026-08-12 09:45:38 [INFO] [loop_tick] state=SCANNING | rows=4 | claims=0
2026-08-12 09:45:38 [INFO] [loop_tick] state=SCANNING | rows=4 | claims=0
2026-08-12 09:45:39 [INFO] [loop_tick] state=SCANNING | rows=4 | claims=0
2026-08-12 09:45:39 [INFO] [loop_tick] state=SCANNING | rows=4 | claims=0
2026-08-12 09:45:39 [INFO] [loop_tick] state=SCANNING | rows=4 | claims=0
2026-08-12 09:45:39 [INFO] [loop_tick] state=SCANNING | rows=4 | claims=0
2026-08-12 09:45:39 [INFO] [loop_tick] state=SCANNING | rows=4 | claims=0
2026-08-12 09:45:39 [INFO] [loop_tick] state=SCANNING | rows=4 | claims=0
2026-08-12 09:45:39 [INFO] [loop_tick] state=SCANNING | rows=4 | claims=0
2026-08-12 09:45:39 [INFO] [loop_tick] state=SCANNING | rows=4 | claims=0
2026-08-12 09:45:39 [INFO] [loop_tick] state=SCANNING | rows=5 | claims=0
2026-08-12 09:45:39 [INFO] [loop_tick] state=SCANNING | rows=3 | claims=0
2026-08-12 09:45:39 [INFO] [loop_tick] state=SCANNING | rows=3 | claims=0
2026-08-12 09:45:39 [INFO] [loop_tick] state=SCANNING | rows=3 | claims=0
2026-08-12 09:45:39 [INFO] [loop_tick] state=SCANNING | rows=3 | claims=0
2026-08-12 09:45:39 [INFO] [loop_tick] state=SCANNING | rows=3 | claims=0
2026-08-12 09:45:39 [INFO] [loop_tick] state=SCANNING | rows=4 | claims=0
2026-08-12 09:45:39 [INFO] [loop_tick] state=SCANNING | rows=6 | claims=0
2026-08-12 09:45:39 [INFO] [loop_tick] state=SCANNING | rows=6 | claims=0
2026-08-12 09:45:39 [INFO] [loop_tick] state=SCANNING | rows=6 | claims=0
2026-08-12 09:45:39 [INFO] [loop_tick] state=SCANNING | rows=7 | claims=0
2026-08-12 09:45:39 [INFO] [loop_tick] state=SCANNING | rows=7 | claims=0
2026-08-12 09:45:39 [INFO] [loop_tick] state=SCANNING | rows=7 | claims=0
2026-08-12 09:45:39 [INFO] [loop_tick] state=SCANNING | rows=7 | claims=0
2026-08-12 09:45:40 [INFO] [loop_tick] state=SCANNING | rows=7 | claims=0
2026-08-12 09:45:40 [INFO] [loop_tick] state=SCANNING | rows=7 | claims=0
2026-08-12 09:45:40 [INFO] [loop_tick] state=SCANNING | rows=7 | claims=0
2026-08-12 09:45:40 [INFO] [loop_tick] state=SCANNING | rows=7 | claims=0
2026-08-12 09:45:40 [INFO] [loop_tick] state=SCANNING | rows=7 | claims=0
2026-08-12 09:45:40 [INFO] [loop_tick] state=SCANNING | rows=7 | claims=0
2026-08-12 09:45:40 [INFO] [loop_tick] state=SCANNING | rows=6 | claims=0
2026-08-12 09:45:40 [INFO] [loop_tick] state=SCANNING | rows=6 | claims=0
2026-08-12 09:45:40 [INFO] [loop_tick] state=SCANNING | rows=7 | claims=0
2026-08-12 09:45:40 [INFO] [loop_tick] state=SCANNING | rows=7 | claims=0
2026-08-12 09:45:40 [INFO] [loop_tick] state=SCANNING | rows=7 | claims=0
2026-08-12 09:45:40 [INFO] [loop_tick] state=SCANNING | rows=7 | claims=0
2026-08-12 09:45:40 [INFO] [loop_tick] state=SCANNING | rows=6 | claims=0
2026-08-12 09:45:40 [INFO] [loop_tick] state=SCANNING | rows=7 | claims=0
2026-08-12 09:45:40 [INFO] [loop_tick] state=SCANNING | rows=7 | claims=0
2026-08-12 09:45:40 [INFO] [loop_tick] state=SCANNING | rows=7 | claims=0
2026-08-12 09:45:40 [INFO] [loop_tick] state=SCANNING | rows=7 | claims=0
2026-08-12 09:45:40 [INFO] [loop_tick] state=SCANNING | rows=7 | claims=0
2026-08-12 09:45:40 [INFO] [loop_tick] state=SCANNING | rows=7 | claims=0
2026-08-12 09:45:40 [INFO] [loop_tick] state=SCANNING | rows=7 | claims=0
2026-08-12 09:45:40 [INFO] [loop_tick] state=SCANNING | rows=6 | claims=0
2026-08-12 09:45:41 [INFO] [loop_tick] state=SCANNING | rows=5 | claims=0
2026-08-12 09:45:41 [INFO] [loop_tick] state=SCANNING | rows=7 | claims=0
2026-08-12 09:45:41 [INFO] [loop_tick] state=SCANNING | rows=7 | claims=0
2026-08-12 09:45:41 [INFO] [loop_tick] state=SCANNING | rows=5 | claims=0
2026-08-12 09:45:41 [INFO] [loop_tick] state=SCANNING | rows=6 | claims=0
2026-08-12 09:45:41 [INFO] [loop_tick] state=SCANNING | rows=8 | claims=0
2026-08-12 09:45:41 [INFO] [loop_tick] state=SCANNING | rows=8 | claims=0
2026-08-12 09:45:41 [INFO] [loop_tick] state=SCANNING | rows=8 | claims=0
2026-08-12 09:45:41 [INFO] [loop_tick] state=SCANNING | rows=8 | claims=0
2026-08-12 09:45:41 [INFO] [loop_tick] state=SCANNING | rows=9 | claims=0
2026-08-12 09:45:41 [INFO] [loop_tick] state=SCANNING | rows=9 | claims=0
2026-08-12 09:45:41 [INFO] [loop_tick] state=SCANNING | rows=9 | claims=0
2026-08-12 09:45:41 [INFO] [loop_tick] state=SCANNING | rows=7 | claims=0
2026-08-12 09:45:41 [INFO] [loop_tick] state=SCANNING | rows=8 | claims=0
2026-08-12 09:45:41 [INFO] [loop_tick] state=SCANNING | rows=8 | claims=0
2026-08-12 09:45:41 [INFO] [loop_tick] state=SCANNING | rows=8 | claims=0
2026-08-12 09:45:41 [INFO] [loop_tick] state=SCANNING | rows=8 | claims=0
2026-08-12 09:45:41 [INFO] [loop_tick] state=SCANNING | rows=8 | claims=0
2026-08-12 09:45:41 [INFO] [loop_tick] state=SCANNING | rows=8 | claims=0
2026-08-12 09:45:41 [INFO] [loop_tick] state=SCANNING | rows=8 | claims=0
2026-08-12 09:45:41 [INFO] [loop_tick] state=SCANNING | rows=8 | claims=0
2026-08-12 09:45:41 [INFO] [loop_tick] state=SCANNING | rows=7 | claims=0
2026-08-12 09:45:41 [INFO] [loop_tick] state=SCANNING | rows=5 | claims=0
2026-08-12 09:45:41 [INFO] [loop_tick] state=SCANNING | rows=7 | claims=0
2026-08-12 09:45:41 [INFO] [loop_tick] state=SCANNING | rows=7 | claims=0
2026-08-12 09:45:41 [INFO] [loop_tick] state=SCANNING | rows=5 | claims=0
2026-08-12 09:45:42 [INFO] [loop_tick] state=SCANNING | rows=7 | claims=0
2026-08-12 09:45:42 [INFO] [loop_tick] state=SCANNING | rows=7 | claims=0
2026-08-12 09:45:42 [INFO] [loop_tick] state=SCANNING | rows=7 | claims=0
2026-08-12 09:45:42 [INFO] [loop_tick] state=SCANNING | rows=7 | claims=0
2026-08-12 09:45:42 [INFO] [loop_tick] state=SCANNING | rows=7 | claims=0
2026-08-12 09:45:42 [INFO] [loop_tick] state=SCANNING | rows=7 | claims=0
2026-08-12 09:45:42 [INFO] [loop_tick] state=SCANNING | rows=6 | claims=0
2026-08-12 09:45:42 [INFO] [loop_tick] state=SCANNING | rows=7 | claims=0
2026-08-12 09:45:42 [INFO] [loop_tick] state=SCANNING | rows=7 | claims=0
2026-08-12 09:45:42 [INFO] [loop_tick] state=SCANNING | rows=6 | claims=0
2026-08-12 09:45:42 [INFO] [loop_tick] state=SCANNING | rows=5 | claims=0
2026-08-12 09:45:42 [INFO] [loop_tick] state=SCANNING | rows=5 | claims=0
2026-08-12 09:45:42 [INFO] [loop_tick] state=SCANNING | rows=5 | claims=0
2026-08-12 09:45:42 [INFO] [loop_tick] state=SCANNING | rows=5 | claims=0
2026-08-12 09:45:42 [INFO] [loop_tick] state=SCANNING | rows=5 | claims=0
2026-08-12 09:45:42 [INFO] [loop_tick] state=SCANNING | rows=5 | claims=0
2026-08-12 09:45:42 [INFO] [loop_tick] state=SCANNING | rows=5 | claims=0
2026-08-12 09:45:42 [INFO] [loop_tick] state=SCANNING | rows=5 | claims=0
2026-08-12 09:45:42 [INFO] [loop_tick] state=SCANNING | rows=5 | claims=0
2026-08-12 09:45:42 [INFO] [loop_tick] state=SCANNING | rows=5 | claims=0
2026-08-12 09:45:42 [INFO] [loop_tick] state=SCANNING | rows=5 | claims=0
2026-08-12 09:45:42 [INFO] [loop_tick] state=SCANNING | rows=5 | claims=0
2026-08-12 09:45:42 [INFO] [loop_tick] state=SCANNING | rows=5 | claims=0
2026-08-12 09:45:42 [INFO] [loop_tick] state=SCANNING | rows=5 | claims=0
2026-08-12 09:45:42 [INFO] [loop_tick] state=SCANNING | rows=5 | claims=0
2026-08-12 09:45:43 [INFO] [loop_tick] state=SCANNING | rows=5 | claims=0
2026-08-12 09:45:43 [INFO] [loop_tick] state=SCANNING | rows=7 | claims=0
2026-08-12 09:45:43 [INFO] [loop_tick] state=SCANNING | rows=7 | claims=0
2026-08-12 09:45:43 [INFO] [loop_tick] state=SCANNING | rows=7 | claims=0
2026-08-12 09:45:43 [INFO] [loop_tick] state=SCANNING | rows=7 | claims=0
2026-08-12 09:45:43 [INFO] [loop_tick] state=SCANNING | rows=7 | claims=0
2026-08-12 09:45:43 [INFO] [loop_tick] state=SCANNING | rows=7 | claims=0
2026-08-12 09:45:43 [INFO] [loop_tick] state=SCANNING | rows=7 | claims=0
2026-08-12 09:45:43 [INFO] [loop_tick] state=SCANNING | rows=4 | claims=0
2026-08-12 09:45:43 [INFO] [loop_tick] state=SCANNING | rows=6 | claims=0
2026-08-12 09:45:43 [INFO] [loop_tick] state=SCANNING | rows=6 | claims=0
2026-08-12 09:45:43 [INFO] [loop_tick] state=SCANNING | rows=6 | claims=0
2026-08-12 09:45:43 [INFO] [loop_tick] state=SCANNING | rows=4 | claims=0
2026-08-12 09:45:43 [INFO] [loop_tick] state=SCANNING | rows=4 | claims=0
2026-08-12 09:45:43 [INFO] [loop_tick] state=SCANNING | rows=4 | claims=0
2026-08-12 09:45:43 [INFO] [loop_tick] state=SCANNING | rows=4 | claims=0
2026-08-12 09:45:43 [INFO] [loop_tick] state=SCANNING | rows=4 | claims=0
2026-08-12 09:45:43 [INFO] [loop_tick] state=SCANNING | rows=4 | claims=0
2026-08-12 09:45:43 [INFO] [loop_tick] state=SCANNING | rows=6 | claims=0
2026-08-12 09:45:43 [INFO] [loop_tick] state=SCANNING | rows=4 | claims=0
2026-08-12 09:45:44 [INFO] [loop_tick] state=SCANNING | rows=4 | claims=0
2026-08-12 09:45:44 [INFO] [loop_tick] state=SCANNING | rows=4 | claims=0
2026-08-12 09:45:44 [INFO] [loop_tick] state=SCANNING | rows=4 | claims=0
2026-08-12 09:45:44 [INFO] [loop_tick] state=SCANNING | rows=4 | claims=0
2026-08-12 09:45:44 [INFO] [loop_tick] state=SCANNING | rows=4 | claims=0
2026-08-12 09:45:44 [INFO] [loop_tick] state=SCANNING | rows=4 | claims=0
2026-08-12 09:45:44 [INFO] [loop_tick] state=SCANNING | rows=6 | claims=0
2026-08-12 09:45:44 [INFO] [loop_tick] state=SCANNING | rows=6 | claims=0
2026-08-12 09:45:44 [INFO] [loop_tick] state=SCANNING | rows=6 | claims=0
2026-08-12 09:45:44 [INFO] [loop_tick] state=SCANNING | rows=7 | claims=0
2026-08-12 09:45:44 [INFO] [loop_tick] state=SCANNING | rows=7 | claims=0
2026-08-12 09:45:44 [INFO] [loop_tick] state=SCANNING | rows=7 | claims=0
2026-08-12 09:45:44 [INFO] [loop_tick] state=SCANNING | rows=6 | claims=0
2026-08-12 09:45:44 [INFO] [loop_tick] state=SCANNING | rows=7 | claims=0
2026-08-12 09:45:44 [INFO] [loop_tick] state=SCANNING | rows=7 | claims=0
2026-08-12 09:45:44 [INFO] [loop_tick] state=SCANNING | rows=7 | claims=0
2026-08-12 09:45:44 [INFO] [loop_tick] state=SCANNING | rows=7 | claims=0
2026-08-12 09:45:44 [INFO] [loop_tick] state=SCANNING | rows=7 | claims=0
2026-08-12 09:45:44 [INFO] [loop_tick] state=SCANNING | rows=7 | claims=0
2026-08-12 09:45:44 [INFO] [loop_tick] state=SCANNING | rows=7 | claims=0
2026-08-12 09:45:44 [INFO] [loop_tick] state=SCANNING | rows=7 | claims=0
2026-08-12 09:45:44 [INFO] [loop_tick] state=SCANNING | rows=7 | claims=0
2026-08-12 09:45:45 [INFO] [loop_tick] state=SCANNING | rows=7 | claims=0
2026-08-12 09:45:45 [INFO] [loop_tick] state=SCANNING | rows=7 | claims=0
2026-08-12 09:45:45 [INFO] [loop_tick] state=SCANNING | rows=6 | claims=0
2026-08-12 09:45:45 [INFO] [loop_tick] state=SCANNING | rows=6 | claims=0
2026-08-12 09:45:45 [INFO] [loop_tick] state=SCANNING | rows=6 | claims=0
2026-08-12 09:45:45 [INFO] [loop_tick] state=SCANNING | rows=7 | claims=0
2026-08-12 09:45:45 [INFO] [loop_tick] state=SCANNING | rows=7 | claims=0
2026-08-12 09:45:45 [INFO] [loop_tick] state=SCANNING | rows=7 | claims=0
2026-08-12 09:45:45 [INFO] [loop_tick] state=SCANNING | rows=7 | claims=0
2026-08-12 09:45:45 [INFO] [loop_tick] state=SCANNING | rows=6 | claims=0
2026-08-12 09:45:45 [INFO] [loop_tick] state=SCANNING | rows=6 | claims=0
2026-08-12 09:45:45 [INFO] [loop_tick] state=SCANNING | rows=4 | claims=0
2026-08-12 09:45:45 [INFO] [loop_tick] state=SCANNING | rows=4 | claims=0
2026-08-12 09:45:45 [INFO] [loop_tick] state=SCANNING | rows=3 | claims=0
2026-08-12 09:45:45 [INFO] [loop_tick] state=SCANNING | rows=5 | claims=0
2026-08-12 09:45:45 [INFO] [loop_tick] state=SCANNING | rows=5 | claims=0
2026-08-12 09:45:45 [INFO] [loop_tick] state=SCANNING | rows=6 | claims=0
2026-08-12 09:45:45 [INFO] [loop_tick] state=SCANNING | rows=7 | claims=0
2026-08-12 09:45:45 [INFO] [loop_tick] state=SCANNING | rows=7 | claims=0
2026-08-12 09:45:45 [INFO] [loop_tick] state=SCANNING | rows=8 | claims=0
2026-08-12 09:45:46 [INFO] [loop_tick] state=SCANNING | rows=8 | claims=0
2026-08-12 09:45:46 [INFO] [loop_tick] state=SCANNING | rows=7 | claims=0
2026-08-12 09:45:46 [INFO] [loop_tick] state=SCANNING | rows=7 | claims=0
2026-08-12 09:45:46 [INFO] [loop_tick] state=SCANNING | rows=7 | claims=0
2026-08-12 09:45:46 [INFO] [loop_tick] state=SCANNING | rows=7 | claims=0
2026-08-12 09:45:46 [INFO] [loop_tick] state=SCANNING | rows=7 | claims=0
2026-08-12 09:45:46 [INFO] [loop_tick] state=SCANNING | rows=7 | claims=0
2026-08-12 09:45:46 [INFO] [loop_tick] state=SCANNING | rows=5 | claims=0
2026-08-12 09:45:46 [INFO] [loop_tick] state=SCANNING | rows=5 | claims=0
2026-08-12 09:45:46 [INFO] [loop_tick] state=SCANNING | rows=5 | claims=0
2026-08-12 09:45:46 [INFO] [loop_tick] state=SCANNING | rows=7 | claims=0
2026-08-12 09:45:46 [INFO] [loop_tick] state=SCANNING | rows=7 | claims=0
2026-08-12 09:45:46 [INFO] [loop_tick] state=SCANNING | rows=7 | claims=0
2026-08-12 09:45:46 [INFO] [loop_tick] state=SCANNING | rows=8 | claims=0
2026-08-12 09:45:46 [INFO] [loop_tick] state=SCANNING | rows=7 | claims=0
2026-08-12 09:45:46 [INFO] [loop_tick] state=SCANNING | rows=8 | claims=0
2026-08-12 09:45:46 [INFO] [loop_tick] state=SCANNING | rows=8 | claims=0
2026-08-12 09:45:46 [INFO] [loop_tick] state=SCANNING | rows=8 | claims=0
2026-08-12 09:45:46 [INFO] [loop_tick] state=SCANNING | rows=8 | claims=0
2026-08-12 09:45:46 [INFO] [loop_tick] state=SCANNING | rows=8 | claims=0
2026-08-12 09:45:46 [INFO] [loop_tick] state=SCANNING | rows=8 | claims=0
2026-08-12 09:45:46 [INFO] [loop_tick] state=SCANNING | rows=8 | claims=0
2026-08-12 09:45:46 [INFO] [loop_tick] state=SCANNING | rows=7 | claims=0
2026-08-12 09:45:46 [INFO] [loop_tick] state=SCANNING | rows=6 | claims=0
2026-08-12 09:45:47 [INFO] [loop_tick] state=SCANNING | rows=6 | claims=0
2026-08-12 09:45:47 [INFO] [loop_tick] state=SCANNING | rows=6 | claims=0
2026-08-12 09:45:47 [INFO] [loop_tick] state=SCANNING | rows=6 | claims=0
2026-08-12 09:45:47 [INFO] [loop_tick] state=SCANNING | rows=6 | claims=0
2026-08-12 09:45:47 [INFO] [loop_tick] state=SCANNING | rows=6 | claims=0
2026-08-12 09:45:47 [INFO] [loop_tick] state=SCANNING | rows=7 | claims=0
2026-08-12 09:45:47 [INFO] [loop_tick] state=SCANNING | rows=6 | claims=0
2026-08-12 09:45:47 [INFO] [loop_tick] state=SCANNING | rows=7 | claims=0
2026-08-12 09:45:47 [INFO] [loop_tick] state=SCANNING | rows=6 | claims=0
2026-08-12 09:45:47 [INFO] [loop_tick] state=SCANNING | rows=6 | claims=0
2026-08-12 09:45:47 [INFO] [loop_tick] state=SCANNING | rows=6 | claims=0
2026-08-12 09:45:47 [INFO] [loop_tick] state=SCANNING | rows=7 | claims=0
2026-08-12 09:45:47 [INFO] [loop_tick] state=SCANNING | rows=7 | claims=0
2026-08-12 09:45:47 [INFO] [loop_tick] state=SCANNING | rows=7 | claims=0
2026-08-12 09:45:47 [INFO] [loop_tick] state=SCANNING | rows=7 | claims=0
2026-08-12 09:45:47 [INFO] [loop_tick] state=SCANNING | rows=8 | claims=0
2026-08-12 09:45:47 [INFO] [loop_tick] state=SCANNING | rows=8 | claims=0
2026-08-12 09:45:47 [INFO] [loop_tick] state=SCANNING | rows=8 | claims=0
2026-08-12 09:45:47 [INFO] [loop_tick] state=SCANNING | rows=7 | claims=0
2026-08-12 09:45:47 [INFO] [loop_tick] state=SCANNING | rows=7 | claims=0
2026-08-12 09:45:47 [INFO] [loop_tick] state=SCANNING | rows=7 | claims=0
2026-08-12 09:45:47 [INFO] [loop_tick] state=SCANNING | rows=8 | claims=0
2026-08-12 09:45:47 [INFO] [loop_tick] state=SCANNING | rows=8 | claims=0
2026-08-12 09:45:47 [INFO] [loop_tick] state=SCANNING | rows=7 | claims=0
2026-08-12 09:45:48 [INFO] [loop_tick] state=SCANNING | rows=7 | claims=0
2026-08-12 09:45:48 [INFO] [loop_tick] state=SCANNING | rows=6 | claims=0
2026-08-12 09:45:48 [INFO] [loop_tick] state=SCANNING | rows=6 | claims=0
2026-08-12 09:45:48 [INFO] [loop_tick] state=SCANNING | rows=6 | claims=0
2026-08-12 09:45:48 [INFO] [loop_tick] state=SCANNING | rows=7 | claims=0
2026-08-12 09:45:48 [INFO] [loop_tick] state=SCANNING | rows=6 | claims=0
2026-08-12 09:45:48 [INFO] [loop_tick] state=SCANNING | rows=6 | claims=0
2026-08-12 09:45:48 [INFO] [loop_tick] state=SCANNING | rows=6 | claims=0
2026-08-12 09:45:48 [INFO] [loop_tick] state=SCANNING | rows=4 | claims=0
2026-08-12 09:45:48 [INFO] [loop_tick] state=SCANNING | rows=4 | claims=0
2026-08-12 09:45:48 [INFO] [loop_tick] state=SCANNING | rows=6 | claims=0
2026-08-12 09:45:48 [INFO] [loop_tick] state=SCANNING | rows=4 | claims=0
2026-08-12 09:45:48 [INFO] [loop_tick] state=SCANNING | rows=4 | claims=0
2026-08-12 09:45:48 [INFO] [loop_tick] state=SCANNING | rows=6 | claims=0
2026-08-12 09:45:48 [INFO] [loop_tick] state=SCANNING | rows=6 | claims=0
2026-08-12 09:45:48 [INFO] [loop_tick] state=SCANNING | rows=6 | claims=0
2026-08-12 09:45:48 [INFO] [loop_tick] state=SCANNING | rows=6 | claims=0
2026-08-12 09:45:48 [INFO] [loop_tick] state=SCANNING | rows=6 | claims=0
2026-08-12 09:45:48 [INFO] [loop_tick] state=SCANNING | rows=6 | claims=0
2026-08-12 09:45:48 [INFO] [loop_tick] state=SCANNING | rows=4 | claims=0
2026-08-12 09:45:48 [INFO] [loop_tick] state=SCANNING | rows=6 | claims=0
2026-08-12 09:45:49 [INFO] [loop_tick] state=SCANNING | rows=6 | claims=0
2026-08-12 09:45:49 [INFO] [loop_tick] state=SCANNING | rows=7 | claims=0
2026-08-12 09:45:49 [INFO] [loop_tick] state=SCANNING | rows=7 | claims=0
2026-08-12 09:45:49 [INFO] [loop_tick] state=SCANNING | rows=7 | claims=0
2026-08-12 09:45:49 [INFO] [loop_tick] state=SCANNING | rows=5 | claims=0
2026-08-12 09:45:49 [INFO] [loop_tick] state=SCANNING | rows=5 | claims=0
2026-08-12 09:45:49 [INFO] [loop_tick] state=SCANNING | rows=6 | claims=0
2026-08-12 09:45:49 [INFO] [loop_tick] state=SCANNING | rows=6 | claims=0
2026-08-12 09:45:49 [INFO] [loop_tick] state=SCANNING | rows=6 | claims=0
2026-08-12 09:45:49 [INFO] [loop_tick] state=SCANNING | rows=7 | claims=0
2026-08-12 09:45:49 [INFO] [loop_tick] state=SCANNING | rows=7 | claims=0
2026-08-12 09:45:49 [INFO] [loop_tick] state=SCANNING | rows=7 | claims=0
2026-08-12 09:45:49 [INFO] [loop_tick] state=SCANNING | rows=7 | claims=0
2026-08-12 09:45:49 [INFO] [loop_tick] state=SCANNING | rows=7 | claims=0
2026-08-12 09:45:49 [INFO] [loop_tick] state=SCANNING | rows=7 | claims=0
2026-08-12 09:45:49 [INFO] [loop_tick] state=SCANNING | rows=7 | claims=0
2026-08-12 09:45:49 [INFO] [loop_tick] state=SCANNING | rows=7 | claims=0
2026-08-12 09:45:49 [INFO] [loop_tick] state=SCANNING | rows=7 | claims=0
2026-08-12 09:45:49 [INFO] [loop_tick] state=SCANNING | rows=7 | claims=0
2026-08-12 09:45:50 [INFO] [loop_tick] state=SCANNING | rows=9 | claims=0
2026-08-12 09:45:50 [INFO] [loop_tick] state=SCANNING | rows=10 | claims=0
2026-08-12 09:45:50 [INFO] [loop_tick] state=SCANNING | rows=10 | claims=0
2026-08-12 09:45:50 [INFO] [loop_tick] state=SCANNING | rows=10 | claims=0
2026-08-12 09:45:50 [INFO] [loop_tick] state=SCANNING | rows=9 | claims=0
2026-08-12 09:45:50 [INFO] [loop_tick] state=SCANNING | rows=9 | claims=0
2026-08-12 09:45:50 [INFO] [loop_tick] state=SCANNING | rows=10 | claims=0
2026-08-12 09:45:50 [INFO] [loop_tick] state=SCANNING | rows=10 | claims=0
2026-08-12 09:45:50 [INFO] [loop_tick] state=SCANNING | rows=10 | claims=0
2026-08-12 09:45:50 [INFO] [loop_tick] state=SCANNING | rows=10 | claims=0
2026-08-12 09:45:50 [INFO] [loop_tick] state=SCANNING | rows=10 | claims=0
2026-08-12 09:45:50 [INFO] [loop_tick] state=SCANNING | rows=10 | claims=0
2026-08-12 09:45:50 [INFO] [loop_tick] state=SCANNING | rows=7 | claims=0
2026-08-12 09:45:51 [INFO] [loop_tick] state=SCANNING | rows=5 | claims=0
2026-08-12 09:45:51 [INFO] [loop_tick] state=SCANNING | rows=8 | claims=0
2026-08-12 09:45:51 [INFO] [loop_tick] state=SCANNING | rows=9 | claims=0
2026-08-12 09:45:51 [INFO] [loop_tick] state=SCANNING | rows=11 | claims=0
2026-08-12 09:45:51 [INFO] [loop_tick] state=SCANNING | rows=9 | claims=0
2026-08-12 09:45:51 [INFO] [loop_tick] state=SCANNING | rows=8 | claims=0
2026-08-12 09:45:52 [INFO] [loop_tick] state=SCANNING | rows=8 | claims=0
2026-08-12 09:45:52 [INFO] [loop_tick] state=SCANNING | rows=10 | claims=0
2026-08-12 09:45:52 [INFO] [loop_tick] state=SCANNING | rows=10 | claims=0
2026-08-12 09:45:52 [INFO] [loop_tick] state=SCANNING | rows=10 | claims=0
2026-08-12 09:45:52 [INFO] [loop_tick] state=SCANNING | rows=7 | claims=0
2026-08-12 09:45:52 [INFO] [loop_tick] state=SCANNING | rows=2 | claims=0
2026-08-12 09:45:53 [INFO] [loop_tick] state=SCANNING | rows=7 | claims=0
2026-08-12 09:45:53 [INFO] [loop_tick] state=SCANNING | rows=6 | claims=0
2026-08-12 09:45:53 [INFO] [loop_tick] state=SCANNING | rows=4 | claims=0
2026-08-12 09:45:53 [INFO] [loop_tick] state=SCANNING | rows=6 | claims=0
2026-08-12 09:45:53 [INFO] [loop_tick] state=SCANNING | rows=6 | claims=0
2026-08-12 09:45:53 [INFO] [loop_tick] state=SCANNING | rows=7 | claims=0
2026-08-12 09:45:53 [INFO] [loop_tick] state=SCANNING | rows=6 | claims=0
2026-08-12 09:45:54 [INFO] [loop_tick] state=SCANNING | rows=6 | claims=0
2026-08-12 09:45:54 [INFO] [loop_tick] state=SCANNING | rows=6 | claims=0
2026-08-12 09:45:56 [INFO] [row_detected] total_rows=8 | claim_rows=[0, 1, 2]
2026-08-12 09:45:57 [INFO] [row_detected] total_rows=8 | claim_rows=[0, 1]
2026-08-12 09:45:59 [INFO] [row_detected] total_rows=8 | claim_rows=[0, 1]
2026-08-12 09:46:02 [INFO] [row_detected] total_rows=8 | claim_rows=[0, 1]
2026-08-12 09:46:04 [INFO] [row_detected] total_rows=8 | claim_rows=[0, 1]
2026-08-12 09:46:06 [INFO] [row_detected] total_rows=8 | claim_rows=[0, 1]
2026-08-12 09:46:09 [INFO] [row_detected] total_rows=8 | claim_rows=[0, 1]
2026-08-12 09:46:11 [INFO] [row_detected] total_rows=8 | claim_rows=[0, 1]
2026-08-12 09:46:13 [INFO] [row_detected] total_rows=8 | claim_rows=[0, 1]
2026-08-12 09:46:16 [INFO] [row_detected] total_rows=11 | claim_rows=[0, 1, 2, 3]
2026-08-12 09:46:19 [INFO] [row_detected] total_rows=11 | claim_rows=[0, 1, 3]
2026-08-12 09:46:21 [INFO] [row_detected] total_rows=11 | claim_rows=[0, 1]
2026-08-12 09:46:24 [INFO] [row_detected] total_rows=8 | claim_rows=[0, 1]
2026-08-12 09:46:26 [INFO] [row_detected] total_rows=8 | claim_rows=[0, 1]
2026-08-12 09:46:29 [INFO] [row_detected] total_rows=8 | claim_rows=[0, 1]
2026-08-12 09:46:31 [INFO] [row_detected] total_rows=8 | claim_rows=[0, 1]
2026-08-12 09:46:34 [INFO] [row_detected] total_rows=8 | claim_rows=[0, 1]
2026-08-12 09:46:36 [INFO] [row_detected] total_rows=8 | claim_rows=[0, 1]
2026-08-12 09:46:39 [INFO] [row_detected] total_rows=10 | claim_rows=[0, 1, 2]
2026-08-12 09:46:41 [INFO] [row_detected] total_rows=10 | claim_rows=[0, 1, 2]
2026-08-12 09:46:44 [INFO] [row_detected] total_rows=11 | claim_rows=[0, 1, 4]
2026-08-12 09:46:46 [INFO] [row_detected] total_rows=11 | claim_rows=[0, 1, 4]
2026-08-12 09:46:49 [INFO] [row_detected] total_rows=11 | claim_rows=[0, 1, 5, 6]
2026-08-12 09:46:49 [INFO] [claim_found] row_id=6 | text=CLAIM | confidence=0.999 | claim_cell=(1160, 769)
2026-08-12 09:46:49 [INFO] [state_change] from_state=SCANNING | to_state=CLAIM_FOUND
2026-08-12 09:46:49 [INFO] [state_change] from_state=CLAIM_FOUND | to_state=CLICK_CLAIM
2026-08-12 09:46:49 [INFO] [claim_cell_clicked] row_id=6 | x=1160 | y=769
2026-08-12 09:46:49 [INFO] [state_change] from_state=CLICK_CLAIM | to_state=WAIT_USERNAME
2026-08-12 09:46:51 [WARNING] Cell shows 'Ivu' (not pending and not 'LVU') — claimed by someone else.
2026-08-12 09:46:51 [INFO] [claim_stolen] y_key=768 | cell_text=Ivu
2026-08-12 09:46:51 [INFO] [state_change] from_state=WAIT_USERNAME | to_state=SCANNING
2026-08-12 09:46:51 [INFO] [row_detected] total_rows=11 | claim_rows=[0, 1]
2026-08-12 09:46:54 [INFO] [row_detected] total_rows=11 | claim_rows=[0, 1]
2026-08-12 09:46:55 [INFO] [row_detected] total_rows=11 | claim_rows=[0, 1]
2026-08-12 09:46:56 [INFO] [row_detected] total_rows=11 | claim_rows=[0, 1]
2026-08-12 09:46:56 [INFO] [row_detected] total_rows=11 | claim_rows=[0, 1]
2026-08-12 09:46:57 [INFO] [row_detected] total_rows=11 | claim_rows=[0, 1]
2026-08-12 09:47:00 [INFO] [row_detected] total_rows=11 | claim_rows=[0, 1]
2026-08-12 09:47:02 [INFO] [row_detected] total_rows=11 | claim_rows=[0, 1]
2026-08-12 09:47:05 [INFO] [row_detected] total_rows=11 | claim_rows=[0, 1]
2026-08-12 09:47:08 [INFO] [row_detected] total_rows=11 | claim_rows=[0, 1]
2026-08-12 09:47:10 [INFO] [row_detected] total_rows=11 | claim_rows=[0, 1]
2026-08-12 09:47:13 [INFO] [row_detected] total_rows=11 | claim_rows=[0, 1]
2026-08-12 09:47:14 [INFO] [row_detected] total_rows=11 | claim_rows=[0, 1]
2026-08-12 09:47:17 [INFO] [row_detected] total_rows=11 | claim_rows=[0, 1]
2026-08-12 09:47:19 [INFO] [row_detected] total_rows=11 | claim_rows=[0, 1, 6]
2026-08-12 09:47:22 [INFO] [row_detected] total_rows=11 | claim_rows=[0, 1, 4]
2026-08-12 09:47:24 [INFO] [row_detected] total_rows=11 | claim_rows=[0, 1, 4]
2026-08-12 09:47:26 [INFO] [row_detected] total_rows=11 | claim_rows=[0, 1]
2026-08-12 09:47:29 [INFO] [row_detected] total_rows=11 | claim_rows=[0, 1]
2026-08-12 09:47:31 [INFO] [row_detected] total_rows=11 | claim_rows=[0, 1]
2026-08-12 09:47:33 [INFO] [row_detected] total_rows=11 | claim_rows=[0, 1]
2026-08-12 09:47:35 [INFO] [loop_tick] state=SCANNING | rows=2 | claims=0
2026-08-12 09:47:36 [INFO] [loop_tick] state=SCANNING | rows=2 | claims=0
2026-08-12 09:47:36 [INFO] [loop_tick] state=SCANNING | rows=2 | claims=0
2026-08-12 09:47:37 [INFO] [loop_tick] state=SCANNING | rows=2 | claims=0
2026-08-12 09:47:37 [INFO] [loop_tick] state=SCANNING | rows=2 | claims=0
2026-08-12 09:47:37 [INFO] [loop_tick] state=SCANNING | rows=2 | claims=0
2026-08-12 09:47:37 [INFO] [loop_tick] state=SCANNING | rows=2 | claims=0
2026-08-12 09:47:37 [INFO] [loop_tick] state=SCANNING | rows=2 | claims=0
2026-08-12 09:47:37 [INFO] [loop_tick] state=SCANNING | rows=2 | claims=0
2026-08-12 09:47:37 [INFO] [loop_tick] state=SCANNING | rows=2 | claims=0
2026-08-12 09:47:37 [INFO] [loop_tick] state=SCANNING | rows=2 | claims=0
2026-08-12 09:47:37 [INFO] [loop_tick] state=SCANNING | rows=2 | claims=0
2026-08-12 09:47:38 [INFO] [loop_tick] state=SCANNING | rows=2 | claims=0
2026-08-12 09:47:38 [INFO] [loop_tick] state=SCANNING | rows=3 | claims=0
2026-08-12 09:47:38 [INFO] [loop_tick] state=SCANNING | rows=3 | claims=0
2026-08-12 09:47:38 [INFO] [loop_tick] state=SCANNING | rows=3 | claims=0
2026-08-12 09:47:38 [INFO] [loop_tick] state=SCANNING | rows=3 | claims=0
2026-08-12 09:47:38 [INFO] [loop_tick] state=SCANNING | rows=3 | claims=0
2026-08-12 09:47:38 [INFO] [loop_tick] state=SCANNING | rows=3 | claims=0
2026-08-12 09:47:38 [INFO] [loop_tick] state=SCANNING | rows=3 | claims=0
2026-08-12 09:47:39 [INFO] [loop_tick] state=SCANNING | rows=3 | claims=0
2026-08-12 09:47:39 [INFO] [loop_tick] state=SCANNING | rows=2 | claims=0
2026-08-12 09:47:39 [INFO] [loop_tick] state=SCANNING | rows=2 | claims=0
2026-08-12 09:47:39 [INFO] [loop_tick] state=SCANNING | rows=2 | claims=0
2026-08-12 09:47:40 [INFO] [loop_tick] state=SCANNING | rows=2 | claims=0
2026-08-12 09:47:40 [INFO] [loop_tick] state=SCANNING | rows=2 | claims=0
2026-08-12 09:47:40 [INFO] [loop_tick] state=SCANNING | rows=2 | claims=0
2026-08-12 09:47:40 [INFO] [loop_tick] state=SCANNING | rows=2 | claims=0
2026-08-12 09:47:40 [INFO] [loop_tick] state=SCANNING | rows=2 | claims=0
2026-08-12 09:47:40 [INFO] [loop_tick] state=SCANNING | rows=2 | claims=0
2026-08-12 09:47:40 [INFO] [loop_tick] state=SCANNING | rows=2 | claims=0
2026-08-12 09:47:41 [INFO] [loop_tick] state=SCANNING | rows=2 | claims=0
2026-08-12 09:47:41 [INFO] [loop_tick] state=SCANNING | rows=2 | claims=0
2026-08-12 09:47:41 [INFO] [loop_tick] state=SCANNING | rows=2 | claims=0
2026-08-12 09:47:41 [INFO] [loop_tick] state=SCANNING | rows=2 | claims=0
2026-08-12 09:47:42 [INFO] [loop_tick] state=SCANNING | rows=2 | claims=0
2026-08-12 09:47:42 [INFO] [loop_tick] state=SCANNING | rows=2 | claims=0
2026-08-12 09:47:42 [INFO] [loop_tick] state=SCANNING | rows=2 | claims=0
2026-08-12 09:47:42 [INFO] [loop_tick] state=SCANNING | rows=2 | claims=0
2026-08-12 09:47:42 [INFO] [loop_tick] state=SCANNING | rows=5 | claims=0
2026-08-12 09:47:42 [INFO] [loop_tick] state=SCANNING | rows=5 | claims=0
2026-08-12 09:47:43 [INFO] [loop_tick] state=SCANNING | rows=5 | claims=0
2026-08-12 09:47:43 [INFO] [loop_tick] state=SCANNING | rows=3 | claims=0
2026-08-12 09:47:43 [INFO] [loop_tick] state=SCANNING | rows=4 | claims=0
2026-08-12 09:47:43 [INFO] [loop_tick] state=SCANNING | rows=5 | claims=0
2026-08-12 09:47:43 [INFO] [loop_tick] state=SCANNING | rows=6 | claims=0
2026-08-12 09:47:43 [INFO] [loop_tick] state=SCANNING | rows=5 | claims=0
2026-08-12 09:47:43 [INFO] [loop_tick] state=SCANNING | rows=5 | claims=0
2026-08-12 09:47:43 [INFO] [loop_tick] state=SCANNING | rows=5 | claims=0
2026-08-12 09:47:44 [INFO] [loop_tick] state=SCANNING | rows=6 | claims=0
2026-08-12 09:47:44 [INFO] [loop_tick] state=SCANNING | rows=5 | claims=0
2026-08-12 09:47:44 [INFO] [loop_tick] state=SCANNING | rows=5 | claims=0
2026-08-12 09:47:44 [INFO] [loop_tick] state=SCANNING | rows=6 | claims=0
2026-08-12 09:47:44 [INFO] [loop_tick] state=SCANNING | rows=6 | claims=0
2026-08-12 09:47:44 [INFO] [loop_tick] state=SCANNING | rows=5 | claims=0
2026-08-12 09:47:44 [INFO] [loop_tick] state=SCANNING | rows=6 | claims=0
2026-08-12 09:47:44 [INFO] [loop_tick] state=SCANNING | rows=4 | claims=0
2026-08-12 09:47:45 [INFO] [loop_tick] state=SCANNING | rows=4 | claims=0
2026-08-12 09:47:45 [INFO] [loop_tick] state=SCANNING | rows=4 | claims=0
2026-08-12 09:47:45 [INFO] [loop_tick] state=SCANNING | rows=4 | claims=0
2026-08-12 09:47:45 [INFO] [loop_tick] state=SCANNING | rows=3 | claims=0
2026-08-12 09:47:45 [INFO] [loop_tick] state=SCANNING | rows=3 | claims=0
2026-08-12 09:47:45 [INFO] [loop_tick] state=SCANNING | rows=6 | claims=0
2026-08-12 09:47:45 [INFO] [loop_tick] state=SCANNING | rows=5 | claims=0
2026-08-12 09:47:46 [INFO] [loop_tick] state=SCANNING | rows=5 | claims=0
2026-08-12 09:47:46 [INFO] [loop_tick] state=SCANNING | rows=2 | claims=0
2026-08-12 09:47:46 [INFO] [loop_tick] state=SCANNING | rows=2 | claims=0
2026-08-12 09:47:46 [INFO] [loop_tick] state=SCANNING | rows=2 | claims=0
2026-08-12 09:47:46 [INFO] [loop_tick] state=SCANNING | rows=2 | claims=0
2026-08-12 09:47:46 [INFO] [loop_tick] state=SCANNING | rows=2 | claims=0
2026-08-12 09:47:47 [INFO] [loop_tick] state=SCANNING | rows=3 | claims=0
2026-08-12 09:47:47 [INFO] [loop_tick] state=SCANNING | rows=3 | claims=0
2026-08-12 09:47:47 [INFO] [loop_tick] state=SCANNING | rows=2 | claims=0
2026-08-12 09:47:47 [INFO] [loop_tick] state=SCANNING | rows=2 | claims=0
2026-08-12 09:47:47 [INFO] [loop_tick] state=SCANNING | rows=2 | claims=0
2026-08-12 09:47:47 [INFO] [loop_tick] state=SCANNING | rows=3 | claims=0
2026-08-12 09:47:47 [INFO] [loop_tick] state=SCANNING | rows=3 | claims=0
2026-08-12 09:47:47 [INFO] [loop_tick] state=SCANNING | rows=3 | claims=0
2026-08-12 09:47:47 [INFO] [loop_tick] state=SCANNING | rows=3 | claims=0
2026-08-12 09:47:48 [INFO] [loop_tick] state=SCANNING | rows=2 | claims=0
2026-08-12 09:47:48 [INFO] [loop_tick] state=SCANNING | rows=2 | claims=0
2026-08-12 09:47:48 [INFO] [loop_tick] state=SCANNING | rows=2 | claims=0
2026-08-12 09:47:48 [INFO] [loop_tick] state=SCANNING | rows=2 | claims=0
2026-08-12 09:47:48 [INFO] [loop_tick] state=SCANNING | rows=2 | claims=0
2026-08-12 09:47:48 [INFO] [loop_tick] state=SCANNING | rows=2 | claims=0
2026-08-12 09:47:48 [INFO] [loop_tick] state=SCANNING | rows=2 | claims=0
2026-08-12 09:47:48 [INFO] [loop_tick] state=SCANNING | rows=3 | claims=0
2026-08-12 09:47:48 [INFO] [loop_tick] state=SCANNING | rows=3 | claims=0
2026-08-12 09:47:48 [INFO] [loop_tick] state=SCANNING | rows=3 | claims=0
2026-08-12 09:47:48 [INFO] [loop_tick] state=SCANNING | rows=3 | claims=0
2026-08-12 09:47:48 [INFO] [loop_tick] state=SCANNING | rows=2 | claims=0
2026-08-12 09:47:49 [INFO] [loop_tick] state=SCANNING | rows=2 | claims=0
2026-08-12 09:47:49 [INFO] [loop_tick] state=SCANNING | rows=2 | claims=0
2026-08-12 09:47:49 [INFO] [loop_tick] state=SCANNING | rows=2 | claims=0
2026-08-12 09:47:49 [INFO] [loop_tick] state=SCANNING | rows=2 | claims=0
2026-08-12 09:47:49 [INFO] [loop_tick] state=SCANNING | rows=2 | claims=0
2026-08-12 09:47:49 [INFO] [loop_tick] state=SCANNING | rows=2 | claims=0
2026-08-12 09:47:49 [INFO] [loop_tick] state=SCANNING | rows=2 | claims=0
2026-08-12 09:47:49 [INFO] [loop_tick] state=SCANNING | rows=2 | claims=0
2026-08-12 09:47:49 [INFO] [loop_tick] state=SCANNING | rows=2 | claims=0
2026-08-12 09:47:49 [INFO] [loop_tick] state=SCANNING | rows=2 | claims=0
2026-08-12 09:47:49 [INFO] [loop_tick] state=SCANNING | rows=2 | claims=0
2026-08-12 09:47:49 [INFO] [loop_tick] state=SCANNING | rows=2 | claims=0
2026-08-12 09:47:50 [INFO] [loop_tick] state=SCANNING | rows=2 | claims=0
2026-08-12 09:47:50 [INFO] [loop_tick] state=SCANNING | rows=2 | claims=0
2026-08-12 09:47:50 [INFO] [loop_tick] state=SCANNING | rows=2 | claims=0
2026-08-12 09:47:50 [INFO] [loop_tick] state=SCANNING | rows=2 | claims=0
2026-08-12 09:47:50 [INFO] [loop_tick] state=SCANNING | rows=2 | claims=0
2026-08-12 09:47:50 [INFO] [loop_tick] state=SCANNING | rows=2 | claims=0
2026-08-12 09:47:50 [INFO] [loop_tick] state=SCANNING | rows=2 | claims=0
2026-08-12 09:47:50 [INFO] [loop_tick] state=SCANNING | rows=2 | claims=0
2026-08-12 09:47:50 [INFO] [loop_tick] state=SCANNING | rows=2 | claims=0
2026-08-12 09:47:50 [INFO] [loop_tick] state=SCANNING | rows=2 | claims=0
2026-08-12 09:47:50 [INFO] [loop_tick] state=SCANNING | rows=2 | claims=0
2026-08-12 09:47:51 [INFO] [loop_tick] state=SCANNING | rows=2 | claims=0
2026-08-12 09:47:51 [INFO] [loop_tick] state=SCANNING | rows=2 | claims=0
2026-08-12 09:47:51 [INFO] [loop_tick] state=SCANNING | rows=2 | claims=0
2026-08-12 09:47:51 [INFO] [loop_tick] state=SCANNING | rows=2 | claims=0
2026-08-12 09:47:51 [INFO] [loop_tick] state=SCANNING | rows=2 | claims=0
2026-08-12 09:47:51 [INFO] [loop_tick] state=SCANNING | rows=2 | claims=0
2026-08-12 09:47:51 [INFO] [loop_tick] state=SCANNING | rows=2 | claims=0
2026-08-12 09:47:51 [INFO] [loop_tick] state=SCANNING | rows=2 | claims=0
2026-08-12 09:47:51 [INFO] [loop_tick] state=SCANNING | rows=2 | claims=0
2026-08-12 09:47:51 [INFO] [loop_tick] state=SCANNING | rows=2 | claims=0
2026-08-12 09:47:51 [INFO] [loop_tick] state=SCANNING | rows=2 | claims=0
2026-08-12 09:47:52 [INFO] [loop_tick] state=SCANNING | rows=2 | claims=0
2026-08-12 09:47:52 [INFO] [loop_tick] state=SCANNING | rows=2 | claims=0
2026-08-12 09:47:52 [INFO] [loop_tick] state=SCANNING | rows=2 | claims=0
2026-08-12 09:47:52 [INFO] [loop_tick] state=SCANNING | rows=2 | claims=0
2026-08-12 09:47:52 [INFO] [loop_tick] state=SCANNING | rows=2 | claims=0
2026-08-12 09:47:52 [INFO] [loop_tick] state=SCANNING | rows=2 | claims=0
2026-08-12 09:47:52 [INFO] [loop_tick] state=SCANNING | rows=2 | claims=0
2026-08-12 09:47:52 [INFO] [loop_tick] state=SCANNING | rows=2 | claims=0
2026-08-12 09:47:52 [INFO] [loop_tick] state=SCANNING | rows=2 | claims=0
2026-08-12 09:47:52 [INFO] [loop_tick] state=SCANNING | rows=2 | claims=0
2026-08-12 09:47:52 [INFO] [loop_tick] state=SCANNING | rows=2 | claims=0
2026-08-12 09:47:52 [INFO] [loop_tick] state=SCANNING | rows=2 | claims=0
2026-08-12 09:47:53 [INFO] [loop_tick] state=SCANNING | rows=2 | claims=0
2026-08-12 09:47:53 [INFO] [loop_tick] state=SCANNING | rows=2 | claims=0
2026-08-12 09:47:53 [INFO] [loop_tick] state=SCANNING | rows=2 | claims=0
2026-08-12 09:47:53 [INFO] [loop_tick] state=SCANNING | rows=2 | claims=0
2026-08-12 09:47:53 [INFO] [loop_tick] state=SCANNING | rows=2 | claims=0
2026-08-12 09:47:53 [INFO] [loop_tick] state=SCANNING | rows=2 | claims=0
2026-08-12 09:47:53 [INFO] [loop_tick] state=SCANNING | rows=2 | claims=0
2026-08-12 09:47:53 [INFO] [loop_tick] state=SCANNING | rows=3 | claims=0
2026-08-12 09:47:53 [INFO] [loop_tick] state=SCANNING | rows=3 | claims=0
2026-08-12 09:47:53 [INFO] [loop_tick] state=SCANNING | rows=3 | claims=0
2026-08-12 09:47:53 [INFO] [loop_tick] state=SCANNING | rows=2 | claims=0
2026-08-12 09:47:54 [INFO] [loop_tick] state=SCANNING | rows=2 | claims=0
2026-08-12 09:47:54 [INFO] [loop_tick] state=SCANNING | rows=2 | claims=0
2026-08-12 09:47:54 [INFO] [loop_tick] state=SCANNING | rows=2 | claims=0
2026-08-12 09:47:54 [INFO] [loop_tick] state=SCANNING | rows=2 | claims=0
2026-08-12 09:47:54 [INFO] [loop_tick] state=SCANNING | rows=2 | claims=0
2026-08-12 09:47:54 [INFO] [loop_tick] state=SCANNING | rows=2 | claims=0
2026-08-12 09:47:54 [INFO] [loop_tick] state=SCANNING | rows=2 | claims=0
2026-08-12 09:47:54 [INFO] [loop_tick] state=SCANNING | rows=2 | claims=0
2026-08-12 09:47:54 [INFO] [loop_tick] state=SCANNING | rows=2 | claims=0
2026-08-12 09:47:55 [INFO] [loop_tick] state=SCANNING | rows=2 | claims=0
2026-08-12 09:47:55 [INFO] [loop_tick] state=SCANNING | rows=2 | claims=0
2026-08-12 09:47:55 [INFO] [loop_tick] state=SCANNING | rows=2 | claims=0
2026-08-12 09:47:55 [INFO] [loop_tick] state=SCANNING | rows=2 | claims=0
2026-08-12 09:47:55 [INFO] [loop_tick] state=SCANNING | rows=2 | claims=0
2026-08-12 09:47:55 [INFO] [loop_tick] state=SCANNING | rows=2 | claims=0
2026-08-12 09:47:55 [INFO] [loop_tick] state=SCANNING | rows=2 | claims=0
2026-08-12 09:47:55 [INFO] [loop_tick] state=SCANNING | rows=2 | claims=0
2026-08-12 09:47:56 [INFO] [loop_tick] state=SCANNING | rows=2 | claims=0
2026-08-12 09:47:56 [INFO] [loop_tick] state=SCANNING | rows=2 | claims=0
2026-08-12 09:47:56 [INFO] [loop_tick] state=SCANNING | rows=2 | claims=0
2026-08-12 09:47:56 [INFO] [loop_tick] state=SCANNING | rows=2 | claims=0
2026-08-12 09:47:56 [INFO] [loop_tick] state=SCANNING | rows=2 | claims=0
2026-08-12 09:47:56 [INFO] [loop_tick] state=SCANNING | rows=2 | claims=0
2026-08-12 09:47:56 [INFO] [loop_tick] state=SCANNING | rows=2 | claims=0
2026-08-12 09:47:56 [INFO] [loop_tick] state=SCANNING | rows=2 | claims=0
2026-08-12 09:47:56 [INFO] [loop_tick] state=SCANNING | rows=2 | claims=0
2026-08-12 09:47:56 [INFO] [loop_tick] state=SCANNING | rows=2 | claims=0
2026-08-12 09:47:57 [INFO] [loop_tick] state=SCANNING | rows=2 | claims=0
2026-08-12 09:47:57 [INFO] [loop_tick] state=SCANNING | rows=2 | claims=0
2026-08-12 09:47:57 [INFO] [loop_tick] state=SCANNING | rows=2 | claims=0
2026-08-12 09:47:57 [INFO] [loop_tick] state=SCANNING | rows=2 | claims=0
2026-08-12 09:47:57 [INFO] [loop_tick] state=SCANNING | rows=2 | claims=0
2026-08-12 09:47:57 [INFO] [loop_tick] state=SCANNING | rows=2 | claims=0
2026-08-12 09:47:57 [INFO] [loop_tick] state=SCANNING | rows=2 | claims=0
2026-08-12 09:47:57 [INFO] [loop_tick] state=SCANNING | rows=2 | claims=0
2026-08-12 09:47:57 [INFO] [loop_tick] state=SCANNING | rows=2 | claims=0
2026-08-12 09:47:57 [INFO] [loop_tick] state=SCANNING | rows=2 | claims=0
2026-08-12 09:47:58 [INFO] [loop_tick] state=SCANNING | rows=2 | claims=0
2026-08-12 09:47:58 [INFO] [loop_tick] state=SCANNING | rows=2 | claims=0
2026-08-12 09:47:58 [INFO] [loop_tick] state=SCANNING | rows=2 | claims=0
2026-08-12 09:47:58 [INFO] [loop_tick] state=SCANNING | rows=2 | claims=0
2026-08-12 09:47:58 [INFO] [loop_tick] state=SCANNING | rows=2 | claims=0
2026-08-12 09:47:58 [INFO] [loop_tick] state=SCANNING | rows=2 | claims=0
2026-08-12 09:47:59 [INFO] [loop_tick] state=SCANNING | rows=2 | claims=0
2026-08-12 09:47:59 [INFO] [loop_tick] state=SCANNING | rows=2 | claims=0
2026-08-12 09:47:59 [INFO] [loop_tick] state=SCANNING | rows=2 | claims=0
2026-08-12 09:47:59 [INFO] [loop_tick] state=SCANNING | rows=2 | claims=0
2026-08-12 09:47:59 [INFO] [loop_tick] state=SCANNING | rows=2 | claims=0
2026-08-12 09:47:59 [INFO] [loop_tick] state=SCANNING | rows=2 | claims=0
2026-08-12 09:47:59 [INFO] [loop_tick] state=SCANNING | rows=2 | claims=0
2026-08-12 09:47:59 [INFO] [loop_tick] state=SCANNING | rows=2 | claims=0
2026-08-12 09:47:59 [INFO] [loop_tick] state=SCANNING | rows=2 | claims=0
2026-08-12 09:47:59 [INFO] [loop_tick] state=SCANNING | rows=2 | claims=0
2026-08-12 09:47:59 [INFO] [loop_tick] state=SCANNING | rows=2 | claims=0
2026-08-12 09:47:59 [INFO] [loop_tick] state=SCANNING | rows=2 | claims=0
2026-08-12 09:47:59 [INFO] [loop_tick] state=SCANNING | rows=2 | claims=0
2026-08-12 09:48:00 [INFO] [loop_tick] state=SCANNING | rows=2 | claims=0
2026-08-12 09:48:00 [INFO] [loop_tick] state=SCANNING | rows=2 | claims=0
2026-08-12 09:48:00 [INFO] [loop_tick] state=SCANNING | rows=2 | claims=0
2026-08-12 09:48:00 [INFO] [loop_tick] state=SCANNING | rows=2 | claims=0
2026-08-12 09:48:00 [INFO] [loop_tick] state=SCANNING | rows=2 | claims=0
2026-08-12 09:48:00 [INFO] [loop_tick] state=SCANNING | rows=2 | claims=0
2026-08-12 09:48:00 [INFO] [loop_tick] state=SCANNING | rows=2 | claims=0
2026-08-12 09:48:00 [INFO] [loop_tick] state=SCANNING | rows=2 | claims=0
2026-08-12 09:48:00 [INFO] [loop_tick] state=SCANNING | rows=2 | claims=0
2026-08-12 09:48:01 [INFO] [loop_tick] state=SCANNING | rows=2 | claims=0
2026-08-12 09:48:01 [INFO] [loop_tick] state=SCANNING | rows=2 | claims=0
2026-08-12 09:48:01 [INFO] [loop_tick] state=SCANNING | rows=2 | claims=0
2026-08-12 09:48:01 [INFO] [loop_tick] state=SCANNING | rows=2 | claims=0
2026-08-12 09:48:01 [INFO] [loop_tick] state=SCANNING | rows=2 | claims=0
2026-08-12 09:48:01 [INFO] [loop_tick] state=SCANNING | rows=2 | claims=0
2026-08-12 09:48:01 [INFO] [loop_tick] state=SCANNING | rows=2 | claims=0
2026-08-12 09:48:01 [INFO] [loop_tick] state=SCANNING | rows=2 | claims=0
2026-08-12 09:48:01 [INFO] [loop_tick] state=SCANNING | rows=2 | claims=0
2026-08-12 09:48:01 [INFO] [loop_tick] state=SCANNING | rows=2 | claims=0
2026-08-12 09:48:01 [INFO] [loop_tick] state=SCANNING | rows=2 | claims=0
2026-08-12 09:48:01 [INFO] [loop_tick] state=SCANNING | rows=2 | claims=0
2026-08-12 09:48:02 [INFO] [loop_tick] state=SCANNING | rows=2 | claims=0
2026-08-12 09:48:02 [INFO] [loop_tick] state=SCANNING | rows=3 | claims=0
2026-08-12 09:48:02 [INFO] [loop_tick] state=SCANNING | rows=3 | claims=0
2026-08-12 09:48:02 [INFO] [loop_tick] state=SCANNING | rows=3 | claims=0
2026-08-12 09:48:02 [INFO] [loop_tick] state=SCANNING | rows=3 | claims=0
2026-08-12 09:48:02 [INFO] [loop_tick] state=SCANNING | rows=3 | claims=0
2026-08-12 09:48:02 [INFO] [loop_tick] state=SCANNING | rows=3 | claims=0
2026-08-12 09:48:02 [INFO] [loop_tick] state=SCANNING | rows=3 | claims=0
2026-08-12 09:48:02 [INFO] [loop_tick] state=SCANNING | rows=3 | claims=0
2026-08-12 09:48:02 [INFO] [loop_tick] state=SCANNING | rows=3 | claims=0
2026-08-12 09:48:02 [INFO] [loop_tick] state=SCANNING | rows=3 | claims=0
2026-08-12 09:48:02 [INFO] [loop_tick] state=SCANNING | rows=3 | claims=0
2026-08-12 09:48:02 [INFO] [loop_tick] state=SCANNING | rows=3 | claims=0
2026-08-12 09:48:02 [INFO] [loop_tick] state=SCANNING | rows=3 | claims=0
2026-08-12 09:48:02 [INFO] [loop_tick] state=SCANNING | rows=3 | claims=0
2026-08-12 09:48:02 [INFO] [loop_tick] state=SCANNING | rows=3 | claims=0
2026-08-12 09:48:02 [INFO] [loop_tick] state=SCANNING | rows=3 | claims=0
2026-08-12 09:48:02 [INFO] [loop_tick] state=SCANNING | rows=3 | claims=0
2026-08-12 09:48:03 [INFO] [loop_tick] state=SCANNING | rows=3 | claims=0
2026-08-12 09:48:03 [INFO] [loop_tick] state=SCANNING | rows=3 | claims=0
2026-08-12 09:48:03 [INFO] [loop_tick] state=SCANNING | rows=3 | claims=0
2026-08-12 09:48:03 [INFO] [loop_tick] state=SCANNING | rows=3 | claims=0
2026-08-12 09:48:03 [INFO] [loop_tick] state=SCANNING | rows=3 | claims=0
2026-08-12 09:48:03 [INFO] [loop_tick] state=SCANNING | rows=3 | claims=0
2026-08-12 09:48:03 [INFO] [loop_tick] state=SCANNING | rows=3 | claims=0
2026-08-12 09:48:03 [INFO] [loop_tick] state=SCANNING | rows=3 | claims=0
2026-08-12 09:48:03 [INFO] [loop_tick] state=SCANNING | rows=3 | claims=0
2026-08-12 09:48:03 [INFO] [loop_tick] state=SCANNING | rows=3 | claims=0
2026-08-12 09:48:03 [INFO] [loop_tick] state=SCANNING | rows=3 | claims=0
2026-08-12 09:48:03 [INFO] [loop_tick] state=SCANNING | rows=3 | claims=0
2026-08-12 09:48:03 [INFO] [loop_tick] state=SCANNING | rows=3 | claims=0
2026-08-12 09:48:03 [INFO] [loop_tick] state=SCANNING | rows=6 | claims=0
2026-08-12 09:48:03 [INFO] [loop_tick] state=SCANNING | rows=7 | claims=0
2026-08-12 09:48:03 [INFO] [loop_tick] state=SCANNING | rows=7 | claims=0
2026-08-12 09:48:03 [INFO] [loop_tick] state=SCANNING | rows=6 | claims=0
2026-08-12 09:48:03 [INFO] [loop_tick] state=SCANNING | rows=5 | claims=0
2026-08-12 09:48:04 [INFO] [loop_tick] state=SCANNING | rows=2 | claims=0
2026-08-12 09:48:04 [INFO] [loop_tick] state=SCANNING | rows=2 | claims=0
2026-08-12 09:48:04 [INFO] [loop_tick] state=SCANNING | rows=2 | claims=0
2026-08-12 09:48:04 [INFO] [loop_tick] state=SCANNING | rows=2 | claims=0
2026-08-12 09:48:04 [INFO] [loop_tick] state=SCANNING | rows=2 | claims=0
2026-08-12 09:48:04 [INFO] [loop_tick] state=SCANNING | rows=2 | claims=0
2026-08-12 09:48:05 [INFO] [loop_tick] state=SCANNING | rows=2 | claims=0
2026-08-12 09:48:05 [INFO] [loop_tick] state=SCANNING | rows=2 | claims=0
2026-08-12 09:48:05 [INFO] [loop_tick] state=SCANNING | rows=2 | claims=0
2026-08-12 09:48:05 [INFO] [loop_tick] state=SCANNING | rows=3 | claims=0
2026-08-12 09:48:05 [INFO] [loop_tick] state=SCANNING | rows=2 | claims=0
2026-08-12 09:48:05 [INFO] [loop_tick] state=SCANNING | rows=1 | claims=0
2026-08-12 09:48:05 [INFO] [loop_tick] state=SCANNING | rows=3 | claims=0
2026-08-12 09:48:06 [INFO] [loop_tick] state=SCANNING | rows=3 | claims=0
2026-08-12 09:48:06 [INFO] [loop_tick] state=SCANNING | rows=2 | claims=0
2026-08-12 09:48:06 [INFO] [loop_tick] state=SCANNING | rows=3 | claims=0
2026-08-12 09:48:06 [INFO] [loop_tick] state=SCANNING | rows=3 | claims=0
2026-08-12 09:48:06 [INFO] [loop_tick] state=SCANNING | rows=3 | claims=0
2026-08-12 09:48:06 [INFO] [loop_tick] state=SCANNING | rows=3 | claims=0
2026-08-12 09:48:06 [INFO] [loop_tick] state=SCANNING | rows=1 | claims=0
2026-08-12 09:48:06 [INFO] [loop_tick] state=SCANNING | rows=1 | claims=0
2026-08-12 09:48:07 [INFO] [loop_tick] state=SCANNING | rows=1 | claims=0
2026-08-12 09:48:07 [INFO] [loop_tick] state=SCANNING | rows=2 | claims=0
2026-08-12 09:48:17 [INFO] [loop_tick] state=SCANNING | rows=2 | claims=0
2026-08-12 09:48:17 [INFO] [loop_tick] state=SCANNING | rows=2 | claims=0
2026-08-12 09:48:18 [INFO] [loop_tick] state=SCANNING | rows=4 | claims=0
2026-08-12 09:48:19 [INFO] [loop_tick] state=SCANNING | rows=4 | claims=0
2026-08-12 09:48:19 [INFO] [loop_tick] state=SCANNING | rows=4 | claims=0
2026-08-12 09:48:19 [INFO] [loop_tick] state=SCANNING | rows=5 | claims=0
2026-08-12 09:48:20 [INFO] [loop_tick] state=SCANNING | rows=5 | claims=0
2026-08-12 09:48:20 [INFO] [loop_tick] state=SCANNING | rows=7 | claims=0
2026-08-12 09:48:20 [INFO] [loop_tick] state=SCANNING | rows=4 | claims=0
2026-08-12 09:48:20 [INFO] [loop_tick] state=SCANNING | rows=4 | claims=0
2026-08-12 09:48:20 [INFO] [loop_tick] state=SCANNING | rows=5 | claims=0
2026-08-12 09:48:21 [INFO] [loop_tick] state=SCANNING | rows=4 | claims=0
2026-08-12 09:48:21 [INFO] [loop_tick] state=SCANNING | rows=4 | claims=0
2026-08-12 09:48:21 [INFO] [loop_tick] state=SCANNING | rows=4 | claims=0
2026-08-12 09:48:21 [INFO] [loop_tick] state=SCANNING | rows=2 | claims=0
2026-08-12 09:48:22 [INFO] [loop_tick] state=SCANNING | rows=3 | claims=0
2026-08-12 09:48:22 [INFO] [loop_tick] state=SCANNING | rows=6 | claims=0
2026-08-12 09:48:24 [INFO] [row_detected] total_rows=11 | claim_rows=[0, 1]
2026-08-12 09:48:25 [INFO] [row_detected] total_rows=11 | claim_rows=[0, 1]
2026-08-12 09:48:27 [INFO] [row_detected] total_rows=11 | claim_rows=[0, 1]
2026-08-12 09:48:29 [INFO] [row_detected] total_rows=11 | claim_rows=[0, 1]
2026-08-12 09:48:31 [INFO] [row_detected] total_rows=11 | claim_rows=[0, 1]
2026-08-12 09:48:34 [INFO] [row_detected] total_rows=11 | claim_rows=[0, 1]
2026-08-12 09:48:36 [INFO] [row_detected] total_rows=11 | claim_rows=[0, 1]
2026-08-12 09:48:39 [INFO] [row_detected] total_rows=11 | claim_rows=[0, 1]
2026-08-12 09:48:41 [INFO] [row_detected] total_rows=11 | claim_rows=[0, 1]
2026-08-12 09:48:43 [INFO] [row_detected] total_rows=11 | claim_rows=[0, 1, 2]
2026-08-12 09:48:46 [INFO] [row_detected] total_rows=11 | claim_rows=[0, 1, 2]
2026-08-12 09:48:48 [INFO] [row_detected] total_rows=11 | claim_rows=[0, 1]
2026-08-12 09:48:51 [INFO] [row_detected] total_rows=11 | claim_rows=[0, 1, 3]
2026-08-12 09:48:53 [INFO] [row_detected] total_rows=11 | claim_rows=[0, 1, 3]
2026-08-12 09:48:56 [INFO] [row_detected] total_rows=11 | claim_rows=[0, 1]
2026-08-12 09:48:58 [INFO] [row_detected] total_rows=10 | claim_rows=[0, 1]
2026-08-12 09:49:01 [INFO] [row_detected] total_rows=10 | claim_rows=[0, 1]
2026-08-12 09:49:03 [INFO] [row_detected] total_rows=11 | claim_rows=[0, 1, 2]
2026-08-12 09:49:06 [INFO] [row_detected] total_rows=11 | claim_rows=[0, 1, 2, 5]
2026-08-12 09:49:08 [INFO] Clean exit requested (ESC).
2026-08-12 09:49:08 [INFO] Clean exit requested (ESC).
2026-08-12 09:49:10 [INFO] All sub-systems initialised.
2026-08-12 09:49:10 [INFO] [state_change] from_state=IDLE | to_state=SCANNING
2026-08-12 09:49:10 [INFO] WorkflowEngine started — user='lvu'  table={'left': 41, 'top': 585, 'width': 1497, 'height': 313}
2026-08-12 09:49:13 [INFO] [row_detected] total_rows=11 | claim_rows=[0, 1, 5]
2026-08-12 09:49:14 [INFO] [claim_found] row_id=5 | text=CLAIM | confidence=0.999 | claim_cell=(1160, 739)
2026-08-12 09:49:14 [INFO] [state_change] from_state=SCANNING | to_state=CLAIM_FOUND
2026-08-12 09:49:14 [INFO] [state_change] from_state=CLAIM_FOUND | to_state=CLICK_CLAIM
2026-08-12 09:49:14 [INFO] [claim_cell_clicked] row_id=5 | x=1160 | y=739
2026-08-12 09:49:14 [INFO] [state_change] from_state=CLICK_CLAIM | to_state=WAIT_USERNAME
2026-08-12 09:49:18 [WARNING] Cell shows 'phan' (not pending and not 'LVU') — claimed by someone else.
2026-08-12 09:49:18 [INFO] [claim_stolen] y_key=736 | cell_text=phan
2026-08-12 09:49:18 [INFO] [state_change] from_state=WAIT_USERNAME | to_state=SCANNING
2026-08-12 09:49:18 [INFO] [row_detected] total_rows=11 | claim_rows=[0, 1]
2026-08-12 09:49:20 [INFO] [row_detected] total_rows=11 | claim_rows=[0, 1]
2026-08-12 09:49:22 [INFO] [row_detected] total_rows=11 | claim_rows=[0, 1]
2026-08-12 09:49:25 [INFO] [row_detected] total_rows=11 | claim_rows=[0, 1]
2026-08-12 09:49:27 [INFO] [row_detected] total_rows=11 | claim_rows=[0, 1]
2026-08-12 09:49:30 [INFO] [row_detected] total_rows=11 | claim_rows=[0, 1]
2026-08-12 09:49:32 [INFO] [row_detected] total_rows=11 | claim_rows=[0, 1]
2026-08-12 09:49:35 [INFO] [row_detected] total_rows=11 | claim_rows=[0, 1]
2026-08-12 09:49:37 [INFO] [row_detected] total_rows=11 | claim_rows=[0, 1]
2026-08-12 09:49:39 [INFO] [row_detected] total_rows=11 | claim_rows=[0, 1]
2026-08-12 09:49:42 [INFO] [row_detected] total_rows=11 | claim_rows=[0, 1]
2026-08-12 09:49:44 [INFO] [row_detected] total_rows=11 | claim_rows=[0, 1, 2]
2026-08-12 09:49:44 [INFO] [claim_found] row_id=2 | text=CLAIM | confidence=0.999 | claim_cell=(1160, 649)
2026-08-12 09:49:44 [INFO] [state_change] from_state=SCANNING | to_state=CLAIM_FOUND
2026-08-12 09:49:44 [INFO] [state_change] from_state=CLAIM_FOUND | to_state=CLICK_CLAIM
2026-08-12 09:49:44 [INFO] [claim_cell_clicked] row_id=2 | x=1160 | y=649
2026-08-12 09:49:44 [INFO] [state_change] from_state=CLICK_CLAIM | to_state=WAIT_USERNAME
2026-08-12 09:49:46 [WARNING] Cell shows 'Ivu' (not pending and not 'LVU') — claimed by someone else.
2026-08-12 09:49:46 [INFO] [claim_stolen] y_key=648 | cell_text=Ivu
2026-08-12 09:49:46 [INFO] [state_change] from_state=WAIT_USERNAME | to_state=SCANNING
2026-08-12 09:49:47 [INFO] [row_detected] total_rows=11 | claim_rows=[0, 1]
2026-08-12 09:49:49 [INFO] [row_detected] total_rows=11 | claim_rows=[0, 1, 3]
2026-08-12 09:49:49 [INFO] [claim_found] row_id=3 | text=CLAIM | confidence=0.999 | claim_cell=(1160, 679)
2026-08-12 09:49:49 [INFO] [state_change] from_state=SCANNING | to_state=CLAIM_FOUND
2026-08-12 09:49:49 [INFO] [state_change] from_state=CLAIM_FOUND | to_state=CLICK_CLAIM
2026-08-12 09:49:50 [INFO] [claim_cell_clicked] row_id=3 | x=1160 | y=679
2026-08-12 09:49:50 [INFO] [state_change] from_state=CLICK_CLAIM | to_state=WAIT_USERNAME
2026-08-12 09:49:55 [WARNING] WAIT_USERNAME timed out (5s) — row y=680. Stopping to prevent double claims.
2026-08-12 09:49:55 [INFO] [timeout] state=WAIT_USERNAME | y_key=680
2026-08-12 09:49:55 [INFO] [state_change] from_state=WAIT_USERNAME | to_state=STOPPED
2026-08-12 09:51:56 [INFO] Automation DISABLED (F8)
2026-08-12 09:51:58 [INFO] Automation ENABLED (F8)
2026-08-12 09:51:58 [INFO] [state_change] from_state=STOPPED | to_state=SCANNING
2026-08-12 09:51:58 [INFO] [row_detected] total_rows=11 | claim_rows=[0, 2]
2026-08-12 09:51:59 [INFO] [row_detected] total_rows=11 | claim_rows=[0, 2]
2026-08-12 09:52:01 [INFO] [row_detected] total_rows=11 | claim_rows=[0, 2]
2026-08-12 09:52:03 [INFO] [row_detected] total_rows=11 | claim_rows=[0, 2]
2026-08-12 09:52:06 [INFO] [row_detected] total_rows=11 | claim_rows=[0, 2]
2026-08-12 09:52:08 [INFO] [row_detected] total_rows=11 | claim_rows=[0, 2]
2026-08-12 09:52:10 [INFO] [row_detected] total_rows=11 | claim_rows=[0, 2]
2026-08-12 09:52:10 [INFO] [loop_tick] state=SCANNING | rows=10 | claims=0
2026-08-12 09:52:10 [INFO] [row_detected] total_rows=10 | claim_rows=[0, 2]
2026-08-12 09:52:11 [INFO] [row_detected] total_rows=11 | claim_rows=[0, 2]
2026-08-12 09:52:11 [INFO] [row_detected] total_rows=11 | claim_rows=[0, 2]
2026-08-12 09:52:13 [INFO] [row_detected] total_rows=11 | claim_rows=[0, 2]
2026-08-12 09:52:16 [INFO] [row_detected] total_rows=11 | claim_rows=[0, 2]
2026-08-12 09:52:18 [INFO] [row_detected] total_rows=11 | claim_rows=[0, 2]
2026-08-12 09:52:21 [INFO] [row_detected] total_rows=11 | claim_rows=[0, 2]
2026-08-12 09:52:23 [INFO] [row_detected] total_rows=11 | claim_rows=[0, 2]
2026-08-12 09:52:25 [INFO] [row_detected] total_rows=11 | claim_rows=[0, 2]
2026-08-12 09:52:28 [INFO] [row_detected] total_rows=11 | claim_rows=[0, 1]
2026-08-12 09:52:30 [INFO] [row_detected] total_rows=11 | claim_rows=[0, 1]
2026-08-12 09:52:32 [INFO] [row_detected] total_rows=11 | claim_rows=[0, 1]
2026-08-12 09:52:34 [INFO] [row_detected] total_rows=11 | claim_rows=[0]
2026-08-12 09:52:35 [INFO] [row_detected] total_rows=11 | claim_rows=[0]
2026-08-12 09:52:35 [INFO] [row_detected] total_rows=11 | claim_rows=[0, 1]
2026-08-12 09:52:37 [INFO] [row_detected] total_rows=11 | claim_rows=[0, 1]
2026-08-12 09:52:40 [INFO] [row_detected] total_rows=11 | claim_rows=[0, 1]
2026-08-12 09:52:42 [INFO] [row_detected] total_rows=11 | claim_rows=[0, 1]
2026-08-12 09:52:45 [INFO] [row_detected] total_rows=11 | claim_rows=[0, 1]
2026-08-12 09:52:47 [INFO] [row_detected] total_rows=11 | claim_rows=[0, 1]
2026-08-12 09:52:50 [INFO] [row_detected] total_rows=11 | claim_rows=[0, 1]
2026-08-12 09:52:52 [INFO] [row_detected] total_rows=11 | claim_rows=[0, 1]
2026-08-12 09:52:55 [INFO] [row_detected] total_rows=11 | claim_rows=[0, 1]
2026-08-12 09:52:57 [INFO] [row_detected] total_rows=11 | claim_rows=[0, 1]
2026-08-12 09:53:00 [INFO] [row_detected] total_rows=11 | claim_rows=[0, 1]
2026-08-12 09:53:02 [INFO] [row_detected] total_rows=11 | claim_rows=[0, 1]
2026-08-12 09:53:03 [INFO] [row_detected] total_rows=11 | claim_rows=[0, 1]
2026-08-12 09:53:06 [INFO] [row_detected] total_rows=11 | claim_rows=[0, 1]
2026-08-12 09:53:09 [INFO] [row_detected] total_rows=11 | claim_rows=[0, 1]
2026-08-12 09:53:12 [INFO] [row_detected] total_rows=11 | claim_rows=[0, 1]
2026-08-12 09:53:14 [INFO] [row_detected] total_rows=11 | claim_rows=[0, 1, 2]
2026-08-12 09:53:14 [INFO] [claim_found] row_id=2 | text=CLAIM | confidence=0.999 | claim_cell=(1160, 649)
2026-08-12 09:53:14 [INFO] [state_change] from_state=SCANNING | to_state=CLAIM_FOUND
2026-08-12 09:53:14 [INFO] [state_change] from_state=CLAIM_FOUND | to_state=CLICK_CLAIM
2026-08-12 09:53:14 [INFO] [claim_cell_clicked] row_id=2 | x=1160 | y=649
2026-08-12 09:53:14 [INFO] [state_change] from_state=CLICK_CLAIM | to_state=WAIT_USERNAME
2026-08-12 09:53:16 [WARNING] Cell shows 'Ivu' (not pending and not 'LVU') — claimed by someone else.
2026-08-12 09:53:16 [INFO] [claim_stolen] y_key=648 | cell_text=Ivu
2026-08-12 09:53:16 [INFO] [state_change] from_state=WAIT_USERNAME | to_state=SCANNING
2026-08-12 09:53:16 [INFO] [row_detected] total_rows=11 | claim_rows=[0, 1]
2026-08-12 09:53:17 [INFO] [row_detected] total_rows=11 | claim_rows=[0, 1]
2026-08-12 09:53:19 [INFO] [row_detected] total_rows=11 | claim_rows=[0, 1]
2026-08-12 09:53:19 [INFO] [row_detected] total_rows=11 | claim_rows=[0, 1]
2026-08-12 09:53:20 [INFO] [row_detected] total_rows=11 | claim_rows=[0, 1]
2026-08-12 09:53:20 [INFO] [row_detected] total_rows=11 | claim_rows=[0, 1]
2026-08-12 09:53:21 [INFO] [row_detected] total_rows=11 | claim_rows=[0, 1]
2026-08-12 09:53:22 [INFO] [row_detected] total_rows=11 | claim_rows=[0, 1]
2026-08-12 09:53:25 [INFO] [row_detected] total_rows=11 | claim_rows=[0, 1]
2026-08-12 09:53:28 [INFO] [row_detected] total_rows=11 | claim_rows=[0, 1, 3]
2026-08-12 09:53:28 [INFO] [claim_found] row_id=3 | text=CLAIM | confidence=0.999 | claim_cell=(1160, 679)
2026-08-12 09:53:28 [INFO] [state_change] from_state=SCANNING | to_state=CLAIM_FOUND
2026-08-12 09:53:28 [INFO] [state_change] from_state=CLAIM_FOUND | to_state=CLICK_CLAIM
2026-08-12 09:53:28 [INFO] [claim_cell_clicked] row_id=3 | x=1160 | y=679
2026-08-12 09:53:28 [INFO] [state_change] from_state=CLICK_CLAIM | to_state=WAIT_USERNAME
2026-08-12 09:53:33 [WARNING] Cell shows 'Ivu' (not pending and not 'LVU') — claimed by someone else.
2026-08-12 09:53:33 [INFO] [claim_stolen] y_key=680 | cell_text=Ivu
2026-08-12 09:53:33 [INFO] [state_change] from_state=WAIT_USERNAME | to_state=SCANNING
2026-08-12 09:53:33 [INFO] [row_detected] total_rows=11 | claim_rows=[0, 1]
2026-08-12 09:53:35 [INFO] [row_detected] total_rows=11 | claim_rows=[0, 1]
2026-08-12 09:53:36 [INFO] [row_detected] total_rows=11 | claim_rows=[0, 1]
2026-08-12 09:53:40 [INFO] [row_detected] total_rows=11 | claim_rows=[0, 1]
2026-08-12 09:53:45 [INFO] [row_detected] total_rows=11 | claim_rows=[0, 1, 4]
2026-08-12 09:53:45 [INFO] [claim_found] row_id=4 | text=CLAIM | confidence=0.999 | claim_cell=(1160, 709)
2026-08-12 09:53:45 [INFO] [state_change] from_state=SCANNING | to_state=CLAIM_FOUND
2026-08-12 09:53:45 [INFO] [state_change] from_state=CLAIM_FOUND | to_state=CLICK_CLAIM
2026-08-12 09:53:45 [INFO] [claim_cell_clicked] row_id=4 | x=1160 | y=709
2026-08-12 09:53:45 [INFO] [state_change] from_state=CLICK_CLAIM | to_state=WAIT_USERNAME
2026-08-12 09:53:50 [WARNING] WAIT_USERNAME timed out (5s) — row y=712. Stopping to prevent double claims.
2026-08-12 09:53:50 [INFO] [timeout] state=WAIT_USERNAME | y_key=712
2026-08-12 09:53:50 [INFO] [state_change] from_state=WAIT_USERNAME | to_state=STOPPED
2026-08-12 09:54:04 [INFO] Clean exit requested (ESC).
2026-08-12 09:54:04 [INFO] Clean exit requested (ESC).
2026-08-12 09:56:33 [INFO] All sub-systems initialised.
2026-08-12 09:56:33 [INFO] [state_change] from_state=IDLE | to_state=SCANNING
2026-08-12 09:56:33 [INFO] WorkflowEngine started — user='lvu'  table={'left': 41, 'top': 585, 'width': 1497, 'height': 313}
2026-08-12 09:56:37 [INFO] [loop_tick] state=SCANNING | rows=2 | claims=0
2026-08-12 09:56:38 [INFO] [loop_tick] state=SCANNING | rows=2 | claims=0
2026-08-12 09:56:38 [INFO] [loop_tick] state=SCANNING | rows=2 | claims=0
2026-08-12 09:56:38 [INFO] [loop_tick] state=SCANNING | rows=3 | claims=0
2026-08-12 09:56:39 [INFO] [loop_tick] state=SCANNING | rows=3 | claims=0
2026-08-12 09:56:39 [INFO] [loop_tick] state=SCANNING | rows=3 | claims=0
2026-08-12 09:56:39 [INFO] [loop_tick] state=SCANNING | rows=3 | claims=0
2026-08-12 09:56:39 [INFO] [loop_tick] state=SCANNING | rows=3 | claims=0
2026-08-12 09:56:39 [INFO] [loop_tick] state=SCANNING | rows=3 | claims=0
2026-08-12 09:56:39 [INFO] [loop_tick] state=SCANNING | rows=3 | claims=0
2026-08-12 09:56:39 [INFO] [loop_tick] state=SCANNING | rows=3 | claims=0
2026-08-12 09:56:39 [INFO] [loop_tick] state=SCANNING | rows=3 | claims=0
2026-08-12 09:56:39 [INFO] [loop_tick] state=SCANNING | rows=3 | claims=0
2026-08-12 09:56:39 [INFO] [loop_tick] state=SCANNING | rows=3 | claims=0
2026-08-12 09:56:39 [INFO] [loop_tick] state=SCANNING | rows=3 | claims=0
2026-08-12 09:56:39 [INFO] [loop_tick] state=SCANNING | rows=4 | claims=0
2026-08-12 09:56:39 [INFO] [loop_tick] state=SCANNING | rows=5 | claims=0
2026-08-12 09:56:39 [INFO] [loop_tick] state=SCANNING | rows=4 | claims=0
2026-08-12 09:56:39 [INFO] [loop_tick] state=SCANNING | rows=4 | claims=0
2026-08-12 09:56:39 [INFO] [loop_tick] state=SCANNING | rows=3 | claims=0
2026-08-12 09:56:39 [INFO] [loop_tick] state=SCANNING | rows=3 | claims=0
2026-08-12 09:56:39 [INFO] [loop_tick] state=SCANNING | rows=3 | claims=0
2026-08-12 09:56:39 [INFO] [loop_tick] state=SCANNING | rows=3 | claims=0
2026-08-12 09:56:40 [INFO] [loop_tick] state=SCANNING | rows=3 | claims=0
2026-08-12 09:56:40 [INFO] [loop_tick] state=SCANNING | rows=3 | claims=0
2026-08-12 09:56:40 [INFO] [loop_tick] state=SCANNING | rows=3 | claims=0
2026-08-12 09:56:40 [INFO] [loop_tick] state=SCANNING | rows=3 | claims=0
2026-08-12 09:56:40 [INFO] [loop_tick] state=SCANNING | rows=3 | claims=0
2026-08-12 09:56:40 [INFO] [loop_tick] state=SCANNING | rows=3 | claims=0
2026-08-12 09:56:41 [INFO] [loop_tick] state=SCANNING | rows=3 | claims=0
2026-08-12 09:56:41 [INFO] [loop_tick] state=SCANNING | rows=3 | claims=0
2026-08-12 09:56:41 [INFO] [loop_tick] state=SCANNING | rows=3 | claims=0
2026-08-12 09:56:41 [INFO] [loop_tick] state=SCANNING | rows=3 | claims=0
2026-08-12 09:56:41 [INFO] [loop_tick] state=SCANNING | rows=3 | claims=0
2026-08-12 09:56:41 [INFO] [loop_tick] state=SCANNING | rows=3 | claims=0
2026-08-12 09:56:42 [INFO] [loop_tick] state=SCANNING | rows=3 | claims=0
2026-08-12 09:56:42 [INFO] [loop_tick] state=SCANNING | rows=3 | claims=0
2026-08-12 09:56:42 [INFO] [loop_tick] state=SCANNING | rows=3 | claims=0
2026-08-12 09:56:42 [INFO] [loop_tick] state=SCANNING | rows=3 | claims=0
2026-08-12 09:56:42 [INFO] [loop_tick] state=SCANNING | rows=3 | claims=0
2026-08-12 09:56:44 [INFO] [loop_tick] state=SCANNING | rows=4 | claims=0
2026-08-12 09:56:44 [INFO] [loop_tick] state=SCANNING | rows=4 | claims=0
2026-08-12 09:56:44 [INFO] [loop_tick] state=SCANNING | rows=4 | claims=0
2026-08-12 09:56:44 [INFO] [loop_tick] state=SCANNING | rows=4 | claims=0
2026-08-12 09:56:44 [INFO] [loop_tick] state=SCANNING | rows=4 | claims=0
2026-08-12 09:56:44 [INFO] [loop_tick] state=SCANNING | rows=4 | claims=0
2026-08-12 09:56:44 [INFO] [loop_tick] state=SCANNING | rows=4 | claims=0
2026-08-12 09:56:45 [INFO] [loop_tick] state=SCANNING | rows=4 | claims=0
2026-08-12 09:56:45 [INFO] [loop_tick] state=SCANNING | rows=4 | claims=0
2026-08-12 09:56:45 [INFO] [loop_tick] state=SCANNING | rows=4 | claims=0
2026-08-12 09:56:45 [INFO] [loop_tick] state=SCANNING | rows=4 | claims=0
2026-08-12 09:56:45 [INFO] [loop_tick] state=SCANNING | rows=4 | claims=0
2026-08-12 09:56:45 [INFO] [loop_tick] state=SCANNING | rows=4 | claims=0
2026-08-12 09:56:45 [INFO] [loop_tick] state=SCANNING | rows=4 | claims=0
2026-08-12 09:56:45 [INFO] [loop_tick] state=SCANNING | rows=4 | claims=0
2026-08-12 09:56:46 [INFO] [loop_tick] state=SCANNING | rows=4 | claims=0
2026-08-12 09:56:46 [INFO] [loop_tick] state=SCANNING | rows=4 | claims=0
2026-08-12 09:56:46 [INFO] [loop_tick] state=SCANNING | rows=4 | claims=0
2026-08-12 09:56:46 [INFO] [loop_tick] state=SCANNING | rows=4 | claims=0
2026-08-12 09:56:46 [INFO] [loop_tick] state=SCANNING | rows=2 | claims=0
2026-08-12 09:56:46 [INFO] [loop_tick] state=SCANNING | rows=2 | claims=0
2026-08-12 09:56:46 [INFO] [loop_tick] state=SCANNING | rows=2 | claims=0
2026-08-12 09:56:46 [INFO] [loop_tick] state=SCANNING | rows=2 | claims=0
2026-08-12 09:56:46 [INFO] [loop_tick] state=SCANNING | rows=2 | claims=0
2026-08-12 09:56:46 [INFO] [loop_tick] state=SCANNING | rows=2 | claims=0
2026-08-12 09:56:46 [INFO] [loop_tick] state=SCANNING | rows=2 | claims=0
2026-08-12 09:56:47 [INFO] [loop_tick] state=SCANNING | rows=2 | claims=0
2026-08-12 09:56:47 [INFO] [loop_tick] state=SCANNING | rows=2 | claims=0
2026-08-12 09:56:47 [INFO] [loop_tick] state=SCANNING | rows=2 | claims=0
2026-08-12 09:56:47 [INFO] [loop_tick] state=SCANNING | rows=2 | claims=0
2026-08-12 09:56:47 [INFO] [loop_tick] state=SCANNING | rows=2 | claims=0
2026-08-12 09:56:47 [INFO] [loop_tick] state=SCANNING | rows=2 | claims=0
2026-08-12 09:56:47 [INFO] [loop_tick] state=SCANNING | rows=2 | claims=0
2026-08-12 09:56:47 [INFO] [loop_tick] state=SCANNING | rows=2 | claims=0
2026-08-12 09:56:48 [INFO] [loop_tick] state=SCANNING | rows=2 | claims=0
2026-08-12 09:56:48 [INFO] [loop_tick] state=SCANNING | rows=2 | claims=0
2026-08-12 09:56:48 [INFO] [loop_tick] state=SCANNING | rows=2 | claims=0
2026-08-12 09:56:48 [INFO] [loop_tick] state=SCANNING | rows=2 | claims=0
2026-08-12 09:56:48 [INFO] [loop_tick] state=SCANNING | rows=2 | claims=0
2026-08-12 09:56:49 [INFO] [loop_tick] state=SCANNING | rows=2 | claims=0
2026-08-12 09:56:49 [INFO] [loop_tick] state=SCANNING | rows=2 | claims=0
2026-08-12 09:56:49 [INFO] [loop_tick] state=SCANNING | rows=2 | claims=0
2026-08-12 09:56:49 [INFO] [loop_tick] state=SCANNING | rows=2 | claims=0
2026-08-12 09:56:50 [INFO] [loop_tick] state=SCANNING | rows=2 | claims=0
2026-08-12 09:56:50 [INFO] [loop_tick] state=SCANNING | rows=2 | claims=0
2026-08-12 09:56:50 [INFO] [loop_tick] state=SCANNING | rows=2 | claims=0
2026-08-12 09:56:50 [INFO] [loop_tick] state=SCANNING | rows=2 | claims=0
2026-08-12 09:56:50 [INFO] [loop_tick] state=SCANNING | rows=2 | claims=0
2026-08-12 09:56:50 [INFO] [loop_tick] state=SCANNING | rows=2 | claims=0
2026-08-12 09:56:50 [INFO] [loop_tick] state=SCANNING | rows=2 | claims=0
2026-08-12 09:56:51 [INFO] [loop_tick] state=SCANNING | rows=2 | claims=0
2026-08-12 09:56:51 [INFO] [loop_tick] state=SCANNING | rows=2 | claims=0
2026-08-12 09:56:54 [INFO] [loop_tick] state=SCANNING | rows=2 | claims=0
2026-08-12 09:56:54 [INFO] [loop_tick] state=SCANNING | rows=2 | claims=0
2026-08-12 09:56:55 [INFO] [loop_tick] state=SCANNING | rows=2 | claims=0
2026-08-12 09:56:55 [INFO] [loop_tick] state=SCANNING | rows=2 | claims=0
2026-08-12 09:56:55 [INFO] [loop_tick] state=SCANNING | rows=4 | claims=0
2026-08-12 09:56:56 [INFO] [loop_tick] state=SCANNING | rows=1 | claims=0
2026-08-12 09:56:56 [INFO] [loop_tick] state=SCANNING | rows=1 | claims=0
2026-08-12 09:56:56 [INFO] [loop_tick] state=SCANNING | rows=1 | claims=0
2026-08-12 09:56:57 [INFO] [loop_tick] state=SCANNING | rows=2 | claims=0
2026-08-12 09:56:57 [INFO] [loop_tick] state=SCANNING | rows=2 | claims=0
2026-08-12 09:56:58 [INFO] [loop_tick] state=SCANNING | rows=2 | claims=0
2026-08-12 09:56:58 [INFO] [loop_tick] state=SCANNING | rows=2 | claims=0
2026-08-12 09:56:58 [INFO] [loop_tick] state=SCANNING | rows=2 | claims=0
2026-08-12 09:56:58 [INFO] [loop_tick] state=SCANNING | rows=2 | claims=0
2026-08-12 09:56:58 [INFO] [loop_tick] state=SCANNING | rows=2 | claims=0
2026-08-12 09:56:58 [INFO] [loop_tick] state=SCANNING | rows=2 | claims=0
2026-08-12 09:56:58 [INFO] [loop_tick] state=SCANNING | rows=4 | claims=0
2026-08-12 09:56:58 [INFO] [loop_tick] state=SCANNING | rows=4 | claims=0
2026-08-12 09:56:59 [INFO] [loop_tick] state=SCANNING | rows=4 | claims=0
2026-08-12 09:57:01 [INFO] [row_detected] total_rows=11 | claim_rows=[0, 1]
2026-08-12 09:57:04 [INFO] [row_detected] total_rows=11 | claim_rows=[0, 1, 5]
2026-08-12 09:57:04 [INFO] [claim_found] row_id=5 | text=CLAIM | confidence=0.999 | claim_cell=(1160, 739)
2026-08-12 09:57:04 [INFO] [state_change] from_state=SCANNING | to_state=CLAIM_FOUND
2026-08-12 09:57:04 [INFO] [state_change] from_state=CLAIM_FOUND | to_state=CLICK_CLAIM
2026-08-12 09:57:04 [INFO] [claim_cell_clicked] row_id=5 | x=1160 | y=739
2026-08-12 09:57:04 [INFO] [state_change] from_state=CLICK_CLAIM | to_state=WAIT_USERNAME
2026-08-12 09:57:06 [INFO] [claim_verified] y_key=736 | cell_text=Ivu | elapsed_s=1.888
2026-08-12 09:57:06 [INFO] [state_change] from_state=WAIT_USERNAME | to_state=CLAIM_SUCCESS
2026-08-12 09:57:06 [INFO] [select_clicked] y_key=736 | x=1304 | y=739
2026-08-12 09:57:06 [INFO] [state_change] from_state=CLAIM_SUCCESS | to_state=CLICK_SELECT
2026-08-12 09:57:06 [INFO] [state_change] from_state=CLICK_SELECT | to_state=CLICK_CONNECT
2026-08-12 09:57:07 [INFO] [connect_clicked] y_key=736 | x=752 | y=72
2026-08-12 09:57:07 [INFO] [state_change] from_state=CLICK_CONNECT | to_state=CONNECTED
2026-08-12 09:57:07 [INFO] ✓ Connected! Waiting 1000ms then entering STOPPED state.
2026-08-12 09:57:08 [INFO] [state_change] from_state=CONNECTED | to_state=STOPPED
2026-08-12 09:57:16 [INFO] Clean exit requested (ESC).
2026-08-12 09:57:16 [INFO] Clean exit requested (ESC).
2026-08-12 10:00:19 [INFO] Bắt đầu hiệu chỉnh CLI...
2026-08-12 10:00:19 [INFO] Starting calibration...
2026-08-12 10:00:49 [INFO] Bắt đầu hiệu chỉnh CLI...
2026-08-12 10:00:49 [INFO] Starting calibration...
2026-08-12 10:01:29 [WARNING] Config warning: connect_button not calibrated — run 'python main.py calibrate'.
2026-08-12 10:01:29 [INFO] Hiệu chỉnh xong.
2026-08-12 10:01:32 [INFO] Bắt đầu hiệu chỉnh CLI...
2026-08-12 10:01:32 [INFO] Starting calibration...
2026-08-12 10:02:05 [WARNING] Config warning: connect_button not calibrated — run 'python main.py calibrate'.
2026-08-12 10:02:05 [INFO] Hiệu chỉnh xong.
2026-08-12 10:02:08 [INFO] All sub-systems initialised.
2026-08-12 10:02:08 [INFO] [state_change] from_state=IDLE | to_state=SCANNING
2026-08-12 10:02:08 [INFO] WorkflowEngine started — user='lvu'  table={'left': 27, 'top': 541, 'width': 1515, 'height': 424}
2026-08-12 10:02:11 [INFO] [row_detected] total_rows=6 | claim_rows=[2, 3]
2026-08-12 10:02:12 [INFO] [row_detected] total_rows=6 | claim_rows=[2, 3]
2026-08-12 10:02:12 [INFO] [row_detected] total_rows=6 | claim_rows=[2, 3]
2026-08-12 10:02:15 [INFO] [row_detected] total_rows=6 | claim_rows=[2, 3]
2026-08-12 10:02:17 [INFO] [row_detected] total_rows=7 | claim_rows=[2, 3, 4]
2026-08-12 10:02:17 [INFO] [claim_found] row_id=4 | text=CLAIM | confidence=0.999 | claim_cell=(1169, 649)
2026-08-12 10:02:17 [INFO] [state_change] from_state=SCANNING | to_state=CLAIM_FOUND
2026-08-12 10:02:17 [INFO] [state_change] from_state=CLAIM_FOUND | to_state=CLICK_CLAIM
2026-08-12 10:02:17 [INFO] [claim_cell_clicked] row_id=4 | x=1169 | y=649
2026-08-12 10:02:17 [INFO] [state_change] from_state=CLICK_CLAIM | to_state=WAIT_USERNAME
2026-08-12 10:02:19 [WARNING] Cell shows 'Jnguyen' (not pending and not 'LVU') — claimed by someone else.
2026-08-12 10:02:19 [INFO] [claim_stolen] y_key=648 | cell_text=Jnguyen
2026-08-12 10:02:19 [INFO] [state_change] from_state=WAIT_USERNAME | to_state=SCANNING
2026-08-12 10:02:19 [INFO] [row_detected] total_rows=7 | claim_rows=[2, 3]
2026-08-12 10:02:21 [INFO] [row_detected] total_rows=7 | claim_rows=[2, 3]
2026-08-12 10:02:24 [INFO] [row_detected] total_rows=7 | claim_rows=[2, 3]
2026-08-12 10:02:26 [INFO] [row_detected] total_rows=7 | claim_rows=[2, 3]
2026-08-12 10:02:29 [INFO] [row_detected] total_rows=7 | claim_rows=[2, 3]
2026-08-12 10:02:31 [INFO] [row_detected] total_rows=7 | claim_rows=[2, 3]
2026-08-12 10:02:33 [INFO] [row_detected] total_rows=8 | claim_rows=[2, 3, 5]
2026-08-12 10:02:34 [INFO] [claim_found] row_id=5 | text=CLAIM | confidence=0.999 | claim_cell=(1169, 679)
2026-08-12 10:02:34 [INFO] [state_change] from_state=SCANNING | to_state=CLAIM_FOUND
2026-08-12 10:02:34 [INFO] [state_change] from_state=CLAIM_FOUND | to_state=CLICK_CLAIM
2026-08-12 10:02:34 [INFO] [claim_cell_clicked] row_id=5 | x=1169 | y=679
2026-08-12 10:02:34 [INFO] [state_change] from_state=CLICK_CLAIM | to_state=WAIT_USERNAME
2026-08-12 10:02:35 [INFO] [claim_verified] y_key=680 | cell_text=Ivu | elapsed_s=1.688
2026-08-12 10:02:35 [INFO] [state_change] from_state=WAIT_USERNAME | to_state=CLAIM_SUCCESS
2026-08-12 10:02:36 [INFO] [select_clicked] y_key=680 | x=1314 | y=679
2026-08-12 10:02:36 [INFO] [state_change] from_state=CLAIM_SUCCESS | to_state=CLICK_SELECT
2026-08-12 10:02:36 [INFO] [state_change] from_state=CLICK_SELECT | to_state=CLICK_CONNECT
2026-08-12 10:02:36 [INFO] [connect_clicked] y_key=680 | x=-1 | y=-1
2026-08-12 10:02:36 [INFO] [state_change] from_state=CLICK_CONNECT | to_state=CONNECTED
2026-08-12 10:02:36 [INFO] ✓ Connected! Waiting 1000ms then entering STOPPED state.
2026-08-12 10:02:37 [INFO] [state_change] from_state=CONNECTED | to_state=STOPPED
2026-08-12 10:04:41 [INFO] Clean exit requested (ESC).
2026-08-12 10:04:41 [INFO] Clean exit requested (ESC).
2026-08-12 10:10:03 [INFO] All sub-systems initialised.
2026-08-12 10:10:03 [INFO] [state_change] from_state=IDLE | to_state=SCANNING
2026-08-12 10:10:03 [INFO] WorkflowEngine started — user='lvu'  table={'left': 27, 'top': 541, 'width': 1515, 'height': 424}
2026-08-12 10:10:07 [INFO] [loop_tick] state=SCANNING | rows=11 | claims=0
2026-08-12 10:10:07 [INFO] [loop_tick] state=SCANNING | rows=8 | claims=0
2026-08-12 10:10:08 [INFO] [loop_tick] state=SCANNING | rows=7 | claims=0
2026-08-12 10:10:08 [INFO] [loop_tick] state=SCANNING | rows=8 | claims=0
2026-08-12 10:10:09 [INFO] [loop_tick] state=SCANNING | rows=8 | claims=0
2026-08-12 10:10:09 [INFO] [loop_tick] state=SCANNING | rows=9 | claims=0
2026-08-12 10:10:10 [INFO] [loop_tick] state=SCANNING | rows=7 | claims=0
2026-08-12 10:10:10 [INFO] [loop_tick] state=SCANNING | rows=8 | claims=0
2026-08-12 10:10:10 [INFO] [loop_tick] state=SCANNING | rows=9 | claims=0
2026-08-12 10:10:11 [INFO] [loop_tick] state=SCANNING | rows=9 | claims=0
2026-08-12 10:10:11 [INFO] [loop_tick] state=SCANNING | rows=8 | claims=0
2026-08-12 10:10:11 [INFO] [loop_tick] state=SCANNING | rows=9 | claims=0
2026-08-12 10:10:12 [INFO] [loop_tick] state=SCANNING | rows=10 | claims=0
2026-08-12 10:10:12 [INFO] [loop_tick] state=SCANNING | rows=10 | claims=0
2026-08-12 10:10:12 [INFO] [loop_tick] state=SCANNING | rows=9 | claims=0
2026-08-12 10:10:12 [INFO] [loop_tick] state=SCANNING | rows=10 | claims=0
2026-08-12 10:10:12 [INFO] [loop_tick] state=SCANNING | rows=10 | claims=0
2026-08-12 10:10:12 [INFO] [loop_tick] state=SCANNING | rows=10 | claims=0
2026-08-12 10:10:12 [INFO] [loop_tick] state=SCANNING | rows=10 | claims=0
2026-08-12 10:10:13 [INFO] [loop_tick] state=SCANNING | rows=10 | claims=0
2026-08-12 10:10:13 [INFO] [loop_tick] state=SCANNING | rows=10 | claims=0
2026-08-12 10:10:13 [INFO] [loop_tick] state=SCANNING | rows=10 | claims=0
2026-08-12 10:10:13 [INFO] [loop_tick] state=SCANNING | rows=10 | claims=0
2026-08-12 10:10:13 [INFO] [loop_tick] state=SCANNING | rows=10 | claims=0
2026-08-12 10:10:13 [INFO] [loop_tick] state=SCANNING | rows=10 | claims=0
2026-08-12 10:10:13 [INFO] [loop_tick] state=SCANNING | rows=10 | claims=0
2026-08-12 10:10:13 [INFO] [loop_tick] state=SCANNING | rows=10 | claims=0
2026-08-12 10:10:14 [INFO] [row_detected] total_rows=9 | claim_rows=[2, 3]
2026-08-12 10:10:14 [INFO] [row_detected] total_rows=9 | claim_rows=[2, 3]
2026-08-12 10:10:14 [INFO] [row_detected] total_rows=9 | claim_rows=[2, 3]
2026-08-12 10:10:17 [INFO] [row_detected] total_rows=8 | claim_rows=[2, 3]
2026-08-12 10:10:19 [INFO] [row_detected] total_rows=8 | claim_rows=[2, 3]
2026-08-12 10:10:22 [INFO] [row_detected] total_rows=7 | claim_rows=[2, 3]
2026-08-12 10:10:24 [INFO] [row_detected] total_rows=7 | claim_rows=[2, 3]
2026-08-12 10:10:27 [INFO] [row_detected] total_rows=7 | claim_rows=[2, 3]
2026-08-12 10:10:29 [INFO] [row_detected] total_rows=7 | claim_rows=[2, 3]
2026-08-12 10:10:32 [INFO] [row_detected] total_rows=7 | claim_rows=[2, 3]
2026-08-12 10:10:33 [INFO] [row_detected] total_rows=1 | claim_rows=[-1, 0]
2026-08-12 10:10:35 [INFO] [row_detected] total_rows=7 | claim_rows=[2, 3]
2026-08-12 10:10:36 [INFO] [row_detected] total_rows=7 | claim_rows=[2, 3]
2026-08-12 10:10:37 [INFO] [loop_tick] state=SCANNING | rows=8 | claims=0
2026-08-12 10:10:38 [INFO] [row_detected] total_rows=7 | claim_rows=[2, 3]
2026-08-12 10:10:38 [INFO] [row_detected] total_rows=7 | claim_rows=[2, 3]
2026-08-12 10:10:41 [INFO] [row_detected] total_rows=7 | claim_rows=[2, 3]
2026-08-12 10:10:43 [INFO] [row_detected] total_rows=7 | claim_rows=[2, 3]
2026-08-12 10:10:46 [INFO] [row_detected] total_rows=7 | claim_rows=[2, 3]
2026-08-12 10:10:48 [INFO] [row_detected] total_rows=7 | claim_rows=[2, 3]
2026-08-12 10:10:51 [INFO] [row_detected] total_rows=7 | claim_rows=[2, 3]
2026-08-12 10:10:53 [INFO] [row_detected] total_rows=7 | claim_rows=[2, 3]
2026-08-12 10:10:56 [INFO] [row_detected] total_rows=7 | claim_rows=[2, 3]
2026-08-12 10:10:58 [INFO] [row_detected] total_rows=7 | claim_rows=[2, 3]
2026-08-12 10:11:01 [INFO] [row_detected] total_rows=7 | claim_rows=[2, 3]
2026-08-12 10:11:03 [INFO] [row_detected] total_rows=7 | claim_rows=[2, 3]
2026-08-12 10:11:06 [INFO] [row_detected] total_rows=7 | claim_rows=[2, 3]
2026-08-12 10:11:08 [INFO] [row_detected] total_rows=7 | claim_rows=[2, 3]
2026-08-12 10:11:11 [INFO] [row_detected] total_rows=8 | claim_rows=[2, 3, 4]
2026-08-12 10:11:11 [INFO] [claim_found] row_id=4 | text=CLAIM | confidence=0.999 | claim_cell=(1169, 649)
2026-08-12 10:11:11 [INFO] [state_change] from_state=SCANNING | to_state=CLAIM_FOUND
2026-08-12 10:11:11 [INFO] [state_change] from_state=CLAIM_FOUND | to_state=CLICK_CLAIM
2026-08-12 10:11:11 [INFO] [claim_cell_clicked] row_id=4 | x=1169 | y=649
2026-08-12 10:11:11 [INFO] [state_change] from_state=CLICK_CLAIM | to_state=WAIT_USERNAME
2026-08-12 10:11:13 [INFO] [claim_verified] y_key=648 | cell_text=Ivu | elapsed_s=1.866
2026-08-12 10:11:13 [INFO] [state_change] from_state=WAIT_USERNAME | to_state=CLAIM_SUCCESS
2026-08-12 10:11:13 [INFO] [select_clicked] y_key=648 | x=1314 | y=648
2026-08-12 10:11:13 [INFO] [state_change] from_state=CLAIM_SUCCESS | to_state=CLICK_SELECT
2026-08-12 10:11:13 [INFO] [state_change] from_state=CLICK_SELECT | to_state=CLICK_CONNECT
2026-08-12 10:11:13 [INFO] [connect_clicked] y_key=648 | x=-1 | y=-1
2026-08-12 10:11:13 [INFO] [state_change] from_state=CLICK_CONNECT | to_state=CONNECTED
2026-08-12 10:11:13 [INFO] ✓ Connected! Waiting 1000ms then entering STOPPED state.
2026-08-12 10:11:14 [INFO] [state_change] from_state=CONNECTED | to_state=STOPPED
2026-08-12 10:14:22 [INFO] Clean exit requested (ESC).
2026-08-12 10:14:22 [INFO] WorkflowEngine shut down cleanly.
2026-08-12 10:14:22 [INFO] Clean exit requested (ESC).
2026-08-12 10:14:24 [INFO] All sub-systems initialised.
2026-08-12 10:14:24 [INFO] [state_change] from_state=IDLE | to_state=SCANNING
2026-08-12 10:14:24 [INFO] WorkflowEngine started — user='lvu'  table={'left': 27, 'top': 541, 'width': 1515, 'height': 424}
2026-08-12 10:14:28 [INFO] [row_detected] total_rows=5 | claim_rows=[2, 3]
2026-08-12 10:14:28 [INFO] [row_detected] total_rows=5 | claim_rows=[2, 3]
2026-08-12 10:14:29 [INFO] [row_detected] total_rows=5 | claim_rows=[2, 3]
2026-08-12 10:14:31 [INFO] [row_detected] total_rows=5 | claim_rows=[2, 3]
2026-08-12 10:14:33 [INFO] [row_detected] total_rows=5 | claim_rows=[2, 3]
2026-08-12 10:14:36 [INFO] [row_detected] total_rows=5 | claim_rows=[2, 3]
2026-08-12 10:14:38 [INFO] [row_detected] total_rows=5 | claim_rows=[2, 3]
2026-08-12 10:14:41 [INFO] [row_detected] total_rows=5 | claim_rows=[2, 3]
2026-08-12 10:14:43 [INFO] [row_detected] total_rows=5 | claim_rows=[2, 3]
2026-08-12 10:14:45 [INFO] [row_detected] total_rows=5 | claim_rows=[2, 3]
2026-08-12 10:14:48 [INFO] [row_detected] total_rows=5 | claim_rows=[2, 3]
2026-08-12 10:14:50 [INFO] [row_detected] total_rows=5 | claim_rows=[2, 3]
2026-08-12 10:14:53 [INFO] [row_detected] total_rows=5 | claim_rows=[2, 3]
2026-08-12 10:14:56 [INFO] [row_detected] total_rows=5 | claim_rows=[2, 3]
2026-08-12 10:14:58 [INFO] [row_detected] total_rows=5 | claim_rows=[2, 3]
2026-08-12 10:15:01 [INFO] [row_detected] total_rows=5 | claim_rows=[2, 3]
2026-08-12 10:15:03 [INFO] [row_detected] total_rows=5 | claim_rows=[2, 3]
2026-08-12 10:15:05 [INFO] [row_detected] total_rows=5 | claim_rows=[2, 3]
2026-08-12 10:15:07 [INFO] [row_detected] total_rows=5 | claim_rows=[2, 3]
2026-08-12 10:15:09 [INFO] [row_detected] total_rows=5 | claim_rows=[2, 3]
2026-08-12 10:15:12 [INFO] [row_detected] total_rows=5 | claim_rows=[2, 3]
2026-08-12 10:15:14 [INFO] [row_detected] total_rows=5 | claim_rows=[2, 3]
2026-08-12 10:15:17 [INFO] [row_detected] total_rows=5 | claim_rows=[2, 3]
2026-08-12 10:15:19 [INFO] [row_detected] total_rows=5 | claim_rows=[2, 3]
2026-08-12 10:15:22 [INFO] [row_detected] total_rows=5 | claim_rows=[2, 3]
2026-08-12 10:15:24 [INFO] [row_detected] total_rows=5 | claim_rows=[2, 3]
2026-08-12 10:15:27 [INFO] [row_detected] total_rows=5 | claim_rows=[2, 3]
2026-08-12 10:15:29 [INFO] [row_detected] total_rows=5 | claim_rows=[2, 3]
2026-08-12 10:15:32 [INFO] [row_detected] total_rows=5 | claim_rows=[2, 3]
2026-08-12 10:15:34 [INFO] [row_detected] total_rows=5 | claim_rows=[2, 3]
2026-08-12 10:15:37 [INFO] [row_detected] total_rows=5 | claim_rows=[2, 3]
2026-08-12 10:15:38 [INFO] [row_detected] total_rows=5 | claim_rows=[2, 3]
2026-08-12 10:15:41 [INFO] [row_detected] total_rows=5 | claim_rows=[2, 3]
2026-08-12 10:15:43 [INFO] [row_detected] total_rows=5 | claim_rows=[2, 3]
2026-08-12 10:15:46 [INFO] [row_detected] total_rows=5 | claim_rows=[2, 3]
2026-08-12 10:15:48 [INFO] [row_detected] total_rows=5 | claim_rows=[2, 3]
2026-08-12 10:15:51 [INFO] [row_detected] total_rows=5 | claim_rows=[2, 3]
2026-08-12 10:15:53 [INFO] [row_detected] total_rows=6 | claim_rows=[2, 3, 4]
2026-08-12 10:15:54 [INFO] [claim_found] row_id=4 | text=CLAIM | confidence=0.999 | claim_cell=(1169, 649)
2026-08-12 10:15:54 [INFO] [state_change] from_state=SCANNING | to_state=CLAIM_FOUND
2026-08-12 10:15:54 [INFO] [state_change] from_state=CLAIM_FOUND | to_state=CLICK_CLAIM
2026-08-12 10:15:54 [INFO] Automation DISABLED (F8)
2026-08-12 10:15:54 [INFO] [claim_cell_clicked] row_id=4 | x=1169 | y=649
2026-08-12 10:15:54 [INFO] [state_change] from_state=CLICK_CLAIM | to_state=WAIT_USERNAME
2026-08-12 10:15:54 [INFO] [state_change] from_state=WAIT_USERNAME | to_state=STOPPED
2026-08-12 10:26:03 [INFO] Clean exit requested (ESC).
2026-08-12 10:26:03 [INFO] Clean exit requested (ESC).
2026-08-12 10:26:20 [INFO] All sub-systems initialised.
2026-08-12 10:26:20 [INFO] [state_change] from_state=IDLE | to_state=SCANNING
2026-08-12 10:26:20 [INFO] WorkflowEngine started — user='lvu'  table={'left': 27, 'top': 541, 'width': 1515, 'height': 424}
2026-08-12 10:26:26 [INFO] Automation DISABLED (F8)
2026-08-12 10:26:36 [INFO] Automation ENABLED (F8)
2026-08-12 10:26:39 [INFO] [loop_tick] state=SCANNING | rows=3 | claims=0
2026-08-12 10:26:39 [INFO] [row_detected] total_rows=13 | claim_rows=[2, 3, 6, 7]
2026-08-12 10:26:39 [INFO] [claim_found] row_id=6 | text=CLAIM | confidence=0.998 | claim_cell=(1159, 709)
2026-08-12 10:26:39 [INFO] [state_change] from_state=SCANNING | to_state=CLAIM_FOUND
2026-08-12 10:26:39 [INFO] [state_change] from_state=CLAIM_FOUND | to_state=CLICK_CLAIM
2026-08-12 10:26:39 [INFO] [claim_cell_clicked] row_id=6 | x=1159 | y=709
2026-08-12 10:26:39 [INFO] [state_change] from_state=CLICK_CLAIM | to_state=WAIT_USERNAME
2026-08-12 10:26:44 [WARNING] WAIT_USERNAME timed out (5s) — row y=712. Stopping to prevent double claims.
2026-08-12 10:26:44 [INFO] [timeout] state=WAIT_USERNAME | y_key=712
2026-08-12 10:26:44 [INFO] [state_change] from_state=WAIT_USERNAME | to_state=STOPPED
2026-08-12 10:30:02 [INFO] Clean exit requested (ESC).
2026-08-12 10:30:02 [INFO] Clean exit requested (ESC).
2026-08-12 10:38:37 [INFO] Bắt đầu hiệu chỉnh CLI...
2026-08-12 10:38:37 [INFO] Starting calibration...
2026-08-12 10:38:41 [INFO] Bắt đầu hiệu chỉnh CLI...
2026-08-12 10:38:41 [INFO] Starting calibration...
2026-08-12 10:40:19 [INFO] Bắt đầu hiệu chỉnh CLI...
2026-08-12 10:40:19 [INFO] Starting calibration...
2026-08-12 10:40:28 [INFO] Bắt đầu hiệu chỉnh CLI...
2026-08-12 10:40:28 [INFO] Starting calibration...
2026-08-12 10:40:44 [INFO] Bắt đầu hiệu chỉnh CLI...
2026-08-12 10:40:44 [INFO] Starting calibration...
2026-08-12 10:43:09 [INFO] Bắt đầu hiệu chỉnh CLI...
2026-08-12 10:43:09 [INFO] Starting calibration...
2026-08-12 10:43:11 [INFO] Bắt đầu hiệu chỉnh CLI...
2026-08-12 10:43:11 [INFO] Starting calibration...
2026-08-12 10:43:36 [INFO] Bắt đầu hiệu chỉnh CLI...
2026-08-12 10:43:36 [INFO] Starting calibration...
2026-08-12 10:45:15 [INFO] Bắt đầu hiệu chỉnh CLI...
2026-08-12 10:45:15 [INFO] Starting calibration...
2026-08-12 10:45:21 [INFO] Bắt đầu hiệu chỉnh CLI...
2026-08-12 10:45:21 [INFO] Starting calibration...
2026-08-12 10:45:27 [INFO] Bắt đầu hiệu chỉnh CLI...
2026-08-12 10:45:27 [INFO] Starting calibration...
2026-08-12 10:46:09 [WARNING] Config warning: connect_button not calibrated — run 'python main.py calibrate'.
2026-08-12 10:46:09 [INFO] Hiệu chỉnh xong.
2026-08-12 10:47:57 [INFO] Bắt đầu hiệu chỉnh CLI...
2026-08-12 10:47:57 [INFO] Starting calibration...
2026-08-12 10:48:30 [WARNING] Config warning: connect_button not calibrated — run 'python main.py calibrate'.
2026-08-12 10:48:30 [INFO] Hiệu chỉnh xong.
2026-08-12 10:48:36 [INFO] Bắt đầu hiệu chỉnh CLI...
2026-08-12 10:48:36 [INFO] Starting calibration...
2026-08-12 10:48:52 [INFO] Bắt đầu hiệu chỉnh CLI...
2026-08-12 10:48:52 [INFO] Starting calibration...
2026-08-12 10:49:46 [WARNING] Config warning: connect_button not calibrated — run 'python main.py calibrate'.
2026-08-12 10:49:46 [INFO] Hiệu chỉnh xong.
2026-08-12 10:49:51 [INFO] All sub-systems initialised.
2026-08-12 10:49:51 [INFO] [state_change] from_state=IDLE | to_state=SCANNING
2026-08-12 10:49:51 [INFO] WorkflowEngine started — user='lvu'  table={'left': 38, 'top': 586, 'width': 1500, 'height': 337}
2026-08-12 10:49:55 [INFO] [row_detected] total_rows=8 | claim_rows=[0, 1]
2026-08-12 10:49:55 [INFO] [row_detected] total_rows=8 | claim_rows=[0, 1]
2026-08-12 10:49:56 [INFO] [row_detected] total_rows=8 | claim_rows=[0, 1]
2026-08-12 10:49:56 [INFO] All sub-systems initialised.
2026-08-12 10:49:56 [INFO] [state_change] from_state=IDLE | to_state=SCANNING
2026-08-12 10:49:56 [INFO] WorkflowEngine started — user='lvu'  table={'left': 1959, 'top': 585, 'width': 1503, 'height': 326}
2026-08-12 10:49:57 [INFO] [row_detected] total_rows=8 | claim_rows=[0, 1]
2026-08-12 10:49:57 [INFO] [row_detected] total_rows=8 | claim_rows=[0, 1]
2026-08-12 10:49:58 [INFO] [row_detected] total_rows=8 | claim_rows=[0, 1]
2026-08-12 10:49:59 [INFO] [row_detected] total_rows=8 | claim_rows=[0, 1]
2026-08-12 10:50:00 [INFO] [row_detected] total_rows=8 | claim_rows=[0, 1]
2026-08-12 10:50:01 [INFO] [row_detected] total_rows=8 | claim_rows=[0, 1]
2026-08-12 10:50:01 [INFO] [row_detected] total_rows=8 | claim_rows=[0, 1]
2026-08-12 10:50:02 [INFO] [row_detected] total_rows=8 | claim_rows=[0, 1]
2026-08-12 10:50:03 [INFO] [row_detected] total_rows=8 | claim_rows=[0, 1]
2026-08-12 10:50:04 [INFO] [row_detected] total_rows=8 | claim_rows=[0, 1]
2026-08-12 10:50:06 [INFO] [row_detected] total_rows=8 | claim_rows=[0, 1]
2026-08-12 10:50:06 [INFO] [row_detected] total_rows=8 | claim_rows=[0, 1]
2026-08-12 10:50:08 [INFO] [row_detected] total_rows=8 | claim_rows=[0, 1]
2026-08-12 10:50:08 [INFO] [row_detected] total_rows=8 | claim_rows=[0, 1]
2026-08-12 10:50:10 [INFO] [row_detected] total_rows=8 | claim_rows=[0, 1]
2026-08-12 10:50:11 [INFO] [row_detected] total_rows=8 | claim_rows=[0, 1]
2026-08-12 10:50:13 [INFO] [row_detected] total_rows=8 | claim_rows=[0, 1]
2026-08-12 10:50:13 [INFO] [row_detected] total_rows=8 | claim_rows=[0, 1]
2026-08-12 10:50:15 [INFO] [row_detected] total_rows=8 | claim_rows=[0, 1]
2026-08-12 10:50:16 [INFO] [row_detected] total_rows=8 | claim_rows=[0, 1]
2026-08-12 10:50:18 [INFO] [row_detected] total_rows=8 | claim_rows=[0, 1]
2026-08-12 10:50:18 [INFO] [row_detected] total_rows=8 | claim_rows=[0, 1]
2026-08-12 10:50:20 [INFO] [row_detected] total_rows=8 | claim_rows=[0, 1]
2026-08-12 10:50:20 [INFO] [row_detected] total_rows=8 | claim_rows=[0, 1]
2026-08-12 10:50:23 [INFO] [row_detected] total_rows=8 | claim_rows=[0, 1]
2026-08-12 10:50:23 [INFO] [row_detected] total_rows=8 | claim_rows=[0, 1]
2026-08-12 10:50:25 [INFO] [row_detected] total_rows=8 | claim_rows=[0, 1]
2026-08-12 10:50:25 [INFO] [row_detected] total_rows=8 | claim_rows=[0, 1]
2026-08-12 10:50:28 [INFO] [row_detected] total_rows=8 | claim_rows=[0, 1]
2026-08-12 10:50:28 [INFO] [row_detected] total_rows=8 | claim_rows=[0, 1]
2026-08-12 10:50:31 [INFO] [row_detected] total_rows=8 | claim_rows=[0, 1]
2026-08-12 10:50:31 [INFO] [row_detected] total_rows=8 | claim_rows=[0, 1]
2026-08-12 10:50:33 [INFO] [row_detected] total_rows=8 | claim_rows=[0, 1]
2026-08-12 10:50:33 [INFO] [row_detected] total_rows=8 | claim_rows=[0, 1]
2026-08-12 10:50:35 [INFO] [row_detected] total_rows=8 | claim_rows=[0, 1]
2026-08-12 10:50:36 [INFO] [row_detected] total_rows=8 | claim_rows=[0, 1]
2026-08-12 10:50:38 [INFO] [row_detected] total_rows=8 | claim_rows=[0, 1]
2026-08-12 10:50:38 [INFO] [row_detected] total_rows=7 | claim_rows=[0, 1]
2026-08-12 10:50:39 [INFO] [row_detected] total_rows=7 | claim_rows=[0, 1]
2026-08-12 10:50:39 [INFO] [row_detected] total_rows=7 | claim_rows=[0, 1]
2026-08-12 10:50:42 [INFO] [row_detected] total_rows=7 | claim_rows=[0, 1]
2026-08-12 10:50:42 [INFO] [row_detected] total_rows=7 | claim_rows=[0, 1]
2026-08-12 10:50:44 [INFO] [row_detected] total_rows=7 | claim_rows=[0, 1]
2026-08-12 10:50:45 [INFO] [row_detected] total_rows=7 | claim_rows=[0, 1]
2026-08-12 10:50:47 [INFO] [row_detected] total_rows=7 | claim_rows=[0, 1]
2026-08-12 10:50:47 [INFO] [row_detected] total_rows=7 | claim_rows=[0, 1]
2026-08-12 10:50:49 [INFO] [row_detected] total_rows=7 | claim_rows=[0, 1]
2026-08-12 10:50:50 [INFO] [row_detected] total_rows=7 | claim_rows=[0, 1]
2026-08-12 10:50:52 [INFO] [row_detected] total_rows=7 | claim_rows=[0, 1]
2026-08-12 10:50:52 [INFO] [row_detected] total_rows=7 | claim_rows=[0, 1]
2026-08-12 10:50:54 [INFO] [row_detected] total_rows=7 | claim_rows=[0, 1]
2026-08-12 10:50:55 [INFO] [row_detected] total_rows=7 | claim_rows=[0, 1]
2026-08-12 10:50:57 [INFO] [row_detected] total_rows=7 | claim_rows=[0, 1]
2026-08-12 10:50:57 [INFO] [row_detected] total_rows=7 | claim_rows=[0, 1]
2026-08-12 10:50:59 [INFO] [row_detected] total_rows=8 | claim_rows=[0, 1, 2]
2026-08-12 10:51:00 [INFO] [row_detected] total_rows=8 | claim_rows=[0, 1, 2]
2026-08-12 10:51:00 [INFO] [claim_found] row_id=2 | text=CLAIM | confidence=0.999 | claim_cell=(3089, 649)
2026-08-12 10:51:00 [INFO] [state_change] from_state=SCANNING | to_state=CLAIM_FOUND
2026-08-12 10:51:00 [INFO] [state_change] from_state=CLAIM_FOUND | to_state=CLICK_CLAIM
2026-08-12 10:51:00 [INFO] [claim_cell_clicked] row_id=2 | x=3089 | y=649
2026-08-12 10:51:00 [INFO] [state_change] from_state=CLICK_CLAIM | to_state=WAIT_USERNAME
2026-08-12 10:51:00 [INFO] [claim_found] row_id=2 | text=CLAIM | confidence=0.996 | claim_cell=(1169, 650)
2026-08-12 10:51:00 [INFO] [state_change] from_state=SCANNING | to_state=CLAIM_FOUND
2026-08-12 10:51:00 [INFO] [state_change] from_state=CLAIM_FOUND | to_state=CLICK_CLAIM
2026-08-12 10:51:00 [INFO] [claim_cell_clicked] row_id=2 | x=1169 | y=650
2026-08-12 10:51:00 [INFO] [state_change] from_state=CLICK_CLAIM | to_state=WAIT_USERNAME
2026-08-12 10:51:02 [INFO] [claim_verified] y_key=648 | cell_text=Ivu | elapsed_s=1.461
2026-08-12 10:51:02 [INFO] [state_change] from_state=WAIT_USERNAME | to_state=CLAIM_SUCCESS
2026-08-12 10:51:02 [INFO] [select_clicked] y_key=648 | x=1318 | y=648
2026-08-12 10:51:02 [INFO] [state_change] from_state=CLAIM_SUCCESS | to_state=CLICK_SELECT
2026-08-12 10:51:02 [INFO] [state_change] from_state=CLICK_SELECT | to_state=CLICK_CONNECT
2026-08-12 10:51:02 [INFO] [connect_clicked] y_key=648 | x=-1 | y=-1
2026-08-12 10:51:02 [INFO] [state_change] from_state=CLICK_CONNECT | to_state=CONNECTED
2026-08-12 10:51:02 [INFO] ✓ Connected! Waiting 1000ms then entering STOPPED state.
2026-08-12 10:51:03 [INFO] [state_change] from_state=CONNECTED | to_state=STOPPED
2026-08-12 10:51:05 [WARNING] WAIT_USERNAME timed out (5s) — row y=648. Stopping to prevent double claims.
2026-08-12 10:51:05 [INFO] [timeout] state=WAIT_USERNAME | y_key=648
2026-08-12 10:51:05 [INFO] [state_change] from_state=WAIT_USERNAME | to_state=STOPPED
2026-08-12 10:51:17 [INFO] Automation DISABLED (F8)
2026-08-12 10:51:22 [INFO] Automation ENABLED (F8)
2026-08-12 10:51:22 [INFO] [state_change] from_state=STOPPED | to_state=SCANNING
2026-08-12 10:51:23 [INFO] Emergency stop (F9) — exiting.
2026-08-12 10:51:23 [INFO] WorkflowEngine shut down cleanly.
2026-08-12 10:53:51 [INFO] Automation ENABLED (F8)
2026-08-12 10:53:51 [INFO] [state_change] from_state=STOPPED | to_state=SCANNING
2026-08-12 10:53:51 [INFO] [row_detected] total_rows=6 | claim_rows=[0, 1]
2026-08-12 10:53:52 [INFO] [row_detected] total_rows=5 | claim_rows=[0, 1]
2026-08-12 10:53:55 [INFO] [row_detected] total_rows=5 | claim_rows=[0, 1]
2026-08-12 10:53:56 [INFO] Automation DISABLED (F8)
2026-08-12 10:53:56 [INFO] [state_change] from_state=SCANNING | to_state=STOPPED
2026-08-12 10:53:58 [INFO] Automation DISABLED (F8)
2026-08-12 10:54:00 [INFO] Automation ENABLED (F8)
2026-08-12 10:54:06 [INFO] Automation ENABLED (F8)
2026-08-12 10:54:06 [INFO] [state_change] from_state=STOPPED | to_state=SCANNING
2026-08-12 10:54:06 [INFO] [row_detected] total_rows=5 | claim_rows=[0, 1]
2026-08-12 10:54:07 [INFO] [row_detected] total_rows=5 | claim_rows=[0, 1]
2026-08-12 10:54:10 [INFO] [row_detected] total_rows=5 | claim_rows=[0, 1]
2026-08-12 10:54:12 [INFO] [row_detected] total_rows=5 | claim_rows=[0, 1]
2026-08-12 10:54:15 [INFO] [row_detected] total_rows=4 | claim_rows=[0, 1]
2026-08-12 10:54:17 [INFO] [row_detected] total_rows=4 | claim_rows=[0, 1]
2026-08-12 10:54:17 [INFO] Automation PAUSED (F10)
2026-08-12 10:54:18 [INFO] Automation RESUMED (F10)
2026-08-12 10:54:20 [INFO] [row_detected] total_rows=4 | claim_rows=[0, 1]
2026-08-12 10:54:22 [INFO] [row_detected] total_rows=4 | claim_rows=[0, 1]
2026-08-12 10:54:25 [INFO] [row_detected] total_rows=5 | claim_rows=[0, 1, 2]
2026-08-12 10:54:25 [INFO] [claim_found] row_id=2 | text=CLAIM | confidence=0.996 | claim_cell=(1169, 650)
2026-08-12 10:54:25 [INFO] [state_change] from_state=SCANNING | to_state=CLAIM_FOUND
2026-08-12 10:54:25 [INFO] [state_change] from_state=CLAIM_FOUND | to_state=CLICK_CLAIM
2026-08-12 10:54:25 [INFO] [claim_cell_clicked] row_id=2 | x=1169 | y=650
2026-08-12 10:54:25 [INFO] [state_change] from_state=CLICK_CLAIM | to_state=WAIT_USERNAME
2026-08-12 10:54:27 [INFO] [claim_verified] y_key=648 | cell_text=Ivu | elapsed_s=1.683
2026-08-12 10:54:27 [INFO] [state_change] from_state=WAIT_USERNAME | to_state=CLAIM_SUCCESS
2026-08-12 10:54:27 [INFO] [select_clicked] y_key=648 | x=1318 | y=648
2026-08-12 10:54:27 [INFO] [state_change] from_state=CLAIM_SUCCESS | to_state=CLICK_SELECT
2026-08-12 10:54:27 [INFO] [state_change] from_state=CLICK_SELECT | to_state=CLICK_CONNECT
2026-08-12 10:54:27 [INFO] [connect_clicked] y_key=648 | x=-1 | y=-1
2026-08-12 10:54:27 [INFO] [state_change] from_state=CLICK_CONNECT | to_state=CONNECTED
2026-08-12 10:54:27 [INFO] ✓ Connected! Waiting 1000ms then entering STOPPED state.
2026-08-12 10:54:28 [INFO] [state_change] from_state=CONNECTED | to_state=STOPPED
2026-08-12 10:55:08 [INFO] Clean exit requested (ESC).
2026-08-12 10:55:08 [INFO] Clean exit requested (ESC).
2026-08-12 10:55:11 [INFO] All sub-systems initialised.
2026-08-12 10:55:11 [INFO] [state_change] from_state=IDLE | to_state=SCANNING
2026-08-12 10:55:11 [INFO] WorkflowEngine started — user='lvu'  table={'left': 1959, 'top': 585, 'width': 1503, 'height': 326}
2026-08-12 10:55:15 [INFO] [row_detected] total_rows=6 | claim_rows=[0, 1, 2]
2026-08-12 10:55:15 [INFO] [claim_found] row_id=2 | text=CLAIM | confidence=0.999 | claim_cell=(3089, 649)
2026-08-12 10:55:15 [INFO] [state_change] from_state=SCANNING | to_state=CLAIM_FOUND
2026-08-12 10:55:15 [INFO] [state_change] from_state=CLAIM_FOUND | to_state=CLICK_CLAIM
2026-08-12 10:55:15 [INFO] [claim_cell_clicked] row_id=2 | x=3089 | y=649
2026-08-12 10:55:15 [INFO] [state_change] from_state=CLICK_CLAIM | to_state=WAIT_USERNAME
2026-08-12 10:55:17 [WARNING] Cell shows 'pnguyen' (not pending and not 'LVU') — claimed by someone else.
2026-08-12 10:55:17 [INFO] [claim_stolen] y_key=648 | cell_text=pnguyen
2026-08-12 10:55:17 [INFO] [state_change] from_state=WAIT_USERNAME | to_state=SCANNING
2026-08-12 10:55:17 [INFO] [row_detected] total_rows=6 | claim_rows=[0, 1]
2026-08-12 10:55:19 [INFO] [row_detected] total_rows=6 | claim_rows=[0, 1]
2026-08-12 10:55:20 [INFO] [row_detected] total_rows=6 | claim_rows=[0, 1]
2026-08-12 10:55:22 [INFO] [row_detected] total_rows=6 | claim_rows=[0, 1]
2026-08-12 10:55:25 [INFO] [row_detected] total_rows=6 | claim_rows=[0, 1]
2026-08-12 10:55:27 [INFO] [row_detected] total_rows=7 | claim_rows=[0, 1, 3]
2026-08-12 10:55:28 [INFO] [claim_found] row_id=3 | text=CLAIM | confidence=0.999 | claim_cell=(3089, 679)
2026-08-12 10:55:28 [INFO] [state_change] from_state=SCANNING | to_state=CLAIM_FOUND
2026-08-12 10:55:28 [INFO] [state_change] from_state=CLAIM_FOUND | to_state=CLICK_CLAIM
2026-08-12 10:55:28 [INFO] [claim_cell_clicked] row_id=3 | x=3089 | y=679
2026-08-12 10:55:28 [INFO] [state_change] from_state=CLICK_CLAIM | to_state=WAIT_USERNAME
2026-08-12 10:55:29 [INFO] [claim_verified] y_key=680 | cell_text=Ivu | elapsed_s=1.687
2026-08-12 10:55:29 [INFO] [state_change] from_state=WAIT_USERNAME | to_state=CLAIM_SUCCESS
2026-08-12 10:55:29 [INFO] [select_clicked] y_key=680 | x=3235 | y=679
2026-08-12 10:55:30 [INFO] [state_change] from_state=CLAIM_SUCCESS | to_state=CLICK_SELECT
2026-08-12 10:55:30 [INFO] [state_change] from_state=CLICK_SELECT | to_state=CLICK_CONNECT
2026-08-12 10:55:30 [INFO] [connect_clicked] y_key=680 | x=-1 | y=-1
2026-08-12 10:55:30 [INFO] [state_change] from_state=CLICK_CONNECT | to_state=CONNECTED
2026-08-12 10:55:30 [INFO] ✓ Connected! Waiting 1000ms then entering STOPPED state.
2026-08-12 10:55:31 [INFO] [state_change] from_state=CONNECTED | to_state=STOPPED
2026-08-12 10:57:46 [INFO] Clean exit requested (ESC).
2026-08-12 10:57:46 [INFO] Clean exit requested (ESC).
2026-08-12 10:57:49 [INFO] All sub-systems initialised.
2026-08-12 10:57:49 [INFO] [state_change] from_state=IDLE | to_state=SCANNING
2026-08-12 10:57:49 [INFO] WorkflowEngine started — user='lvu'  table={'left': 38, 'top': 586, 'width': 1500, 'height': 337}
2026-08-12 10:57:53 [INFO] [row_detected] total_rows=9 | claim_rows=[0, 1, 2]
2026-08-12 10:57:53 [INFO] [claim_found] row_id=2 | text=CLAIM | confidence=0.996 | claim_cell=(1169, 650)
2026-08-12 10:57:53 [INFO] [state_change] from_state=SCANNING | to_state=CLAIM_FOUND
2026-08-12 10:57:53 [INFO] [state_change] from_state=CLAIM_FOUND | to_state=CLICK_CLAIM
2026-08-12 10:57:53 [INFO] [claim_cell_clicked] row_id=2 | x=1169 | y=650
2026-08-12 10:57:53 [INFO] [state_change] from_state=CLICK_CLAIM | to_state=WAIT_USERNAME
2026-08-12 10:57:57 [WARNING] Cell shows 'calamba;' (not pending and not 'LVU') — claimed by someone else.
2026-08-12 10:57:57 [INFO] [claim_stolen] y_key=648 | cell_text=calamba;
2026-08-12 10:57:57 [INFO] [state_change] from_state=WAIT_USERNAME | to_state=SCANNING
2026-08-12 10:57:57 [INFO] [row_detected] total_rows=11 | claim_rows=[0, 1]
2026-08-12 10:57:59 [INFO] [row_detected] total_rows=11 | claim_rows=[0, 1]
2026-08-12 10:57:59 [INFO] [row_detected] total_rows=11 | claim_rows=[0, 1]
2026-08-12 10:58:00 [INFO] [row_detected] total_rows=11 | claim_rows=[0, 1]
2026-08-12 10:58:00 [INFO] [row_detected] total_rows=11 | claim_rows=[0, 1]
2026-08-12 10:58:03 [INFO] [row_detected] total_rows=11 | claim_rows=[0, 1]
2026-08-12 10:58:05 [INFO] [row_detected] total_rows=11 | claim_rows=[0, 1]
2026-08-12 10:58:07 [INFO] [row_detected] total_rows=11 | claim_rows=[0, 1]
2026-08-12 10:58:10 [INFO] [row_detected] total_rows=11 | claim_rows=[0, 1]
2026-08-12 10:58:13 [INFO] [row_detected] total_rows=11 | claim_rows=[0, 1]
2026-08-12 10:58:15 [INFO] [row_detected] total_rows=11 | claim_rows=[0, 1]
2026-08-12 10:58:17 [INFO] [row_detected] total_rows=11 | claim_rows=[0, 1]
2026-08-12 10:58:19 [INFO] [row_detected] total_rows=11 | claim_rows=[0, 1]
2026-08-12 10:58:22 [INFO] [row_detected] total_rows=11 | claim_rows=[0, 1]
2026-08-12 10:58:25 [INFO] [loop_tick] state=SCANNING | rows=4 | claims=0
2026-08-12 10:58:33 [INFO] [loop_tick] state=SCANNING | rows=4 | claims=0
2026-08-12 10:58:33 [INFO] [loop_tick] state=SCANNING | rows=4 | claims=0
2026-08-12 10:58:33 [INFO] [loop_tick] state=SCANNING | rows=4 | claims=0
2026-08-12 10:58:33 [INFO] [loop_tick] state=SCANNING | rows=4 | claims=0
2026-08-12 10:58:34 [INFO] [loop_tick] state=SCANNING | rows=3 | claims=0
2026-08-12 10:58:34 [INFO] [loop_tick] state=SCANNING | rows=3 | claims=0
2026-08-12 10:58:34 [INFO] [loop_tick] state=SCANNING | rows=4 | claims=0
2026-08-12 10:58:35 [INFO] [loop_tick] state=SCANNING | rows=3 | claims=0
2026-08-12 10:58:35 [INFO] [loop_tick] state=SCANNING | rows=4 | claims=0
2026-08-12 10:58:35 [INFO] [loop_tick] state=SCANNING | rows=4 | claims=0
2026-08-12 10:58:35 [INFO] [loop_tick] state=SCANNING | rows=4 | claims=0
2026-08-12 10:58:35 [INFO] [loop_tick] state=SCANNING | rows=4 | claims=0
2026-08-12 10:58:35 [INFO] [loop_tick] state=SCANNING | rows=3 | claims=0
2026-08-12 10:58:36 [INFO] [loop_tick] state=SCANNING | rows=3 | claims=0
2026-08-12 10:58:36 [INFO] [loop_tick] state=SCANNING | rows=3 | claims=0
2026-08-12 10:58:36 [INFO] [loop_tick] state=SCANNING | rows=3 | claims=0
2026-08-12 10:58:46 [INFO] Automation PAUSED (F10)
2026-08-12 10:58:51 [INFO] Automation ENABLED (F8)
2026-08-12 10:58:51 [INFO] [state_change] from_state=STOPPED | to_state=SCANNING
2026-08-12 10:58:52 [INFO] [row_detected] total_rows=6 | claim_rows=[0, 1]
2026-08-12 10:58:53 [INFO] [row_detected] total_rows=6 | claim_rows=[0, 1]
2026-08-12 10:58:56 [INFO] [row_detected] total_rows=6 | claim_rows=[0, 1]
2026-08-12 10:58:58 [INFO] [row_detected] total_rows=6 | claim_rows=[0, 1]
2026-08-12 10:59:00 [INFO] [row_detected] total_rows=6 | claim_rows=[0, 1]
2026-08-12 10:59:03 [INFO] [row_detected] total_rows=6 | claim_rows=[0, 1]
2026-08-12 10:59:05 [INFO] [row_detected] total_rows=7 | claim_rows=[0, 1, 2]
2026-08-12 10:59:06 [INFO] [claim_found] row_id=2 | text=CLAIM | confidence=0.999 | claim_cell=(3089, 649)
2026-08-12 10:59:06 [INFO] [state_change] from_state=SCANNING | to_state=CLAIM_FOUND
2026-08-12 10:59:06 [INFO] [state_change] from_state=CLAIM_FOUND | to_state=CLICK_CLAIM
2026-08-12 10:59:06 [INFO] [claim_cell_clicked] row_id=2 | x=3089 | y=649
2026-08-12 10:59:06 [INFO] [state_change] from_state=CLICK_CLAIM | to_state=WAIT_USERNAME
2026-08-12 10:59:07 [INFO] [claim_verified] y_key=648 | cell_text=Ivu | elapsed_s=1.632
2026-08-12 10:59:07 [INFO] [state_change] from_state=WAIT_USERNAME | to_state=CLAIM_SUCCESS
2026-08-12 10:59:07 [INFO] [select_clicked] y_key=648 | x=3235 | y=648
2026-08-12 10:59:08 [INFO] [state_change] from_state=CLAIM_SUCCESS | to_state=CLICK_SELECT
2026-08-12 10:59:08 [INFO] [state_change] from_state=CLICK_SELECT | to_state=CLICK_CONNECT
2026-08-12 10:59:08 [INFO] [connect_clicked] y_key=648 | x=-1 | y=-1
2026-08-12 10:59:08 [INFO] [state_change] from_state=CLICK_CONNECT | to_state=CONNECTED
2026-08-12 10:59:08 [INFO] ✓ Connected! Waiting 1000ms then entering STOPPED state.
2026-08-12 10:59:09 [INFO] [state_change] from_state=CONNECTED | to_state=STOPPED
2026-08-12 11:00:51 [INFO] Clean exit requested (ESC).
2026-08-12 11:00:51 [INFO] Clean exit requested (ESC).
2026-08-12 11:00:51 [INFO] Clean exit requested (ESC).
2026-08-12 11:00:51 [INFO] Clean exit requested (ESC).
